# Blender 4.3.2
# www.blender.org
mtllib fused_model.mtl
o gear-medium_mesh
v -0.006542 -0.010383 0.000133
v -0.007038 -0.010564 0.000133
v -0.005972 -0.010316 -0.000276
v -0.006189 -0.010392 -0.000611
v -0.006048 -0.009748 0.000519
v -0.007098 -0.010035 0.004170
v -0.001576 -0.009962 0.007035
v -0.006898 -0.010006 0.003350
v -0.003864 -0.010209 0.006103
v -0.006366 -0.009933 0.004146
v -0.019388 -0.010089 -0.004490
v -0.015538 -0.010053 -0.012794
v 0.002436 -0.009995 -0.007117
v -0.018543 -0.010038 -0.007566
v -0.017535 -0.009889 -0.010159
v -0.004564 -0.009871 0.005938
v 0.005863 -0.009965 -0.005554
v 0.006212 -0.009885 -0.002562
v 0.005559 -0.010050 -0.001747
v 0.006493 -0.009834 0.001714
v -0.007640 -0.010169 0.002130
v -0.002718 -0.009816 -0.005765
v -0.013643 -0.009811 -0.014863
v -0.014990 -0.010098 -0.012741
v -0.010808 -0.010060 -0.016492
v -0.005471 -0.009968 -0.000591
v -0.003027 -0.010056 0.006503
v -0.017911 -0.009828 -0.007255
v -0.008183 -0.009919 0.000155
v 0.006819 -0.010014 0.000935
v -0.002300 -0.009972 -0.006320
v 0.006127 -0.010085 -0.004228
v -0.017208 -0.010054 -0.010646
v 0.006036 -0.009955 -0.001286
v 0.006957 -0.010114 -0.005325
v -0.005936 -0.009668 -0.001476
v -0.001227 -0.009893 -0.006595
v -0.016960 -0.010108 -0.010100
v -0.001155 -0.009927 -0.006098
v -0.008222 -0.009962 -0.000826
v -0.010092 -0.010073 -0.016823
v -0.012917 -0.010139 -0.014735
v -0.016388 -0.009946 -0.010087
v -0.010870 -0.010016 -0.017000
v -0.004203 -0.009996 0.005430
v -0.002065 -0.009948 0.006579
v -0.006934 -0.010028 0.001755
v 0.006533 -0.010043 -0.001944
v -0.006977 -0.010022 -0.002501
v -0.009108 -0.009783 0.001281
v -0.008745 -0.010044 0.000828
v -0.007644 -0.010356 0.000929
v 0.007178 -0.009690 -0.002570
v -0.002813 -0.009939 0.004730
v -0.005636 -0.009605 0.001118
v -0.012926 -0.009980 -0.015497
v -0.002478 -0.010034 0.005584
v -0.011603 -0.009802 -0.014588
v -0.007200 -0.009892 -0.001262
v 0.006389 -0.010231 -0.005362
v -0.019103 -0.009570 0.005357
v -0.014796 -0.009544 0.003640
v -0.019933 -0.009861 0.001781
v -0.017931 -0.009574 0.007891
v -0.005003 -0.009579 0.002364
v -0.020517 -0.009449 0.001760
v -0.004259 -0.009406 0.006614
v 0.002716 -0.009631 0.007760
v 0.003219 -0.009723 0.005627
v -0.000864 -0.009709 0.006812
v 0.007902 -0.009529 0.001848
v -0.018399 -0.009659 0.007608
v -0.019047 -0.009647 -0.007365
v -0.010955 -0.009537 0.002434
v -0.015713 -0.009665 -0.010871
v -0.020551 -0.009520 -0.000970
v -0.018262 -0.009550 -0.006206
v 0.000716 -0.009639 0.006170
v -0.020500 -0.009558 -0.001937
v 0.002929 -0.009402 0.006518
v -0.019875 -0.009566 -0.000685
v -0.018941 -0.009509 0.000822
v -0.005291 -0.009764 0.005589
v -0.015047 -0.009728 -0.011198
v -0.018524 -0.009563 0.001292
v 0.003773 -0.009494 0.005165
v -0.017294 -0.009575 0.000552
v -0.008245 -0.009924 -0.002189
v -0.015625 -0.009281 -0.011517
v -0.015816 -0.009597 -0.012522
v -0.019283 -0.009675 0.004301
v 0.005187 -0.009574 0.003028
v 0.007373 -0.009705 0.000203
v 0.001378 -0.009468 0.005742
v -0.018969 -0.009425 -0.000300
v -0.009352 -0.009581 0.003296
v -0.018260 -0.009387 0.004868
v -0.002432 -0.009476 0.007040
v -0.003279 -0.009521 -0.004677
v -0.018446 -0.009529 -0.001130
v -0.012665 -0.009700 -0.010445
v -0.004024 -0.009460 -0.004439
v -0.008163 -0.009539 0.004592
v -0.001581 -0.009867 0.007443
v -0.014583 -0.009604 -0.009462
v -0.005162 -0.009642 -0.005984
v 0.005725 -0.009751 0.001397
v -0.004608 -0.009640 -0.006028
v -0.013820 -0.009494 -0.012657
v -0.012795 -0.009672 -0.012240
v -0.005170 -0.009266 -0.000843
v 0.002321 -0.009691 0.006940
v -0.016171 -0.009508 -0.007023
v -0.003179 -0.009534 -0.007886
v -0.003626 -0.009671 0.004335
v -0.008430 -0.009623 0.001834
v -0.009017 -0.009573 -0.014458
v -0.005400 -0.009316 -0.001717
v -0.010093 -0.009522 0.001860
v -0.019110 -0.009556 -0.002128
v -0.017268 -0.009073 -0.009109
v -0.015469 -0.009692 -0.013453
v -0.011214 -0.009605 -0.000123
v -0.007924 -0.009807 -0.002358
v -0.017018 -0.009520 -0.000111
v -0.017301 -0.009367 -0.005223
v -0.005946 -0.009475 -0.016501
v -0.002921 -0.009637 -0.006490
v 0.006304 -0.009686 -0.000118
v -0.010309 -0.009702 -0.017441
v 0.002488 -0.009417 0.005696
v -0.003612 -0.009530 -0.006945
v -0.017693 -0.009360 -0.010626
v -0.005893 -0.009614 -0.002477
v -0.004697 -0.009656 -0.019884
v -0.002252 -0.009490 -0.018856
v -0.019897 -0.009619 -0.004154
v -0.017232 -0.009640 -0.003373
v -0.010526 -0.009458 -0.015095
v -0.002572 -0.009395 -0.006973
v 0.004742 -0.009312 -0.002943
v -0.014839 -0.009622 -0.013448
v -0.019860 -0.009798 -0.004747
v -0.017098 -0.009418 -0.008368
v -0.006341 -0.009362 -0.018005
v -0.001436 -0.009316 -0.007788
v -0.019745 -0.009467 -0.005168
v -0.019058 -0.009564 -0.005217
v -0.004006 -0.009591 -0.017260
v -0.004899 -0.009408 -0.003140
v -0.016971 -0.009598 -0.007928
v 0.007309 -0.009392 -0.000891
v -0.015123 -0.009706 -0.004162
v -0.006436 -0.009450 -0.003743
v -0.010982 -0.009483 -0.001485
v -0.002366 -0.009399 -0.005210
v -0.002087 -0.009609 0.004875
v -0.001395 -0.009610 0.005151
v 0.007988 -0.009648 -0.003314
v -0.000456 -0.009344 -0.008052
v -0.000952 -0.009586 -0.018502
v -0.008616 -0.009404 -0.016723
v -0.012601 -0.009465 -0.012847
v 0.001404 -0.009450 -0.006230
v -0.005218 -0.009542 -0.003712
v -0.007160 -0.009349 -0.002932
v -0.010272 -0.009448 0.000570
v -0.013444 -0.009307 -0.013741
v 0.000283 -0.009604 -0.006098
v -0.016437 -0.009732 -0.009189
v 0.009264 -0.009208 -0.004102
v -0.009503 -0.009498 0.000466
v -0.001945 -0.009765 -0.019690
v -0.005480 -0.009586 -0.018117
v -0.005232 -0.009672 -0.019294
v -0.014025 -0.009576 0.003282
v -0.009915 -0.009492 -0.001920
v -0.001670 -0.009529 -0.020261
v -0.015841 -0.009483 -0.001012
v 0.002910 -0.009572 -0.009191
v 0.006742 -0.009525 -0.006458
v -0.008984 -0.009156 -0.017231
v -0.013902 -0.008932 -0.015373
v 0.004346 -0.009745 -0.018891
v 0.007841 -0.009532 -0.005034
v -0.002891 -0.009495 0.004405
v 0.005053 -0.009799 -0.003978
v -0.000256 -0.009550 -0.005416
v -0.001131 -0.009593 -0.019966
v -0.013201 -0.009509 -0.015837
v 0.001703 -0.009681 -0.018818
v 0.004455 -0.009379 -0.004692
v 0.010194 -0.009604 -0.016643
v 0.000690 -0.009520 -0.008596
v 0.004912 -0.009665 -0.019233
v -0.007049 -0.009516 -0.015853
v -0.004669 -0.009476 -0.005047
v -0.011009 -0.009536 -0.015958
v -0.008263 -0.009527 0.003568
v 0.007587 -0.009707 -0.006085
v 0.004570 -0.009563 -0.019701
v -0.007794 -0.009367 -0.016086
v -0.011920 -0.009503 -0.013058
v 0.005601 -0.009236 0.000154
v 0.002491 -0.009458 -0.018510
v 0.002100 -0.009653 -0.008868
v 0.004112 -0.009499 -0.005835
v -0.008760 -0.009523 -0.013686
v -0.011252 -0.009469 -0.012692
v 0.005058 -0.009588 -0.001871
v 0.001746 -0.009365 -0.009650
v 0.001442 -0.009713 -0.019868
v 0.005911 -0.009405 -0.008312
v -0.008196 -0.009528 -0.015100
v -0.010246 -0.009392 -0.014155
v -0.009886 -0.009546 -0.013467
v 0.001927 -0.009627 -0.019999
v -0.007631 -0.009645 -0.017427
v -0.016681 -0.009387 -0.002573
v -0.014426 -0.009463 -0.004993
v -0.011109 -0.009436 -0.015134
v -0.008499 -0.009318 -0.017504
v -0.006870 -0.009598 -0.014927
v -0.011815 -0.009372 -0.015354
v -0.013520 -0.009464 -0.004598
v -0.008300 -0.009599 -0.018456
v -0.007528 -0.009436 -0.018922
v -0.006908 -0.009457 -0.018479
v -0.005691 -0.009544 0.003692
v -0.015171 -0.009336 -0.006813
v -0.014063 -0.009532 -0.010744
v -0.015600 -0.009809 -0.008833
v -0.000278 -0.009940 0.006468
v -0.001116 -0.009654 0.005974
v -0.017066 -0.009784 -0.001191
v -0.008980 -0.009843 -0.001119
v -0.006380 -0.009710 0.002415
v 0.001732 -0.009709 0.006510
v -0.003656 -0.009842 -0.005911
v -0.017664 -0.009598 -0.004131
v -0.013366 -0.009544 -0.009726
v -0.006101 -0.009716 0.004769
v -0.005072 -0.009822 0.003011
v -0.004616 -0.010063 0.004941
v -0.019903 -0.009962 -0.001358
v -0.017638 -0.009692 -0.002319
v -0.018367 -0.009692 -0.004701
v -0.009860 -0.009797 -0.015778
v -0.016861 -0.009773 -0.006662
v -0.004093 -0.009651 -0.018607
v -0.007024 -0.009806 -0.016873
v -0.006141 -0.009878 -0.003189
v -0.004269 -0.009755 0.003798
v 0.005717 -0.009680 -0.003177
v -0.004495 -0.009893 -0.019359
v 0.005712 -0.009957 -0.005896
v 0.006861 -0.009792 -0.003838
v 0.001287 -0.009691 -0.006722
v -0.013860 -0.009664 -0.011969
v 0.004698 -0.009663 -0.006986
v -0.011361 -0.009781 -0.013761
v -0.007805 -0.009910 -0.018397
v 0.000121 -0.009774 -0.007318
v -0.007105 -0.009670 -0.017746
v -0.016028 -0.009693 -0.005971
v 0.002915 -0.009629 -0.006122
v -0.010293 -0.009829 -0.000844
v 0.001556 -0.009620 -0.007882
v -0.015760 -0.009683 -0.004909
v -0.008115 -0.009712 0.002602
v -0.008893 -0.009613 0.000156
v 0.003461 -0.009901 -0.007144
v 0.003994 -0.009702 -0.008369
v 0.002941 -0.009533 -0.008489
v -0.015855 -0.009098 0.012578
v -0.016383 -0.009111 0.007953
v -0.017410 -0.009198 0.010638
v -0.010342 -0.009217 0.009114
v -0.004372 -0.008872 0.008853
v -0.012513 -0.009272 0.015346
v -0.018767 -0.009189 0.007987
v -0.012967 -0.009325 0.010633
v -0.011796 -0.008935 0.014054
v -0.012596 -0.008981 0.013622
v -0.013081 -0.009262 0.015271
v -0.005063 -0.009326 0.008196
v -0.004353 -0.009280 0.008007
v -0.016828 -0.009255 0.011176
v -0.015791 -0.009114 0.010349
v -0.003509 -0.009076 0.003861
v 0.003835 -0.009043 0.009582
v 0.000877 -0.008846 0.005245
v -0.018737 -0.009170 0.007343
v 0.001563 -0.009200 0.008900
v -0.014436 -0.009212 0.005980
v -0.012544 -0.009142 0.003859
v 0.003347 -0.009201 0.008638
v -0.018394 -0.009416 -0.005680
v -0.004898 -0.009042 0.001914
v -0.018647 -0.009567 -0.008113
v 0.009809 -0.009045 0.002507
v -0.009417 -0.009086 0.008577
v -0.011720 -0.009164 0.009411
v -0.005863 -0.009079 0.008094
v -0.000035 -0.009178 0.008296
v -0.017312 -0.009375 -0.011069
v -0.020800 -0.008692 -0.001780
v -0.019737 -0.009094 0.005467
v 0.003998 -0.009267 0.009030
v 0.004179 -0.008992 0.007947
v -0.018811 -0.008848 -0.006075
v -0.019609 -0.009048 -0.000126
v -0.016970 -0.009095 0.009487
v -0.015186 -0.009246 0.013327
v -0.019420 -0.009001 -0.003142
v -0.010867 -0.009174 0.010735
v -0.013285 -0.009000 0.005085
v -0.003182 -0.009344 0.007214
v -0.012666 -0.009293 -0.002007
v -0.005445 -0.009068 0.007153
v -0.015441 -0.009148 0.009820
v -0.011624 -0.008730 -0.002915
v -0.012866 -0.009057 -0.004029
v 0.007091 -0.009046 0.005758
v -0.010890 -0.009119 0.010225
v -0.017627 -0.008951 -0.008658
v -0.005562 -0.008936 0.000168
v -0.015116 -0.008999 0.011688
v -0.019730 -0.009448 0.004321
v -0.014515 -0.009224 0.012495
v -0.002681 -0.009049 -0.004581
v -0.005149 -0.009024 -0.002409
v -0.019992 -0.008968 -0.002424
v -0.019199 -0.008981 0.003288
v 0.004462 -0.009343 0.006763
v -0.008825 -0.009069 -0.003778
v -0.011755 -0.009121 0.006999
v -0.006612 -0.009188 -0.007360
v 0.008347 -0.009174 -0.000490
v -0.001297 -0.009421 -0.005598
v 0.008676 -0.008956 0.003921
v -0.020111 -0.009328 0.002438
v -0.019150 -0.008986 -0.005513
v -0.000264 -0.009191 -0.005038
v -0.000719 -0.008969 0.005164
v -0.003595 -0.009093 -0.003988
v -0.012099 -0.009046 -0.009331
v -0.002415 -0.009075 -0.009125
v -0.010379 -0.009231 -0.003030
v 0.004618 -0.009117 0.003174
v -0.007569 -0.009070 -0.003175
v -0.016191 -0.008772 -0.012781
v -0.009618 -0.009343 -0.011425
v -0.012706 -0.009052 -0.009303
v -0.008112 -0.009488 -0.014399
v -0.012358 -0.009148 0.005949
v -0.007250 -0.008840 -0.013870
v -0.003492 -0.009143 -0.009284
v -0.019345 -0.008265 -0.006958
v -0.019616 -0.008943 0.002794
v -0.000301 -0.009302 -0.013063
v -0.011638 -0.009167 -0.007284
v -0.003006 -0.009097 -0.010804
v 0.000426 -0.009007 -0.015684
v -0.014092 -0.008647 -0.013916
v -0.009351 -0.009238 -0.012259
v -0.003341 -0.008993 -0.011994
v -0.002481 -0.009357 -0.011710
v -0.006885 -0.009240 -0.004545
v -0.001348 -0.009120 0.008134
v 0.005028 -0.008939 0.002172
v -0.017664 -0.008399 -0.009454
v -0.006221 -0.009215 -0.005131
v -0.003200 -0.009000 -0.018937
v -0.003000 -0.008697 -0.019318
v -0.013931 -0.009126 -0.013319
v -0.020271 -0.009357 0.001269
v -0.000204 -0.009106 -0.013816
v -0.006439 -0.008964 -0.005951
v -0.002515 -0.008612 -0.020285
v -0.011137 -0.008998 -0.010586
v -0.012848 -0.009269 -0.015923
v -0.008004 -0.008945 -0.018873
v -0.014826 -0.009096 0.007742
v -0.015016 -0.008220 -0.013825
v -0.013879 -0.009126 0.011218
v 0.005407 -0.009115 -0.010697
v -0.000494 -0.009274 -0.016487
v -0.005727 -0.009186 -0.008272
v 0.006266 -0.009241 -0.012216
v -0.000464 -0.009235 -0.019287
v -0.010298 -0.009221 -0.008012
v 0.012564 -0.009181 -0.011412
v -0.009408 -0.009298 0.007499
v 0.008935 -0.009173 -0.001591
v -0.011386 -0.008973 -0.015781
v -0.019529 -0.009126 0.000699
v -0.011147 -0.009000 -0.011481
v 0.005107 -0.008982 -0.001020
v -0.004594 -0.009248 -0.014258
v -0.018241 -0.008944 0.005865
v 0.013162 -0.009244 -0.010540
v -0.005535 -0.009054 -0.014902
v -0.004659 -0.009009 -0.008489
v -0.017444 -0.009148 0.005617
v 0.000168 -0.009141 -0.019447
v 0.005382 -0.009350 -0.011679
v -0.007394 -0.009105 0.008227
v -0.002657 -0.009082 -0.017431
v -0.011267 -0.008897 -0.009642
v 0.017862 -0.009196 -0.007250
v 0.000932 -0.009421 -0.013839
v 0.001533 -0.009036 -0.014477
v -0.004551 -0.009220 -0.016188
v -0.013192 -0.009284 0.009590
v -0.001107 -0.008964 -0.020176
v 0.004468 -0.009110 -0.014143
v 0.010604 -0.009044 -0.015535
v 0.003731 -0.009324 -0.018828
v 0.003094 -0.009070 -0.014328
v -0.011298 -0.008987 -0.017173
v 0.010773 -0.009202 -0.017098
v 0.002717 -0.008923 -0.019196
v 0.002930 -0.009441 -0.004700
v 0.009233 -0.009070 -0.016648
v 0.010120 -0.009196 -0.017395
v 0.008962 -0.009227 -0.007071
v 0.009705 -0.009118 -0.014311
v 0.003887 -0.008451 -0.019858
v -0.017566 -0.008856 0.008844
v 0.010291 -0.009248 -0.014529
v 0.012788 -0.009161 -0.013898
v -0.009539 -0.008856 -0.017424
v 0.002307 -0.008964 -0.013344
v -0.005429 -0.009107 -0.019610
v -0.010337 -0.009077 -0.012419
v 0.003266 -0.009116 -0.015833
v 0.013544 -0.009212 -0.014845
v 0.004350 -0.008654 -0.020025
v 0.005013 -0.009107 -0.019824
v 0.001694 -0.009422 -0.005347
v -0.004930 -0.008980 -0.020011
v 0.000895 -0.008890 -0.005570
v 0.005151 -0.009196 -0.018402
v 0.004836 -0.009142 -0.015972
v 0.014756 -0.009070 -0.011736
v 0.006017 -0.009043 -0.015813
v -0.003139 -0.009055 -0.016856
v 0.007348 -0.009207 -0.018992
v 0.007805 -0.009029 -0.007756
v 0.008069 -0.009063 -0.018805
v 0.006435 -0.009174 -0.017027
v 0.012778 -0.009469 -0.015442
v 0.001773 -0.008898 -0.004916
v 0.014688 -0.009247 -0.012937
v 0.015474 -0.009194 -0.012406
v -0.017189 -0.009129 0.008599
v -0.004535 -0.009053 -0.015207
v -0.005843 -0.009310 -0.018276
v -0.003634 -0.008933 -0.019249
v 0.013357 -0.009043 -0.015522
v 0.006241 -0.008973 -0.017839
v 0.016940 -0.009266 -0.010075
v -0.002290 -0.009290 -0.016523
v 0.001287 -0.009094 -0.016572
v 0.001315 -0.009184 -0.020374
v 0.015267 -0.009094 -0.013030
v 0.000916 -0.009153 -0.017605
v 0.001703 -0.009205 -0.017479
v 0.016855 -0.009306 -0.010739
v 0.017317 -0.009028 -0.010621
v 0.001929 -0.008946 -0.020295
v 0.011928 -0.008570 -0.015625
v 0.007607 -0.009057 -0.014376
v 0.008219 -0.009141 -0.015942
v 0.007196 -0.009212 -0.016840
v 0.006700 -0.009063 -0.017789
v 0.007047 -0.009456 -0.018492
v 0.008148 -0.009064 -0.017290
v -0.015488 -0.009560 0.002654
v -0.016304 -0.009189 0.005793
v 0.005642 -0.009411 0.002270
v -0.014985 -0.009391 -0.000333
v -0.016806 -0.009428 0.010408
v 0.007517 -0.009472 0.003191
v 0.003733 -0.009299 0.007403
v 0.004585 -0.009280 0.005472
v -0.015292 -0.009324 0.012654
v -0.018697 -0.009423 -0.003401
v -0.010753 -0.009218 0.005479
v -0.009490 -0.009372 0.005314
v 0.006932 -0.009448 0.002495
v -0.014580 -0.009324 -0.001841
v 0.005503 -0.009441 0.005766
v 0.007312 -0.009357 0.004733
v -0.018584 -0.009473 -0.002625
v -0.013954 -0.009380 -0.003172
v -0.018767 -0.009345 0.003685
v -0.017440 -0.009291 0.006605
v -0.012713 -0.009285 0.007970
v -0.013885 -0.009194 -0.000873
v -0.016427 -0.009138 0.000928
v -0.016362 -0.009269 0.003906
v -0.015712 -0.009300 0.001289
v -0.015762 -0.009414 0.004879
v -0.011575 -0.009416 -0.001800
v -0.009984 -0.009286 0.007055
v -0.011831 -0.009060 0.008568
v 0.000293 -0.009434 0.007227
v -0.012411 -0.009252 0.000752
v -0.019082 -0.009336 0.002492
v -0.012484 -0.009466 -0.000884
v 0.006041 -0.009301 0.004257
v -0.005672 -0.009221 -0.004540
v 0.001277 -0.009509 0.006985
v 0.004889 -0.009491 0.004067
v -0.017626 -0.009396 0.003262
v -0.014580 -0.009334 -0.006430
v -0.014878 -0.009254 0.006954
v -0.000519 -0.009293 0.007264
v -0.014423 -0.009365 0.008867
v -0.018450 -0.009396 0.002705
v 0.009075 -0.009381 0.002615
v -0.010856 -0.009268 0.003668
v -0.015155 -0.009223 -0.002955
v -0.013128 -0.009449 0.002350
v -0.011905 -0.009448 0.001925
v -0.012927 -0.009342 -0.007970
v -0.012797 -0.009172 -0.006185
v 0.008247 -0.009169 0.000743
v -0.014710 -0.009343 0.001978
v -0.011872 -0.009289 -0.011631
v -0.010500 -0.009478 -0.013503
v -0.005731 -0.009313 -0.006771
v -0.013539 -0.009206 -0.008466
v -0.009016 -0.009305 0.006300
v -0.011521 -0.009446 -0.008795
v -0.007489 -0.009487 0.007012
v 0.000503 -0.009511 -0.010472
v -0.012982 -0.009448 -0.002734
v -0.004751 -0.009280 -0.007551
v -0.002044 -0.009399 -0.008588
v 0.000140 -0.009483 -0.017095
v -0.013907 -0.009423 0.001301
v 0.003504 -0.009180 -0.011976
v -0.001229 -0.009472 -0.017831
v 0.004683 -0.009185 -0.009917
v 0.000036 -0.009353 -0.018842
v -0.008212 -0.009340 0.005507
v -0.000367 -0.009284 -0.010870
v 0.002790 -0.009402 -0.012397
v 0.004392 -0.009111 -0.012712
v -0.002913 -0.009288 -0.018272
v 0.003545 -0.009326 -0.013322
v -0.006464 -0.009523 0.006172
v 0.003134 -0.009273 -0.018434
v 0.008586 -0.009514 -0.015301
v 0.009409 -0.009444 -0.015820
v 0.012803 -0.009553 -0.014851
v 0.011538 -0.009239 -0.014865
v 0.007335 -0.009276 -0.015548
v 0.001722 -0.009263 -0.012748
v -0.001626 -0.009380 -0.011911
v 0.007478 -0.009629 -0.018560
v 0.008410 -0.009362 -0.002495
v 0.004191 -0.009416 -0.016776
v 0.005637 -0.009224 -0.009867
v -0.013325 -0.009450 0.000454
v 0.007092 -0.009333 -0.007388
v 0.003100 -0.009242 -0.017167
v 0.002088 -0.009251 -0.011056
v 0.000840 -0.009272 -0.012047
v 0.005405 -0.009349 -0.017274
v 0.003867 -0.009214 -0.017827
v 0.003353 -0.009363 -0.010922
v -0.012969 -0.008759 0.015882
v -0.007655 -0.008939 0.019127
v -0.007149 -0.008945 0.018320
v -0.008232 -0.008632 0.018848
v -0.012045 -0.008537 0.015736
v -0.004735 -0.008749 0.011989
v -0.016068 -0.008529 0.012696
v 0.001434 -0.008858 0.016426
v 0.012637 -0.008871 0.015270
v -0.017174 -0.009042 0.011259
v 0.010480 -0.008807 0.017181
v 0.007562 -0.008950 0.018596
v -0.008998 -0.008723 0.011954
v 0.006314 -0.008777 0.006638
v -0.003342 -0.008363 0.003862
v -0.008054 -0.008856 0.014486
v -0.001781 -0.008920 0.019880
v -0.003999 -0.009001 0.003047
v 0.004979 -0.008687 0.009052
v 0.012442 -0.008717 0.014304
v 0.013328 -0.008756 0.014974
v 0.004174 -0.008863 0.019187
v -0.009054 -0.008470 0.011220
v 0.003272 -0.008413 0.018674
v -0.004124 -0.008883 0.010724
v -0.006719 -0.008723 0.010477
v 0.013198 -0.008799 0.015422
v 0.007811 -0.008734 0.006828
v -0.007251 -0.008676 0.013984
v -0.006430 -0.008850 0.017662
v 0.004544 -0.008762 0.019640
v -0.004940 -0.008789 0.011324
v -0.016058 -0.008214 0.011351
v 0.001327 -0.008706 0.010177
v -0.005310 -0.008493 0.000509
v -0.004928 -0.009065 0.019686
v -0.013572 -0.008865 0.015375
v -0.009706 -0.008949 0.016447
v -0.003602 -0.008969 0.009706
v 0.004256 -0.008713 0.018085
v -0.001967 -0.008658 0.018833
v -0.009074 -0.008510 0.013531
v 0.014203 -0.008791 0.012855
v -0.009414 -0.008781 0.010225
v 0.003205 -0.008850 0.004529
v -0.020193 -0.008436 0.005135
v 0.011281 -0.008584 0.002847
v -0.018689 -0.008296 0.006362
v 0.009455 -0.008538 0.006557
v -0.004500 -0.008719 0.020169
v 0.004881 -0.008802 0.018781
v -0.013350 -0.008773 0.013843
v 0.006189 -0.008651 0.008038
v 0.004170 -0.008920 0.003965
v -0.008221 -0.008779 0.016828
v 0.016544 -0.008724 0.004664
v 0.018596 -0.008617 0.008047
v 0.005276 -0.008523 0.000203
v -0.004984 -0.008784 0.018278
v -0.004174 -0.008944 0.019737
v -0.001704 -0.008927 0.009838
v 0.018289 -0.008791 0.004517
v -0.015149 -0.008633 0.013826
v -0.001080 -0.008773 0.020024
v 0.018118 -0.008872 0.007780
v -0.008708 -0.008800 0.012300
v 0.001957 -0.008667 0.017587
v -0.020296 -0.008596 0.004702
v 0.010380 -0.008565 0.000406
v 0.019102 -0.008805 0.005210
v -0.014070 -0.008790 0.013495
v 0.000154 -0.008591 0.004974
v -0.003775 -0.008675 0.018779
v -0.001474 -0.008754 0.018855
v 0.000160 -0.008696 0.010449
v -0.010625 -0.008881 0.017393
v 0.001150 -0.008579 0.020471
v 0.017938 -0.008721 0.006975
v 0.016765 -0.008868 0.010421
v 0.018651 -0.008623 0.001117
v 0.016172 -0.008770 0.005291
v -0.004261 -0.008748 0.017910
v -0.019710 -0.008574 0.003644
v -0.002428 -0.008776 0.004494
v -0.009043 -0.008757 0.015178
v 0.001711 -0.008823 0.020137
v 0.020057 -0.008675 0.001044
v 0.017124 -0.008877 0.004106
v 0.001082 -0.008823 0.019589
v 0.010308 -0.008725 0.004803
v -0.006619 -0.008649 0.016119
v -0.007971 -0.008838 0.011802
v -0.017690 -0.008396 -0.010925
v -0.007492 -0.008689 -0.010586
v 0.017539 -0.008809 0.003700
v -0.010708 -0.008527 0.015553
v -0.018428 -0.008129 -0.008400
v -0.002764 -0.008643 0.017879
v 0.001849 -0.008721 0.019003
v -0.020379 -0.008431 -0.000472
v -0.003638 -0.008884 0.017177
v -0.004135 -0.008678 0.016580
v -0.006274 -0.008671 -0.011431
v -0.007877 -0.008680 -0.004337
v -0.009206 -0.008759 -0.004908
v -0.019954 -0.008535 -0.005173
v -0.001697 -0.007911 -0.004929
v -0.008095 -0.008951 0.018622
v -0.011522 -0.008671 0.015284
v -0.016666 -0.009340 -0.011154
v 0.019802 -0.008784 0.004609
v -0.007775 -0.008608 -0.012158
v -0.005957 -0.007970 -0.019139
v -0.000694 -0.008380 -0.005007
v -0.016058 -0.008669 -0.011655
v -0.001189 -0.008746 -0.013961
v -0.007916 -0.008668 -0.013314
v 0.009686 -0.008692 0.003583
v -0.007648 -0.008876 0.017669
v -0.008879 -0.008473 -0.017630
v -0.014533 -0.008253 -0.013801
v -0.008260 -0.008782 0.010242
v 0.004491 -0.008682 -0.002658
v -0.006139 -0.008765 -0.013981
v -0.002262 -0.008655 -0.014641
v -0.019527 -0.008903 -0.002734
v 0.012173 -0.008674 -0.002896
v -0.003630 -0.008279 -0.019557
v -0.011883 -0.008489 -0.015657
v -0.003976 -0.008905 -0.003337
v 0.011733 -0.008678 -0.000376
v 0.009492 -0.008730 -0.011968
v -0.001880 -0.008554 -0.020420
v -0.007737 -0.008546 -0.005417
v 0.016242 -0.008848 -0.006570
v 0.007782 -0.008570 -0.010127
v 0.011866 -0.008592 -0.008477
v 0.011174 -0.008748 -0.011542
v 0.014581 -0.008710 -0.008543
v 0.017178 -0.008718 -0.003357
v -0.018086 -0.008336 -0.010368
v 0.009035 -0.008851 -0.008153
v -0.016273 -0.008080 -0.012067
v 0.017881 -0.008767 -0.001271
v 0.011162 -0.008632 -0.015667
v 0.012516 -0.008817 -0.001985
v 0.005389 -0.008526 -0.018835
v 0.010674 -0.009065 -0.016150
v 0.003344 -0.008553 -0.019144
v -0.006390 -0.008531 -0.018614
v 0.008264 -0.008509 -0.009868
v 0.011041 -0.008241 -0.016166
v 0.018470 -0.008676 -0.002365
v 0.018089 -0.008685 -0.005086
v 0.014891 -0.008483 -0.013666
v 0.003577 -0.008443 -0.003810
v 0.017592 -0.008820 -0.005761
v 0.013268 -0.008715 -0.002626
v 0.017978 -0.008782 -0.007879
v 0.010968 -0.008082 -0.016929
v 0.011493 -0.008719 -0.005013
v 0.018790 -0.008752 -0.001342
v 0.013113 -0.008783 -0.013871
v 0.012453 -0.008826 -0.009834
v -0.010922 -0.007917 -0.017580
v 0.009981 -0.008542 -0.017686
v 0.009859 -0.008663 -0.008233
v -0.009992 -0.008172 -0.017300
v 0.013928 -0.008872 -0.009819
v 0.018364 -0.008798 -0.003272
v 0.019385 -0.009036 -0.004911
v 0.012185 -0.008681 -0.006538
v 0.000591 -0.008115 -0.020133
v 0.011538 -0.008662 -0.004040
v 0.000416 -0.008977 -0.005404
v 0.007274 -0.008417 -0.018990
v 0.013710 -0.008668 -0.015278
v 0.013271 -0.008632 -0.009644
v 0.012805 -0.008670 -0.007471
v 0.015027 -0.008733 -0.010923
v 0.006358 -0.008429 -0.018576
v 0.018405 -0.008920 -0.007255
v 0.007977 -0.008605 -0.018897
v 0.013456 -0.008711 -0.013362
v 0.015357 -0.008700 -0.011805
v 0.015777 -0.008569 -0.012430
v 0.020152 -0.009036 -0.001461
v 0.015657 -0.008705 -0.008976
v 0.016170 -0.008767 -0.009531
v 0.020015 -0.008826 -0.001993
v 0.019608 -0.008863 -0.004014
v 0.011583 -0.008486 -0.010701
v 0.016889 -0.008692 -0.007811
v 0.009396 -0.008677 -0.011029
v 0.019759 -0.008785 -0.004877
v 0.017380 -0.008893 -0.010142
v 0.016524 -0.008604 -0.011143
v 0.017064 -0.008585 -0.011108
v 0.015593 -0.008909 -0.008160
v -0.012886 -0.008819 0.012322
v -0.014023 -0.009019 0.007200
v -0.012027 -0.009010 0.011812
v -0.009960 -0.008844 0.012515
v -0.015437 -0.009036 0.008037
v 0.008075 -0.008953 0.005828
v -0.003508 -0.008979 0.008716
v -0.013526 -0.008865 0.013038
v -0.010213 -0.009033 0.016589
v -0.006111 -0.008828 0.009335
v 0.015417 -0.008959 0.012913
v -0.011063 -0.009000 0.007718
v -0.014854 -0.008999 0.010932
v 0.000541 -0.009085 0.009678
v 0.019079 -0.008910 0.002006
v 0.019403 -0.008922 0.004434
v 0.020068 -0.008845 0.001919
v 0.009035 -0.008834 0.000115
v -0.009952 -0.008845 0.015358
v 0.009757 -0.008804 0.005608
v 0.001038 -0.009009 0.008177
v -0.005121 -0.009002 0.009262
v -0.008651 -0.008843 -0.010176
v -0.010937 -0.008712 -0.006557
v -0.012167 -0.008870 -0.005074
v -0.011876 -0.008783 -0.003289
v -0.002429 -0.008940 0.009419
v -0.006399 -0.009024 -0.010322
v -0.005128 -0.009047 -0.009593
v -0.009458 -0.008921 -0.007312
v -0.005376 -0.009019 -0.010887
v -0.002022 -0.009043 -0.010422
v -0.010667 -0.008913 -0.004150
v -0.007973 -0.008759 -0.011241
v -0.002281 -0.008982 0.008018
v -0.007622 -0.008791 -0.009462
v -0.002747 -0.008815 -0.013165
v -0.004296 -0.008788 -0.012850
v 0.009261 -0.008938 -0.005760
v -0.008035 -0.008891 0.009036
v 0.010202 -0.008870 0.001442
v 0.003887 -0.009101 -0.004217
v 0.007209 -0.008798 -0.010844
v 0.006661 -0.008760 -0.011505
v -0.003959 -0.008949 -0.010893
v 0.010723 -0.008881 -0.006322
v 0.010185 -0.008866 -0.002148
v -0.008791 -0.008751 -0.006354
v -0.007037 -0.008999 -0.008830
v -0.000655 -0.008875 0.009266
v -0.009363 -0.008998 -0.008837
v -0.008620 -0.008871 -0.008751
v 0.010507 -0.008858 -0.011516
v -0.003156 -0.008800 -0.013911
v 0.010986 -0.008890 -0.003171
v -0.010019 -0.009016 0.014211
v -0.003029 -0.008924 -0.014982
v 0.010195 -0.009000 -0.012949
v 0.002162 -0.009113 -0.014868
v 0.011735 -0.008985 -0.007274
v -0.002548 -0.009045 -0.015883
v -0.011017 -0.009070 0.013102
v -0.003691 -0.008839 -0.016172
v 0.008571 -0.008833 -0.010722
v 0.014018 -0.008883 -0.009133
v 0.002438 -0.008979 -0.016058
v -0.001452 -0.008898 -0.015893
v 0.008068 -0.008982 -0.011691
v 0.018791 -0.009124 -0.004056
v -0.000016 -0.008799 -0.014617
v 0.010108 -0.008844 -0.007294
v 0.007015 -0.008966 -0.012576
v -0.010748 -0.009082 -0.005441
v 0.011252 -0.009051 -0.014062
v 0.011564 -0.009079 -0.012810
v 0.006234 -0.008942 -0.014239
v 0.015372 -0.008933 -0.009660
v 0.008565 -0.008906 -0.012657
v 0.012706 -0.009035 -0.012908
v -0.009487 -0.008848 -0.009847
v -0.009750 -0.008874 -0.005468
v -0.005761 -0.008807 -0.011935
v 0.016124 -0.009058 -0.010501
v 0.013279 -0.009010 -0.012199
v 0.004171 -0.008997 -0.015165
v 0.008663 -0.008690 -0.017125
v 0.008285 -0.009161 -0.013832
v 0.005353 -0.009121 -0.014804
v -0.013503 -0.008442 0.015830
v -0.013762 -0.008260 0.014245
v -0.011046 -0.008269 0.017416
v -0.006094 -0.008531 0.012316
v -0.011055 -0.008350 0.016610
v -0.004942 -0.008190 0.020178
v -0.006003 -0.008252 0.014920
v -0.005792 -0.008332 0.018665
v 0.003847 -0.008412 0.019652
v -0.005462 -0.008384 0.015388
v -0.020760 -0.008071 0.001383
v -0.015752 -0.008632 0.013454
v -0.018166 -0.008175 0.008720
v 0.008557 -0.008125 0.017635
v 0.000721 -0.008323 0.012486
v -0.017741 -0.008259 0.009086
v 0.004416 -0.008230 0.020264
v 0.010268 -0.008359 0.012436
v 0.013478 -0.008121 0.015508
v 0.003868 -0.008211 0.015260
v -0.005493 -0.007693 -0.000129
v 0.008318 -0.008385 0.016752
v -0.017699 -0.008016 0.009532
v 0.003369 -0.008517 0.011086
v 0.008800 -0.008313 0.007213
v -0.019984 -0.008081 0.000052
v -0.004360 -0.008353 0.012947
v 0.003179 -0.008414 0.015757
v -0.005472 -0.008186 0.019676
v 0.012971 -0.008411 0.013831
v -0.018725 -0.008334 0.006793
v -0.003812 -0.008258 0.013337
v -0.007563 -0.008343 0.019292
v 0.001981 -0.008498 0.020445
v 0.009328 -0.008425 0.016709
v -0.018943 -0.008247 0.006050
v 0.004620 -0.008503 0.015706
v 0.004152 -0.008345 0.010919
v -0.011060 -0.008322 0.015829
v -0.019093 -0.008280 0.008362
v -0.013877 -0.008123 0.015372
v 0.005284 -0.008410 0.019509
v -0.009484 -0.008246 0.017234
v 0.009028 -0.008340 0.007893
v 0.000189 -0.008216 0.019399
v -0.001136 -0.008312 0.004940
v 0.014738 -0.008616 0.013551
v 0.007579 -0.008376 0.012560
v 0.004653 -0.008193 0.014634
v 0.008740 -0.008330 0.013162
v -0.017734 -0.008184 0.010985
v 0.013543 -0.008333 0.013316
v 0.010685 -0.008560 0.011373
v 0.004080 -0.008340 0.013931
v 0.002068 -0.008432 0.015503
v 0.011672 -0.008266 0.004807
v -0.015875 -0.007921 0.011813
v -0.001106 -0.008293 0.014257
v -0.008529 -0.008115 0.017818
v 0.007578 -0.008465 0.019177
v 0.012992 -0.008308 0.002478
v 0.009988 -0.008458 0.017410
v 0.008145 -0.008379 0.019049
v -0.015699 -0.008523 0.011203
v 0.005368 -0.008156 0.014022
v 0.011154 -0.008263 0.009431
v -0.009008 -0.008080 0.017328
v 0.002659 -0.008415 0.018919
v -0.017999 -0.008247 0.010412
v -0.003632 -0.008571 0.014962
v 0.012749 -0.008232 0.000983
v 0.010840 -0.008447 0.017622
v 0.015793 -0.008366 0.012873
v 0.015529 -0.008379 0.013560
v 0.013743 -0.008334 0.006356
v 0.006077 -0.008503 0.014389
v 0.016123 -0.008067 0.002264
v 0.019735 -0.008342 0.005171
v -0.003349 -0.008370 0.019514
v 0.018515 -0.008414 0.003604
v 0.013842 -0.008254 0.005293
v -0.019883 -0.008125 -0.003304
v 0.020087 -0.008311 0.004544
v 0.015302 -0.008331 0.011911
v -0.019230 -0.007659 -0.006350
v 0.019658 -0.008170 0.003775
v -0.004696 -0.007929 0.002186
v 0.018514 -0.008376 0.002957
v 0.014889 -0.008291 0.004416
v -0.001994 -0.008203 0.020653
v 0.004810 -0.008185 0.002174
v 0.017256 -0.008311 0.008774
v -0.019656 -0.008265 0.002993
v 0.017225 -0.008528 0.008012
v -0.020676 -0.008563 0.002245
v 0.007321 -0.008581 0.014148
v -0.019398 -0.008343 -0.007560
v -0.001556 -0.008379 0.020730
v 0.011156 -0.008239 0.015936
v 0.019361 -0.008442 0.000578
v 0.008101 -0.008061 0.007711
v -0.002632 -0.008280 0.019615
v 0.006365 -0.008260 0.018345
v -0.017877 -0.008202 -0.008748
v -0.005024 -0.008362 -0.001776
v 0.019665 -0.008175 0.002669
v -0.016553 -0.008006 -0.011344
v -0.001210 -0.008413 0.012979
v 0.020602 -0.008344 0.001708
v 0.001601 -0.008575 0.011213
v 0.010972 -0.008469 0.015086
v -0.017771 -0.007759 -0.009026
v 0.013747 -0.008409 0.001836
v -0.000139 -0.008344 0.013533
v 0.018564 -0.008578 -0.000196
v 0.009765 -0.008240 0.014768
v -0.011626 -0.008003 -0.016180
v 0.015595 -0.008392 0.009590
v 0.013482 -0.008314 0.003371
v -0.003699 -0.007833 -0.003033
v -0.016027 -0.008233 -0.013572
v -0.008560 -0.008218 -0.018471
v 0.005172 -0.007271 -0.001078
v 0.010760 -0.008233 -0.009317
v 0.008585 -0.008169 0.018544
v 0.010896 -0.008271 0.007479
v -0.020936 -0.008235 -0.001049
v 0.017133 -0.008435 0.010991
v 0.016127 -0.008315 -0.001358
v 0.018355 -0.008386 -0.005637
v -0.019212 -0.008084 -0.005733
v 0.019399 -0.008226 -0.005583
v 0.018825 -0.008240 0.007281
v -0.000463 -0.008304 0.019451
v -0.005503 -0.008119 -0.019832
v 0.019875 -0.008161 -0.005063
v -0.020979 -0.008106 -0.001682
v 0.011970 -0.008176 0.015646
v 0.014866 -0.008335 0.002847
v -0.007800 -0.008115 -0.018689
v -0.010735 -0.008153 0.017864
v 0.017313 -0.008330 -0.010616
v 0.018402 -0.008292 -0.006462
v 0.018989 -0.007861 -0.007613
v 0.014636 -0.008293 -0.000144
v 0.018285 -0.008280 0.006325
v 0.019355 -0.008442 -0.000548
v 0.015815 -0.008287 -0.011144
v 0.010278 -0.008282 -0.010079
v 0.015019 -0.008238 -0.002648
v 0.016857 -0.008350 -0.008598
v 0.011526 -0.007950 -0.015896
v 0.004184 -0.008096 -0.003006
v 0.013518 -0.008297 -0.001517
v -0.000025 -0.008469 -0.019742
v -0.013150 -0.008403 -0.015784
v 0.020446 -0.008618 -0.000924
v 0.005876 -0.007992 -0.018665
v 0.015715 -0.008401 0.001638
v 0.004478 -0.007812 -0.019678
v 0.012480 -0.007879 -0.015871
v -0.020070 -0.007174 -0.002289
v 0.016941 -0.008296 -0.009165
v 0.017527 -0.008571 0.010188
v 0.015113 -0.008253 -0.004033
v 0.013442 -0.007869 -0.014234
v -0.019866 -0.008225 -0.002724
v 0.013489 -0.008273 -0.013711
v 0.015365 -0.008154 -0.013291
v 0.014154 -0.008182 0.000902
v 0.018200 -0.008439 0.005752
v 0.013421 -0.008447 0.000218
v 0.020703 -0.008110 -0.001508
v 0.000793 -0.008000 -0.005154
v 0.020494 -0.008193 -0.001991
v 0.008490 -0.008051 -0.017822
v 0.019341 -0.008190 -0.002721
v 0.018582 -0.008460 -0.008035
v 0.009175 -0.008216 -0.017459
v 0.019266 -0.008201 -0.003294
v 0.015499 -0.008173 -0.011518
v 0.002405 -0.008626 0.005024
v 0.019841 -0.008269 -0.004227
v 0.017328 -0.008223 -0.009893
v 0.017206 -0.008517 0.002156
v 0.010538 -0.007876 -0.017439
v 0.001225 -0.008045 -0.020109
v 0.002611 -0.008202 -0.019217
v -0.004932 -0.008402 0.017153
v -0.005526 -0.008467 0.016404
v -0.002797 -0.008432 0.011386
v 0.007486 -0.008524 0.016155
v -0.009053 -0.008680 0.016345
v -0.008029 -0.008584 0.015662
v 0.009042 -0.008495 0.014024
v 0.012719 -0.008522 0.011039
v -0.002246 -0.008333 0.012750
v 0.012393 -0.008538 0.003532
v 0.012170 -0.008372 0.005528
v -0.008489 -0.008326 0.013052
v 0.007049 -0.008667 0.007576
v 0.000834 -0.008550 0.018711
v 0.012488 -0.008669 0.013411
v -0.000369 -0.008585 0.018381
v 0.005429 -0.008461 0.015029
v 0.010783 -0.008505 0.005662
v 0.007718 -0.008491 0.017138
v 0.013901 -0.008588 0.011850
v 0.013369 -0.008485 0.008509
v 0.013487 -0.008469 0.007884
v 0.012712 -0.008422 0.012450
v 0.012052 -0.008578 0.011763
v 0.011098 -0.008607 0.003837
v 0.015029 -0.008742 0.006404
v 0.014401 -0.008666 0.008037
v -0.003017 -0.008413 0.015285
v 0.009031 -0.008542 0.015603
v 0.014525 -0.008481 0.011885
v -0.000351 -0.008589 0.017529
v 0.007324 -0.008373 0.015205
v 0.013855 -0.008652 0.010228
v -0.004205 -0.008714 0.015617
v -0.002386 -0.008526 0.016078
v 0.014692 -0.008499 0.009444
v -0.001746 -0.008499 0.014997
v 0.011141 -0.008385 0.010408
v 0.011025 -0.008533 0.008529
v -0.007508 -0.008610 0.012439
v 0.015381 -0.008622 0.005596
v 0.016078 -0.008607 0.006973
v 0.002840 -0.008365 0.016757
v 0.016623 -0.008738 0.000833
v -0.000565 -0.008532 0.011886
v -0.000942 -0.008555 0.011106
v 0.016477 -0.008697 -0.000166
v -0.006813 -0.008506 0.011360
v 0.016391 -0.008741 0.008339
v 0.015453 -0.008356 0.003791
v 0.011251 -0.008449 0.001115
v 0.014643 -0.008590 0.007252
v 0.012789 -0.008364 0.010073
v 0.014032 -0.008561 0.004056
v -0.000035 -0.008439 0.015352
v 0.012032 -0.008528 0.009235
v 0.010529 -0.008555 0.016128
v 0.006493 -0.008428 0.017372
v 0.012143 -0.008370 0.006665
v 0.011611 -0.008596 0.014704
v 0.017521 -0.008525 0.000519
v 0.012995 -0.008640 0.009222
v 0.018056 -0.008646 0.002557
v 0.002967 -0.008580 0.017827
v -0.005662 -0.008694 -0.013356
v -0.001852 -0.008564 0.013746
v 0.010081 -0.008533 0.013220
v 0.017293 -0.008576 0.006529
v 0.014923 -0.008547 0.001559
v 0.009276 -0.008488 -0.009766
v -0.002027 -0.008389 0.017014
v 0.012201 -0.008646 -0.001105
v -0.005758 -0.008590 0.018128
v 0.017773 -0.008519 -0.004294
v 0.005172 -0.008405 0.017495
v 0.016791 -0.008547 0.009257
v 0.014720 -0.008644 -0.007013
v 0.012867 -0.008383 -0.004149
v 0.003840 -0.008544 0.016711
v 0.015480 -0.008345 -0.005316
v -0.000888 -0.008659 0.016460
v 0.013406 -0.008292 -0.005387
v 0.016177 -0.008643 -0.002739
v 0.016740 -0.008653 -0.005154
v 0.014310 -0.008440 -0.001150
v 0.017781 -0.008774 -0.002419
v 0.013491 -0.008503 -0.008242
v 0.013682 -0.008414 -0.004125
v 0.015981 -0.008657 -0.004117
v -0.013845 -0.007725 0.014305
v -0.011265 -0.007796 0.016158
v -0.019372 -0.008381 0.007900
v -0.012496 -0.007652 0.015891
v -0.008326 -0.006974 0.018662
v -0.003820 -0.007281 0.003437
v -0.006411 -0.008285 0.018557
v 0.005586 -0.007835 0.019210
v -0.015971 -0.007567 0.013251
v 0.006469 -0.007964 0.010343
v 0.005091 -0.007823 0.001439
v 0.006378 -0.008027 0.008880
v 0.011806 -0.007742 0.015774
v 0.008417 -0.008033 0.010509
v 0.007037 -0.007822 0.018953
v 0.009000 -0.007537 0.017558
v 0.012810 -0.008084 0.015863
v 0.015747 -0.007720 0.011980
v -0.019955 -0.008312 0.000645
v 0.015810 -0.007891 0.011285
v -0.004157 -0.007992 0.020079
v 0.005734 -0.008153 0.018351
v 0.001075 -0.007901 0.020614
v 0.013497 -0.007669 0.014745
v 0.003684 -0.007604 0.019760
v -0.017442 -0.006811 0.011110
v -0.020586 -0.008179 -0.004518
v 0.013410 -0.007620 0.014015
v 0.017330 -0.008222 0.009243
v 0.001943 -0.007826 0.020596
v 0.004930 -0.007826 0.020076
v 0.002186 -0.007448 0.004834
v -0.003162 -0.007865 0.019825
v 0.018726 -0.007737 0.005846
v 0.009325 -0.007881 0.010829
v 0.003089 -0.007851 0.019385
v 0.017831 -0.008082 0.008434
v 0.020028 -0.007676 0.000701
v -0.016795 -0.007222 -0.011065
v 0.018315 -0.007844 0.008282
v -0.004807 -0.007866 -0.002055
v 0.003096 -0.007429 0.003979
v 0.009620 -0.007835 0.017410
v 0.013920 -0.007645 0.013699
v -0.002638 -0.007839 0.020024
v 0.001387 -0.007266 0.004911
v -0.018841 -0.006675 -0.007878
v 0.000336 -0.007683 0.019971
v -0.019986 -0.007287 0.004506
v 0.017279 -0.007820 0.010993
v 0.019484 -0.007847 -0.000119
v -0.000029 -0.007678 0.019905
v 0.010814 -0.007960 0.017575
v -0.020394 -0.007812 -0.005042
v -0.016208 -0.007557 -0.012812
v 0.014829 -0.007475 0.013650
v 0.002712 -0.007483 0.019953
v -0.000677 -0.008153 0.020072
v 0.009123 -0.008016 0.009940
v 0.010107 -0.008021 0.010154
v -0.009036 -0.007658 -0.017366
v 0.011211 -0.007736 0.016295
v 0.008639 -0.007899 0.009250
v 0.004214 -0.007325 0.002933
v -0.003121 -0.007856 -0.019651
v 0.017631 -0.007816 0.010046
v -0.002495 -0.007406 -0.020128
v -0.001944 -0.007361 -0.020210
v -0.000552 -0.008465 -0.019671
v -0.014193 -0.008293 -0.014199
v 0.018725 -0.007463 0.007502
v 0.018574 -0.007496 -0.005919
v 0.016500 -0.007394 -0.011281
v 0.019710 -0.007465 0.003701
v 0.017358 -0.007857 -0.008613
v -0.003133 -0.007710 -0.003894
v -0.011546 -0.007775 -0.017159
v 0.005544 -0.007437 -0.018634
v -0.010257 -0.008024 0.017848
v -0.014080 -0.007763 -0.015245
v -0.017656 -0.007073 -0.009545
v 0.002259 -0.007523 -0.004385
v 0.006623 -0.007651 -0.019016
v -0.006276 -0.006084 -0.018643
v 0.013018 -0.007745 -0.015654
v 0.017187 -0.007801 -0.009212
v -0.005235 -0.007600 0.001432
v 0.007155 -0.007935 0.008976
v 0.018615 -0.008663 0.007273
v 0.019893 -0.007581 0.002431
v 0.017711 -0.008083 -0.008269
v -0.013670 -0.007835 -0.015788
v -0.012360 -0.007717 -0.015487
v 0.007725 -0.008127 -0.018663
v 0.019327 -0.007400 -0.003109
v 0.003937 -0.007467 -0.019640
v -0.001749 -0.007353 -0.004998
v 0.013383 -0.007735 -0.014939
v -0.004833 -0.007221 -0.019714
v -0.004837 -0.007941 0.013994
v 0.006427 -0.008092 0.013278
v 0.001174 -0.008124 0.013633
v 0.012814 -0.008193 0.005933
v 0.003822 -0.008093 0.012593
v 0.006917 -0.007959 0.011460
v 0.019285 -0.007978 0.003249
v 0.014831 -0.008153 0.010538
v 0.002097 -0.008208 0.012230
v 0.015620 -0.008161 0.010903
v 0.002629 -0.008266 0.014274
v 0.008377 -0.008145 0.011685
v 0.009916 -0.008340 0.011707
v 0.005272 -0.008137 0.011952
v 0.015277 -0.008287 -0.004785
v 0.005660 -0.008294 0.012686
v 0.003017 -0.008151 0.013800
v 0.009764 -0.008321 0.008555
v 0.005262 -0.008077 0.009853
v -0.005203 -0.007351 0.019874
v -0.005983 -0.007742 0.018973
v -0.018907 -0.007365 0.007926
v -0.011022 -0.007024 0.017011
v -0.019634 -0.007686 0.005606
v -0.020213 -0.007002 0.001074
v -0.018977 -0.007415 0.007301
v 0.000091 -0.007322 0.004745
v 0.006430 -0.006878 0.018707
v 0.005886 -0.007030 0.019022
v 0.017368 -0.007197 0.009183
v -0.019731 -0.006640 0.000131
v 0.016250 -0.007361 0.011416
v 0.008568 -0.007560 0.018823
v 0.012167 -0.007023 0.015684
v -0.020529 -0.006895 -0.000933
v -0.002613 -0.006992 0.004706
v -0.015363 -0.007881 0.013854
v -0.015265 -0.006899 0.013460
v -0.014412 -0.007967 0.013857
v -0.020663 -0.007202 -0.001747
v 0.019789 -0.007157 0.004732
v 0.019774 -0.006512 0.004334
v -0.019526 -0.007233 0.003197
v -0.004770 -0.007183 -0.002077
v -0.001384 -0.007107 0.005025
v -0.011854 -0.006968 0.015808
v 0.003698 -0.007317 0.003524
v -0.020582 -0.007069 0.002299
v -0.019731 -0.007329 0.002839
v -0.017689 -0.007069 0.010713
v -0.007948 -0.006481 0.018672
v -0.019197 -0.007125 -0.005614
v -0.008770 -0.006836 -0.018340
v 0.010449 -0.007414 0.017287
v 0.019579 -0.007385 0.003083
v -0.003674 -0.007272 -0.019253
v 0.010915 -0.007346 0.016718
v -0.013174 -0.006681 -0.015621
v 0.018420 -0.007557 -0.006412
v -0.006881 -0.007551 0.018889
v -0.015746 -0.007031 -0.013272
v -0.019334 -0.006782 -0.007319
v -0.015245 -0.006759 -0.013546
v -0.017790 -0.007452 -0.010648
v 0.020272 -0.007588 -0.002218
v -0.007861 -0.007062 -0.018830
v 0.019987 -0.007058 0.001670
v 0.013833 -0.007328 -0.013756
v 0.020501 -0.007901 -0.001055
v 0.019971 -0.006835 0.001061
v 0.008008 -0.007519 -0.017793
v 0.019704 -0.007010 -0.002690
v -0.017720 -0.007555 0.008702
v -0.000567 -0.007458 0.020115
v 0.007164 -0.007180 -0.018901
v 0.020208 -0.006979 -0.001376
v 0.003674 -0.006638 -0.003606
v 0.018220 -0.007452 -0.008333
v -0.001347 -0.007233 -0.020025
v 0.008918 -0.007485 -0.017315
v 0.009982 -0.007197 -0.017420
v -0.020388 -0.006926 -0.004265
v 0.014951 -0.006984 -0.013360
v 0.019567 -0.007214 -0.004501
v 0.019205 -0.007135 -0.005264
v 0.001967 -0.007761 -0.019609
v 0.002980 -0.007475 -0.019014
v 0.007659 -0.007658 0.010107
v -0.013520 -0.006710 0.015436
v -0.013296 -0.005980 0.014889
v -0.013328 -0.006920 0.015759
v -0.010549 -0.006962 0.017437
v -0.015775 -0.006782 0.012878
v -0.009128 -0.007114 0.017429
v -0.005887 -0.006912 0.019027
v 0.012591 -0.006871 0.015409
v 0.015828 -0.006974 0.012614
v -0.018583 -0.006865 0.006150
v -0.004507 -0.006707 0.003121
v 0.005439 -0.007608 0.000178
v 0.008429 -0.006836 0.017790
v 0.016152 -0.006672 0.011522
v 0.004542 -0.006144 0.019874
v 0.013159 -0.007068 0.014727
v 0.018837 -0.006912 0.005567
v 0.002913 -0.006970 0.019524
v 0.018056 -0.006790 0.008103
v -0.020403 -0.006484 -0.004677
v -0.005476 -0.007004 -0.001289
v -0.020008 -0.006716 -0.000566
v -0.020086 -0.006299 -0.005093
v 0.007567 -0.007332 0.018906
v -0.009266 -0.006807 -0.017400
v -0.016056 -0.006586 0.011461
v -0.001330 -0.006531 -0.005440
v 0.000935 -0.007269 -0.005220
v -0.003033 -0.007075 0.004378
v -0.017714 -0.006734 -0.008166
v -0.017236 -0.006633 -0.008716
v 0.008255 -0.006957 0.018406
v -0.005516 -0.006469 -0.019308
v 0.001090 -0.006433 0.020142
v -0.008720 -0.007047 0.017516
v -0.011705 -0.006352 -0.015661
v -0.019615 -0.006384 -0.002727
v 0.001790 -0.006333 0.020143
v 0.015760 -0.007314 -0.011432
v -0.019531 -0.006391 -0.003279
v 0.005522 -0.006334 -0.001496
v -0.017976 -0.006220 -0.010120
v 0.005483 -0.007013 0.001329
v 0.010983 -0.007280 -0.016084
v 0.019639 -0.006986 0.000033
v 0.010749 -0.006509 -0.016897
v -0.010948 -0.006573 -0.017274
v 0.018625 -0.006997 -0.008003
v 0.017179 -0.006817 -0.008699
v -0.018010 -0.006862 0.008329
v 0.013379 -0.006940 -0.013899
v 0.019709 -0.006402 -0.000816
v -0.014007 -0.007195 -0.013833
v 0.019192 -0.006687 -0.003647
v -0.003105 -0.007037 -0.019338
v -0.000296 -0.006343 -0.019347
v -0.010326 -0.006724 -0.017322
v 0.015373 -0.007539 -0.011811
v 0.015247 -0.007173 -0.012806
v 0.014450 -0.006426 -0.013561
v 0.002233 -0.006979 -0.018989
v 0.016945 -0.006299 -0.010631
v -0.005263 -0.006451 0.019844
v -0.020182 -0.006479 0.001536
v -0.019639 -0.006826 0.005180
v -0.006504 -0.006767 0.018491
v -0.018991 -0.006299 -0.006392
v -0.009691 -0.006363 0.017310
v 0.019094 -0.005793 0.003827
v -0.002516 -0.006708 -0.004631
v -0.003997 -0.006698 0.019657
v 0.018556 -0.006502 0.005647
v -0.011610 -0.006423 0.015840
v 0.016814 -0.006705 0.010905
v -0.019030 -0.006381 0.007393
v 0.004618 -0.006922 0.002510
v -0.012654 -0.005817 0.015602
v -0.013694 -0.006626 0.013819
v 0.007186 -0.006700 0.018997
v 0.019384 -0.006186 0.005240
v -0.003017 -0.006486 0.019669
v -0.001843 -0.006974 0.020355
v -0.017911 -0.006360 -0.010761
v -0.013812 -0.006838 -0.015193
v -0.005840 -0.006491 -0.018883
v -0.002140 -0.006270 -0.019767
v 0.009844 -0.007266 0.017401
v -0.014187 -0.006363 -0.013554
v 0.010446 -0.005904 0.016880
v -0.017300 -0.005866 0.008695
v 0.004372 -0.007088 -0.002876
v -0.004412 -0.006506 -0.019371
v -0.001328 -0.006101 -0.019638
v 0.002518 -0.006616 0.004625
v 0.002133 -0.006776 -0.004781
v -0.003452 -0.006908 -0.003602
v 0.015930 -0.006039 -0.011077
v -0.019954 -0.006572 0.002258
v 0.015201 -0.006463 0.013192
v 0.011156 -0.005823 0.015783
v 0.004995 -0.007187 -0.019126
v -0.005819 -0.006406 0.001206
v -0.019233 -0.006610 0.002682
v -0.011436 -0.006424 -0.016110
v 0.005714 -0.005414 -0.018096
v 0.005724 -0.006384 -0.000388
v 0.017995 -0.006362 -0.006441
v -0.006139 -0.006789 -0.000484
v 0.008761 -0.006863 -0.017142
v 0.011036 -0.006818 -0.015710
v 0.000604 -0.006050 -0.019953
v 0.001269 -0.006178 -0.019904
v 0.014029 -0.006587 -0.013464
v 0.015363 -0.006040 -0.012989
v -0.007250 -0.005514 -0.018753
v 0.017009 -0.006205 -0.009890
v -0.006788 -0.005969 -0.018595
v 0.007689 -0.006810 -0.017850
v 0.005345 -0.007047 0.019606
v 0.018416 -0.006401 -0.007366
v 0.001352 -0.006473 -0.005368
v 0.012790 -0.005862 -0.015384
v 0.003015 -0.006482 -0.019103
v 0.009686 -0.006388 -0.017478
v 0.003852 -0.006693 -0.019764
v 0.018170 -0.005813 -0.008321
v 0.004564 -0.006268 -0.019643
v -0.015092 -0.005448 0.013426
v -0.010785 -0.005682 0.017414
v -0.013739 -0.005784 0.013604
v 0.007908 -0.006047 0.018112
v 0.018087 -0.005431 0.006261
v 0.000140 -0.006072 0.019607
v 0.003889 -0.006129 0.003192
v -0.006276 -0.005169 0.018128
v -0.002667 -0.005859 0.005380
v -0.015649 -0.005416 0.011683
v -0.000380 -0.005855 0.005214
v -0.019761 -0.005721 0.004767
v -0.005586 -0.005855 0.019346
v 0.008580 -0.006399 0.017278
v -0.017487 -0.006059 0.009959
v -0.020046 -0.005989 0.000811
v -0.015669 -0.005464 0.012683
v -0.011930 -0.005587 -0.015499
v 0.019396 -0.006606 0.002502
v -0.004488 -0.006538 -0.002563
v 0.005742 -0.005844 0.002167
v 0.006997 -0.006058 0.018722
v -0.021012 -0.006026 -0.001546
v -0.019572 -0.006240 0.004141
v -0.020957 -0.006039 -0.001996
v 0.006078 -0.006241 0.000662
v 0.004047 -0.005580 0.019692
v -0.011293 -0.006358 -0.016970
v -0.018857 -0.006283 0.007950
v -0.018891 -0.005736 -0.007532
v -0.001436 -0.005899 0.005514
v -0.003457 -0.005995 0.004399
v 0.000027 -0.006567 -0.005550
v -0.017906 -0.005243 0.008145
v -0.017131 -0.005731 0.009149
v 0.007609 -0.006204 0.018602
v -0.018877 -0.006228 0.003400
v 0.010975 -0.005923 0.015966
v -0.018517 -0.006583 0.006720
v -0.004540 -0.005938 0.003765
v 0.003310 -0.005616 0.019174
v -0.018898 -0.005845 0.002657
v -0.015808 -0.005514 -0.012237
v 0.017251 -0.006172 0.009529
v 0.005262 -0.006042 -0.002255
v 0.018924 -0.005879 -0.003072
v -0.015698 -0.005694 -0.013276
v -0.001498 -0.005850 0.020280
v -0.016460 -0.005816 -0.010887
v -0.005065 -0.005446 -0.019299
v -0.009052 -0.005805 -0.017377
v 0.019229 -0.005950 0.000183
v 0.005140 -0.005643 0.019382
v 0.017221 -0.006164 0.008723
v -0.019620 -0.005631 -0.000468
v -0.008520 -0.005787 -0.018494
v 0.012454 -0.006074 -0.015640
v 0.013260 -0.006198 -0.013318
v 0.015298 -0.005558 -0.011923
v -0.005756 -0.005665 0.001562
v 0.018275 -0.006027 0.008056
v -0.003582 -0.004951 -0.004182
v 0.018564 -0.006217 0.007488
v 0.019480 -0.006082 -0.004272
v 0.010860 -0.006103 -0.015867
v 0.019468 -0.006074 -0.004801
v 0.013059 -0.005994 -0.013694
v 0.019229 -0.005326 -0.000486
v 0.013200 -0.005988 -0.014454
v 0.018566 -0.006695 0.007155
v -0.019585 -0.006032 -0.003778
v 0.008788 -0.006440 -0.016845
v 0.001735 -0.005955 -0.005816
v -0.020000 -0.005442 -0.004504
v 0.002177 -0.006137 -0.018905
v 0.020126 -0.005562 -0.001730
v -0.019325 -0.005900 -0.005610
v 0.007040 -0.006024 -0.018405
v 0.006617 -0.005981 -0.018499
v -0.005977 -0.004922 0.018534
v -0.018544 -0.005609 0.007395
v 0.019726 -0.005123 0.001776
v -0.019785 -0.005766 0.001660
v -0.005019 -0.005793 0.019364
v 0.005564 -0.005811 0.018563
v 0.009528 -0.005053 0.017343
v 0.013336 -0.005957 0.013904
v 0.016797 -0.005885 0.010397
v -0.018035 -0.005706 0.006446
v -0.005202 -0.006204 -0.002253
v -0.009928 -0.005565 0.017514
v 0.006074 -0.006312 0.018445
v 0.001671 -0.005550 0.020036
v -0.017955 -0.005840 -0.007529
v 0.013847 -0.006114 0.013331
v -0.016018 -0.005869 -0.011487
v -0.018653 -0.006176 0.005751
v -0.004557 -0.005746 -0.003069
v 0.014623 -0.005491 0.013171
v -0.017318 -0.006008 0.010747
v -0.003731 -0.005784 0.019100
v -0.011236 -0.005650 0.016277
v -0.001856 -0.005734 -0.005548
v -0.001082 -0.005670 -0.005824
v -0.017276 -0.006063 -0.008229
v -0.017168 -0.005007 -0.009177
v -0.013432 -0.005236 -0.015403
v -0.012772 -0.005177 -0.015816
v 0.015822 -0.005709 0.012393
v -0.006711 -0.005638 -0.000693
v -0.000021 -0.005644 -0.005829
v 0.019067 -0.005067 0.005086
v -0.006102 -0.005471 -0.002130
v 0.000121 -0.005646 -0.019064
v -0.002937 -0.005229 -0.004527
v -0.002142 -0.005827 0.020237
v 0.016107 -0.005837 0.011149
v 0.016940 -0.005810 -0.008536
v 0.018831 -0.005665 -0.003610
v 0.011163 -0.006257 -0.015438
v 0.002903 -0.005771 0.004565
v -0.002317 -0.005554 -0.005161
v -0.003060 -0.005823 -0.019007
v 0.018189 -0.006010 -0.005682
v 0.003176 -0.005161 -0.018498
v -0.020501 -0.005946 -0.002421
v 0.002565 -0.005444 -0.005161
v 0.019737 -0.005370 -0.002403
v 0.000803 -0.005971 -0.005881
v 0.018927 -0.005644 0.003076
v 0.001724 -0.005700 -0.019237
v 0.008374 -0.005632 0.017270
v -0.008179 -0.005609 0.017493
v 0.007842 -0.005863 -0.017273
v 0.018174 -0.005093 -0.007887
v -0.004815 -0.005624 0.002856
v 0.008198 -0.006143 -0.016873
v 0.015332 -0.005977 -0.011586
v -0.001152 -0.005407 0.019803
v -0.007361 -0.006183 0.018513
v -0.015193 -0.005532 -0.013665
v 0.003512 -0.004966 -0.004717
v -0.002096 -0.005478 -0.019702
v 0.008688 -0.005642 -0.016793
v -0.006662 -0.005231 0.017994
v -0.009047 -0.005877 0.016911
v 0.007455 -0.005941 -0.018078
v -0.017618 -0.005565 -0.010682
v 0.015075 -0.005883 -0.013519
v 0.010323 -0.005425 -0.016949
v -0.015441 -0.005482 0.013130
v 0.012785 -0.004750 0.014879
v 0.019863 -0.005736 0.001044
v -0.000228 -0.005339 0.019484
v -0.018866 -0.005501 -0.006795
v -0.004283 -0.005458 0.004130
v -0.005185 -0.004968 -0.003096
v -0.015996 -0.005271 0.010960
v 0.016784 -0.005399 0.009372
v -0.006407 -0.005275 0.000750
v 0.002348 -0.005568 0.019276
v 0.015375 -0.004970 0.012575
v -0.002555 -0.005269 0.005601
v 0.017678 -0.005050 0.008190
v 0.002989 -0.004841 0.018940
v -0.020342 -0.005177 -0.001362
v -0.019515 -0.005274 0.004971
v -0.004039 -0.004821 -0.003621
v 0.004509 -0.005328 0.019738
v -0.009512 -0.005643 -0.016944
v -0.019905 -0.005266 0.001337
v 0.013707 -0.004341 0.013451
v 0.018111 -0.005073 0.008064
v 0.012284 -0.005325 0.015636
v 0.018366 -0.005342 0.007497
v 0.007528 -0.004793 0.018622
v -0.003496 -0.005122 -0.019090
v -0.019691 -0.005321 0.004126
v -0.011138 -0.005421 -0.015771
v -0.000859 -0.005611 -0.019270
v 0.001696 -0.005696 0.005314
v -0.019379 -0.005117 -0.005375
v -0.019743 -0.004975 0.000674
v -0.013770 -0.005139 -0.014661
v 0.002667 -0.005376 -0.018474
v 0.005323 -0.004995 -0.002767
v 0.017674 -0.005051 -0.008290
v -0.011552 -0.005231 0.015819
v -0.019099 -0.005088 0.003326
v -0.001274 -0.004780 -0.019990
v -0.018629 -0.005158 0.005593
v 0.011168 -0.005256 -0.014859
v -0.019646 -0.004796 -0.002159
v 0.005885 -0.005506 -0.000781
v -0.005529 -0.005493 0.002129
v 0.010670 -0.005552 -0.015480
v -0.019273 -0.004802 -0.002698
v 0.004386 -0.005129 -0.003388
v 0.004778 -0.005548 -0.019601
v 0.016652 -0.005103 -0.009266
v 0.012157 -0.004755 -0.014714
v 0.018860 -0.005440 -0.005190
v 0.009678 -0.005236 -0.017041
v 0.005142 -0.005440 -0.018379
v -0.010421 -0.005427 -0.016762
v -0.007848 -0.005737 0.018136
v 0.000922 -0.005237 -0.019456
v 0.006032 -0.004940 -0.018155
v 0.017617 -0.005337 -0.006251
v 0.017666 -0.005159 -0.006922
v 0.000903 -0.005433 -0.006146
v 0.003810 -0.004952 -0.019338
v 0.013762 -0.005361 -0.013064
v 0.004223 -0.005534 -0.019765
v -0.007451 -0.005439 0.018427
v 0.019903 -0.004948 -0.001089
v 0.015746 -0.005000 -0.011398
v -0.007057 -0.005161 0.018175
v 0.017100 -0.005249 -0.010890
v -0.006209 -0.005267 -0.018369
v 0.016594 -0.006093 -0.010969
v -0.008606 -0.005548 0.016954
v -0.013921 -0.004958 0.013838
v -0.012887 -0.005068 0.015798
v -0.003608 -0.004877 0.004691
v -0.017056 -0.005361 0.010557
v 0.005850 -0.005364 0.002094
v 0.015800 -0.004715 0.011750
v 0.019141 -0.004992 0.004178
v -0.017324 -0.004802 -0.008600
v -0.006735 -0.004498 -0.001332
v 0.001912 -0.005064 0.005136
v 0.000516 -0.005056 0.020149
v 0.018433 -0.004959 0.005443
v -0.005104 -0.004909 0.019370
v -0.019632 -0.004806 -0.000108
v -0.019165 -0.004879 -0.007694
v -0.005919 -0.005102 -0.018620
v 0.006379 -0.004865 -0.000285
v 0.007003 -0.004614 0.018641
v 0.003807 -0.005506 0.003772
v 0.013033 -0.004496 0.014489
v 0.006305 -0.004816 0.001825
v -0.019491 -0.004820 0.002274
v 0.013271 -0.004236 0.013740
v 0.001765 -0.004648 -0.005931
v -0.017834 -0.004473 -0.010338
v 0.019180 -0.005162 -0.004484
v 0.007916 -0.005014 0.017377
v 0.005058 -0.005004 0.003035
v 0.008362 -0.004649 0.017035
v -0.016226 -0.004929 -0.011071
v -0.000737 -0.004874 0.005530
v -0.004187 -0.004834 -0.019409
v -0.010137 -0.004272 -0.016676
v 0.019746 -0.004631 0.001583
v 0.012972 -0.004997 -0.013291
v -0.000263 -0.005300 -0.018870
v -0.002113 -0.004988 0.019474
v 0.015354 -0.005094 -0.012793
v -0.002939 -0.005639 0.019312
v -0.009551 -0.004070 -0.016918
v -0.003048 -0.004605 -0.019106
v 0.018882 -0.004885 0.000102
v -0.017143 -0.004718 0.008824
v 0.012798 -0.004626 -0.013835
v 0.018100 -0.005210 -0.007500
v 0.016908 -0.004856 -0.008684
v -0.020123 -0.004965 -0.001828
v -0.000367 -0.004631 -0.006292
v 0.014974 -0.005138 -0.013415
v -0.007957 -0.005014 0.018750
v -0.008115 -0.005112 0.017889
v 0.012771 -0.004995 -0.014515
v -0.008051 -0.004870 -0.018609
v -0.018122 -0.005108 0.006639
v 0.004812 -0.004972 -0.019242
v 0.007991 -0.005036 -0.017436
v 0.018965 -0.004644 -0.002869
v 0.007531 -0.004992 -0.018449
v 0.007007 -0.005177 -0.018771
v 0.010444 -0.005020 -0.016658
v -0.013399 -0.004768 0.014913
v -0.019748 -0.004720 0.004954
v -0.013474 -0.004145 0.014237
v 0.019238 -0.004714 0.004834
v -0.020494 -0.004224 0.001243
v -0.005402 -0.004533 0.019134
v -0.015756 -0.004380 0.011315
v -0.010914 -0.004589 0.016349
v -0.006708 -0.004478 -0.000569
v 0.001589 -0.004133 0.005303
v -0.005606 -0.004069 0.000973
v 0.001688 -0.004709 0.020130
v -0.017042 -0.004603 0.010272
v -0.004314 -0.004491 0.003744
v -0.018262 -0.004493 -0.008006
v -0.016200 -0.004352 0.010607
v 0.005166 -0.004522 0.018569
v -0.015444 -0.003957 -0.013507
v -0.006427 -0.004433 0.000279
v -0.009987 -0.004525 0.017168
v -0.015705 -0.003651 0.012992
v 0.005712 -0.004222 0.018177
v 0.016598 -0.003668 0.010702
v -0.014199 -0.004256 -0.013353
v -0.018492 -0.004242 0.005658
v -0.006238 -0.004471 -0.002151
v 0.016795 -0.004403 0.009880
v -0.010570 -0.004524 0.016904
v -0.017711 -0.003926 -0.008438
v -0.002175 -0.004630 -0.005087
v -0.019469 -0.004433 -0.003325
v 0.001054 -0.004195 0.020427
v -0.018560 -0.004594 0.007958
v 0.004017 -0.004147 0.003839
v -0.001673 -0.004510 -0.005986
v 0.006684 -0.004348 0.000767
v -0.009135 -0.004323 0.016823
v -0.017748 -0.003976 -0.009647
v 0.005306 -0.004024 0.003000
v 0.003725 -0.004580 0.019795
v -0.017293 -0.004085 -0.010819
v -0.019843 -0.004159 -0.004425
v -0.019669 -0.004347 -0.005154
v 0.011036 -0.003787 0.015451
v -0.011931 -0.004511 -0.015735
v -0.002666 -0.004353 0.019226
v 0.004678 -0.004779 0.019630
v -0.000861 -0.004909 0.019260
v 0.017176 -0.004208 0.008639
v -0.018748 -0.004667 0.007543
v 0.005913 -0.004721 -0.002238
v -0.019248 -0.003974 0.002922
v -0.007412 -0.004788 0.018812
v -0.005343 -0.004446 -0.019306
v -0.002034 -0.003996 0.005732
v 0.018958 -0.004323 -0.004765
v 0.002432 -0.004396 -0.005369
v -0.000349 -0.004571 0.019200
v 0.015715 -0.004305 -0.011864
v 0.000632 -0.004452 0.005307
v 0.000204 -0.004850 -0.006330
v -0.004771 -0.004281 -0.019451
v 0.015907 -0.004093 -0.012583
v 0.018486 -0.004034 0.007002
v 0.017113 -0.004730 -0.010151
v 0.018339 -0.004016 -0.005413
v 0.001877 -0.004787 -0.019227
v -0.008645 -0.004120 -0.017835
v 0.019151 -0.004257 -0.000386
v -0.005357 -0.004666 0.002095
v -0.002262 -0.004235 -0.020090
v 0.014818 -0.004624 -0.013483
v 0.019759 -0.004393 -0.001789
v 0.004102 -0.004712 -0.019362
v 0.009220 -0.004399 -0.017089
v -0.007677 -0.004060 -0.018478
v -0.006737 -0.004808 -0.018541
v -0.013112 -0.003458 0.015265
v -0.001443 -0.004656 0.019774
v -0.018179 -0.003749 0.006304
v -0.019962 -0.003719 0.004745
v -0.020357 -0.003983 -0.001719
v -0.019016 -0.003614 -0.006059
v 0.018641 -0.003863 0.005834
v -0.019073 -0.003993 -0.006949
v 0.019215 -0.003953 0.002850
v -0.020103 -0.004206 -0.002106
v -0.014217 -0.003707 0.013768
v -0.000167 -0.003745 0.019397
v 0.002608 -0.004597 0.004593
v -0.004115 -0.004130 0.019657
v -0.004838 -0.004189 0.002709
v 0.004383 -0.003637 0.020179
v 0.007836 -0.003949 0.018425
v -0.013827 -0.003857 -0.013895
v -0.005215 -0.004255 -0.003145
v 0.012212 -0.004284 0.015330
v 0.018967 -0.004189 0.000096
v -0.008617 -0.003586 0.017250
v -0.003225 -0.004816 0.019117
v -0.013265 -0.004318 -0.015222
v 0.015189 -0.004121 0.012918
v 0.018609 -0.004496 0.007986
v -0.020152 -0.004405 -0.000812
v -0.005337 -0.003647 -0.019278
v 0.004189 -0.003870 -0.003652
v 0.006098 -0.003885 -0.002134
v -0.015827 -0.003879 -0.011351
v 0.015887 -0.003230 0.011214
v 0.018604 -0.004531 0.007560
v 0.005234 -0.004164 -0.002933
v -0.015488 -0.004137 -0.011780
v -0.000698 -0.004326 0.005577
v 0.009674 -0.003958 0.016971
v 0.010145 -0.004122 0.016530
v -0.006551 -0.004101 0.018102
v -0.000448 -0.004494 -0.019436
v 0.017880 -0.004032 -0.006276
v 0.018264 -0.004261 -0.007295
v 0.002405 -0.003713 -0.018495
v -0.000852 -0.004170 0.019290
v 0.008431 -0.003344 -0.017069
v 0.016123 -0.004341 0.011130
v -0.018527 -0.004779 0.007126
v 0.018184 -0.003749 -0.007721
v 0.017052 -0.004191 -0.010720
v 0.002940 -0.003859 -0.018372
v 0.015909 -0.003777 -0.011380
v 0.013712 -0.004190 -0.013104
v 0.000937 -0.004437 -0.019969
v 0.018976 -0.004236 -0.003425
v -0.005249 -0.004005 0.001600
v 0.003851 -0.004217 -0.019208
v 0.001633 -0.004496 -0.019749
v -0.011170 -0.004189 -0.016135
v 0.019264 -0.004134 -0.004104
v -0.010626 -0.004706 -0.016458
v 0.006932 -0.004375 -0.018469
v 0.004598 -0.004325 -0.019279
v 0.005858 -0.003805 -0.018324
v 0.010735 -0.003675 -0.015865
v 0.015442 -0.004375 -0.012985
v 0.010323 -0.004457 -0.017374
v 0.009882 -0.004501 -0.017400
v -0.008147 -0.003895 0.018415
v -0.001569 -0.003706 0.020277
v -0.005166 -0.003921 0.019840
v 0.010574 -0.003657 0.015741
v 0.000620 -0.003697 0.020134
v -0.006187 -0.004025 -0.000543
v -0.006253 -0.004043 -0.001626
v -0.019108 -0.003776 0.005072
v 0.017268 -0.003210 0.009177
v -0.012391 -0.004230 0.015777
v 0.006935 -0.003568 0.018352
v 0.006821 -0.003228 0.001705
v -0.002195 -0.003488 0.020069
v -0.018811 -0.003602 -0.007544
v 0.004714 -0.003622 0.019913
v -0.002198 -0.003212 -0.004837
v 0.001557 -0.003327 0.020070
v -0.017443 -0.003977 0.010134
v -0.015334 -0.003613 0.013517
v 0.006371 -0.004021 -0.001116
v -0.007289 -0.003646 0.018599
v -0.017457 -0.003851 0.009216
v -0.016542 -0.002557 -0.011082
v -0.016633 -0.003709 0.010638
v 0.019441 -0.003811 0.001070
v 0.019314 -0.003764 0.004099
v 0.002311 -0.003415 0.019367
v -0.000831 -0.003721 -0.005671
v -0.002895 -0.004122 0.004937
v 0.008796 -0.002605 0.017015
v 0.005167 -0.003623 0.018594
v -0.003650 -0.004049 -0.003585
v -0.017522 -0.003923 -0.009025
v -0.012858 -0.003938 -0.015620
v 0.002958 -0.003324 0.019009
v -0.017625 -0.003894 0.008572
v -0.015714 -0.004307 -0.013007
v -0.020572 -0.003920 0.001757
v -0.012087 -0.003518 -0.015722
v -0.004446 -0.003554 -0.019194
v -0.011657 -0.003820 0.015752
v -0.019618 -0.003575 -0.000104
v -0.000395 -0.003438 -0.006085
v -0.019482 -0.003311 -0.003342
v 0.003971 -0.003962 -0.004609
v 0.002447 -0.003595 0.005161
v 0.000770 -0.003733 -0.005659
v 0.001973 -0.002949 -0.018998
v -0.005734 -0.003542 0.018461
v 0.003144 -0.003979 -0.005222
v 0.016734 -0.004018 -0.009108
v 0.013017 -0.004173 -0.013423
v -0.018443 -0.003243 0.007458
v -0.001444 -0.003384 -0.020141
v -0.014831 -0.002766 -0.013614
v 0.007564 -0.003619 -0.018074
v 0.014881 -0.003499 -0.013090
v 0.005529 -0.003322 -0.018521
v -0.006739 -0.003978 -0.018594
v -0.010872 -0.003841 -0.017022
v 0.001581 -0.003378 -0.020042
v 0.012540 -0.003803 -0.014002
v 0.019792 -0.003815 -0.001034
v -0.000150 -0.004268 -0.019464
v 0.018700 -0.003508 -0.002838
v 0.001875 -0.003011 -0.019874
v 0.011021 -0.003396 -0.015234
v 0.016598 -0.003627 -0.011038
v 0.011433 -0.003401 -0.014928
v -0.019651 -0.003453 0.000619
v 0.012234 -0.003584 -0.014604
v -0.011336 -0.003422 0.016035
v -0.020195 -0.002985 0.001159
v -0.015809 -0.002601 0.011921
v 0.003229 -0.003833 0.004284
v 0.006029 -0.003547 0.002439
v -0.005487 -0.003597 0.019176
v -0.005198 -0.003642 -0.001289
v -0.003872 -0.003874 0.004351
v 0.004773 -0.003502 0.003376
v -0.016099 -0.003098 0.011095
v 0.017510 -0.003118 0.008698
v 0.011991 -0.003218 0.015629
v -0.017722 -0.003338 0.009858
v 0.019724 -0.003217 0.002153
v 0.013092 -0.003269 0.015506
v -0.004484 -0.003317 0.019653
v 0.006792 -0.003294 0.001286
v -0.001433 -0.003743 -0.005273
v -0.002992 -0.003205 0.004419
v -0.020072 -0.002993 -0.004647
v 0.007520 -0.003268 0.018780
v 0.013549 -0.003177 0.015132
v -0.010520 -0.003134 0.017411
v 0.006502 -0.003414 0.000785
v 0.001379 -0.002488 0.019877
v 0.006492 -0.003479 -0.000044
v -0.017950 -0.003117 -0.008288
v -0.019898 -0.003061 -0.005197
v 0.017910 -0.003445 0.008352
v -0.005266 -0.003724 -0.002063
v -0.003145 -0.003435 0.019315
v -0.020120 -0.003819 0.004250
v -0.001440 -0.003541 0.005597
v 0.018560 -0.002614 0.007942
v -0.018764 -0.003258 0.006150
v -0.019220 -0.003566 -0.005618
v 0.007945 -0.002863 0.017823
v 0.008245 -0.002118 0.017316
v -0.001997 -0.003189 0.004937
v -0.017971 -0.003020 0.008042
v -0.000003 -0.003536 -0.006229
v -0.004595 -0.003472 -0.002994
v 0.018924 -0.002906 -0.000195
v -0.006102 -0.003022 -0.018992
v -0.000594 -0.003478 0.005172
v 0.009657 -0.003050 0.016988
v 0.015711 -0.003533 -0.011884
v 0.001472 -0.003426 0.004832
v -0.005867 -0.003616 -0.000088
v 0.019094 -0.003461 -0.004910
v 0.003100 -0.003145 -0.004918
v 0.004782 -0.003286 -0.002729
v -0.020328 -0.003238 0.002157
v 0.017113 -0.003126 -0.010156
v -0.003154 -0.002915 -0.004042
v 0.018137 -0.003454 -0.006004
v -0.004640 -0.002754 0.003072
v 0.005950 -0.003589 0.018195
v -0.000532 -0.003223 -0.019133
v 0.015437 -0.002877 -0.011279
v -0.005133 -0.002802 0.001979
v 0.002749 -0.002801 -0.018676
v 0.009229 -0.003553 -0.016999
v 0.013459 -0.002863 -0.013106
v 0.019408 -0.002976 -0.000961
v 0.017642 -0.003692 -0.008064
v 0.003718 -0.003457 -0.019405
v 0.017080 -0.003016 -0.008473
v 0.007112 -0.002874 -0.018490
v 0.016839 -0.002826 -0.009114
v -0.001056 -0.003791 0.020152
v 0.004929 -0.002729 -0.019296
v 0.019386 -0.002826 -0.001776
v 0.004276 -0.002194 -0.019572
v 0.010676 -0.003742 -0.016918
v -0.004064 -0.003276 0.004062
v -0.005214 -0.002977 0.019246
v 0.003788 -0.002591 0.019547
v 0.013568 -0.003128 0.014393
v 0.002836 -0.003240 0.004053
v 0.018181 -0.002907 0.006422
v -0.017562 -0.002469 -0.010110
v -0.004778 -0.003034 -0.002414
v -0.018942 -0.002189 -0.007490
v -0.020146 -0.002985 -0.002522
v -0.019399 -0.003149 0.005157
v 0.003671 -0.003183 0.003582
v 0.018348 -0.002764 0.005943
v 0.007925 -0.002976 0.018562
v -0.010533 -0.002937 -0.017386
v 0.013621 -0.003072 0.013702
v -0.009639 -0.003145 -0.017108
v -0.008884 -0.003316 -0.017418
v -0.019721 -0.003234 -0.002779
v -0.011083 -0.003024 0.017160
v 0.004286 -0.003150 0.003126
v 0.018790 -0.002752 0.005564
v -0.013821 -0.002991 -0.015069
v -0.005246 -0.002767 -0.019792
v 0.019647 -0.001764 0.004607
v -0.017345 -0.002624 -0.010708
v -0.017320 -0.002961 0.010905
v 0.014658 -0.003263 0.013444
v -0.003104 -0.003076 -0.019013
v -0.019789 -0.003105 0.003486
v 0.015486 -0.003339 0.012626
v -0.008091 -0.002680 -0.018543
v -0.015748 -0.003077 -0.011655
v 0.005864 -0.003235 -0.001051
v -0.009321 -0.002474 0.017194
v 0.005752 -0.002829 0.002435
v -0.001880 -0.002651 -0.019930
v -0.001276 -0.003107 0.005024
v -0.007773 -0.002797 0.018945
v -0.003605 -0.003226 -0.018882
v 0.001138 -0.002860 0.004999
v -0.013126 -0.002939 -0.015903
v 0.018670 -0.002100 0.006909
v 0.006167 -0.003227 -0.001843
v 0.020002 -0.002656 0.001244
v 0.018990 -0.002856 -0.004190
v 0.002205 -0.003043 0.004737
v -0.006721 -0.002716 -0.018487
v -0.015680 -0.002277 -0.011786
v 0.018648 -0.002663 -0.003570
v 0.000170 -0.003083 -0.019363
v -0.005523 -0.002887 -0.000234
v -0.002774 -0.002713 0.019659
v -0.011806 -0.003020 -0.016033
v 0.012199 -0.003060 -0.014879
v -0.015534 -0.002497 -0.013584
v -0.017247 -0.002775 0.008871
v 0.010431 -0.002972 0.016500
v 0.016977 -0.002750 -0.010637
v 0.012827 -0.003095 -0.013758
v 0.004428 -0.003212 -0.003359
v 0.001020 -0.003207 -0.020123
v 0.006096 -0.002793 -0.018180
v 0.005573 -0.003092 -0.002421
v -0.008946 -0.002887 0.017295
v 0.018063 -0.002997 -0.006927
v -0.018493 -0.003358 0.007044
v -0.000404 -0.002785 0.019536
v -0.014217 -0.001667 -0.013683
v 0.009748 -0.002881 -0.017382
v 0.007617 -0.002684 -0.018461
v 0.000943 -0.003230 -0.005374
v 0.010592 -0.002430 -0.016828
v 0.018122 -0.002804 -0.007975
v -0.015717 -0.002358 0.012834
v -0.004804 -0.002037 0.019471
v -0.019662 -0.002353 0.000173
v -0.017798 -0.002728 0.010498
v -0.018956 -0.002820 0.005717
v 0.015072 -0.002488 0.013217
v 0.003122 -0.002447 0.003561
v -0.004178 -0.002756 -0.003262
v 0.015361 -0.002163 0.012587
v -0.019446 -0.002458 -0.003673
v -0.015771 -0.002606 -0.012983
v -0.012909 -0.002709 0.015637
v 0.011134 -0.002273 0.015738
v 0.003751 -0.002946 0.002804
v -0.018683 -0.002712 0.006541
v -0.013421 -0.002468 0.015355
v 0.019312 -0.002164 0.000067
v 0.015571 -0.002496 0.011383
v 0.002023 -0.002510 0.019553
v -0.000439 -0.002318 0.005297
v 0.019342 -0.002869 0.005169
v -0.008607 -0.003040 0.017965
v 0.016553 -0.002834 0.010949
v 0.005071 -0.002499 0.018627
v -0.020431 -0.001615 0.004312
v -0.002488 -0.002253 0.004556
v -0.019817 -0.002132 -0.000635
v 0.002788 -0.001381 0.019022
v 0.002453 -0.003027 0.004129
v 0.004384 -0.002151 0.019974
v -0.012951 -0.001984 -0.016034
v 0.018934 -0.002582 0.003340
v -0.017329 -0.002533 -0.008726
v -0.019751 -0.002941 0.002782
v -0.015238 -0.002121 0.013554
v -0.013816 -0.002654 -0.014285
v 0.017144 -0.002186 0.010550
v 0.018759 -0.002762 0.007505
v -0.006628 -0.001967 0.018462
v -0.000891 -0.002183 -0.019756
v -0.020482 -0.001731 -0.001631
v 0.019213 -0.002779 0.002759
v 0.005871 -0.002573 0.018131
v 0.018978 -0.002174 -0.002170
v -0.000888 -0.002787 -0.005276
v -0.018996 -0.002012 0.007560
v -0.001380 -0.002721 -0.020020
v -0.017224 -0.002489 -0.009108
v 0.010288 -0.002528 0.017142
v 0.005595 -0.002733 -0.001926
v -0.009041 -0.002295 -0.017232
v 0.004768 -0.002830 0.002651
v -0.011148 -0.003047 -0.016986
v -0.008627 -0.002378 -0.017486
v 0.018609 -0.002372 -0.002973
v -0.000325 -0.002927 -0.004836
v 0.005014 -0.002675 -0.002551
v 0.004661 -0.002421 -0.003394
v -0.000185 -0.002826 -0.005528
v -0.005060 -0.002805 -0.001225
v 0.016445 -0.001897 -0.010870
v 0.000349 -0.002704 -0.005389
v 0.009301 -0.002447 -0.017231
v 0.015222 -0.002906 -0.013098
v 0.004332 -0.002975 0.001973
v 0.019399 -0.002516 -0.005001
v 0.001889 -0.002252 -0.020534
v 0.019199 -0.002820 -0.005556
v -0.007742 -0.002386 -0.018640
v 0.005101 -0.002760 0.002683
v -0.004583 -0.002895 -0.019734
v 0.005492 -0.002624 -0.001467
v 0.006106 -0.002858 0.000622
v 0.010999 -0.002090 -0.015421
v 0.002204 -0.002370 -0.005287
v -0.011443 -0.002132 0.015864
v 0.015414 -0.002316 -0.012802
v 0.003781 -0.002596 -0.004424
v 0.015296 -0.002693 -0.011889
v -0.007871 -0.001705 0.018949
v -0.017829 -0.001824 0.009708
v -0.001842 -0.002171 0.005005
v 0.017296 -0.001623 0.008995
v -0.003961 -0.001974 0.019218
v -0.018830 -0.002183 0.005570
v -0.019493 -0.002062 -0.002947
v -0.004063 -0.001486 0.003891
v 0.000829 -0.002141 0.019699
v 0.006486 -0.002372 0.000865
v -0.003132 -0.001420 0.004481
v -0.015692 -0.002226 -0.012397
v -0.018830 -0.002135 -0.006593
v -0.019895 -0.001990 -0.004886
v 0.003999 -0.001747 0.002288
v -0.013935 -0.001301 0.014254
v -0.004298 -0.002174 -0.003165
v -0.001108 -0.001843 0.019999
v 0.003302 -0.001791 0.019216
v 0.012295 -0.002263 0.015345
v -0.019113 -0.002459 -0.005610
v 0.000154 -0.002484 0.019265
v 0.016832 -0.001105 0.011435
v -0.004399 -0.001518 0.003460
v -0.018500 -0.002174 -0.008379
v -0.020274 -0.001693 0.003890
v 0.012914 -0.001619 0.015261
v 0.013393 -0.002535 0.014187
v -0.019650 -0.002196 0.003257
v -0.018434 -0.001970 0.008176
v 0.013406 -0.001786 0.014311
v -0.004815 -0.001673 -0.002282
v -0.010038 -0.001389 -0.017599
v 0.004754 -0.002687 0.002094
v -0.020071 -0.002242 0.002356
v -0.011067 -0.001613 0.017094
v -0.005964 -0.001423 -0.018910
v 0.005533 -0.002433 -0.001626
v -0.005169 -0.001857 0.001002
v -0.005495 -0.002213 0.000498
v -0.020407 -0.002203 0.001802
v 0.005522 -0.002433 -0.001982
v -0.000208 -0.002405 -0.019434
v 0.006061 -0.002397 0.001960
v 0.019600 -0.002340 -0.000971
v 0.004968 -0.002468 -0.002178
v 0.019713 -0.001393 -0.001377
v 0.002259 -0.002195 -0.020103
v -0.005855 -0.002050 0.018605
v -0.002362 -0.001998 -0.004255
v -0.014158 -0.001897 0.013757
v 0.003175 -0.002033 -0.018976
v 0.005971 -0.001776 0.000251
v -0.010897 -0.002079 -0.017305
v 0.018003 -0.002243 -0.006151
v 0.001444 -0.002262 -0.020550
v 0.017913 -0.002114 -0.006676
v 0.006917 -0.002090 0.018430
v 0.005484 -0.002359 -0.018576
v 0.002662 -0.002138 -0.004716
v 0.005840 -0.002403 -0.000422
v 0.013124 -0.002499 -0.013312
v -0.001150 -0.002216 -0.004417
v -0.000722 -0.002471 -0.004614
v -0.013593 -0.001846 -0.015294
v 0.017241 -0.002395 -0.008298
v 0.004743 -0.002492 -0.000988
v 0.016776 -0.001947 -0.008772
v 0.007860 -0.001887 0.018456
v 0.012585 -0.002150 -0.015004
v -0.000140 -0.002284 -0.005129
v 0.018548 -0.001627 -0.005998
v 0.004430 -0.002562 -0.001861
v -0.003518 -0.002150 -0.019362
v 0.011451 -0.002083 -0.015053
v -0.002935 -0.001836 -0.019310
v 0.015194 -0.001621 -0.011783
v 0.005137 -0.002340 -0.000791
v 0.008450 -0.001998 -0.017647
v 0.017058 -0.002102 -0.010301
v 0.005507 -0.002458 -0.001515
v 0.013111 -0.002216 -0.014852
v 0.003853 -0.002501 -0.002455
v 0.010237 -0.002402 -0.017286
v 0.004361 -0.002595 -0.002326
v -0.013618 -0.001615 0.015224
v -0.020223 -0.002000 0.004869
v -0.005821 -0.000684 0.019372
v -0.010514 -0.001996 0.017315
v 0.000553 -0.002371 0.005096
v -0.012860 -0.001440 0.015653
v -0.017274 -0.001123 0.011061
v -0.018756 -0.001359 0.006237
v -0.005537 -0.002031 -0.000210
v 0.018725 -0.001790 0.006000
v 0.013222 -0.001429 0.014977
v -0.005202 -0.001759 -0.000933
v 0.005497 -0.001015 0.018532
v -0.008389 -0.001847 0.018493
v -0.001739 -0.001704 0.020245
v 0.001675 -0.002039 0.005145
v 0.010628 -0.001906 0.016949
v -0.005081 -0.001264 0.001738
v -0.016058 -0.001326 0.011887
v 0.018896 -0.001782 0.003450
v 0.000342 -0.001543 -0.005157
v -0.004502 -0.001551 0.002518
v 0.004758 -0.002023 0.001580
v 0.018995 -0.001846 0.002599
v 0.005547 -0.001328 0.002642
v 0.002429 -0.001579 0.019339
v 0.014448 -0.001071 0.013775
v -0.016665 -0.001584 0.011206
v -0.011219 -0.001357 0.016277
v -0.007326 -0.001403 0.018940
v 0.004750 -0.001664 -0.000668
v 0.003878 -0.001714 0.019813
v 0.011601 -0.001220 0.015766
v 0.004344 -0.001904 -0.001190
v -0.017856 -0.001305 -0.010552
v -0.011910 -0.001291 0.015507
v 0.004785 -0.002072 0.019805
v -0.001678 -0.001957 -0.020362
v 0.014995 -0.001772 -0.011391
v 0.003062 -0.002015 -0.004258
v -0.003215 -0.001738 -0.003391
v 0.004040 -0.002057 -0.004158
v 0.015798 -0.001878 -0.010960
v -0.017602 -0.001165 0.008894
v 0.000762 -0.002305 -0.019833
v -0.017680 -0.001682 0.008530
v 0.015373 -0.002027 0.011826
v 0.018063 -0.001171 0.008386
v 0.005128 -0.001680 0.019311
v 0.017421 -0.001097 -0.009663
v 0.018284 -0.001631 -0.007338
v -0.019901 -0.002027 -0.004291
v -0.012223 -0.001613 -0.015989
v 0.005900 -0.002039 -0.000512
v -0.011708 -0.001652 -0.016198
v 0.007999 -0.001714 -0.018542
v 0.005306 -0.001900 -0.001382
v 0.013020 -0.002335 -0.013753
v 0.018874 -0.001722 -0.002604
v 0.006059 -0.002025 -0.001388
v 0.009166 -0.001487 -0.017534
v -0.019308 -0.000615 -0.005907
v 0.003948 -0.001946 -0.002289
v 0.004698 -0.001994 -0.002670
v 0.010188 -0.001489 -0.017572
v 0.004593 -0.001958 -0.003425
v 0.005502 -0.002046 -0.002068
v 0.003144 -0.002015 -0.003421
v 0.002007 -0.001940 -0.005143
v 0.003573 -0.001914 -0.003543
v -0.016107 -0.000668 0.012466
v -0.017817 -0.001323 0.010604
v -0.018909 -0.000959 0.005754
v 0.000395 -0.001052 0.019700
v 0.000420 -0.001421 0.005500
v -0.005293 -0.001047 0.000337
v -0.019168 -0.000844 0.007986
v -0.020086 -0.001030 0.000316
v 0.003264 -0.001728 0.003040
v 0.001190 -0.001311 0.005935
v 0.001614 -0.001319 0.005761
v 0.019636 -0.001413 0.005240
v -0.019231 -0.000550 -0.006363
v 0.017113 -0.001239 0.011208
v 0.001180 -0.001200 0.020397
v 0.001727 -0.001276 0.020318
v -0.000264 -0.001278 0.019347
v -0.019418 -0.000651 0.007335
v -0.009044 -0.001893 0.017377
v -0.000585 -0.001448 -0.005055
v 0.013947 -0.001713 0.013816
v -0.017413 -0.001315 -0.009162
v -0.003180 -0.001632 0.019290
v 0.010151 -0.001299 0.017364
v 0.017358 -0.002320 0.009761
v 0.007472 -0.001623 0.018680
v 0.015278 -0.001155 0.013136
v 0.004552 -0.001503 0.001604
v -0.011013 -0.001254 -0.017128
v -0.001212 -0.001271 0.005635
v 0.005121 -0.001546 0.002435
v 0.002923 -0.001283 0.003771
v 0.019710 -0.001862 0.001980
v -0.015968 -0.000662 -0.012901
v -0.004795 -0.001956 -0.019932
v -0.016187 -0.001529 0.011492
v 0.005133 -0.001430 0.001506
v -0.013437 -0.001125 -0.015808
v 0.019579 -0.001729 -0.004556
v 0.005940 -0.001782 0.001324
v 0.018852 -0.001472 -0.003197
v -0.020228 -0.001264 0.002463
v -0.015516 -0.001359 -0.013913
v 0.019916 -0.001503 0.001391
v -0.016261 -0.001323 -0.011604
v 0.005521 -0.001479 -0.018885
v 0.019439 -0.001467 -0.005172
v -0.008422 -0.001391 -0.018480
v -0.006724 -0.000668 -0.018747
v 0.011039 -0.001094 0.016089
v 0.004786 -0.001515 0.000560
v -0.020470 -0.000879 0.000870
v 0.019426 -0.000819 0.000213
v 0.006196 -0.001474 -0.018554
v -0.000400 -0.001124 -0.019547
v 0.019656 -0.001387 -0.000695
v 0.004831 -0.001644 0.001206
v 0.002476 -0.001637 -0.019356
v -0.002154 -0.001472 -0.004106
v 0.018500 -0.001376 0.007864
v 0.005146 -0.001443 -0.000373
v -0.015890 -0.001016 -0.012278
v 0.005117 -0.001721 0.000647
v 0.002667 -0.001986 -0.018894
v 0.011108 -0.001016 -0.015903
v 0.015608 -0.000794 -0.012638
v 0.013473 -0.001180 -0.013773
v 0.006138 -0.001415 -0.000880
v 0.005982 -0.001516 -0.001406
v 0.003891 -0.001879 -0.002779
v 0.003535 -0.001592 -0.003194
v 0.017428 -0.000772 -0.010457
v 0.015494 -0.000627 0.011928
v 0.001521 -0.001827 -0.004663
v 0.002448 -0.001552 -0.004124
v 0.013368 -0.001506 -0.014286
v 0.014907 -0.000084 -0.013453
v 0.015494 -0.000406 -0.013114
v 0.006948 -0.000623 -0.018965
v 0.017670 -0.001822 -0.008175
v 0.001154 -0.001521 -0.005007
v 0.004083 -0.001684 -0.003158
v 0.003725 -0.001570 -0.003820
v 0.008400 -0.001456 -0.017792
v 0.004367 -0.001152 -0.019916
v 0.004918 -0.001488 -0.019808
v 0.010802 -0.001400 -0.017295
v -0.011246 -0.001374 0.015859
v -0.008312 -0.000665 0.018922
v -0.010826 -0.000664 0.017490
v -0.017788 -0.000490 0.009919
v 0.017261 -0.000239 0.008860
v -0.013626 -0.000760 0.015576
v 0.015508 -0.000259 0.012582
v -0.020162 -0.001148 0.004853
v 0.003458 -0.000709 0.003110
v -0.008775 -0.000709 0.018501
v -0.005021 -0.000623 0.001082
v 0.010691 -0.000045 0.017313
v 0.015851 -0.000946 0.011485
v -0.004044 -0.001275 -0.002704
v -0.020102 -0.001259 -0.000599
v -0.019066 -0.001047 -0.008094
v -0.017575 -0.001115 -0.010995
v -0.003040 -0.001047 0.019450
v -0.015382 -0.000397 0.013462
v 0.003241 -0.000720 0.018980
v -0.014292 -0.000746 0.013851
v -0.013771 -0.001613 -0.014180
v 0.018743 -0.000154 0.007231
v -0.002179 -0.001142 0.020164
v -0.009053 -0.000976 0.017853
v -0.015868 -0.000653 -0.013470
v 0.018825 -0.000374 0.006067
v -0.009204 -0.001299 -0.017685
v -0.003116 -0.000921 -0.019337
v -0.019636 -0.001227 0.003226
v 0.019267 -0.000708 0.003054
v -0.009544 -0.001009 0.017445
v -0.002640 -0.000953 -0.020143
v 0.004364 -0.001029 -0.000363
v -0.014863 -0.000933 -0.013734
v -0.006341 -0.001234 0.018750
v 0.004402 -0.000945 -0.001816
v -0.018398 -0.001217 -0.008606
v 0.006675 -0.000910 0.018796
v 0.005549 -0.001148 -0.000182
v 0.018709 -0.000675 -0.002632
v 0.018266 -0.001180 -0.006289
v 0.018532 -0.000891 -0.007394
v 0.018123 -0.001563 -0.007846
v 0.017233 -0.000977 -0.009052
v -0.002401 -0.000618 0.005243
v -0.011283 -0.000645 0.016799
v -0.005128 -0.001097 -0.001347
v 0.005480 -0.001348 -0.001393
v 0.003181 -0.000875 -0.019364
v 0.005527 -0.001236 0.001346
v 0.018358 -0.000474 -0.005787
v -0.013133 -0.000486 -0.015885
v -0.004615 -0.000502 -0.020065
v -0.004141 -0.000290 -0.019791
v -0.007779 -0.000351 -0.018899
v -0.020403 -0.001585 -0.002139
v 0.014047 -0.001106 -0.013382
v 0.011473 -0.001139 -0.015613
v -0.020876 -0.000340 0.001743
v -0.003531 -0.001025 -0.019367
v 0.004090 -0.001058 -0.002773
v 0.004780 -0.001154 0.000710
v 0.016825 -0.000959 -0.011130
v 0.004805 -0.001250 0.001206
v 0.007574 -0.001016 -0.018965
v -0.000958 -0.000765 -0.020100
v 0.008121 -0.001191 0.018019
v -0.019715 -0.001565 0.002789
v 0.008794 -0.001282 0.017352
v 0.013462 -0.001375 -0.014997
v 0.015083 -0.001098 -0.011018
v 0.012961 -0.000822 -0.015679
v -0.020856 -0.000155 0.001233
v -0.019866 -0.001036 -0.003541
v 0.019315 -0.000935 -0.002290
v 0.000273 -0.000740 -0.019793
v 0.001494 -0.001079 -0.020470
v 0.019524 -0.000939 -0.004529
v 0.002150 -0.000461 -0.020078
v 0.004744 -0.001303 0.001206
v 0.005139 -0.001629 0.001206
v -0.005301 -0.000698 0.019830
v -0.015835 -0.000477 0.013179
v -0.006256 -0.000737 0.018767
v -0.010996 -0.000618 0.016163
v -0.004617 -0.000233 0.019926
v -0.018937 -0.000247 0.008076
v -0.020440 -0.000699 -0.004595
v 0.010095 -0.000181 0.017697
v 0.003719 -0.000534 0.019621
v -0.003775 -0.000970 0.019313
v -0.020172 -0.000947 -0.005202
v -0.003338 -0.000415 0.004384
v -0.017208 -0.000828 -0.008630
v 0.013123 -0.000562 0.015407
v -0.020004 -0.000190 0.005169
v 0.019769 -0.000184 0.004586
v -0.018828 -0.000906 0.006450
v 0.004036 -0.000756 0.002630
v -0.014119 -0.000198 0.015037
v -0.020219 -0.000916 -0.000561
v 0.013439 -0.000520 0.013881
v -0.017258 -0.000841 -0.009140
v -0.000062 -0.000777 0.005559
v 0.007399 -0.000337 0.018875
v -0.010636 -0.000136 -0.017681
v 0.019336 -0.000243 0.003660
v 0.000212 -0.000180 -0.005077
v 0.004509 -0.000354 0.019770
v 0.005038 -0.000833 0.001409
v -0.012498 -0.000557 0.015451
v -0.013865 -0.000793 -0.013833
v -0.015924 -0.000523 0.011198
v 0.002376 -0.000849 0.005220
v -0.013909 -0.000566 -0.015031
v -0.015506 -0.000295 0.011430
v -0.009293 -0.000624 -0.017666
v -0.004666 -0.000555 0.002918
v -0.017796 -0.000643 0.008209
v -0.017730 -0.001197 -0.008697
v 0.008116 -0.000270 0.017396
v -0.000954 -0.000866 0.019299
v -0.006270 -0.000605 -0.018907
v 0.005012 -0.000120 0.019254
v -0.005931 -0.000698 -0.019298
v -0.015400 -0.000770 -0.013781
v -0.020967 -0.000623 -0.002131
v -0.008651 -0.000564 -0.018505
v 0.017070 -0.000574 0.009178
v 0.000086 -0.000563 0.019272
v 0.008831 -0.000851 -0.017231
v 0.005190 -0.000216 -0.018473
v 0.009185 -0.000359 0.017369
v 0.019483 -0.000235 -0.000367
v -0.014187 -0.001034 -0.013755
v 0.020157 -0.000667 -0.001105
v 0.005757 -0.000791 -0.018425
v -0.019901 -0.001070 -0.002959
v -0.006940 -0.000706 0.018699
v -0.012260 -0.000619 -0.015715
v 0.008037 -0.000470 -0.017886
v 0.007916 -0.000246 -0.018531
v 0.016213 -0.000113 -0.011160
v 0.010779 -0.000340 -0.016772
v 0.002313 -0.000622 -0.018516
v 0.019234 -0.001080 -0.003761
v -0.020397 -0.000246 0.002358
v 0.002751 -0.000985 -0.018840
v 0.013071 -0.000127 -0.014336
v 0.002391 0.000730 -0.003825
v 0.002051 -0.000218 0.019631
v 0.004585 -0.000468 -0.019744
v 0.012022 -0.000691 -0.015804
v -0.000422 -0.000896 -0.019186
v -0.011587 -0.000606 -0.016080
v -0.001323 -0.000601 -0.004364
v -0.016371 -0.000763 -0.011301
v 0.008494 -0.001107 -0.017318
v -0.011333 -0.000667 0.015227
v -0.001109 -0.000432 0.005991
v 0.000779 -0.000561 -0.005119
v -0.019295 -0.000857 0.002782
v 0.017449 -0.000785 -0.008639
v 0.013335 -0.000316 -0.015225
v -0.004755 -0.000970 0.002409
v -0.005394 -0.000504 -0.000606
v 0.015459 -0.000394 -0.012456
v -0.010322 -0.000206 0.017415
v -0.009601 -0.000190 0.016959
v -0.013850 -0.000215 0.014243
v 0.002374 -0.000704 0.018957
v 0.000774 -0.001033 0.020161
v -0.003713 -0.000338 0.014183
v -0.019777 -0.000445 0.000490
v -0.017172 -0.000351 0.008457
v 0.005997 -0.000965 0.018384
v 0.000704 -0.000627 0.005504
v -0.017530 -0.000260 0.006324
v -0.013329 0.000155 0.015530
v 0.003335 -0.000409 0.004088
v -0.020324 -0.000147 -0.002638
v 0.019818 -0.000209 0.002442
v -0.003076 -0.000456 0.019141
v -0.002266 0.000009 0.020339
v -0.018198 -0.000497 0.006495
v 0.012665 -0.000308 0.015948
v 0.001851 -0.000711 0.005487
v -0.020209 0.000117 0.004786
v 0.020169 -0.000036 0.001495
v 0.019574 0.000087 0.005229
v -0.008947 -0.000163 0.017091
v 0.007852 -0.000112 0.018520
v -0.001835 -0.000511 0.014018
v -0.016547 -0.000560 0.006205
v -0.019764 -0.000160 -0.003645
v -0.019088 0.000083 -0.007545
v 0.003024 0.000137 0.004710
v -0.002321 -0.000140 -0.003871
v -0.019210 -0.000585 0.003188
v 0.018538 0.000188 0.008087
v -0.003153 -0.000402 0.012826
v -0.015628 -0.000112 0.011998
v -0.020382 -0.000021 -0.004554
v -0.001495 0.000047 0.020105
v -0.009610 -0.000306 -0.017365
v 0.005056 0.000712 0.001460
v -0.017206 -0.000326 -0.008199
v 0.005050 0.000097 0.000379
v 0.017064 0.000179 0.010227
v -0.004629 -0.000016 0.001554
v -0.017212 -0.000063 0.010816
v 0.004460 0.000171 -0.001631
v 0.018188 0.000035 -0.002688
v -0.000083 -0.000722 -0.019179
v -0.004650 -0.000253 -0.002212
v -0.020927 -0.000655 -0.001549
v -0.017571 0.000027 -0.010150
v 0.016963 -0.000163 -0.009185
v -0.019813 -0.000117 -0.000589
v 0.017359 -0.000157 -0.010095
v 0.018604 -0.000374 -0.003549
v -0.011130 -0.000208 -0.017425
v -0.018752 -0.000281 0.002841
v 0.006277 -0.000677 -0.018459
v -0.005287 -0.000371 -0.019949
v -0.019141 -0.000101 0.002345
v 0.018534 -0.000603 -0.008121
v 0.019648 -0.000009 -0.004495
v 0.015299 -0.000007 0.013432
v 0.007862 -0.000458 -0.016794
v 0.014480 -0.000375 -0.010641
v 0.001268 0.000013 -0.004290
v -0.001891 -0.000371 -0.020497
v 0.014568 -0.000756 -0.011204
v 0.009765 -0.000187 -0.017496
v -0.003625 -0.000241 -0.018739
v -0.017276 0.000101 -0.010636
v -0.016701 -0.000540 -0.011013
v 0.010515 -0.000173 -0.017374
v 0.019229 -0.000157 -0.005111
v 0.018634 -0.000181 -0.007385
v 0.000812 -0.000119 -0.020301
v -0.015828 -0.000301 -0.011781
v 0.019800 -0.000298 -0.002239
v 0.004697 0.000335 -0.001082
v 0.010680 -0.000221 -0.015904
v -0.015636 0.000171 0.012944
v -0.013847 -0.000019 0.015440
v -0.005967 -0.000109 0.018823
v -0.003637 -0.000260 0.019061
v -0.017419 0.000052 0.009514
v -0.004340 -0.000225 0.015679
v -0.020535 0.000118 0.000951
v -0.013684 0.000122 0.013523
v 0.001038 0.000276 0.020002
v -0.004180 0.000289 0.012883
v 0.006821 0.000143 0.018620
v -0.019235 -0.000404 0.005525
v -0.000099 -0.000325 0.018718
v 0.012895 -0.000170 0.009338
v -0.006136 -0.000000 0.017892
v 0.011365 -0.000114 0.007773
v -0.003676 0.000771 0.003906
v 0.002079 -0.000165 0.014598
v 0.000027 -0.000251 0.018449
v 0.010851 -0.000093 0.008822
v -0.018017 0.000250 0.002053
v -0.018469 0.000064 0.007957
v -0.004150 0.000475 0.003471
v 0.010931 -0.000212 0.015835
v 0.013094 -0.000115 0.013894
v -0.005469 0.000036 0.019647
v -0.003505 -0.000272 0.015873
v -0.009545 -0.000138 0.016472
v -0.004020 0.000144 0.017454
v -0.018616 0.000156 -0.000441
v -0.019042 0.000203 0.007259
v 0.004612 -0.000032 0.002222
v -0.002747 -0.000054 0.019690
v 0.006344 -0.000033 0.017793
v -0.016796 -0.000278 -0.000289
v 0.013260 -0.000044 0.013476
v -0.017065 0.000032 0.005551
v -0.002748 -0.000036 0.018623
v -0.018513 -0.000298 0.005505
v -0.015998 -0.000013 0.008708
v -0.014616 -0.000150 0.013320
v -0.001198 -0.000046 0.015340
v -0.010386 -0.000317 0.015925
v -0.020141 -0.000057 0.004154
v 0.014524 0.000302 0.013542
v -0.016612 0.000205 0.000351
v 0.011543 -0.000224 0.015739
v 0.018551 -0.000060 0.006368
v 0.001171 0.000205 0.017493
v 0.013929 -0.000135 0.008404
v 0.015510 -0.000275 0.011440
v -0.000830 -0.000129 0.005962
v -0.008213 0.000000 0.018887
v 0.000153 0.000054 0.016846
v -0.018612 0.000015 0.003671
v 0.002415 -0.000166 0.018484
v 0.000546 0.000440 0.005128
v 0.004063 0.000309 0.019344
v 0.016802 -0.000035 0.008776
v -0.017459 -0.000123 0.007695
v -0.001730 -0.000230 0.016683
v -0.017821 -0.000184 0.006809
v -0.001005 -0.000129 0.018572
v -0.015047 -0.000094 -0.003176
v -0.019470 -0.000177 -0.002672
v -0.011146 0.000163 0.016812
v 0.016957 0.000123 0.010880
v -0.001733 -0.000235 0.012959
v -0.017692 -0.000199 -0.010612
v 0.002525 -0.000189 0.015642
v -0.001079 -0.000118 0.013776
v -0.015535 -0.000083 0.006771
v -0.014989 -0.000202 -0.001063
v -0.015704 0.000002 -0.012837
v -0.006496 0.000116 0.017710
v -0.013140 0.000085 -0.014338
v -0.015059 0.000051 0.005880
v -0.005421 -0.000139 -0.017736
v 0.002349 0.000026 0.005275
v -0.011106 -0.000039 -0.015249
v -0.015266 -0.000018 -0.013407
v -0.014341 -0.000112 -0.002352
v -0.011408 -0.000150 -0.016805
v -0.008852 -0.000416 -0.016584
v 0.008582 -0.000122 0.017052
v -0.014229 -0.000040 -0.012869
v -0.013739 -0.000065 -0.014976
v -0.001647 0.001032 -0.004420
v -0.003154 -0.000393 -0.018845
v -0.002699 -0.000051 -0.018730
v -0.002661 -0.000193 0.016676
v -0.016736 -0.000019 -0.009777
v -0.018843 -0.000102 -0.002943
v 0.000345 -0.000058 0.013855
v -0.015996 -0.000375 -0.010688
v -0.009003 -0.000167 -0.017490
v -0.009416 -0.000255 -0.016354
v -0.006050 -0.000040 -0.018118
v -0.018412 -0.000080 -0.008175
v -0.015214 0.000024 0.011002
v -0.008864 -0.000011 0.016442
v -0.000739 0.000218 -0.004631
v -0.009819 0.000038 -0.016886
v 0.019283 -0.000255 0.000184
v -0.000454 -0.000336 -0.017967
v 0.018655 -0.000067 -0.002382
v -0.018888 -0.000174 -0.006241
v -0.002540 -0.000047 -0.020013
v -0.013696 0.000001 -0.012855
v -0.011841 -0.000509 -0.015563
v 0.004886 0.000053 0.017976
v -0.008176 0.000303 -0.018549
v -0.006653 -0.000069 -0.018272
v -0.012806 0.000394 -0.013793
v -0.001019 0.000008 -0.018249
v -0.015146 -0.000073 -0.010941
v -0.012189 -0.000083 0.014832
v -0.010877 -0.000062 0.014789
v -0.001872 0.000128 -0.020248
v 0.000294 0.000205 -0.017926
v -0.000376 -0.000246 -0.017042
v -0.001068 -0.000026 0.016288
v 0.003158 -0.000077 -0.018576
v 0.019047 -0.000030 -0.000129
v 0.012905 -0.000283 -0.013577
v 0.005735 -0.000243 -0.017790
v 0.018125 0.000087 -0.005400
v 0.000355 -0.000122 -0.018984
v 0.007186 -0.000037 -0.018953
v 0.018509 -0.000017 -0.008057
v 0.011211 -0.000294 -0.015264
v -0.020507 0.000296 -0.001354
v -0.000831 -0.000313 -0.018847
v 0.001970 -0.000040 -0.017952
v -0.019465 -0.000194 -0.003142
v 0.005832 -0.000173 0.017562
v -0.020940 -0.000048 -0.001745
v -0.005341 -0.000155 -0.018245
v 0.018070 -0.000243 -0.006265
v 0.017986 0.000111 -0.006822
v 0.006323 -0.000090 -0.017882
v -0.005908 0.000001 -0.018896
v 0.002575 0.000016 -0.017776
v 0.004992 -0.000356 -0.019300
v 0.012167 0.000132 -0.015664
v 0.013608 -0.000386 -0.013348
v 0.020206 -0.000023 -0.001532
v 0.013732 0.000250 -0.011373
v -0.014808 -0.000178 0.004519
v 0.000325 -0.000043 -0.019712
v -0.015425 -0.000147 0.004131
v 0.015112 -0.000118 -0.010421
v 0.003350 0.000325 -0.003073
v -0.003214 -0.000088 -0.002824
v 0.007398 -0.000105 -0.017063
v 0.008525 -0.000049 -0.016265
v -0.020170 0.000026 -0.005156
v 0.009545 0.000333 -0.017143
v -0.004641 -0.000108 0.014065
v 0.014320 -0.000123 -0.011543
v 0.001668 0.000056 -0.020272
v 0.006708 0.000171 -0.018543
v -0.019636 -0.000236 -0.005555
v 0.003689 -0.000033 -0.019499
v -0.005610 -0.000034 -0.019544
v 0.016844 0.000323 -0.010704
v -0.016528 -0.000364 -0.000654
v -0.016118 -0.000307 -0.001645
v -0.016867 0.000004 -0.002410
v -0.002833 -0.000779 0.013356
v -0.002995 0.000024 0.017691
v -0.015307 -0.000417 -0.001318
v -0.002494 -0.000320 0.014767
v -0.017115 -0.000187 0.007289
v -0.015607 -0.000275 0.005579
v -0.007348 0.000424 0.015938
v -0.001870 0.000195 0.012542
v -0.016192 0.000320 0.010464
v -0.008015 0.000421 0.017618
v -0.005838 0.000108 0.014787
v -0.005222 0.000378 0.019351
v -0.004796 0.000528 0.002498
v -0.006298 0.000340 0.015971
v 0.001250 0.000476 0.019494
v 0.010307 0.000182 0.015547
v 0.007476 0.000497 0.018262
v -0.017586 0.000458 0.004103
v -0.013783 0.000397 0.014903
v -0.017142 0.000405 0.000834
v -0.004938 0.000672 0.001742
v -0.011379 0.000314 0.009012
v -0.019568 0.000400 0.004089
v 0.012950 0.000193 0.015405
v -0.016790 0.000342 0.009768
v -0.002034 0.000606 0.012450
v -0.004667 0.000481 0.019324
v -0.002983 0.000782 0.005115
v 0.010193 0.000328 0.008995
v -0.013257 0.000440 0.014857
v 0.003798 0.000410 0.017092
v -0.011343 0.000418 0.010091
v 0.012347 0.000695 0.014956
v -0.018669 0.000323 0.004549
v -0.014531 0.000360 0.010105
v 0.006050 0.000265 0.016790
v 0.003862 0.000684 0.004324
v -0.005671 0.000415 0.013431
v 0.001688 0.000260 0.013684
v 0.011114 0.000444 0.014425
v 0.006826 0.000379 0.016732
v -0.018363 0.000360 0.007402
v 0.001624 0.000247 0.020061
v 0.010677 0.000269 0.010996
v -0.010072 0.000260 0.010470
v 0.000404 0.000218 0.013357
v 0.003758 0.000306 0.016392
v -0.007356 0.000471 0.017271
v 0.012067 0.000497 0.015534
v 0.012533 0.000267 0.012100
v -0.017128 0.000372 0.003082
v -0.008997 0.000277 0.014210
v -0.005058 0.000787 0.001106
v -0.018346 0.000259 0.000245
v -0.009443 0.000318 0.011247
v 0.010667 0.000312 0.007997
v -0.000384 0.000394 0.013432
v 0.016143 0.000630 0.010360
v 0.016472 0.000133 0.011123
v -0.016759 0.000366 0.003579
v 0.004169 0.000228 0.003481
v 0.002477 0.000189 0.014114
v -0.014074 0.000332 0.008468
v -0.016678 0.000275 0.001717
v -0.009153 0.000412 0.012758
v -0.020400 0.000482 0.001686
v -0.013331 0.000361 0.010681
v 0.003405 0.000349 0.013917
v -0.007631 0.000315 0.012456
v -0.020054 0.000383 0.002070
v 0.013736 0.000494 0.012847
v 0.017435 0.000444 0.008505
v -0.014758 0.000363 0.009154
v -0.005228 0.000743 0.000071
v 0.016376 0.000272 0.005121
v -0.006531 0.000261 0.012792
v 0.005317 0.000327 0.016596
v 0.011851 0.000344 0.013878
v 0.011417 0.000412 0.007146
v 0.017709 0.000267 0.002687
v 0.018843 0.000305 0.002760
v 0.010725 0.000276 0.010261
v 0.005309 0.000472 0.015536
v 0.019584 0.000310 0.002435
v 0.016294 0.000367 0.004009
v 0.003994 0.000197 0.015664
v 0.010725 0.000227 0.013181
v 0.003785 0.000146 0.014561
v 0.012583 -0.000030 0.008315
v 0.011738 0.000058 0.009856
v -0.009572 0.000313 0.011937
v -0.019860 0.000404 -0.004619
v 0.019954 0.000404 0.001389
v 0.018516 0.000435 0.007761
v -0.000235 0.000817 0.005322
v -0.005325 0.000316 0.017637
v 0.013510 0.000370 0.010183
v 0.016314 0.000194 0.007881
v 0.015128 0.000497 0.013101
v 0.009833 0.000337 0.017250
v 0.010332 0.000372 0.017310
v 0.017987 0.000446 0.000567
v 0.019081 0.000390 0.000729
v -0.018792 0.000384 -0.007064
v 0.015130 0.000127 0.010958
v -0.011918 0.000165 0.008151
v -0.019171 0.000228 0.001073
v -0.017861 0.000244 -0.006903
v -0.018314 0.000427 -0.007725
v 0.015121 0.000528 0.008519
v 0.016457 0.000074 0.008987
v 0.018703 0.000450 0.005415
v -0.019295 0.000325 -0.001369
v -0.018743 0.000463 -0.005313
v -0.014609 0.000401 -0.012294
v 0.016851 0.000555 0.007214
v -0.003156 0.000290 -0.003182
v -0.014036 0.000439 -0.001577
v -0.010461 0.000323 -0.011317
v -0.012889 0.000355 -0.011689
v -0.002458 0.000649 -0.003835
v -0.016241 0.000317 -0.007038
v -0.013226 0.000439 0.008073
v 0.017589 0.000376 0.003695
v 0.000071 0.000192 -0.012500
v -0.014730 0.000271 0.003832
v 0.019525 0.000451 0.004535
v 0.014744 0.000364 0.010311
v -0.004572 0.000317 0.017918
v -0.005138 0.000290 -0.001059
v -0.014268 0.000342 -0.010497
v -0.014005 0.000228 -0.002953
v 0.015799 0.000196 0.007652
v -0.015266 0.000438 -0.012763
v -0.000669 0.000159 -0.014920
v -0.014709 0.000008 0.007572
v -0.014057 0.000332 -0.004896
v -0.010798 0.000389 -0.017326
v -0.012724 0.000005 -0.015276
v -0.020329 0.000432 -0.002081
v -0.015262 0.000315 -0.005939
v -0.007769 0.000352 -0.018496
v -0.005248 0.000454 -0.019157
v -0.002139 0.000441 -0.019528
v -0.006127 0.000453 -0.016671
v -0.004894 0.000392 -0.019754
v 0.000460 0.000403 -0.004911
v -0.016011 0.000318 -0.007925
v -0.001787 0.000318 -0.018646
v 0.018807 0.000259 0.003287
v -0.011506 0.000289 -0.012090
v -0.004363 0.000461 -0.019301
v -0.011363 0.000431 -0.014096
v -0.007727 0.000480 -0.016281
v -0.014261 0.000441 -0.011573
v -0.010335 0.000349 0.014201
v 0.012060 0.000210 -0.010663
v -0.018408 0.000424 -0.004064
v 0.000946 0.000300 -0.012596
v -0.004213 0.000434 -0.017183
v -0.014210 0.000369 -0.007101
v 0.015643 0.000291 -0.002336
v -0.019634 0.000419 0.004940
v 0.016428 0.000207 -0.004203
v -0.001337 0.000371 -0.019640
v 0.016845 0.000425 -0.003433
v 0.014157 0.000025 -0.009923
v 0.014366 0.000499 -0.012258
v -0.008239 0.000448 -0.018080
v 0.019668 0.000428 -0.002020
v -0.014947 0.000257 -0.008847
v 0.017108 0.000499 -0.007074
v -0.009889 0.000323 -0.012136
v -0.004394 0.000278 -0.016067
v -0.008160 0.000535 -0.013206
v -0.017087 0.000435 -0.004375
v 0.017677 0.000236 -0.000746
v -0.004061 0.000276 0.016784
v -0.005045 0.000468 0.016378
v -0.001721 0.000261 -0.014025
v -0.010840 0.000265 0.012801
v 0.001971 0.000261 -0.015585
v 0.001802 0.000205 -0.016777
v 0.008131 0.000212 -0.014479
v 0.019890 0.000472 -0.001375
v -0.000094 0.000293 -0.013404
v 0.016277 0.000239 -0.007950
v 0.016646 0.000565 -0.010272
v 0.019131 0.000447 -0.000902
v 0.006923 0.000236 -0.014166
v 0.018842 0.000380 -0.004137
v -0.003338 0.000315 -0.016665
v 0.007866 0.000476 -0.015619
v 0.000229 0.000220 -0.016050
v 0.018199 0.000317 -0.007721
v 0.017546 0.000377 -0.002808
v -0.000909 0.000327 -0.013614
v 0.003796 0.000473 -0.018878
v -0.003467 0.000428 0.016875
v 0.003538 0.000314 -0.016300
v 0.017991 0.000287 -0.001471
v -0.017964 0.000311 -0.005111
v 0.004116 0.000377 -0.019308
v 0.003475 0.000399 -0.017202
v 0.004834 0.000309 -0.015779
v 0.016074 0.000392 -0.010691
v -0.017407 0.000162 -0.005643
v 0.014468 0.000454 -0.013076
v 0.015033 0.000358 -0.012934
v 0.001256 0.000376 -0.018215
v 0.019469 0.000337 -0.004063
v 0.012625 0.000447 -0.014709
v 0.000917 0.000297 -0.018806
v -0.007503 0.000273 -0.014486
v 0.001019 0.000453 -0.016116
v 0.012351 0.000410 -0.015248
v 0.019156 0.000462 -0.004725
v 0.007109 0.000559 -0.018377
v 0.003538 0.000427 -0.017967
v 0.018885 0.000477 -0.001683
v -0.016121 0.000271 -0.005306
v 0.007180 0.000035 -0.016297
v 0.007578 0.000292 -0.018028
v 0.007079 0.000299 -0.015073
v 0.016901 0.000035 -0.008664
v -0.004198 0.000282 -0.018428
v 0.008625 0.000237 -0.015031
v 0.012839 0.000405 -0.009960
v 0.009612 0.000500 -0.016618
v 0.010234 0.000367 -0.016817
v 0.010813 0.000261 -0.013371
v -0.003392 0.000319 -0.017456
v 0.010889 0.000254 -0.014280
v 0.000845 0.000438 -0.019885
v 0.001351 0.000458 -0.019573
v 0.011779 0.000366 -0.014359
v -0.001866 0.000371 -0.017124
v 0.013267 0.000343 -0.010994
v -0.002404 0.000426 -0.017745
v 0.004488 0.000482 -0.018624
v 0.015387 0.000244 -0.010053
v 0.012697 0.000316 -0.011866
v 0.013731 0.000410 -0.012240
v -0.013306 0.000052 0.013830
v -0.012849 -0.000055 0.013226
v -0.007742 0.000207 0.018600
v -0.001564 0.000302 0.018229
v 0.000845 0.000266 0.015276
v -0.007575 0.000188 0.015287
v -0.017803 -0.000050 0.005285
v -0.012974 0.000046 0.011717
v -0.002183 0.000329 0.020027
v 0.001241 0.000051 0.014426
v -0.001262 0.000233 0.017372
v 0.007409 0.000212 0.017077
v -0.010053 0.000094 0.011166
v 0.001819 0.000239 0.018171
v -0.007037 0.000063 0.014625
v -0.012179 0.000148 0.014153
v 0.000592 0.000128 0.016788
v -0.002632 0.000063 0.017892
v -0.016473 0.000139 0.004787
v -0.015038 0.000121 0.012134
v -0.010549 0.000306 0.016820
v -0.016311 0.000172 0.003592
v -0.007694 0.000099 0.013573
v 0.003583 0.000175 0.018424
v -0.012194 0.000254 0.012050
v 0.002647 0.000263 0.017175
v -0.014162 0.000196 0.011197
v 0.018352 0.000024 -0.000300
v -0.008642 0.000331 0.015153
v -0.011117 0.000248 0.011346
v -0.016465 -0.000037 -0.003746
v -0.012441 0.000283 0.010862
v -0.017260 0.000147 -0.007462
v -0.013080 0.000100 0.008802
v -0.010800 0.000156 -0.013231
v -0.016350 0.000218 -0.008949
v -0.015525 0.000258 -0.009852
v 0.001422 -0.000038 0.016161
v 0.014780 0.000188 0.007683
v -0.015895 0.000217 -0.004648
v -0.017431 0.000314 -0.001414
v -0.010397 0.000205 -0.016022
v -0.001319 -0.000022 -0.014628
v -0.014150 0.000061 -0.004340
v -0.009618 0.000147 0.015187
v -0.008719 0.000158 -0.013417
v -0.017602 0.000205 0.002065
v -0.017909 0.000168 -0.002826
v -0.010397 0.000146 -0.014212
v -0.009087 0.000182 -0.015152
v 0.009210 0.000122 -0.015813
v 0.013277 0.000073 -0.012855
v 0.017829 0.000250 -0.004550
v 0.016819 0.000260 -0.005615
v 0.018241 0.000079 -0.003851
v -0.010038 0.000335 -0.014970
v 0.002785 0.000152 -0.016619
v -0.008387 0.000250 -0.015480
v -0.013286 0.000059 0.009671
v 0.000586 0.000139 -0.017168
v 0.006580 0.000102 -0.017298
v 0.012066 0.000196 -0.013586
v -0.008253 0.000038 -0.014284
v 0.010182 0.000125 -0.015602
v 0.004985 0.000128 -0.017355
v -0.011024 0.000815 0.009603
v -0.014953 0.000746 0.002927
v -0.000815 0.000867 0.013060
v 0.009966 0.001240 0.009622
v -0.014387 0.000788 0.005545
v 0.014790 0.000751 0.002392
v 0.003438 0.000863 0.004563
v -0.013814 0.000912 0.007039
v -0.015689 0.000658 0.002197
v -0.013958 0.000748 0.004090
v 0.010037 0.000697 0.012111
v 0.014163 0.000475 0.007098
v -0.009233 0.000826 0.010482
v 0.014903 0.000727 0.004376
v -0.014910 0.000612 -0.000558
v 0.007021 0.000724 0.014642
v 0.014933 0.000548 0.003217
v -0.014006 0.000959 -0.001020
v -0.010279 0.000882 0.009612
v 0.014314 0.000719 -0.000247
v -0.013530 0.000802 -0.006059
v -0.005075 0.001307 0.012547
v -0.012822 0.000606 -0.008682
v -0.014358 0.000573 0.006447
v -0.004069 0.000636 -0.002825
v -0.003800 0.000668 -0.003534
v -0.012851 0.000566 -0.009874
v -0.013092 0.000848 -0.007189
v 0.004459 0.000810 0.003202
v 0.001398 0.001609 -0.012223
v -0.007341 0.000745 -0.012917
v 0.010021 0.001032 0.010290
v -0.006063 0.000765 -0.013463
v 0.013342 0.000631 0.007378
v 0.001594 0.000596 -0.012685
v -0.010653 0.000689 -0.010758
v -0.008869 0.000700 0.012017
v 0.014192 0.000696 -0.003140
v 0.007640 0.000634 -0.011660
v 0.014406 0.000643 -0.005538
v 0.014447 0.000686 -0.001849
v 0.004778 0.000765 0.014503
v 0.015752 0.000764 -0.006550
v 0.013911 0.000623 -0.007222
v -0.001690 0.000879 0.005845
v 0.011896 0.000573 0.006844
v 0.003224 0.000658 -0.003321
v 0.013272 0.000630 -0.007910
v -0.004719 0.000696 -0.013608
v -0.009054 0.001070 0.011200
v -0.013255 0.000705 -0.004081
v 0.005278 0.000741 -0.000824
v -0.003874 0.000712 -0.013476
v 0.015964 0.000768 -0.000830
v -0.000120 0.000935 -0.005010
v 0.015537 0.000834 -0.005313
v 0.006505 0.000845 -0.011955
v 0.008196 0.000778 -0.010984
v 0.001954 0.000785 0.005066
v -0.009116 0.000612 -0.011530
v 0.008890 0.000683 -0.011079
v 0.002959 0.000684 -0.013981
v -0.003362 0.000708 -0.014034
v -0.001024 0.000910 0.005660
v 0.014849 0.000844 -0.006923
v -0.011280 0.001069 0.007972
v 0.002755 0.001387 0.004437
v 0.003726 0.000705 -0.014159
v 0.005957 0.000713 -0.013450
v 0.004623 0.000695 -0.014772
v 0.011181 0.000697 -0.011017
v -0.005604 0.000783 -0.014262
v 0.014739 0.000533 -0.001043
v -0.003668 0.000666 -0.014693
v -0.011832 0.001192 0.007513
v -0.002606 0.000799 -0.013995
v -0.001920 0.000904 -0.013817
v -0.000380 0.000544 -0.012977
v -0.007855 0.000709 -0.012366
v -0.015857 0.000550 0.009753
v 0.008209 0.000342 0.016214
v 0.014465 0.000727 0.012895
v 0.017907 0.000708 0.007694
v 0.008674 0.000444 0.015128
v -0.018854 0.000367 0.001368
v 0.015209 0.000702 0.000571
v 0.015061 0.000379 0.009403
v 0.015804 0.000540 0.000398
v 0.011074 0.000596 0.012052
v 0.005869 0.000557 0.014729
v 0.019368 0.000724 0.001825
v 0.014468 0.000501 0.011785
v 0.013099 0.000485 0.010937
v -0.013883 0.000491 -0.009268
v 0.016054 0.000641 0.002063
v 0.017540 0.000563 0.001668
v 0.009379 0.000570 0.016452
v -0.009811 0.000575 0.013481
v 0.009373 0.000596 0.013925
v -0.016068 0.000472 0.000913
v -0.012143 0.000401 -0.011032
v 0.013963 0.000582 0.010791
v -0.014074 0.000451 -0.006254
v -0.011918 0.000397 -0.013366
v 0.016028 0.000605 0.006516
v -0.005981 0.000514 -0.014917
v 0.000507 0.000578 -0.014932
v 0.014669 0.000492 0.005376
v 0.015141 0.000392 0.005810
v 0.018069 0.000353 0.006129
v 0.016949 0.000443 0.005493
v 0.006455 0.000373 -0.012834
v -0.005280 0.000574 -0.016327
v 0.010484 0.000404 0.014025
v 0.015359 0.000491 -0.001485
v 0.015372 0.000589 -0.004347
v 0.011878 0.000533 0.010826
v 0.015267 0.000510 -0.007999
v 0.013942 0.000550 -0.008845
v -0.004457 0.000332 -0.015483
v 0.008384 0.000540 -0.013564
v 0.001206 0.000315 -0.013339
v 0.015867 0.000390 -0.009450
v -0.013410 0.000454 -0.010518
v 0.015982 0.000386 -0.003388
v 0.016662 0.000574 -0.000184
v -0.002453 0.000498 -0.016070
v 0.009906 0.000559 -0.014204
v 0.005801 0.000407 -0.016491
v 0.016943 0.000563 -0.001487
v 0.009831 0.000548 -0.012877
v -0.000816 0.000304 -0.016267
v 0.011858 0.000343 -0.012754
v 0.018886 0.000693 0.004173
v 0.006850 0.000407 -0.013265
v 0.002560 0.000555 -0.014705
v -0.001495 0.001690 0.012948
v -0.005564 0.001028 0.012641
v -0.006907 0.001188 0.011957
v -0.013514 0.001283 0.005605
v -0.015033 0.001119 0.001355
v 0.013963 0.001052 0.001605
v 0.013713 0.000919 0.004681
v 0.013346 0.001171 0.005784
v -0.012885 0.000876 0.007490
v -0.002943 0.000826 -0.003888
v 0.010982 0.001428 0.007375
v 0.013994 0.001088 0.003858
v 0.007017 0.001061 0.013936
v 0.000998 0.001620 0.013049
v -0.004987 0.001321 -0.000471
v -0.012604 0.001807 -0.006872
v 0.014215 0.000951 0.000677
v -0.010474 0.001198 -0.010446
v -0.007438 0.001461 0.011329
v -0.000517 0.001425 -0.012812
v 0.013673 0.001144 -0.000297
v -0.013255 0.001403 0.004436
v -0.013209 0.001106 -0.003725
v 0.005198 0.001868 0.001499
v -0.007557 0.001078 -0.012332
v -0.006389 0.001097 -0.013048
v -0.004533 0.001383 0.002696
v -0.007780 0.000912 0.011673
v -0.015390 0.000836 0.000474
v -0.004527 0.001125 -0.013042
v -0.003768 0.001554 0.012313
v -0.002827 0.000836 0.012142
v 0.001714 0.001034 0.013328
v 0.009004 0.001032 0.011848
v 0.005541 0.001378 -0.000153
v -0.008798 0.001303 -0.011103
v -0.013031 0.001120 -0.004336
v 0.009373 0.001058 -0.010435
v -0.005278 0.000915 -0.012829
v 0.000183 0.001471 -0.012219
v 0.012525 0.001007 0.006535
v -0.003409 0.001083 -0.013155
v 0.002432 0.001236 0.013726
v -0.008886 0.001221 0.009793
v -0.013925 0.001762 -0.002698
v 0.013590 0.001011 -0.004115
v -0.008275 0.001037 -0.011611
v 0.004074 0.001168 0.003899
v -0.014220 0.001278 0.000203
v -0.011224 0.001354 0.009152
v 0.009088 0.001113 0.010909
v 0.002697 0.001209 -0.013419
v 0.012901 0.001111 -0.006182
v -0.004685 0.001815 -0.002201
v 0.000977 0.001407 -0.004607
v 0.002010 0.002101 0.005114
v -0.002589 0.001343 0.005511
v -0.012117 0.000874 -0.009566
v -0.011197 0.001156 -0.009710
v 0.014169 0.000880 -0.002382
v 0.004216 0.001040 0.013721
v 0.003480 0.001421 -0.003064
v 0.007301 0.001300 -0.011323
v -0.001147 0.001235 -0.013267
v 0.005894 0.000826 -0.012541
v 0.004822 0.000739 0.002720
v 0.003620 0.000994 -0.003722
v 0.011775 0.001061 -0.007357
v 0.004033 0.001354 -0.013857
v -0.008609 0.001250 0.011514
v 0.010381 0.001089 -0.009578
v -0.004298 0.001408 -0.002936
v -0.004364 0.001016 -0.003538
v 0.005055 0.001519 -0.013372
v 0.004983 0.001213 -0.014052
v 0.011285 0.001043 -0.008452
v -0.003755 0.001121 -0.003883
v 0.008937 0.000789 0.012775
v 0.005994 0.000586 -0.014620
v 0.009773 0.000862 -0.011360
v 0.013714 0.000878 -0.006334
v 0.010939 0.000879 -0.010182
v 0.012340 0.000587 -0.009202
v -0.006461 0.001761 0.012364
v -0.000001 0.001733 0.012806
v -0.001945 0.001606 0.012584
v 0.002497 0.001777 0.004902
v -0.013826 0.001407 -0.000883
v 0.003042 0.001660 0.003920
v 0.013717 0.001828 0.000866
v 0.006762 0.001742 0.013175
v -0.010362 0.001845 -0.010433
v -0.003034 0.002926 0.004530
v -0.014354 0.001295 0.002726
v 0.003749 0.001748 0.003455
v -0.003666 0.002173 0.003542
v -0.002374 0.001675 -0.004405
v 0.013433 0.001716 0.003808
v -0.004978 0.001684 0.001539
v -0.014623 0.001580 0.001549
v -0.002513 0.001730 0.011935
v -0.007188 0.001799 -0.012557
v -0.001272 0.001876 -0.004731
v -0.008008 0.001711 0.010998
v -0.004908 0.001710 -0.001562
v 0.004320 0.001533 0.002699
v -0.001899 0.001872 0.005830
v -0.004641 0.001688 0.000836
v -0.006539 0.002075 -0.012775
v 0.013756 0.001359 0.003108
v -0.004569 0.001474 0.000216
v -0.008350 0.001837 0.010459
v -0.000478 0.001781 -0.004691
v -0.001335 0.001632 0.005555
v 0.008450 0.001783 -0.010541
v 0.006010 0.002056 -0.012386
v 0.013998 0.001353 -0.001102
v 0.013361 0.001736 -0.002834
v 0.013108 0.001662 -0.003952
v -0.005423 0.001791 -0.012560
v -0.012965 0.001656 -0.005942
v 0.002009 0.001667 -0.012518
v -0.013705 0.001921 0.003233
v -0.003340 0.001547 -0.013074
v -0.002530 0.001658 -0.013467
v 0.003379 0.001812 -0.013542
v 0.009304 0.001578 0.010086
v 0.013505 0.001601 0.002249
v 0.005445 0.002162 -0.001218
v -0.011805 0.001693 -0.008941
v 0.004499 0.001529 -0.013766
v 0.004516 0.001591 -0.001951
v -0.000536 0.001937 0.005258
v 0.001731 0.001660 0.012902
v 0.000149 0.002516 0.004834
v -0.011099 0.001896 0.008674
v -0.011374 0.001694 0.007765
v 0.005568 0.001332 -0.012884
v -0.010600 0.001595 0.009095
v 0.012464 0.001609 -0.006091
v 0.011424 0.001651 -0.006896
v -0.008794 0.001753 0.009435
v 0.000026 0.002218 -0.005097
v -0.001408 0.001837 -0.013740
v 0.010880 0.001880 -0.007983
v 0.010331 0.001516 -0.008709
v 0.003557 0.001501 -0.003910
v 0.002893 0.001715 -0.003787
v 0.005707 0.001426 0.013443
v 0.007857 0.001114 0.013401
v -0.012639 0.001793 0.006983
v -0.005695 0.002517 0.013168
v -0.005137 0.002514 0.001077
v -0.005589 0.001520 0.012624
v 0.006484 0.002003 0.012513
v 0.012359 0.002056 0.006205
v 0.002872 0.002068 0.013362
v -0.004206 0.002024 0.012375
v -0.004169 0.002089 0.003233
v -0.004680 0.001978 -0.000678
v 0.012863 0.002169 0.005005
v 0.004232 0.002417 0.012897
v -0.002018 0.001876 0.006341
v -0.001564 0.001964 0.006214
v 0.007543 0.001787 0.011949
v -0.013213 0.001909 0.004181
v -0.013809 0.002450 -0.001638
v -0.013748 0.002031 -0.003282
v -0.004419 0.002339 -0.000311
v 0.010717 0.002340 0.007305
v -0.004362 0.002304 -0.013149
v -0.009635 0.002222 -0.010730
v 0.005467 0.002208 -0.000553
v -0.003592 0.002588 -0.013191
v -0.002585 0.002422 0.005251
v -0.004275 0.002336 -0.002904
v 0.003905 0.001603 -0.002328
v 0.007729 0.001981 0.011418
v 0.013695 0.002307 0.000482
v 0.012564 0.001737 -0.004965
v 0.013719 0.002226 -0.002153
v -0.014141 0.002594 0.002486
v -0.004108 0.002064 -0.003502
v 0.008521 0.001553 0.010649
v -0.013219 0.002383 -0.005196
v 0.000053 0.002057 -0.012943
v 0.004067 0.002305 -0.002453
v -0.010586 0.002215 0.009103
v 0.003508 0.001855 -0.003410
v 0.004796 0.002402 0.002012
v -0.001796 0.002038 -0.013823
v -0.003189 0.001863 -0.004449
v 0.011264 0.002250 0.006582
v -0.011842 0.002209 -0.007902
v -0.007518 0.002186 0.011588
v 0.005534 0.002175 0.000322
v 0.007057 0.002190 -0.011757
v 0.001675 0.002053 -0.004590
v 0.007604 0.002750 -0.011245
v 0.001234 0.002643 0.005021
v -0.008321 0.001902 0.009893
v 0.002254 0.002058 -0.004264
v 0.009731 0.001580 -0.009604
v -0.010546 0.002335 -0.010046
v 0.010177 0.002516 -0.008576
v -0.002568 0.001876 -0.005174
v 0.002900 0.002030 -0.004772
v 0.013736 0.002318 -0.000869
v -0.001920 0.001915 -0.004908
v 0.003585 0.001803 -0.004065
v -0.014180 0.002257 0.000941
v -0.013096 0.002056 0.005380
v -0.002305 0.002253 0.011760
v -0.000526 0.002369 0.012583
v 0.000631 0.002468 0.013265
v -0.012632 0.002821 0.006869
v 0.002804 0.003048 0.013044
v 0.003525 0.002665 0.003471
v -0.003477 0.003257 0.003953
v 0.013324 0.002599 0.003291
v -0.014041 0.002383 -0.000909
v 0.013455 0.002551 0.001300
v -0.005089 0.002789 0.000629
v -0.009920 0.002567 0.009564
v 0.001866 0.003222 0.013128
v -0.000470 0.002486 -0.004568
v -0.001511 0.002405 0.012176
v -0.012067 0.002529 0.007575
v 0.009450 0.002546 0.009851
v -0.001982 0.002294 0.006333
v 0.005700 0.001895 0.012963
v -0.008366 0.002591 -0.011508
v 0.003570 0.002335 -0.004800
v -0.001865 0.002835 -0.013757
v -0.013334 0.002171 -0.004523
v -0.005244 0.002688 -0.001669
v 0.012517 0.002549 -0.004567
v 0.009130 0.002441 -0.010284
v 0.012068 0.002441 0.006109
v 0.008416 0.002898 -0.010877
v -0.011714 0.003317 -0.008374
v 0.001897 0.002336 -0.012604
v 0.005340 0.003233 0.001173
v -0.007787 0.002126 -0.011855
v -0.006398 0.002639 0.012343
v 0.011102 0.002582 -0.007293
v -0.000590 0.002311 -0.013730
v -0.001579 0.002431 0.006440
v 0.002354 0.002246 -0.012899
v -0.001111 0.002322 0.006137
v -0.011150 0.002793 -0.009650
v 0.004526 0.002497 -0.013051
v -0.005187 0.002253 -0.012440
v -0.002594 0.003045 -0.005561
v 0.011992 0.002689 -0.006501
v 0.002371 0.002293 0.005544
v 0.003503 0.002665 -0.003102
v 0.010325 0.002102 0.008562
v -0.008703 0.002641 0.010338
v 0.002852 0.002224 0.005311
v -0.008754 0.002625 0.009917
v -0.000564 0.002731 0.005203
v 0.004831 0.002234 -0.002397
v 0.003249 0.002244 0.004799
v -0.005041 0.002677 0.002620
v 0.000787 0.002573 -0.004879
v 0.009631 0.003007 -0.009731
v 0.002420 0.002278 -0.005226
v 0.003955 0.002454 -0.003987
v 0.003131 0.002960 0.005951
v -0.009419 0.002889 0.010157
v -0.003690 0.002853 0.012181
v -0.014069 0.002882 0.001935
v 0.012846 0.003212 0.004039
v -0.006880 0.002770 -0.011640
v -0.012454 0.002862 -0.006816
v 0.005178 0.003468 0.002024
v -0.012838 0.002705 0.005611
v 0.003937 0.002706 0.004282
v 0.003141 0.002400 0.004170
v 0.002359 0.002643 0.013031
v 0.009987 0.002592 0.009242
v -0.003340 0.002603 -0.004724
v -0.006000 0.002945 -0.011883
v -0.006697 0.003286 0.011840
v 0.005761 0.002776 -0.001719
v 0.006805 0.003234 0.011535
v 0.010207 0.002599 0.008189
v -0.013417 0.002589 0.004743
v -0.004667 0.002656 0.000176
v -0.000029 0.002697 -0.013212
v 0.002013 0.002820 -0.011925
v -0.001651 0.002805 0.005982
v 0.003947 0.002980 -0.004309
v 0.010118 0.003429 -0.008554
v 0.002424 0.002701 -0.012264
v 0.001695 0.002757 -0.012611
v 0.004009 0.003008 -0.002344
v -0.000339 0.002996 -0.013941
v 0.004870 0.002621 -0.002370
v 0.003955 0.003422 0.002741
v -0.005276 0.002823 -0.000956
v 0.011797 0.002851 0.006318
v 0.013709 0.002695 -0.001916
v 0.012330 0.002904 -0.005302
v 0.004355 0.002984 0.002260
v -0.013705 0.002770 -0.002508
v -0.001857 0.003718 -0.005610
v 0.011369 0.002880 0.007205
v -0.004430 0.002854 -0.002997
v -0.001061 0.002464 -0.005225
v 0.000854 0.002509 -0.013008
v -0.000510 0.003048 0.005594
v 0.013425 0.003217 -0.003106
v -0.000406 0.002471 -0.005400
v 0.011945 0.003201 0.005012
v -0.009360 0.003235 -0.010879
v 0.000328 0.002823 -0.005626
v -0.008052 0.002613 0.010853
v 0.001287 0.002923 -0.005144
v -0.012414 0.003892 -0.006344
v 0.002064 0.002917 0.005725
v 0.002158 0.002937 -0.005467
v 0.001987 0.002694 0.005111
v 0.003265 0.003109 -0.003587
v 0.003554 0.002584 -0.003539
v 0.003993 0.002997 -0.003533
v -0.004803 0.003339 0.012682
v -0.004236 0.002821 0.012619
v -0.014028 0.003746 0.002924
v -0.005858 0.003050 0.012612
v 0.000114 0.003106 0.013103
v -0.013043 0.003256 0.004877
v 0.009204 0.003075 0.009705
v -0.014038 0.003856 0.002183
v 0.004934 0.003028 0.012372
v 0.009504 0.003111 0.008696
v -0.013429 0.003024 0.001088
v 0.004303 0.003357 0.005302
v -0.006108 0.003041 0.011822
v -0.012236 0.003203 0.005797
v -0.013464 0.003278 0.000302
v -0.013310 0.002946 0.003935
v 0.007766 0.003092 0.010999
v 0.010624 0.003190 0.008195
v 0.008648 0.003625 0.009886
v -0.003070 0.003404 -0.013600
v -0.010601 0.003596 0.009042
v -0.005128 0.003087 0.011919
v -0.013879 0.002990 -0.000986
v -0.005164 0.003090 -0.000155
v 0.006141 0.003071 -0.000098
v 0.005893 0.002762 -0.000715
v 0.003019 0.003358 -0.004858
v -0.004631 0.002686 -0.011988
v -0.003408 0.003419 0.012499
v -0.001303 0.003141 0.005900
v -0.007627 0.002883 0.011212
v -0.002356 0.003528 0.012584
v 0.005892 0.003464 0.000761
v 0.011038 0.003386 -0.007901
v 0.012879 0.003743 0.002072
v 0.001097 0.003332 -0.012707
v 0.004541 0.003000 0.004753
v 0.013962 0.003874 -0.000940
v -0.004476 0.003073 -0.011831
v -0.010140 0.003472 -0.009988
v -0.008520 0.003071 0.010485
v -0.001372 0.003239 0.012588
v 0.014009 0.003514 -0.002524
v 0.004384 0.003098 -0.002050
v 0.000228 0.003203 0.005154
v -0.000696 0.003035 -0.014252
v 0.003702 0.003155 -0.003031
v 0.012294 0.002295 -0.005967
v -0.008011 0.003331 -0.011160
v 0.003856 0.003180 -0.012767
v -0.008963 0.003415 0.009948
v -0.005098 0.003258 0.002103
v 0.005697 0.003409 -0.012339
v 0.006263 0.003328 -0.011926
v -0.008225 0.003064 0.009846
v -0.000724 0.003431 -0.005737
v 0.012983 0.003487 -0.003856
v 0.003401 0.003197 0.003462
v -0.011214 0.003183 0.007953
v 0.001158 0.003009 0.005591
v 0.011828 0.003810 -0.006575
v -0.004332 0.003513 -0.003730
v -0.013932 0.003613 -0.003071
v -0.013742 0.002918 -0.003727
v -0.013400 0.003257 -0.004554
v -0.009062 0.003580 0.009483
v -0.008683 0.003496 0.009241
v -0.003602 0.003368 0.013243
v -0.000479 0.003813 0.013164
v 0.011708 0.003559 0.006876
v 0.005964 0.003496 0.011835
v -0.004283 0.003816 0.003145
v -0.012782 0.004210 -0.005479
v 0.009481 0.003543 0.009364
v 0.012801 0.003992 0.003222
v -0.004632 0.003589 0.012214
v -0.004978 0.003465 0.011673
v 0.000045 0.003319 0.005621
v -0.006231 0.003442 0.011748
v -0.009745 0.003446 0.009999
v -0.005325 0.004031 -0.000116
v 0.012690 0.003792 0.002598
v 0.006261 0.003881 -0.000019
v 0.004232 0.003403 -0.003507
v -0.003674 0.003255 -0.004548
v -0.001584 0.003782 0.004917
v -0.006628 0.003532 0.011432
v -0.003223 0.003635 -0.005082
v -0.001852 0.003540 -0.013791
v -0.005341 0.003700 -0.001420
v -0.007015 0.003451 0.010762
v -0.007929 0.003538 0.010486
v 0.011901 0.004328 -0.005685
v -0.006209 0.003665 -0.011048
v 0.005843 0.003820 -0.001296
v 0.005169 0.003914 -0.012264
v 0.004777 0.003381 0.002396
v -0.008049 0.003411 0.009577
v 0.013743 0.003505 0.000574
v 0.010181 0.003742 0.008628
v 0.008896 0.004377 -0.011029
v 0.014233 0.003635 -0.001810
v -0.013517 0.004040 -0.001638
v -0.006684 0.003514 -0.011499
v 0.005629 0.003789 -0.002027
v -0.005543 0.003444 -0.011323
v 0.004350 0.003479 -0.002340
v 0.008902 0.003563 -0.010908
v 0.007003 0.003569 -0.011442
v 0.011472 0.004201 0.006005
v -0.000351 0.003273 -0.013165
v 0.003518 0.003163 0.012991
v 0.004790 0.003546 -0.002893
v -0.012095 0.003435 0.007166
v 0.001895 0.004002 0.006198
v 0.003200 0.003419 0.006110
v -0.013797 0.003525 0.001832
v -0.014204 0.004105 -0.003701
v -0.013369 0.003635 0.001221
v -0.001232 0.003692 -0.013768
v 0.005088 0.003258 -0.002330
v 0.002379 0.003231 -0.011787
v -0.003857 0.003881 -0.012367
v 0.009545 0.004105 -0.009181
v 0.011173 0.003751 0.007620
v 0.004346 0.003147 0.004345
v 0.002937 0.003779 -0.012114
v 0.004367 0.003557 0.003625
v 0.003507 0.003192 0.003964
v 0.002137 0.003813 -0.005407
v -0.004874 0.003997 0.012574
v -0.013662 0.004176 0.003958
v -0.004541 0.004004 0.013319
v -0.009991 0.004076 0.009709
v -0.009482 0.004069 0.009496
v -0.003451 0.004691 0.013829
v 0.004362 0.004004 0.012799
v 0.012648 0.004038 0.003980
v -0.004426 0.004284 -0.002953
v -0.011850 0.003881 -0.007256
v 0.004758 0.003851 0.003442
v -0.003064 0.004219 0.003880
v -0.013470 0.004550 -0.004730
v 0.000939 0.003644 0.005977
v -0.004839 0.004366 0.001890
v -0.007813 0.004086 -0.011028
v -0.011470 0.004252 -0.008167
v 0.011809 0.003894 0.005035
v -0.013049 0.004055 -0.000437
v 0.003559 0.004219 0.003177
v 0.000622 0.004335 0.013091
v -0.004407 0.003755 -0.004535
v 0.001704 0.004054 0.013268
v -0.006227 0.004431 0.012149
v -0.002992 0.003968 0.013326
v 0.009881 0.003982 0.009176
v 0.004357 0.003645 0.002907
v -0.010815 0.003983 -0.009578
v 0.006426 0.004401 0.011257
v -0.013961 0.004387 -0.002726
v 0.012371 0.003515 -0.005190
v 0.002755 0.003940 0.013051
v -0.003141 0.003645 -0.012902
v 0.009220 0.004660 -0.010213
v -0.001133 0.004567 0.006014
v 0.003863 0.004043 -0.004297
v -0.002579 0.003929 -0.012996
v -0.003954 0.004059 -0.005055
v 0.005920 0.004081 0.001860
v -0.013684 0.004029 0.000763
v 0.004069 0.004204 -0.012332
v -0.002592 0.003886 -0.013371
v -0.003330 0.004511 -0.005330
v -0.005514 0.004129 -0.011392
v 0.008092 0.004258 0.010492
v -0.008173 0.004123 0.009371
v -0.001998 0.004238 -0.013707
v -0.002412 0.003839 -0.005766
v -0.001361 0.004396 -0.013876
v -0.006635 0.004208 0.011851
v 0.001588 0.003764 -0.011767
v 0.005902 0.003713 -0.011259
v -0.001288 0.003848 -0.012926
v 0.000338 0.004762 -0.005514
v 0.004327 0.004246 0.005530
v 0.004747 0.004456 0.004966
v 0.004602 0.004135 0.004130
v 0.003447 0.004511 0.003700
v 0.003932 0.004288 0.003475
v -0.008449 0.004160 -0.010671
v -0.013980 0.004169 -0.004373
v -0.000770 0.003830 0.005987
v 0.000601 0.003690 -0.012526
v 0.011279 0.003759 -0.007724
v -0.001372 0.004119 0.005611
v 0.007476 0.004452 -0.011398
v -0.005879 0.004058 0.011793
v -0.006790 0.004272 0.010668
v 0.014038 0.004230 0.000803
v 0.011710 0.004029 -0.007128
v -0.008844 0.004598 0.009761
v 0.010258 0.003902 -0.008173
v 0.014041 0.004447 -0.000255
v 0.002113 0.003951 -0.011618
v 0.001030 0.003977 -0.005537
v -0.011008 0.004254 0.008402
v 0.012973 0.004276 -0.004255
v -0.010826 0.004336 0.009142
v -0.005211 0.003977 0.011765
v -0.012100 0.003978 0.006737
v -0.012684 0.004087 0.005497
v -0.009506 0.004496 0.010304
v -0.001168 0.004385 0.004752
v -0.012704 0.004625 0.005929
v -0.011710 0.004205 0.007621
v -0.011342 0.004139 -0.008757
v 0.005180 0.004336 0.002621
v -0.000834 0.004261 -0.012451
v -0.012770 0.004323 -0.006754
v 0.006352 0.004158 0.000674
v 0.000263 0.004289 -0.012412
v -0.003519 0.004525 0.003151
v 0.007257 0.004937 0.011012
v -0.002844 0.004465 -0.012952
v -0.005352 0.004181 -0.012627
v -0.012697 0.004306 -0.007161
v -0.001907 0.004278 -0.012930
v 0.013401 0.004254 0.001771
v -0.002109 0.004031 0.012687
v 0.010155 0.005161 0.009143
v -0.002588 0.004258 -0.013294
v 0.003033 0.004809 0.006039
v -0.001249 0.004617 0.012742
v -0.009555 0.004183 0.009067
v -0.006262 0.004930 -0.010952
v 0.010617 0.004838 0.007871
v 0.005539 0.004778 0.011959
v 0.005944 0.004450 -0.002644
v -0.005616 0.005084 -0.001525
v 0.012322 0.004820 -0.004781
v -0.009007 0.004488 0.010401
v 0.006283 0.004551 0.001602
v 0.011352 0.004236 -0.006653
v -0.008673 0.004611 0.010275
v 0.004686 0.004731 -0.003745
v 0.000787 0.004270 -0.011620
v -0.014423 0.004480 0.002750
v 0.001174 0.004586 -0.011359
v -0.002766 0.004197 -0.006047
v 0.000226 0.004323 0.005893
v -0.003646 0.004272 -0.012704
v -0.001023 0.004129 0.005133
v -0.008928 0.004317 0.009024
v -0.001204 0.004270 -0.013022
v -0.001356 0.004318 -0.005813
v -0.004761 0.005489 0.001371
v 0.013854 0.004757 -0.002011
v -0.002321 0.004213 -0.006300
v -0.008226 0.004989 0.009784
v -0.014268 0.004221 0.001338
v -0.005379 0.004273 -0.012272
v 0.000929 0.004391 0.006754
v -0.006708 0.003985 -0.010994
v -0.007843 0.004210 0.010284
v 0.000209 0.004814 0.006283
v 0.013108 0.004289 -0.002870
v -0.004320 0.004398 -0.012262
v -0.000640 0.004369 -0.005968
v -0.005236 0.004235 0.012300
v 0.006332 0.004243 -0.001132
v -0.002761 0.004753 0.004119
v -0.011933 0.004312 -0.007309
v 0.004634 0.004900 -0.011946
v 0.002585 0.005045 -0.005398
v 0.005336 0.004350 -0.011573
v 0.011491 0.004355 -0.007540
v 0.010106 0.004306 -0.008375
v -0.004790 0.004713 0.012796
v -0.013442 0.005040 0.004852
v -0.011426 0.004936 0.007916
v -0.013768 0.005050 0.003581
v 0.005373 0.004694 0.003034
v 0.012973 0.005394 0.004825
v -0.004183 0.004486 -0.004887
v 0.006385 0.004681 0.002300
v -0.013052 0.004629 -0.000240
v -0.000742 0.004660 -0.012506
v -0.011098 0.004734 -0.008142
v 0.013338 0.004955 0.003141
v 0.011121 0.004554 0.006673
v -0.009741 0.004954 0.009439
v -0.002988 0.004617 -0.013766
v 0.002270 0.004917 0.006481
v -0.003384 0.005032 -0.005475
v -0.010203 0.005098 0.009074
v -0.000586 0.004918 0.005987
v -0.010634 0.004653 -0.008724
v 0.001269 0.004802 0.013366
v -0.001290 0.005117 0.012712
v -0.002317 0.004835 -0.006444
v 0.000398 0.004819 0.006830
v 0.006321 0.004793 -0.001368
v 0.012097 0.004852 0.005198
v -0.009592 0.004569 -0.010061
v -0.001471 0.004892 0.005543
v -0.007571 0.004615 0.011414
v 0.013763 0.004744 0.002018
v -0.014300 0.004749 0.001482
v 0.003378 0.004695 -0.012215
v 0.001180 0.004986 0.006832
v 0.005571 0.004759 -0.003033
v -0.000506 0.004938 -0.013735
v 0.006169 0.004513 -0.010981
v 0.006737 0.004658 -0.010979
v -0.001265 0.004653 -0.006634
v 0.004026 0.005241 -0.012232
v 0.013446 0.004726 0.001543
v -0.005222 0.005400 -0.002374
v -0.001961 0.004737 -0.006701
v -0.011820 0.005135 0.007554
v 0.006503 0.004834 -0.000418
v 0.011228 0.004855 -0.006207
v 0.003597 0.004883 -0.004344
v -0.007060 0.004450 0.011520
v -0.008950 0.004997 -0.010028
v 0.000451 0.004761 -0.012389
v -0.007129 0.004673 0.010739
v 0.008615 0.004539 0.010330
v -0.012280 0.004776 -0.007915
v 0.013321 0.005273 -0.002506
v -0.005616 0.004665 -0.012594
v 0.002053 0.005219 -0.005869
v -0.004966 0.004678 -0.012882
v -0.013306 0.004787 -0.001435
v -0.001348 0.004800 0.005152
v -0.004052 0.004821 -0.013429
v -0.013318 0.004745 -0.002228
v -0.011795 0.004704 -0.008339
v -0.008651 0.004964 0.009847
v 0.013434 0.004428 0.001252
v 0.005676 0.005661 -0.011448
v 0.000989 0.004887 -0.011880
v 0.001744 0.004720 -0.011574
v 0.008157 0.004299 -0.011446
v -0.008072 0.004958 -0.010570
v 0.013157 0.005374 -0.004166
v 0.011127 0.004841 -0.007450
v -0.013858 0.005043 -0.003686
v -0.005840 0.004965 -0.011328
v -0.005297 0.004526 -0.011743
v 0.011366 0.004672 -0.006639
v 0.013889 0.004639 0.000692
v 0.002743 0.005320 -0.011836
v 0.009786 0.004756 -0.009057
v -0.007779 0.004827 0.010343
v -0.005798 0.004753 -0.012217
v -0.004664 0.004403 -0.012739
v -0.004862 0.004482 -0.012201
v -0.009530 0.005218 0.010104
v -0.004426 0.004841 0.013519
v 0.004576 0.005178 0.005067
v -0.003540 0.005224 0.003176
v -0.010648 0.004891 0.008390
v 0.003356 0.004735 0.013385
v -0.004095 0.004806 0.002659
v -0.005360 0.005246 -0.000046
v -0.013877 0.005063 -0.003091
v 0.011141 0.005076 0.007433
v 0.005202 0.005083 0.003390
v -0.003414 0.005060 0.004393
v -0.003353 0.005166 -0.013668
v 0.013025 0.005100 0.001079
v -0.007349 0.004870 -0.010640
v -0.008330 0.005195 0.011474
v 0.003958 0.004705 0.012992
v 0.006246 0.005224 0.002638
v 0.009328 0.004970 0.010081
v -0.008361 0.004715 0.010853
v -0.010743 0.005078 -0.008581
v -0.004443 0.004824 -0.004051
v 0.006314 0.004921 0.000993
v -0.001715 0.005055 0.004758
v -0.013991 0.005321 0.002958
v -0.000142 0.005949 0.006178
v 0.011472 0.005174 -0.005800
v -0.002484 0.005424 -0.013965
v -0.002607 0.005129 0.004295
v -0.008666 0.004974 0.010662
v -0.011410 0.005009 -0.008688
v -0.014140 0.005132 0.001131
v -0.000282 0.005087 -0.005827
v 0.001660 0.004904 0.014008
v 0.013686 0.004935 -0.000954
v 0.001169 0.005008 0.006225
v -0.012835 0.005533 -0.006407
v 0.001704 0.004830 0.006321
v -0.012687 0.005575 -0.007029
v -0.008380 0.005073 0.010315
v 0.002170 0.005782 -0.005978
v 0.000025 0.005134 -0.014077
v 0.013211 0.005523 -0.003111
v 0.000987 0.005708 0.012798
v 0.011535 0.005293 -0.006936
v -0.004753 0.005274 -0.003644
v 0.010689 0.004998 -0.008314
v 0.010216 0.005194 -0.008895
v 0.002107 0.004906 0.014081
v 0.006202 0.005079 -0.010684
v 0.006936 0.005147 -0.011030
v 0.009502 0.004889 -0.009882
v 0.009167 0.005387 -0.010366
v 0.008456 0.005007 -0.010965
v 0.007623 0.005397 -0.010976
v -0.007804 0.005036 0.010656
v -0.003214 0.005357 0.014321
v -0.002355 0.005697 0.013854
v -0.003231 0.005462 0.004852
v -0.001903 0.005241 0.013031
v -0.005204 0.005990 0.013427
v -0.010511 0.005608 0.008654
v 0.012162 0.005876 0.005557
v -0.003928 0.005947 0.003199
v -0.013566 0.005660 0.004051
v -0.007337 0.005350 -0.010760
v -0.012576 0.005730 -0.007599
v -0.004578 0.005730 0.002012
v -0.003524 0.005455 0.004615
v -0.005773 0.005747 0.012641
v -0.005081 0.005301 -0.012576
v 0.000392 0.005733 0.012583
v 0.013371 0.005287 0.000289
v -0.005008 0.006386 -0.012717
v -0.003709 0.005571 0.004045
v -0.006060 0.005414 -0.011881
v -0.001455 0.005831 -0.006253
v -0.002263 0.005362 0.005431
v -0.010770 0.005400 0.007898
v -0.011315 0.006197 -0.008752
v 0.007568 0.005600 0.010764
v 0.005557 0.005537 0.011922
v -0.004166 0.006428 0.013809
v 0.005997 0.005738 -0.000861
v -0.014033 0.005783 -0.000014
v 0.011591 0.006139 0.006816
v -0.000702 0.005587 -0.006377
v -0.013497 0.005939 -0.005393
v 0.001732 0.005817 -0.012182
v -0.001356 0.005526 0.005885
v 0.004917 0.005612 0.003438
v -0.013856 0.005531 -0.001023
v 0.004098 0.005564 -0.004248
v -0.009992 0.005145 -0.009276
v 0.006398 0.005500 0.001896
v 0.003393 0.005654 -0.004729
v -0.001436 0.005588 -0.014005
v -0.011961 0.005612 0.006873
v 0.013479 0.005495 0.003023
v 0.000356 0.005651 0.006374
v -0.013546 0.005728 -0.002281
v 0.001013 0.005447 0.006240
v -0.013989 0.005678 0.002170
v 0.001478 0.005834 -0.012726
v -0.009583 0.005467 -0.009499
v -0.002787 0.005623 0.004855
v -0.006233 0.005805 0.012162
v 0.006300 0.005770 0.000346
v 0.002170 0.005522 -0.011715
v 0.000464 0.005291 -0.013230
v 0.001614 0.005541 0.006321
v 0.013482 0.005455 -0.000460
v -0.007732 0.005777 0.011842
v 0.000394 0.005443 -0.014076
v 0.013314 0.005624 0.001856
v -0.000825 0.006231 0.006102
v 0.002590 0.005617 0.006220
v 0.000798 0.005701 -0.005746
v 0.006064 0.005498 0.001063
v -0.008156 0.005595 -0.010588
v -0.006789 0.005590 0.011792
v 0.003530 0.005726 0.005487
v 0.002462 0.006536 0.014027
v 0.005952 0.005494 -0.011349
v -0.008287 0.005538 0.010272
v 0.006669 0.005372 -0.011424
v -0.001912 0.006078 0.013072
v 0.001481 0.005847 0.013768
v -0.013386 0.006291 0.004744
v -0.003121 0.006201 -0.004752
v -0.005252 0.006282 -0.001513
v 0.006322 0.006068 -0.000048
v -0.004798 0.007044 -0.002190
v 0.001071 0.005989 0.006347
v 0.008026 0.006062 0.010715
v 0.006303 0.006172 0.011850
v 0.005692 0.005950 0.002561
v 0.000310 0.006244 -0.006222
v -0.000559 0.006111 -0.014498
v 0.013198 0.005987 0.000998
v 0.013308 0.006216 0.004234
v -0.004953 0.005978 -0.002893
v 0.000071 0.006092 -0.014285
v -0.004121 0.006624 -0.013323
v 0.009314 0.005993 0.009627
v -0.002511 0.006091 -0.005642
v 0.012641 0.006142 -0.004320
v 0.012037 0.005456 -0.005197
v -0.009460 0.006572 0.011001
v 0.001613 0.006323 -0.005781
v -0.002991 0.006542 -0.013538
v 0.003067 0.005780 -0.012174
v 0.003120 0.005909 -0.005454
v 0.011871 0.006043 -0.006137
v 0.008501 0.005937 -0.010201
v 0.005952 0.005500 -0.002049
v 0.009302 0.005833 -0.010221
v 0.005304 0.005954 -0.002509
v -0.011065 0.006298 0.007761
v 0.000485 0.005887 -0.013461
v -0.002440 0.005797 -0.014103
v -0.007584 0.005880 -0.011697
v -0.014211 0.005605 0.001393
v -0.003890 0.005902 -0.004181
v 0.010381 0.005806 0.008902
v 0.004093 0.006066 -0.012557
v 0.013890 0.005660 -0.001335
v -0.013607 0.006068 -0.004299
v -0.014260 0.005873 0.000685
v 0.004870 0.006100 -0.003298
v 0.003363 0.006209 0.013025
v 0.003762 0.006016 0.004980
v 0.011015 0.006285 0.007758
v -0.006652 0.005770 -0.011751
v 0.004309 0.006293 -0.003919
v 0.007136 0.005659 -0.011398
v 0.005097 0.006153 -0.012131
v 0.010373 0.005799 -0.009948
v 0.010562 0.006168 -0.009336
v 0.010672 0.005908 -0.007987
v -0.004852 0.006577 0.000530
v 0.010374 0.006006 -0.008622
v -0.002738 0.005675 0.014263
v -0.012903 0.006440 0.005512
v -0.010369 0.006630 0.009190
v 0.013175 0.006326 0.002952
v -0.006019 0.006734 -0.011943
v -0.009760 0.006613 -0.009732
v -0.005147 0.006801 -0.000666
v -0.013941 0.006462 -0.000361
v -0.010865 0.006366 0.008583
v -0.002322 0.006483 -0.014335
v -0.001525 0.006273 -0.014638
v -0.009871 0.006693 0.010288
v 0.012249 0.006783 -0.005184
v -0.006356 0.006397 0.012469
v 0.011959 0.006347 0.006318
v 0.005939 0.006194 0.001644
v 0.004152 0.006528 0.012862
v -0.005253 0.006794 0.013095
v -0.000641 0.006525 0.013110
v 0.000217 0.006914 0.012913
v 0.005676 0.007040 0.012198
v 0.013731 0.006420 -0.000290
v -0.013932 0.006649 -0.002811
v 0.002534 0.006278 -0.005609
v 0.001388 0.006202 -0.012923
v -0.013899 0.006702 -0.003792
v -0.013385 0.006982 0.005128
v 0.007779 0.006362 -0.010547
v 0.014244 0.006369 -0.000684
v 0.014294 0.006324 -0.001364
v 0.004030 0.006496 -0.004862
v 0.001869 0.006803 0.014318
v 0.002015 0.006412 -0.013004
v 0.003061 0.006054 -0.012811
v 0.006559 0.006221 -0.011930
v 0.010610 0.006737 -0.009021
v -0.011994 0.006235 -0.007849
v 0.009531 0.006471 -0.009909
v -0.008850 0.006315 0.011518
v 0.002713 0.006406 0.005541
v -0.002697 0.006420 0.004952
v 0.005472 0.006694 -0.001559
v -0.001746 0.006043 0.005366
v 0.011676 0.006939 -0.007295
v -0.010613 0.006192 -0.009099
v -0.007870 0.006702 -0.011954
v -0.008241 0.006825 0.011621
v 0.012854 0.006371 -0.003725
v 0.003048 0.006325 0.005557
v -0.007395 0.006157 0.012333
v -0.004736 0.006264 0.002092
v -0.014046 0.006409 0.001734
v 0.004172 0.006197 0.003883
v -0.003053 0.006736 0.014151
v -0.012764 0.006820 0.006410
v -0.014028 0.006833 0.000758
v -0.003613 0.006845 0.004030
v 0.012734 0.006738 0.004402
v 0.005807 0.006496 0.001050
v 0.012918 0.006675 0.003441
v -0.014114 0.006672 -0.001686
v 0.005750 0.006553 0.000223
v 0.009616 0.006623 0.009282
v -0.001373 0.007108 0.013137
v 0.006659 0.006302 0.011489
v -0.013272 0.007334 -0.005769
v -0.011782 0.007044 0.007699
v 0.000989 0.006765 -0.006011
v -0.006616 0.007346 0.012360
v -0.002186 0.007290 0.004869
v -0.010296 0.007138 0.009794
v 0.001261 0.006976 0.013769
v -0.008433 0.007030 -0.011278
v 0.011820 0.006982 0.005527
v 0.011762 0.007011 -0.006225
v -0.001656 0.007205 -0.005567
v 0.013156 0.007017 0.001878
v -0.000975 0.006704 0.005485
v -0.013023 0.006862 -0.007040
v -0.000180 0.006782 -0.014167
v 0.013555 0.006875 0.000307
v -0.007679 0.007025 0.012196
v -0.004349 0.007080 -0.002876
v 0.004180 0.006707 -0.012555
v -0.013978 0.007132 0.003982
v -0.012513 0.007010 -0.007665
v -0.000305 0.006704 0.005784
v 0.002776 0.006905 -0.005562
v 0.005912 0.006642 -0.000619
v 0.011012 0.007286 0.007603
v -0.014346 0.006600 0.002556
v 0.000195 0.007010 -0.013672
v 0.003233 0.006811 -0.005640
v 0.006287 0.006630 -0.012425
v 0.014285 0.006935 -0.001240
v 0.003101 0.006361 -0.013110
v 0.008889 0.006701 -0.010190
v -0.003368 0.006736 -0.003802
v -0.011403 0.006791 -0.008512
v 0.001008 0.006802 0.005598
v 0.002247 0.007009 0.005412
v -0.011452 0.007093 0.008668
v -0.005589 0.007418 -0.012884
v -0.014178 0.007644 -0.001627
v -0.002054 0.007344 -0.014141
v 0.006812 0.007871 0.011665
v -0.000360 0.006922 -0.005847
v 0.008109 0.007351 0.010781
v -0.001382 0.006698 -0.014721
v -0.000845 0.007487 -0.014314
v -0.014145 0.007632 0.000327
v 0.011718 0.007168 0.006063
v -0.002163 0.007301 0.013657
v -0.004890 0.008049 -0.001110
v 0.004359 0.007012 0.003409
v -0.013935 0.007605 -0.004647
v 0.013193 0.007496 0.002631
v 0.000533 0.007321 0.013061
v 0.009026 0.006535 0.009976
v -0.003053 0.007120 -0.013662
v -0.004534 0.007068 0.002379
v 0.003007 0.007859 0.013291
v 0.005108 0.006630 0.002147
v 0.009748 0.007145 -0.009671
v 0.005542 0.007209 -0.012408
v 0.001649 0.007025 -0.013344
v 0.004132 0.008003 0.013006
v 0.003732 0.007023 -0.003793
v -0.005069 0.007160 0.001513
v 0.012962 0.007058 -0.003728
v 0.010712 0.007165 -0.008906
v 0.003250 0.007262 -0.004954
v 0.010205 0.007323 -0.009140
v 0.007639 0.007269 -0.011213
v 0.003891 0.007396 -0.013136
v 0.013687 0.006746 -0.002221
v 0.009131 0.007331 -0.010624
v -0.013355 0.007573 0.005955
v -0.009246 0.007732 0.010882
v -0.003449 0.007437 0.004137
v -0.000392 0.008023 -0.005535
v 0.012700 0.008156 0.004315
v -0.011945 0.007590 -0.008194
v -0.007273 0.006762 -0.012307
v -0.006355 0.007773 -0.012960
v 0.009701 0.007415 0.009218
v -0.013708 0.008218 0.004332
v -0.000130 0.007493 -0.014204
v 0.006619 0.007909 -0.012135
v 0.012014 0.007736 -0.006659
v -0.008383 0.007615 -0.012235
v -0.010091 0.007678 -0.010067
v 0.001651 0.007635 0.014149
v 0.004840 0.007639 0.012550
v -0.011947 0.007515 0.007660
v 0.002062 0.007453 -0.005417
v -0.014212 0.007526 0.001929
v 0.005194 0.007779 -0.001156
v 0.012241 0.007556 0.005218
v -0.008179 0.007937 0.011730
v -0.002685 0.008050 -0.004480
v -0.014099 0.007624 -0.003433
v -0.012908 0.007508 -0.007184
v 0.010826 0.007826 -0.008169
v 0.006464 0.007663 -0.012164
v -0.005034 0.008013 -0.000577
v 0.005121 0.007532 0.001705
v 0.004725 0.007501 -0.002527
v 0.002698 0.008100 -0.004718
v -0.001105 0.007905 0.005026
v 0.001654 0.007522 0.005109
v -0.002743 0.008399 0.014128
v -0.002097 0.008102 0.014010
v -0.004818 0.008337 0.013638
v -0.005074 0.008160 0.000661
v 0.002218 0.007958 0.004639
v -0.009158 0.007862 -0.011064
v -0.007774 0.007597 -0.012660
v -0.001687 0.008379 0.014094
v -0.006119 0.008340 0.012905
v -0.012498 0.008462 -0.008100
v 0.010739 0.008010 0.008510
v 0.003332 0.007404 0.004264
v -0.011013 0.007862 0.009281
v 0.012362 0.007860 -0.005476
v -0.001585 0.007947 -0.014337
v -0.000649 0.007858 0.013020
v -0.004607 0.008504 -0.002577
v 0.000827 0.008027 0.014130
v 0.006124 0.008195 0.012183
v 0.001352 0.008300 -0.005088
v 0.013280 0.007831 -0.003067
v 0.009063 0.007980 -0.010776
v -0.003487 0.008023 -0.003327
v -0.000297 0.008007 0.005367
v 0.005189 0.007916 0.000054
v 0.000812 0.008028 0.005330
v 0.007966 0.008110 0.011302
v -0.004258 0.007628 -0.013535
v 0.003641 0.007729 -0.003489
v 0.004589 0.008442 0.002388
v 0.008835 0.008125 0.010479
v 0.002239 0.007987 0.013767
v -0.002851 0.008074 -0.014355
v 0.012977 0.008232 -0.004529
v 0.001863 0.007658 -0.013334
v 0.002831 0.007807 -0.013416
v -0.007332 0.008004 0.012229
v -0.001869 0.008483 -0.005009
v 0.013676 0.008302 0.000991
v 0.010305 0.007940 -0.009099
v 0.009902 0.007604 -0.010149
v 0.013950 0.007596 -0.000645
v 0.004995 0.008039 -0.012957
v -0.014313 0.008438 -0.004964
v -0.009596 0.008207 0.010678
v -0.008343 0.008288 -0.012367
v 0.001102 0.008178 0.014318
v -0.014861 0.008438 -0.000424
v 0.003211 0.008342 -0.003966
v 0.010202 0.008626 -0.010174
v -0.004168 0.008355 -0.014330
v -0.000191 0.008105 0.013245
v 0.012034 0.008737 0.006830
v -0.006561 0.008546 -0.013398
v -0.011454 0.008678 -0.009882
v -0.014820 0.008444 -0.001856
v -0.005096 0.008264 -0.014073
v 0.013046 0.008395 0.003529
v 0.011685 0.008074 -0.007246
v -0.002180 0.008592 0.004658
v 0.014150 0.008968 -0.000353
v -0.010801 0.008493 -0.010387
v 0.001650 0.008018 -0.013607
v -0.014139 0.007960 0.002887
v 0.013780 0.008062 -0.002234
v -0.014605 0.008433 -0.003484
v -0.009992 0.008452 -0.011023
v -0.005085 0.008162 0.001822
v -0.004034 0.008672 0.003696
v -0.014427 0.008310 0.000610
v 0.000166 0.008467 -0.014612
v 0.000787 0.008085 -0.014177
v 0.011624 0.008881 0.007892
v 0.003335 0.008457 0.003757
v 0.007557 0.008028 -0.011472
v -0.013419 0.008926 0.006560
v -0.011719 0.008264 0.008780
v -0.007632 0.009172 0.012745
v -0.013786 0.009017 0.005862
v 0.012821 0.008854 0.005283
v -0.000190 0.008670 0.014307
v 0.003709 0.009126 -0.003137
v 0.004898 0.009531 0.000789
v 0.007694 0.008882 -0.012396
v -0.011967 0.008493 -0.009196
v 0.012219 0.008806 -0.007176
v -0.005128 0.008658 -0.014220
v -0.013488 0.008571 -0.006543
v 0.004742 0.009494 -0.001151
v 0.001869 0.008775 0.014070
v 0.011239 0.008721 -0.008521
v -0.010900 0.009067 0.010215
v 0.004479 0.009454 -0.001886
v 0.003134 0.008576 0.013533
v 0.013288 0.009144 -0.005236
v 0.000816 0.009378 0.005180
v -0.013050 0.009748 -0.007383
v 0.004906 0.008970 -0.013727
v 0.002622 0.008869 -0.014166
v 0.002340 0.008656 0.004383
v 0.014230 0.009159 -0.001619
v -0.005354 0.009153 -0.000151
v -0.009114 0.008542 -0.011819
v -0.004942 0.009120 0.002188
v -0.014626 0.008450 0.001875
v 0.013872 0.009140 -0.003234
v -0.000171 0.009162 -0.005130
v 0.001779 0.008601 -0.014333
v 0.003569 0.009233 0.003479
v 0.006901 0.008577 -0.012695
v 0.001386 0.008989 -0.004898
v -0.005465 0.009234 0.000846
v -0.008850 0.008838 0.011627
v 0.004084 0.008741 -0.013966
v -0.001449 0.008757 -0.014733
v 0.013517 0.009146 -0.004399
v -0.006283 0.009432 0.013385
v -0.000618 0.008943 0.014639
v -0.002508 0.009176 0.014560
v -0.014181 0.008917 0.003661
v 0.014274 0.009183 0.000941
v -0.000004 0.009266 0.014765
v 0.010454 0.009328 0.009436
v 0.005146 0.009372 0.013370
v -0.007411 0.009138 -0.012777
v -0.005047 0.009095 -0.013894
v -0.005140 0.009601 -0.001306
v -0.001661 0.009216 -0.004918
v 0.007434 0.009288 0.012226
v -0.003009 0.009961 0.004478
v -0.012860 0.008834 0.007633
v -0.004989 0.009399 0.013994
v -0.000037 0.009329 0.005449
v 0.003618 0.009436 -0.003208
v -0.002386 0.008463 -0.014551
v -0.006115 0.009900 -0.013306
v 0.008746 0.008955 -0.011563
v 0.006110 0.009084 -0.013165
v 0.008586 0.009394 0.011380
v 0.011583 0.009505 -0.008217
v -0.014695 0.008899 0.002819
v 0.012641 0.009220 -0.006422
v 0.010905 0.009214 -0.009295
v 0.001735 0.009080 -0.014437
v -0.015076 0.009440 -0.002143
v -0.012503 0.009687 -0.008138
v 0.002396 0.009390 -0.004460
v 0.013715 0.009378 0.003541
v 0.009774 0.009143 -0.010696
v 0.004061 0.009551 0.002796
v 0.003203 0.009358 0.014080
v 0.009579 0.009235 0.010537
v -0.004127 0.009239 -0.003198
v -0.014987 0.009211 0.000693
v -0.011783 0.009760 -0.009094
v 0.014087 0.009134 0.002283
v 0.004705 0.009446 0.001834
v -0.009893 0.009277 -0.011157
v -0.003272 0.009301 -0.004175
v -0.009812 0.009772 0.011338
v -0.011096 0.009333 0.002080
v 0.006502 0.009261 0.012693
v -0.001877 0.010046 0.005180
v -0.014389 0.009381 0.003742
v 0.012953 0.009425 0.006227
v 0.001849 0.009754 0.004907
v 0.002529 0.009193 0.004260
v -0.011896 0.009670 0.009311
v -0.014623 0.009784 -0.004033
v 0.008380 0.009727 -0.011880
v -0.003026 0.009810 -0.014259
v 0.014097 0.009677 -0.000286
v -0.004913 0.009527 -0.002511
v 0.011932 0.009380 0.008121
v -0.014113 0.009622 -0.005154
v 0.013428 0.009683 0.004302
v -0.014918 0.009741 0.000319
v -0.008653 0.009845 -0.011989
v 0.001662 0.009717 0.014287
v -0.008493 0.009750 0.012122
v 0.002943 0.009772 -0.014058
v 0.007244 0.009710 -0.012364
v 0.000575 0.009914 -0.014268
v -0.002567 0.010053 -0.004712
v 0.004273 0.010000 -0.013877
v -0.006286 0.009802 0.013439
v -0.013961 0.009810 0.005274
v -0.010402 0.009852 0.005069
v -0.001881 0.009858 0.014477
v -0.011407 0.009693 0.006411
v -0.004158 0.009620 0.003858
v -0.007063 0.009885 0.012932
v 0.007162 0.009835 0.003635
v 0.003349 0.009800 0.014041
v 0.007733 0.009861 0.004661
v 0.013885 0.009913 0.001881
v 0.010457 0.009793 0.009633
v 0.001219 0.009811 0.009343
v 0.003184 0.009785 0.008441
v 0.011799 0.009807 0.008348
v 0.012523 0.009800 0.007261
v -0.000056 0.009738 0.005577
v 0.003772 0.010416 0.004117
v -0.005437 0.009897 0.002169
v 0.013012 0.009818 0.005875
v 0.008572 0.009844 0.005822
v 0.014241 0.009831 0.000797
v 0.000144 0.009804 0.014650
v -0.011696 0.009799 -0.000791
v -0.014199 0.009789 0.004146
v -0.009388 0.009790 0.005479
v -0.004726 0.009747 0.010194
v 0.009634 0.009797 0.010352
v 0.004563 0.009622 0.007934
v 0.000913 0.009768 0.010760
v 0.007608 0.009723 0.001239
v -0.014859 0.009841 0.002433
v -0.006006 0.010139 0.000699
v -0.011582 0.009720 0.003371
v -0.004050 0.009821 0.014226
v -0.009838 0.009785 -0.003131
v 0.005693 0.009869 0.008331
v -0.011030 0.009718 0.010116
v -0.010697 0.009763 0.007573
v 0.005402 0.009783 0.013262
v 0.009937 0.009770 0.000942
v -0.014943 0.009750 -0.001059
v -0.012751 0.009861 0.007751
v -0.008559 0.009843 0.004376
v -0.010092 0.009892 -0.010649
v 0.011642 0.009870 0.001631
v -0.013682 0.009802 -0.006041
v 0.014002 0.009834 0.002995
v -0.012974 0.009822 -0.001006
v 0.008238 0.009936 0.009177
v 0.006512 0.009745 0.012605
v -0.009868 0.009794 -0.001452
v 0.005165 0.010325 0.000958
v 0.004661 0.009665 0.012096
v -0.010140 0.009762 0.006763
v -0.015064 0.009823 -0.002272
v 0.004959 0.009834 0.010999
v -0.009555 0.009542 0.001141
v -0.009189 0.009835 -0.011448
v 0.006599 0.009996 0.007779
v -0.001675 0.009750 -0.007647
v 0.005290 0.009849 0.007245
v -0.002060 0.009706 -0.007942
v -0.000287 0.009844 -0.005142
v -0.005044 0.009991 0.013874
v 0.011018 0.009877 0.000728
v -0.011500 0.009912 -0.003032
v -0.006631 0.009775 0.007916
v -0.007481 0.009560 0.007469
v -0.008023 0.009743 0.006618
v -0.008838 0.009683 0.006317
v 0.008431 0.009773 0.007564
v -0.003734 0.009692 0.012737
v -0.000153 0.009736 -0.010555
v 0.005069 0.009943 -0.000611
v 0.010511 0.009752 0.004357
v -0.013387 0.009905 0.006073
v 0.001978 0.009729 -0.010123
v -0.001943 0.010023 -0.014307
v -0.007052 0.009871 -0.012529
v -0.007429 0.009837 0.006135
v -0.001204 0.009615 -0.008489
v 0.009663 0.009724 -0.005913
v 0.001374 0.009735 -0.011194
v -0.000590 0.009846 -0.014417
v -0.007438 0.009728 0.004538
v 0.007377 0.009777 0.007153
v 0.013937 0.009874 -0.002032
v 0.005543 0.009792 -0.013399
v 0.011777 0.009932 -0.007668
v 0.012504 0.009777 -0.006445
v -0.009219 0.009923 0.002870
v -0.004760 0.009753 -0.013769
v 0.003245 0.010213 -0.003865
v 0.013617 0.009793 -0.003152
v 0.010927 0.009923 -0.009102
v 0.005608 0.009609 -0.010735
v 0.006868 0.009747 0.006421
v -0.000418 0.009778 -0.008416
v 0.003577 0.009891 -0.011285
v 0.000339 0.009637 -0.009303
v 0.013130 0.009928 -0.005125
v 0.009500 0.009976 -0.010753
v -0.012316 0.009800 0.001505
v 0.008316 0.009804 0.011511
v 0.003058 0.009757 -0.011951
v 0.001301 0.010177 -0.004977
v 0.008625 0.009675 0.006983
v -0.010465 0.009711 -0.008473
v 0.008913 0.009858 -0.011256
v 0.009979 0.009794 -0.009860
v 0.004191 0.009525 0.009944
v 0.006455 0.009706 0.009586
v 0.002134 0.009631 0.009270
v 0.003277 0.009728 0.011088
v 0.008628 0.009552 0.004633
v -0.000231 0.009670 -0.009501
v 0.007317 0.009613 0.008797
v 0.004442 0.009656 0.008860
v 0.000775 0.009489 -0.010206
v -0.011571 0.009746 -0.001935
v 0.008197 0.009612 0.001032
v -0.010417 0.009557 0.003451
v 0.005677 0.009717 0.009802
v -0.008141 0.009577 0.005750
v -0.009911 0.009667 -0.002713
v 0.009125 0.009567 0.001872
v 0.009314 0.009543 0.003717
v 0.010207 0.009376 0.003058
v -0.011234 0.010288 0.009452
v -0.010759 0.010346 0.008721
v -0.012510 0.010266 0.007139
v -0.006680 0.010142 0.006064
v -0.014571 0.010247 0.002562
v -0.010663 0.010145 0.010086
v 0.010564 0.010253 0.009272
v -0.014062 0.010189 -0.004090
v 0.006559 0.010112 0.002549
v 0.004547 0.010118 0.005776
v 0.010400 0.010339 0.008717
v 0.000592 0.010316 0.006350
v -0.008866 0.009976 0.000195
v -0.010082 0.010202 0.010681
v 0.000382 0.010189 0.008295
v -0.013918 0.010360 0.003070
v 0.003501 0.010214 0.013615
v 0.011222 0.010178 0.008461
v -0.009199 0.010192 -0.000598
v 0.006064 0.010223 0.005713
v -0.005002 0.010355 0.003661
v -0.008406 0.010182 0.001556
v -0.003943 0.010149 -0.004216
v -0.005846 0.010233 -0.000574
v -0.008763 0.010364 -0.004865
v 0.003530 0.010246 0.013185
v -0.006549 0.010527 0.005262
v -0.006805 0.010213 -0.006254
v 0.012896 0.010196 0.004431
v 0.013774 0.010270 0.000874
v -0.002532 0.010220 0.007845
v -0.006347 0.010241 0.003444
v 0.001231 0.010003 0.007351
v -0.004784 0.010253 -0.006902
v 0.005261 0.009990 0.004773
v 0.006845 0.010324 0.005039
v -0.010497 0.010224 -0.005573
v 0.006819 0.010604 0.000830
v -0.005911 0.010124 -0.002069
v -0.001404 0.010158 -0.005171
v 0.006108 0.010492 0.003916
v -0.014212 0.010125 0.001703
v -0.006206 0.010236 0.002693
v -0.002991 0.010010 -0.006206
v -0.004176 0.010104 0.007099
v 0.013677 0.010205 0.002991
v -0.003957 0.010264 -0.013207
v -0.001025 0.010618 -0.006930
v -0.004172 0.010111 -0.007662
v -0.014810 0.010264 -0.001895
v 0.006293 0.010068 -0.004897
v -0.004906 0.010443 -0.003172
v 0.012202 0.010214 0.004699
v 0.004763 0.010234 -0.001596
v 0.004613 0.010107 -0.004933
v -0.000570 0.010601 -0.005708
v -0.002441 0.010167 -0.013686
v -0.012014 0.010179 -0.007527
v -0.013564 0.010194 -0.004926
v -0.011941 0.010224 -0.008500
v 0.013011 0.010190 0.002617
v -0.003133 0.010272 -0.007731
v 0.007443 0.010237 0.011592
v -0.013026 0.010177 -0.004850
v -0.002592 0.010184 -0.008607
v 0.008526 0.010180 -0.003292
v -0.008630 0.010312 -0.002371
v -0.003785 0.010241 -0.013669
v -0.013598 0.010204 -0.005647
v -0.011502 0.010217 -0.008640
v 0.011634 0.010260 0.007850
v -0.012872 0.010150 -0.006290
v -0.009521 0.010191 0.010809
v 0.000644 0.010571 -0.007961
v -0.014252 0.010317 -0.002185
v -0.005343 0.010132 -0.005034
v -0.004887 0.010251 0.006289
v 0.013263 0.010117 0.001916
v 0.007482 0.010244 -0.005062
v 0.006351 0.010276 -0.007242
v -0.003145 0.010173 -0.009574
v 0.003792 0.010272 -0.013318
v -0.007978 0.010051 -0.008853
v 0.000786 0.010170 0.005685
v 0.001390 0.010116 -0.008589
v 0.004506 0.010424 -0.002955
v -0.006865 0.010292 -0.009469
v -0.005877 0.010131 -0.009970
v 0.005358 0.010248 -0.007568
v -0.000481 0.010230 0.005921
v -0.007355 0.010213 0.012089
v 0.004038 0.010166 -0.006060
v -0.006682 0.010123 -0.010141
v 0.004736 0.010230 -0.012794
v 0.003901 0.010388 -0.007576
v 0.002331 0.010178 0.005028
v 0.002691 0.010286 -0.004694
v 0.005065 0.010235 -0.006497
v 0.010917 0.010236 -0.007722
v -0.008615 0.010140 -0.003807
v 0.005205 0.010311 0.002105
v 0.009762 0.010176 -0.008609
v -0.002473 0.010130 -0.007014
v 0.004737 0.010304 -0.007925
v -0.011941 0.010181 0.008923
v -0.001399 0.010081 0.007736
v -0.007330 0.010094 -0.003534
v 0.004294 0.010159 -0.006690
v 0.005406 0.010121 -0.013172
v -0.000618 0.010203 0.007455
v -0.012010 0.010274 0.008353
v -0.004252 0.010459 -0.004532
v 0.010401 0.010224 -0.009079
v -0.006220 0.010120 -0.004188
v 0.007618 0.010061 -0.001489
v -0.004099 0.010055 -0.005872
v 0.007587 0.010262 -0.011256
v 0.004102 0.010474 -0.003862
v -0.007317 0.010126 -0.004853
v 0.007840 0.010267 -0.011565
v -0.013642 0.010177 0.005091
v -0.013048 0.010102 0.006014
v 0.011552 0.009845 0.003795
v -0.009793 0.010073 0.008418
v -0.001369 0.010138 0.014089
v -0.004441 0.009966 0.011703
v -0.005058 0.009966 0.008573
v 0.013039 0.010085 0.003781
v 0.009596 0.009978 0.008488
v 0.012561 0.010010 0.000210
v 0.002476 0.009842 0.007615
v 0.007875 0.009838 0.006459
v 0.003357 0.009752 0.011972
v -0.010645 0.009866 -0.000909
v 0.012461 0.010100 0.006813
v 0.013382 0.010121 -0.000827
v -0.005830 0.010155 0.013243
v 0.000413 0.010134 0.014208
v -0.003678 0.010027 0.011318
v 0.004640 0.010094 0.012912
v 0.001188 0.010034 0.013753
v -0.003362 0.009984 0.008434
v -0.008927 0.009956 0.007361
v 0.008066 0.010174 0.010977
v -0.012205 0.010131 0.007708
v -0.011199 0.009782 0.000683
v -0.003518 0.010079 0.013816
v -0.008577 0.010138 0.011695
v -0.005128 0.010063 0.013123
v -0.003018 0.009879 0.011710
v -0.010505 0.009880 0.000024
v 0.003387 0.010069 0.006930
v -0.012230 0.009917 -0.003873
v -0.014415 0.010164 -0.001066
v 0.009059 0.010011 0.010387
v 0.005432 0.010161 0.012854
v -0.002714 0.009907 0.012882
v -0.013845 0.010124 0.004006
v 0.003918 0.010022 0.007476
v 0.011553 0.009995 0.006565
v 0.006157 0.010024 0.012253
v 0.005487 0.009791 0.011645
v -0.001320 0.009878 0.013213
v 0.007362 0.009781 0.001839
v 0.000539 0.009849 0.012678
v -0.006062 0.009922 0.006636
v -0.012922 0.010048 0.004596
v -0.013186 0.009851 -0.000129
v -0.005138 0.009924 0.006886
v -0.008283 0.010177 0.003006
v 0.009981 0.009875 0.005965
v 0.008655 0.010095 -0.000125
v -0.005910 0.009895 0.009521
v 0.005610 0.009918 0.010641
v 0.009760 0.009966 0.009735
v 0.009715 0.010086 0.000194
v -0.007741 0.010051 0.009225
v -0.008059 0.010100 0.002154
v -0.006952 0.009970 0.010403
v 0.001955 0.009962 0.011667
v -0.013214 0.009896 0.002321
v 0.002368 0.010035 0.012692
v -0.003102 0.010214 0.009818
v -0.012815 0.010002 -0.007185
v -0.008091 0.009874 0.008434
v -0.009502 0.009944 -0.003816
v 0.011314 0.009927 0.005413
v -0.001755 0.010041 0.009332
v -0.008737 0.009995 -0.008153
v -0.008291 0.009987 0.010526
v -0.007586 0.009801 -0.010522
v 0.007415 0.009877 0.012294
v 0.002322 0.009808 0.008365
v -0.001584 0.009932 0.011510
v -0.014498 0.010131 0.000222
v -0.009209 0.009959 -0.009599
v -0.012197 0.010053 -0.006118
v -0.010861 0.009985 -0.007211
v 0.010881 0.009791 0.000134
v -0.006945 0.009960 -0.011340
v 0.000292 0.009984 0.007207
v -0.003400 0.009862 -0.012180
v -0.001712 0.009964 0.010328
v -0.004751 0.010101 -0.006120
v -0.000350 0.009866 0.011530
v -0.002205 0.009901 -0.012645
v -0.001424 0.009921 -0.009668
v 0.011294 0.009912 -0.001264
v -0.009010 0.010098 -0.010955
v 0.011312 0.009802 -0.005399
v 0.000023 0.010105 -0.013606
v 0.005260 0.010049 -0.005218
v -0.002109 0.009986 -0.011004
v 0.000927 0.009815 -0.012333
v 0.012908 0.010127 -0.003626
v 0.001049 0.010223 -0.013602
v 0.012288 0.009889 -0.001000
v -0.001337 0.010108 -0.013673
v -0.006162 0.009994 0.010893
v -0.007783 0.010112 -0.011974
v -0.004597 0.010221 -0.011583
v 0.005920 0.009815 -0.005838
v -0.000333 0.010217 0.009822
v 0.002990 0.010011 -0.009353
v 0.002570 0.009949 -0.013153
v 0.009191 0.009957 -0.004675
v -0.000627 0.010075 -0.011986
v -0.010849 0.010045 -0.009374
v -0.005832 0.009904 -0.012009
v 0.010466 0.009890 -0.005558
v -0.010010 0.010106 -0.009798
v 0.010165 0.009812 -0.002212
v 0.002852 0.009967 -0.013782
v -0.006108 0.010155 -0.012893
v 0.003961 0.009931 -0.009959
v 0.010136 0.010139 -0.007202
v 0.013409 0.010025 -0.002564
v -0.004617 0.010136 -0.012511
v 0.006434 0.009913 -0.008438
v 0.004931 0.010035 -0.011662
v -0.003529 0.009801 -0.006573
v 0.009647 0.009985 -0.001135
v 0.009637 0.009976 -0.009688
v 0.009780 0.009868 -0.003486
v 0.012435 0.010161 -0.005726
v 0.006293 0.009988 -0.009478
v 0.008619 0.009897 -0.001960
v 0.011909 0.010144 -0.006473
v -0.004969 0.010083 -0.013310
v 0.006642 0.010145 -0.012187
v 0.011879 0.009812 -0.002450
v 0.006974 0.009809 -0.006198
v 0.007298 0.009956 -0.010446
v 0.007563 0.009852 -0.007018
v 0.002041 0.009840 -0.011991
v 0.009133 0.009786 -0.005397
v 0.007704 0.010099 -0.008264
v 0.008805 0.009904 -0.006229
v 0.008627 0.010101 -0.010342
v 0.008713 0.009893 -0.008546
v 0.010144 0.009849 -0.004230
v -0.005728 0.010758 0.005526
v 0.003476 0.010583 0.005856
v -0.007229 0.010807 0.000915
v 0.006000 0.010504 0.002340
v 0.002747 0.010539 0.006476
v -0.002559 0.010588 -0.005664
v -0.006613 0.010651 0.001268
v -0.001749 0.010664 -0.006485
v 0.006221 0.010687 -0.003226
v 0.005160 0.010539 0.000242
v 0.001626 0.010564 -0.006918
v 0.002811 0.010617 0.005496
v -0.006351 0.010644 0.004219
v 0.006031 0.010541 -0.000526
v -0.007819 0.010587 -0.000001
v 0.005109 0.010676 -0.002535
v -0.003613 0.010597 -0.004678
v 0.000059 0.010587 -0.007836
v -0.007084 0.010620 -0.002152
v 0.002996 0.010550 0.004583
v 0.005531 0.010499 -0.001984
v 0.003065 0.010634 -0.005163
v 0.004082 0.010544 0.004465
v 0.004166 0.010456 0.003081
v 0.005184 0.010775 0.003599
v -0.006351 0.010599 -0.002347
v -0.007260 0.010546 -0.000916
v -0.006389 0.010627 -0.000206
v 0.005623 0.010522 0.002235
v 0.005504 0.010530 -0.004047
v 0.000141 0.010618 -0.005456
v -0.004087 0.010618 0.005272
v 0.002792 0.010698 -0.006896
v -0.006464 0.010694 -0.002901
v -0.007847 0.010711 -0.001695
v 0.003061 0.010500 -0.005928
v -0.001611 0.010717 -0.005556
v -0.005171 0.010640 -0.004043
v -0.003538 0.010670 -0.005249
v 0.001793 0.010602 -0.005071
v 0.003305 0.010628 -0.004637
v -0.003587 0.010474 0.006340
v -0.008604 0.010541 -0.001191
v -0.001753 0.010576 0.006250
v 0.001882 0.010504 0.006133
v -0.009768 0.010287 -0.006491
v -0.006224 0.010229 -0.001404
v -0.008806 0.010160 -0.007000
v -0.003410 0.010432 0.004801
v 0.005509 0.010392 -0.000640
v 0.007047 0.010316 -0.003898
v 0.001816 0.010130 -0.007954
v 0.007645 0.010441 0.000275
v -0.005648 0.010388 -0.009015
v -0.004537 0.010261 -0.010632
v 0.006796 0.010474 -0.002114
v 0.003122 0.010309 -0.008134
v -0.006927 0.010504 -0.007345
v -0.003725 0.010260 -0.010761
v -0.004287 0.010391 -0.009109
v 0.007558 0.010259 -0.000582
v 0.005651 0.010823 0.003148
v 0.000174 0.010814 -0.007042
v -0.002816 0.010629 -0.005147
v 0.000649 0.010837 -0.005948
v -0.005508 0.010741 -0.003345
v 0.006214 0.010728 0.000722
v -0.005720 0.010866 0.004212
v -0.004301 0.010643 0.004597
v 0.001796 0.010880 -0.005543
vn 0.1486 -0.9797 -0.1344
vn -0.4535 -0.8911 0.0145
vn -0.3877 -0.5145 -0.7648
vn -0.0062 -0.9995 0.0303
vn -0.0108 -0.9998 -0.0176
vn -0.2089 -0.9575 0.1989
vn -0.0188 -0.9986 -0.0489
vn 0.1709 -0.9791 -0.1100
vn -0.1424 -0.9874 0.0689
vn -0.0236 -0.9997 -0.0096
vn 0.0841 -0.9925 0.0886
vn -0.0626 -0.9975 0.0332
vn -0.1225 -0.7727 -0.6229
vn -0.3834 -0.8797 0.2814
vn 0.0849 -0.9963 0.0158
vn -0.2742 -0.9401 -0.2027
vn 0.0709 -0.9966 -0.0417
vn 0.3114 -0.9495 0.0379
vn 0.0569 -0.9941 0.0920
vn 0.1073 -0.9836 -0.1448
vn -0.5940 -0.6449 0.4809
vn -0.7444 -0.5151 -0.4248
vn -0.2220 -0.9733 -0.0587
vn 0.1148 -0.9876 0.1069
vn 0.0516 -0.9263 0.3733
vn -0.1319 -0.9645 -0.2289
vn 0.1213 -0.9902 0.0688
vn -0.0362 -0.9975 0.0612
vn -0.0452 -0.9990 -0.0021
vn 0.0176 -0.9984 0.0535
vn -0.0880 -0.9959 -0.0206
vn -0.0077 -0.9995 -0.0298
vn 0.0428 -0.9974 -0.0583
vn 0.0915 -0.9944 -0.0519
vn 0.0054 -0.9996 0.0267
vn 0.0541 -0.9982 -0.0270
vn 0.1452 -0.9869 0.0703
vn -0.0554 -0.9979 -0.0326
vn 0.0394 -0.9990 0.0199
vn 0.1134 -0.9885 0.1000
vn 0.2140 -0.9369 0.2766
vn 0.1446 -0.9893 0.0203
vn -0.2369 -0.9647 -0.1149
vn 0.0642 -0.8946 -0.4423
vn 0.2092 -0.9457 0.2487
vn 0.3056 -0.9461 -0.1070
vn 0.1393 -0.9675 0.2112
vn 0.0494 -0.9729 0.2257
vn -0.5023 -0.6394 -0.5821
vn -0.7258 -0.3391 -0.5986
vn -0.6140 -0.7392 -0.2766
vn -0.0313 -0.9977 0.0607
vn 0.0136 -0.9992 -0.0381
vn 0.0759 -0.8046 -0.5890
vn -0.0333 -0.9624 0.2697
vn -0.1271 -0.9794 0.1571
vn 0.0108 -0.9409 0.3385
vn -0.0692 -0.9873 0.1431
vn -0.0303 -0.9511 0.3075
vn -0.4055 -0.8772 0.2569
vn 0.4249 -0.8710 0.2467
vn 0.1345 -0.3736 0.9178
vn 0.1939 -0.9801 0.0418
vn 0.6819 -0.6945 -0.2296
vn -0.0734 -0.9133 0.4006
vn 0.0433 -0.9791 -0.1988
vn -0.3160 -0.9487 -0.0044
vn 0.4976 -0.8650 0.0642
vn -0.0013 -0.6337 0.7736
vn 0.6448 -0.2458 0.7238
vn 0.0312 -0.9598 0.2789
vn -0.0345 -0.9672 0.2516
vn -0.0662 -0.9758 0.2082
vn 0.5262 -0.6762 -0.5155
vn -0.0261 -0.9900 0.1389
vn -0.0751 -0.9845 -0.1582
vn 0.4843 -0.8475 0.2174
vn -0.6406 -0.2193 0.7359
vn -0.9438 0.0344 0.3286
vn -0.6982 -0.6423 0.3162
vn -0.8836 -0.1430 -0.4459
vn -0.5808 -0.6556 0.4826
vn -0.4681 -0.3082 -0.8282
vn -0.5692 -0.6640 -0.4849
vn -0.1523 -0.9849 0.0827
vn 0.0298 -0.9971 -0.0695
vn 0.1262 -0.9918 -0.0201
vn -0.0703 -0.9918 -0.1068
vn -0.1075 -0.9866 -0.1227
vn -0.1040 -0.9896 -0.0997
vn -0.0527 -0.9912 -0.1216
vn -0.1267 -0.9768 -0.1727
vn 0.0372 -0.9970 0.0678
vn 0.1437 -0.9871 0.0701
vn 0.1686 -0.9848 -0.0410
vn 0.2731 -0.9308 0.2431
vn -0.0009 -0.9991 -0.0436
vn -0.0041 -0.9944 -0.1058
vn -0.0634 -0.9873 -0.1456
vn -0.3900 -0.4031 -0.8279
vn -0.5206 -0.0979 -0.8482
vn -0.4963 -0.8170 -0.2935
vn 0.4932 -0.8656 -0.0863
vn 0.6220 -0.2020 -0.7565
vn 0.7647 -0.1330 -0.6306
vn 0.7476 -0.2377 -0.6202
vn -0.0638 -0.3649 -0.9289
vn -0.0272 0.0782 -0.9966
vn 0.4128 0.2255 -0.8825
vn 0.0203 -0.9223 -0.3860
vn 0.0073 -0.9997 -0.0212
vn 0.1004 -0.9949 0.0022
vn 0.2261 -0.7994 -0.5566
vn 0.8099 -0.5591 0.1775
vn 0.8834 -0.4653 -0.0554
vn 0.2788 -0.2623 -0.9238
vn 0.5243 -0.7176 -0.4584
vn 0.9967 -0.0247 -0.0768
vn 0.5445 -0.7962 0.2637
vn -0.7924 -0.1813 0.5825
vn -0.2822 -0.0348 0.9587
vn -0.4898 -0.7829 0.3836
vn 0.2959 -0.7935 0.5318
vn -0.2422 -0.9612 0.1319
vn -0.3999 -0.2074 0.8928
vn -0.3820 -0.8395 0.3863
vn 0.1197 -0.4308 0.8945
vn -0.2710 -0.9626 -0.0042
vn 0.4477 -0.8022 0.3951
vn 0.6257 -0.4916 0.6057
vn 0.4234 -0.8593 0.2871
vn 0.0820 -0.9946 -0.0638
vn -0.3067 -0.0806 0.9484
vn -0.8981 -0.1909 0.3962
vn -0.1830 -0.8627 0.4715
vn 0.2890 -0.1509 0.9454
vn 0.3677 -0.6217 0.6915
vn -0.6961 -0.6078 0.3822
vn -0.6024 -0.7444 0.2882
vn -0.9316 -0.1041 0.3483
vn -0.9875 -0.1321 -0.0861
vn -0.6164 -0.7463 -0.2512
vn -0.6453 -0.1546 -0.7482
vn -0.8547 -0.0980 -0.5098
vn -0.4743 -0.3090 -0.8244
vn -0.8847 -0.4568 -0.0930
vn -0.9939 0.0243 0.1073
vn -0.1370 -0.9835 -0.1180
vn -0.1128 -0.9684 -0.2224
vn 0.0630 -0.9941 0.0888
vn 0.5815 -0.1009 -0.8073
vn 0.3147 -0.8501 -0.4223
vn 0.4601 -0.7806 -0.4230
vn 0.8886 -0.0020 -0.4587
vn 0.8076 -0.4214 -0.4125
vn 0.0822 -0.9950 0.0576
vn 0.2779 -0.9497 0.1445
vn 0.1306 -0.9903 -0.0466
vn -0.0900 -0.9901 0.1073
vn -0.1731 -0.9847 0.0197
vn -0.0450 -0.9989 0.0115
vn -0.1176 -0.9888 0.0915
vn -0.0634 -0.9918 -0.1105
vn -0.2094 -0.9702 0.1223
vn -0.1893 -0.9697 0.1546
vn -0.0250 -0.9641 0.2642
vn -0.0226 -0.9856 0.1677
vn -0.0742 -0.9833 -0.1660
vn -0.0093 -0.9833 -0.1816
vn -0.1321 -0.9616 -0.2407
vn -0.1321 -0.9905 0.0392
vn -0.1442 -0.9858 -0.0864
vn -0.1768 -0.9837 -0.0327
vn -0.1326 -0.9909 -0.0245
vn -0.1625 -0.9735 -0.1608
vn -0.1730 -0.9806 0.0918
vn 0.2368 -0.9212 0.3089
vn 0.2014 -0.9377 0.2831
vn 0.2176 -0.9257 0.3095
vn 0.0721 -0.9422 0.3272
vn 0.0853 -0.9860 0.1431
vn -0.2151 -0.9667 0.1387
vn -0.1322 -0.9867 0.0946
vn -0.2250 -0.9634 0.1459
vn -0.4061 0.1196 0.9060
vn -0.6179 -0.1695 0.7677
vn 0.2706 0.0932 0.9582
vn 0.3889 0.0959 0.9163
vn 0.2082 -0.3444 0.9154
vn 0.9343 -0.3555 0.0272
vn 0.8996 -0.4180 0.1260
vn 0.9270 0.0797 0.3665
vn 0.8672 0.1251 0.4819
vn 0.5897 -0.2034 0.7816
vn 0.7343 0.2499 0.6312
vn 0.7119 0.0251 0.7018
vn 0.9972 0.0708 0.0233
vn 0.8953 0.2420 0.3741
vn 0.9828 0.1138 0.1452
vn 0.4153 -0.4407 0.7958
vn 0.8349 0.1917 0.5159
vn 0.7216 0.0329 0.6915
vn 0.1481 0.1662 -0.9749
vn 0.1751 0.2809 -0.9436
vn 0.0731 0.4370 -0.8965
vn -0.0152 0.1921 -0.9813
vn -0.7174 0.4554 0.5272
vn -0.6232 0.1946 0.7575
vn -0.4694 0.1007 0.8772
vn -0.9685 -0.1922 0.1585
vn -0.9539 0.1096 0.2793
vn -0.9880 -0.1099 -0.1081
vn -0.9604 0.1796 0.2130
vn -0.9142 0.3846 -0.1277
vn -0.9802 0.0392 0.1939
vn -0.9211 0.1594 0.3553
vn -0.9724 0.2095 0.1023
vn -0.7435 0.3677 0.5585
vn -0.4789 0.1693 0.8614
vn -0.6023 0.0033 0.7983
vn 0.8423 0.2190 0.4926
vn 0.7580 0.0708 0.6484
vn 0.9723 0.0169 0.2331
vn 0.9592 0.2179 0.1801
vn 0.9949 0.0550 0.0850
vn 0.5827 0.1222 -0.8034
vn 0.8671 0.2035 -0.4547
vn 0.8678 0.1430 -0.4760
vn -0.9395 0.3425 -0.0021
vn -0.7773 0.2285 0.5862
vn -0.9799 -0.0848 0.1805
vn -0.9639 0.1284 -0.2333
vn -0.9470 -0.0061 -0.3210
vn -0.9609 0.0470 0.2730
vn -0.6759 0.0801 0.7326
vn -0.6836 0.1821 0.7068
vn -0.9730 0.2193 0.0725
vn -0.9373 0.0641 0.3424
vn -0.9503 0.1635 -0.2648
vn -0.9074 -0.1587 -0.3891
vn 0.5692 -0.0833 -0.8180
vn 0.1610 -0.1006 -0.9818
vn -0.1687 0.2537 -0.9525
vn -0.3214 0.3916 -0.8622
vn -0.9286 0.2932 0.2276
vn -0.8940 0.3550 0.2735
vn -0.9177 0.3146 0.2426
vn -0.9095 0.2936 0.2944
vn -0.6863 0.1829 0.7039
vn -0.7783 0.3338 0.5318
vn -0.6869 0.1792 0.7043
vn 0.9692 0.1043 0.2232
vn 0.9451 0.1825 0.2709
vn 0.9715 0.2116 -0.1064
vn 0.8831 0.1534 -0.4434
vn 0.7040 0.1233 -0.6994
vn 0.9543 0.1360 -0.2663
vn 0.9404 0.3363 0.0508
vn 0.9377 0.0414 0.3449
vn 0.4896 0.1600 -0.8571
vn 0.7392 0.0875 -0.6678
vn 0.6937 -0.0601 -0.7177
vn 0.9988 0.0258 0.0422
vn -0.9845 -0.0714 0.1603
vn -0.9280 -0.0481 0.3694
vn -0.9251 0.3289 0.1900
vn -0.8124 0.2386 -0.5321
vn -0.9407 -0.0102 0.3391
vn -0.9948 0.0070 0.1013
vn -0.9794 0.2021 0.0046
vn -0.8683 -0.0366 -0.4946
vn -0.8403 0.0908 -0.5344
vn 0.9843 0.0778 0.1585
vn 0.9098 0.0870 0.4058
vn 0.9943 0.0936 -0.0518
vn 0.9752 -0.0509 0.2156
vn -0.9735 -0.1361 -0.1838
vn 0.5219 -0.3322 0.7856
vn 0.6188 -0.2099 0.7570
vn 0.5451 -0.2794 0.7904
vn 0.5622 -0.4831 0.6712
vn 0.2518 -0.1003 0.9626
vn 0.4973 -0.6244 0.6024
vn -0.0894 0.1018 0.9908
vn -0.1768 -0.2800 0.9436
vn -0.2275 -0.0193 -0.9736
vn -0.6323 -0.0220 -0.7744
vn 0.0440 -0.0341 -0.9985
vn -0.2818 0.0028 -0.9595
vn 0.6768 -0.0701 0.7328
vn 0.3777 -0.1241 0.9176
vn 0.4126 -0.0491 0.9096
vn -0.1919 -0.2128 -0.9581
vn -0.1227 0.2885 -0.9496
vn -0.0056 -0.2156 -0.9765
vn -0.5683 -0.3439 -0.7475
vn -0.4001 -0.3463 -0.8485
vn -0.4793 -0.5263 -0.7024
vn -0.6808 -0.3903 -0.6198
vn -0.5902 -0.1868 -0.7853
vn 0.9134 -0.0721 0.4006
vn 0.7654 0.0440 0.6421
vn 0.7901 0.0284 0.6124
vn 0.5942 -0.2017 0.7786
vn 0.7693 -0.1620 0.6181
vn 0.8987 -0.1933 0.3936
vn 0.9907 -0.0849 0.1059
vn 0.9424 -0.1905 0.2749
vn 0.4978 -0.1185 0.8591
vn 0.0819 -0.0945 0.9922
vn 0.2150 0.0722 0.9740
vn 0.4631 -0.1237 0.8777
vn 0.4981 -0.0556 0.8654
vn 0.8896 -0.2413 0.3877
vn 0.9906 -0.1308 0.0412
vn 0.9278 0.1325 0.3487
vn 0.9993 -0.0139 0.0356
vn 0.7090 -0.0663 0.7020
vn 0.9046 -0.2109 -0.3705
vn 0.8901 -0.3432 -0.2998
vn 0.4566 -0.1618 -0.8748
vn -0.3782 -0.2189 -0.8995
vn -0.2432 -0.1912 -0.9509
vn -0.4620 -0.0974 -0.8815
vn 0.6213 -0.1212 -0.7741
vn 0.6522 -0.0864 -0.7531
vn 0.5686 -0.2057 -0.7965
vn -0.8317 -0.0245 0.5547
vn -0.9866 -0.1374 0.0876
vn -0.9898 -0.1411 0.0180
vn 0.9270 -0.2745 -0.2555
vn 0.9200 0.0708 -0.3854
vn 0.8314 -0.0454 -0.5537
vn 0.9488 -0.0497 0.3119
vn 0.9206 -0.0943 0.3789
vn 0.9850 -0.1042 0.1378
vn 0.9683 -0.2415 -0.0636
vn -0.9309 -0.1164 0.3464
vn -0.9583 -0.2007 -0.2035
vn -0.9690 0.1324 -0.2086
vn -0.9755 -0.1851 0.1189
vn -0.8384 -0.2934 0.4593
vn -0.9211 0.0213 0.3887
vn -0.9004 -0.2046 -0.3841
vn -0.9132 -0.1296 -0.3863
vn -0.9802 -0.0561 0.1901
vn -0.9455 -0.1077 0.3073
vn -0.7815 -0.0943 -0.6167
vn -0.8901 -0.1901 -0.4142
vn -0.8292 -0.1349 -0.5424
vn -0.8508 0.0833 -0.5188
vn -0.3065 0.2803 0.9097
vn -0.3535 -0.1392 0.9250
vn -0.3279 -0.1024 0.9391
vn 0.3037 -0.1004 0.9475
vn 0.7896 0.0397 0.6123
vn 0.8290 0.0772 0.5539
vn 0.6970 -0.2315 0.6787
vn 0.3232 -0.0566 0.9446
vn -0.0275 0.0522 -0.9983
vn 0.5978 -0.2367 -0.7659
vn 0.3267 0.6716 -0.6650
vn -0.5374 -0.0615 -0.8411
vn 0.1805 0.3062 -0.9347
vn -0.6931 0.1924 -0.6947
vn -0.0461 0.0386 -0.9982
vn -0.2832 -0.1213 -0.9514
vn 0.9254 -0.1883 -0.3288
vn -0.4303 0.5462 -0.7187
vn 0.4323 -0.2566 -0.8644
vn -0.6727 0.1086 -0.7319
vn 0.7802 0.4174 -0.4659
vn 0.6722 -0.0922 -0.7346
vn 0.7005 0.0430 -0.7124
vn 0.5312 0.0707 -0.8443
vn 0.9113 -0.0484 -0.4089
vn 0.9437 0.0544 -0.3264
vn 0.1781 0.3594 -0.9160
vn 0.3802 0.1913 -0.9049
vn 0.5208 0.2248 -0.8235
vn 0.8640 0.0171 -0.5033
vn 0.9118 -0.0957 -0.3993
vn -0.0230 0.2522 -0.9674
vn -0.2454 -0.0269 -0.9691
vn -0.1459 0.0052 -0.9893
vn 0.9522 -0.1954 -0.2347
vn 0.9474 0.1131 -0.2993
vn 0.9416 -0.1396 -0.3065
vn 0.9513 -0.0264 0.3072
vn 0.5394 0.8167 -0.2051
vn 0.6196 0.3533 -0.7009
vn 0.2641 0.3654 -0.8926
vn 0.2667 -0.1424 -0.9532
vn 0.0436 0.5185 -0.8540
vn -0.4569 0.3978 0.7957
vn -0.5288 0.8144 -0.2391
vn -0.7787 0.0132 0.6272
vn -0.9844 0.1209 -0.1282
vn -0.8304 0.3519 -0.4320
vn -0.5217 0.7481 -0.4101
vn -0.9733 0.2261 -0.0382
vn -0.4291 0.8262 0.3650
vn -0.4266 0.6152 0.6630
vn -0.6450 0.7211 -0.2530
vn -0.9463 0.3233 -0.0039
vn -0.3661 0.4651 0.8060
vn -0.0869 0.8929 0.4419
vn -0.2761 0.9243 0.2637
vn -0.7115 0.6942 0.1088
vn -0.7688 0.6371 -0.0551
vn -0.7414 0.6583 -0.1304
vn -0.9952 0.0956 -0.0208
vn -0.8009 0.2842 -0.5271
vn -0.0515 0.5728 -0.8181
vn 0.1602 0.7541 -0.6369
vn 0.2425 0.2545 -0.9362
vn -0.2469 0.3979 -0.8836
vn -0.0745 0.2534 -0.9645
vn -0.8349 0.4967 -0.2371
vn -0.2922 0.8911 -0.3472
vn -0.3141 0.9460 -0.0797
vn -0.4904 0.8712 0.0241
vn 0.7729 0.4559 0.4414
vn 0.9867 0.0739 0.1448
vn 0.7522 0.1226 -0.6474
vn -0.1235 0.6557 -0.7448
vn 0.8842 0.3226 -0.3378
vn 0.3999 -0.1838 -0.8979
vn 0.0990 0.9940 0.0470
vn 0.4143 0.8175 0.4001
vn -0.0564 0.9964 0.0628
vn 0.1956 0.9715 -0.1341
vn 0.0713 0.9895 0.1261
vn 0.2576 0.9393 -0.2268
vn -0.1752 0.9815 -0.0766
vn -0.1446 0.9836 -0.1082
vn -0.1829 0.9633 -0.1966
vn -0.0955 0.9795 -0.1771
vn -0.1873 0.9806 -0.0576
vn 0.2286 0.9500 -0.2125
vn 0.0994 0.9946 -0.0309
vn 0.1565 0.9834 -0.0916
vn 0.2687 0.9503 0.1571
vn -0.0006 0.9990 -0.0452
vn 0.0017 0.9194 0.3934
vn 0.3569 0.6236 0.6955
vn -0.2542 0.9660 -0.0477
vn -0.6506 0.4878 -0.5820
vn -0.6125 0.7660 -0.1950
vn 0.1971 0.9791 0.0508
vn 0.0072 0.6283 -0.7779
vn 0.5408 0.8034 -0.2491
vn 0.7142 0.6955 -0.0792
vn -0.8046 0.4952 0.3277
vn -0.8114 0.4218 0.4047
vn -0.9489 0.2918 0.1204
vn -0.8310 -0.0087 0.5563
vn -0.9014 0.0748 0.4265
vn -0.7468 -0.0209 0.6648
vn -0.2866 0.4401 0.8510
vn -0.0888 0.6638 0.7426
vn -0.2761 0.6449 0.7127
vn -0.2418 0.4847 0.8406
vn -0.1246 0.6246 0.7710
vn -0.1205 0.6719 0.7308
vn -0.0504 0.9986 -0.0151
vn -0.0150 0.9832 0.1819
vn -0.1581 0.8978 0.4111
vn -0.3590 0.9025 0.2380
vn 0.0025 0.9409 0.3386
vn -0.0979 0.6704 0.7355
vn 0.0130 0.9799 -0.1992
vn -0.0939 0.9902 -0.1034
vn 0.0672 0.9975 -0.0201
vn -0.2725 0.9619 0.0236
vn 0.0411 0.9976 -0.0549
vn -0.1182 0.9930 -0.0077
vn 0.1174 0.9930 -0.0136
vn 0.0010 0.9885 -0.1511
vn 0.0581 0.9860 -0.1564
vn 0.1876 0.9792 -0.0772
vn 0.0743 0.9967 0.0324
vn -0.0763 0.9823 -0.1712
vn 0.2203 0.9736 -0.0605
vn 0.1597 0.9847 -0.0691
vn 0.1665 0.3385 0.9261
vn -0.3298 0.5551 0.7636
vn -0.4561 0.0848 0.8859
vn -0.4027 0.3025 0.8639
vn -0.3341 0.3490 0.8755
vn 0.9559 -0.1066 0.2736
vn 0.7586 -0.0250 0.6511
vn 0.8759 0.1661 0.4530
vn 0.9836 0.1257 0.1293
vn 0.9527 0.1127 0.2822
vn 0.7373 0.3885 0.5527
vn 0.9099 0.0924 0.4045
vn 0.3996 0.7594 0.5135
vn 0.5721 0.2843 0.7694
vn 0.1733 0.6106 0.7727
vn -0.2263 0.2633 0.9378
vn -0.0184 0.1606 0.9868
vn -0.1940 0.1790 0.9645
vn -0.0548 0.2988 0.9527
vn -0.1164 0.3835 0.9162
vn 0.0579 0.7581 0.6495
vn 0.3327 0.7642 0.5525
vn 0.1787 0.8319 0.5254
vn 0.5623 0.7166 0.4127
vn -0.9358 0.3454 0.0713
vn -0.9880 0.1535 -0.0153
vn -0.9592 0.2226 -0.1744
vn -0.8924 0.3850 0.2353
vn -0.4823 0.0073 0.8760
vn -0.9615 0.2236 0.1594
vn -0.6226 0.1849 0.7603
vn -0.9487 0.2865 -0.1335
vn -0.4277 0.1527 0.8909
vn -0.4104 0.1015 0.9063
vn -0.0007 0.7549 0.6558
vn 0.0125 0.5811 0.8137
vn -0.1158 0.6505 0.7506
vn -0.6893 0.4773 0.5449
vn -0.5273 0.7745 0.3495
vn -0.0550 0.8828 0.4665
vn -0.5460 0.1079 -0.8308
vn -0.3792 0.2468 -0.8918
vn -0.4582 0.2621 -0.8493
vn -0.4463 0.3313 -0.8313
vn -0.5044 0.2523 -0.8258
vn -0.0895 0.4990 -0.8619
vn -0.1834 0.6702 -0.7192
vn -0.0446 0.2425 -0.9691
vn 0.4751 0.3006 0.8270
vn 0.3377 0.2617 0.9041
vn 0.1309 0.6824 0.7192
vn 0.8968 0.0944 -0.4323
vn 0.8692 0.4166 -0.2664
vn 0.9575 0.1092 -0.2670
vn 0.7475 0.4781 -0.4613
vn 0.8764 0.1508 -0.4574
vn -0.5053 0.3226 -0.8004
vn -0.3177 0.6719 -0.6690
vn 0.1213 0.6656 -0.7364
vn 0.4482 0.5682 -0.6902
vn 0.5695 0.0932 -0.8167
vn 0.4194 0.3947 -0.8175
vn 0.6896 -0.1090 -0.7160
vn 0.8748 -0.0592 -0.4808
vn 0.7924 0.2810 -0.5414
vn 0.8132 -0.0401 -0.5806
vn 0.8859 0.3357 -0.3201
vn -0.3070 0.8567 0.4145
vn -0.4829 0.8197 0.3080
vn -0.5998 0.2518 0.7595
vn -0.9671 -0.0780 0.2419
vn -0.5367 0.1658 0.8273
vn -0.1540 0.5805 0.7996
vn 0.0285 0.1972 0.9799
vn 0.3771 -0.7373 0.5606
vn 0.2483 -0.4050 0.8800
vn 0.3278 -0.3760 0.8667
vn -0.8105 -0.0622 0.5824
vn -0.4805 -0.1748 0.8594
vn -0.6178 0.0440 0.7851
vn -0.5695 -0.2096 0.7948
vn -0.3645 -0.2796 0.8882
vn -0.8445 0.1504 0.5140
vn -0.7738 -0.2573 0.5788
vn -0.5776 0.4889 0.6537
vn 0.7948 0.0711 0.6026
vn 0.1579 -0.3146 0.9360
vn 0.8140 -0.5464 -0.1971
vn 0.8144 0.5799 0.0211
vn -0.7657 0.3981 0.5052
vn -0.6528 0.4953 0.5732
vn -0.6905 -0.0025 0.7233
vn -0.8331 -0.0330 0.5522
vn -0.7686 -0.0277 0.6391
vn -0.8086 0.0980 0.5801
vn -0.8584 0.1815 0.4799
vn -0.9489 0.0917 0.3021
vn -0.8710 0.2083 0.4449
vn -0.5468 -0.0063 0.8372
vn -0.7377 -0.5087 0.4438
vn 0.7297 -0.6532 0.2022
vn 0.8390 -0.0261 -0.5435
vn -0.3079 -0.4983 0.8105
vn -0.7159 -0.1272 0.6865
vn -0.1985 0.0827 -0.9766
vn -0.4379 -0.0286 -0.8986
vn -0.1017 0.3211 -0.9416
vn -0.6635 0.0098 -0.7481
vn -0.2356 0.1787 -0.9553
vn -0.4622 0.7874 0.4080
vn 0.5322 0.8363 0.1315
vn -0.3927 0.3018 -0.8687
vn -0.9304 0.0243 -0.3658
vn -0.6358 0.5422 -0.5494
vn -0.8969 0.4305 -0.1011
vn -0.1655 0.2508 0.9538
vn -0.2474 0.2193 0.9438
vn -0.1815 0.0240 0.9831
vn -0.0807 0.1481 0.9857
vn 0.9011 0.2704 0.3391
vn 0.9811 0.1665 0.0990
vn 0.9651 -0.1003 0.2418
vn 0.9484 -0.2958 -0.1142
vn 0.9000 0.2365 -0.3661
vn 0.8921 -0.0351 -0.4505
vn -0.5822 -0.3360 0.7404
vn 0.0828 -0.3269 0.9414
vn -0.4193 0.0476 0.9066
vn 0.8690 0.0734 -0.4894
vn 0.7476 0.1039 -0.6560
vn 0.8211 -0.1866 -0.5394
vn 0.9404 -0.1897 -0.2822
vn 0.8444 -0.2149 -0.4907
vn 0.9782 -0.0521 -0.2008
vn 0.8569 0.2053 0.4729
vn 0.8693 -0.0131 0.4941
vn 0.8534 -0.0274 0.5205
vn -0.0142 -0.2830 -0.9590
vn 0.1698 -0.3322 -0.9278
vn 0.1010 -0.2171 -0.9709
vn -0.2652 -0.6263 -0.7331
vn 0.1037 -0.2408 -0.9650
vn -0.2571 -0.4313 -0.8648
vn -0.4398 -0.7711 -0.4604
vn -0.5353 -0.3915 -0.7484
vn -0.6623 -0.5324 -0.5272
vn 0.9596 0.0072 0.2813
vn 0.8623 0.3021 0.4064
vn 0.9092 0.2877 0.3010
vn 0.0817 -0.3459 0.9347
vn -0.2274 -0.0278 0.9734
vn -0.1353 -0.1661 0.9768
vn -0.1952 -0.1960 0.9610
vn -0.2262 -0.4422 0.8679
vn -0.7749 -0.4294 0.4639
vn -0.7966 -0.3370 0.5020
vn -0.7942 -0.3070 0.5243
vn -0.7650 -0.2916 0.5742
vn -0.7523 -0.5596 0.3476
vn -0.8778 -0.1480 0.4556
vn -0.4184 -0.1984 0.8863
vn -0.7135 -0.1886 -0.6748
vn -0.7451 -0.2347 -0.6243
vn -0.6848 -0.1775 -0.7068
vn -0.7892 -0.1488 -0.5959
vn -0.5280 -0.3317 -0.7818
vn -0.5615 -0.4947 -0.6633
vn -0.5415 -0.3203 -0.7773
vn -0.6370 -0.5102 -0.5779
vn -0.7268 -0.4489 -0.5199
vn 0.5096 -0.4395 0.7397
vn 0.4309 -0.3121 0.8467
vn 0.5360 -0.2472 0.8072
vn 0.7256 -0.0180 0.6879
vn 0.6512 -0.3185 0.6888
vn 0.7277 -0.2142 0.6516
vn 0.4350 -0.2619 0.8615
vn 0.3578 -0.3684 0.8581
vn 0.0602 -0.3586 0.9315
vn 0.6668 -0.1287 0.7340
vn 0.7150 -0.3243 0.6194
vn 0.7035 -0.4025 0.5857
vn -0.5257 -0.1832 0.8307
vn -0.4467 -0.3389 0.8281
vn -0.4086 -0.1991 0.8907
vn -0.3006 -0.1072 0.9477
vn -0.3773 -0.2492 0.8919
vn -0.1039 -0.1740 0.9793
vn -0.0788 -0.2869 0.9547
vn 0.1180 -0.6306 0.7671
vn -0.1198 0.4489 -0.8855
vn -0.2100 0.5551 -0.8049
vn -0.0968 -0.1504 -0.9839
vn -0.0520 -0.0491 -0.9974
vn 0.0068 0.6604 -0.7509
vn 0.2006 0.0492 -0.9784
vn 0.0358 0.9876 0.1531
vn -0.0424 0.9965 -0.0715
vn 0.0464 0.9889 0.1411
vn -0.5128 0.8574 -0.0444
vn -0.0812 0.9940 -0.0729
vn -0.0578 0.9950 0.0808
vn -0.0153 0.9953 -0.0961
vn -0.0398 0.9973 -0.0624
vn 0.3925 -0.2402 0.8879
vn 0.5252 -0.2606 0.8101
vn 0.4042 0.5913 0.6979
vn 0.5453 0.4595 0.7011
vn 0.6294 -0.1058 0.7698
vn 0.6124 0.5421 0.5754
vn 0.3968 0.9087 0.1295
vn 0.7999 0.2380 0.5510
vn 0.8858 0.4035 0.2292
vn 0.3002 0.9503 -0.0828
vn 0.9042 0.2455 0.3494
vn 0.1671 0.9825 0.0819
vn 0.4196 0.9061 0.0545
vn 0.9434 0.2601 0.2058
vn 0.7652 0.6352 0.1047
vn 0.0434 0.9989 -0.0165
vn -0.1511 0.9754 -0.1602
vn 0.0035 1.0000 -0.0025
vn -0.0789 0.9969 -0.0023
vn -0.4525 0.5062 -0.7342
vn -0.5577 0.5680 -0.6053
vn -0.0709 0.9935 -0.0886
vn -0.0605 0.9587 -0.2779
vn -0.0899 0.9959 -0.0046
vn -0.1714 0.8490 -0.4999
vn -0.1582 0.9790 -0.1283
vn 0.0072 0.9921 0.1252
vn 0.1073 0.9920 0.0665
vn 0.1819 0.9782 0.1006
vn -0.0064 1.0000 -0.0049
vn 0.0739 0.9833 0.1665
vn 0.1196 0.9851 0.1234
vn -0.1404 0.9666 -0.2142
vn -0.3734 0.8547 -0.3607
vn 0.3008 0.9536 -0.0075
vn -0.0620 0.8690 -0.4909
vn -0.1940 0.9367 -0.2914
vn 0.1390 0.9889 -0.0521
vn 0.5211 0.8508 0.0682
vn 0.3420 0.9389 -0.0384
vn 0.2463 0.9561 0.1587
vn -0.5368 0.7955 -0.2810
vn -0.1740 0.9777 -0.1177
vn -0.7437 0.6681 0.0233
vn 0.0107 0.9729 0.2308
vn 0.3500 0.9219 0.1664
vn 0.3649 0.9255 -0.1009
vn -0.2225 0.9638 -0.1469
vn 0.2459 0.8983 0.3641
vn 0.1854 0.9825 0.0167
vn 0.5588 0.6985 0.4470
vn 0.0127 0.9770 -0.2130
vn 0.0982 0.9932 0.0621
vn 0.2336 0.9056 0.3539
vn -0.2501 0.9304 -0.2681
vn -0.0129 0.8958 0.4443
vn -0.1914 0.9371 -0.2918
vn -0.1539 -0.9712 -0.1818
vn 0.0037 -0.9796 -0.2010
vn -0.4407 -0.8938 0.0826
vn 0.2465 -0.9691 0.0124
vn 0.2820 -0.9593 -0.0180
vn -0.0141 -0.9514 -0.3078
vn 0.1688 -0.9489 0.2665
vn 0.0106 -0.9978 0.0648
vn 0.2391 -0.9570 0.1642
vn -0.7298 -0.6828 -0.0348
vn -0.0927 -0.9948 0.0412
vn 0.1102 -0.9935 -0.0277
vn -0.8738 -0.4762 0.0982
vn 0.2437 -0.9011 -0.3586
vn 0.0728 -0.9882 -0.1346
vn 0.3238 -0.9429 0.0782
vn -0.0871 -0.9233 -0.3741
vn -0.1279 -0.9899 -0.0616
vn -0.1023 -0.9929 0.0609
vn -0.1005 -0.9768 -0.1889
vn 0.0279 -0.9951 0.0951
vn -0.1586 -0.9873 0.0084
vn -0.1537 -0.9638 -0.2178
vn -0.1305 -0.9914 0.0053
vn -0.2259 -0.9715 -0.0713
vn -0.1915 -0.9799 -0.0552
vn -0.3969 -0.9144 -0.0800
vn -0.0746 -0.9930 0.0915
vn -0.0962 -0.9950 0.0268
vn -0.0765 -0.9967 0.0278
vn 0.0264 -0.9927 0.1178
vn -0.1096 -0.9899 0.0903
vn 0.0789 -0.9968 0.0101
vn -0.0849 -0.9962 0.0218
vn -0.0908 -0.9954 0.0309
vn -0.1311 -0.9801 0.1488
vn -0.0308 -0.9995 0.0057
vn -0.0774 -0.9923 0.0968
vn -0.0066 -0.9820 0.1888
vn -0.1439 -0.9877 0.0603
vn 0.0109 -0.9910 0.1333
vn -0.0511 -0.9987 -0.0057
vn 0.1495 -0.9884 0.0280
vn 0.0582 -0.9982 -0.0122
vn 0.0670 -0.9949 -0.0752
vn 0.1428 -0.9897 0.0034
vn 0.0069 -0.9959 -0.0902
vn 0.3059 -0.9495 -0.0705
vn 0.2529 -0.9558 -0.1497
vn 0.0743 -0.9467 -0.3134
vn 0.1489 -0.9520 -0.2673
vn 0.1820 -0.9679 -0.1732
vn 0.2439 -0.9695 0.0244
vn 0.2287 -0.9614 -0.1528
vn 0.1384 -0.9383 -0.3170
vn 0.4154 -0.8581 0.3020
vn 0.2185 -0.9606 0.1719
vn 0.2935 -0.9494 0.1118
vn 0.1575 -0.9476 0.2778
vn 0.1563 -0.9754 0.1552
vn 0.2291 -0.9620 0.1488
vn 0.0730 -0.9906 0.1155
vn -0.0803 -0.9786 -0.1895
vn -0.1547 -0.9878 -0.0176
vn -0.2201 -0.9688 -0.1136
vn -0.0237 -0.0177 -0.9996
vn -0.2602 -0.2115 -0.9421
vn 0.0074 -0.8205 -0.5717
vn -0.8240 -0.5130 -0.2405
vn -0.3932 -0.8849 0.2497
vn 0.0435 -0.9910 0.1268
vn -0.0354 -0.9923 0.1188
vn 0.0009 -0.9923 0.1241
vn 0.0217 -0.9802 0.1970
vn -0.0338 -0.9759 0.2156
vn -0.1449 -0.9875 0.0622
vn -0.0795 -0.9921 0.0969
vn 0.6597 -0.3963 -0.6386
vn 0.7276 -0.3808 -0.5707
vn 0.6996 0.0283 -0.7140
vn 0.2157 -0.5554 -0.8031
vn 0.4220 -0.0895 -0.9022
vn 0.1300 -0.0589 -0.9898
vn 0.1077 -0.3691 -0.9231
vn 0.7991 0.1337 -0.5862
vn 0.8442 -0.2969 -0.4462
vn 0.8962 0.2250 -0.3823
vn 0.9371 -0.1038 -0.3333
vn -0.1014 -0.9884 -0.1131
vn -0.0561 -0.9928 0.1062
vn -0.0682 -0.9971 -0.0346
vn -0.1273 -0.9908 -0.0457
vn 0.0755 -0.9833 -0.1656
vn 0.3522 -0.8821 -0.3127
vn -0.0019 -0.9999 0.0099
vn 0.2340 -0.9388 -0.2528
vn 0.2943 -0.9366 0.1900
vn 0.0374 -0.9983 0.0449
vn 0.1136 -0.9930 0.0317
vn 0.0133 -0.9992 -0.0373
vn 0.0019 -0.9960 -0.0891
vn 0.0989 -0.9939 0.0490
vn -0.1035 -0.9918 -0.0750
vn -0.0392 -0.9988 0.0305
vn 0.1199 -0.9603 0.2517
vn 0.0892 -0.9877 0.1284
vn 0.0651 -0.9914 0.1132
vn 0.1066 -0.9891 0.1016
vn -0.1146 -0.9917 -0.0586
vn -0.0176 -0.9994 -0.0287
vn -0.0890 -0.9925 -0.0844
vn -0.3075 -0.9447 0.1136
vn -0.0668 -0.9962 0.0551
vn 0.0825 -0.9965 -0.0096
vn 0.6124 -0.0638 0.7880
vn 0.6067 -0.7506 0.2619
vn -0.0507 -0.9553 0.2913
vn 0.0597 -0.9925 0.1065
vn -0.1240 -0.2302 0.9652
vn -0.4710 -0.5953 0.6510
vn 0.5489 -0.4102 0.7283
vn 0.5556 0.2974 0.7765
vn 0.8644 -0.0034 0.5029
vn 0.5128 -0.8076 0.2913
vn 0.5523 0.1605 0.8180
vn 0.7238 -0.0472 0.6884
vn 0.5353 -0.4588 0.7092
vn 0.2098 -0.0190 0.9776
vn 0.4995 -0.5427 -0.6753
vn 0.1160 -0.0341 -0.9927
vn 0.6081 0.2212 -0.7624
vn -0.3906 -0.0970 0.9154
vn -0.1104 -0.4162 0.9025
vn 0.2669 0.2121 0.9401
vn 0.4525 -0.5244 0.7213
vn 0.7903 0.2210 0.5715
vn -0.9906 -0.1369 0.0026
vn -0.9558 0.2846 0.0735
vn -0.9159 0.2611 0.3048
vn -0.7689 0.1581 0.6195
vn -0.8321 -0.0191 0.5543
vn -0.9345 -0.2108 0.2869
vn -0.5110 0.0844 0.8554
vn -0.5924 -0.3601 0.7207
vn -0.7627 0.2466 -0.5978
vn -0.7084 -0.1170 -0.6960
vn -0.9213 0.3502 -0.1692
vn -0.8214 0.0504 -0.5682
vn 0.8341 0.1848 0.5197
vn 0.9708 0.1510 -0.1866
vn 0.8453 -0.4875 0.2186
vn 0.8708 0.1644 0.4633
vn 0.9537 0.2256 0.1987
vn 0.8193 0.4410 0.3665
vn 0.6147 0.5623 0.5532
vn 0.4239 0.2566 0.8686
vn 0.6747 0.2209 0.7043
vn 0.1598 0.0986 0.9822
vn 0.4118 0.3108 0.8566
vn 0.8478 0.2734 0.4543
vn 0.7303 0.2148 0.6485
vn 0.4155 0.1841 0.8907
vn 0.4385 -0.1873 0.8790
vn 0.2665 0.0788 0.9606
vn -0.9346 -0.0398 -0.3534
vn -0.9059 0.1419 0.3990
vn -0.8555 0.2159 -0.4706
vn -0.4434 0.2287 -0.8667
vn -0.6282 -0.1003 -0.7716
vn -0.7739 0.1897 -0.6043
vn -0.8696 0.1810 0.4594
vn -0.8967 0.2189 0.3847
vn -0.9618 0.1921 0.1952
vn -0.7968 0.0383 -0.6030
vn 0.8324 0.1767 0.5252
vn -0.5722 0.0177 0.8199
vn -0.8365 0.1293 0.5325
vn -0.4119 0.1024 0.9055
vn -0.0786 -0.2382 0.9680
vn -0.7232 0.2575 0.6409
vn 0.0846 0.3237 0.9424
vn 0.5936 -0.0867 0.8000
vn 0.0599 0.0868 0.9944
vn 0.1258 0.2206 0.9672
vn 0.1869 0.1338 0.9732
vn 0.2765 0.0549 0.9594
vn -0.4115 -0.0035 0.9114
vn 0.7293 0.0484 -0.6824
vn 0.5671 -0.0949 -0.8181
vn 0.6028 -0.1185 -0.7891
vn -0.0735 0.3599 -0.9301
vn 0.4409 0.3875 -0.8096
vn -0.0545 0.1007 -0.9934
vn 0.9761 0.1984 -0.0889
vn 0.7831 0.1060 -0.6128
vn 0.4141 0.1595 -0.8962
vn -0.0211 0.1639 -0.9863
vn 0.5685 0.1180 -0.8142
vn -0.8154 -0.1043 0.5694
vn -0.8146 -0.0269 0.5795
vn -0.9278 -0.1080 -0.3570
vn -0.9271 -0.3346 0.1691
vn 0.3609 0.1452 0.9212
vn 0.2531 0.1242 0.9594
vn 0.1811 0.1801 0.9668
vn 0.7764 0.1057 0.6213
vn 0.7501 -0.0419 0.6600
vn 0.8616 0.0143 0.5073
vn -0.0382 0.0065 0.9992
vn 0.8018 -0.0334 0.5966
vn 0.7857 -0.0078 0.6186
vn 0.7526 0.0790 0.6537
vn 0.2077 0.0136 0.9781
vn -0.4630 -0.0951 -0.8813
vn 0.2439 0.1188 -0.9625
vn 0.3283 -0.2322 -0.9156
vn -0.9311 -0.1531 -0.3309
vn -0.8816 -0.0455 -0.4698
vn -0.9250 -0.0179 -0.3795
vn -0.9684 0.0708 0.2390
vn -0.9027 -0.4151 0.1131
vn -0.8690 -0.2696 0.4150
vn -0.7637 -0.1259 0.6332
vn -0.6182 0.0866 0.7812
vn -0.3425 -0.1468 -0.9280
vn 0.2366 -0.0578 -0.9699
vn 0.0135 0.0548 -0.9984
vn 0.2832 -0.1149 -0.9521
vn 0.8654 -0.0043 -0.5011
vn 0.7514 -0.2064 -0.6268
vn 0.9406 -0.2224 -0.2565
vn 0.8365 0.0294 0.5471
vn 0.9795 -0.1967 0.0427
vn 0.9998 -0.0177 0.0051
vn 0.9453 0.1752 0.2750
vn 0.9518 0.0121 0.3066
vn 0.9313 0.1531 -0.3305
vn 0.9420 0.2007 -0.2691
vn -0.9788 0.0382 -0.2011
vn -0.9716 -0.0955 -0.2163
vn -0.9993 0.0064 -0.0363
vn -0.7563 0.0130 -0.6541
vn -0.9950 -0.0941 0.0326
vn -0.7535 -0.1419 -0.6420
vn -0.9994 0.0202 0.0277
vn -0.9696 0.0573 0.2380
vn -0.3403 -0.1804 -0.9228
vn -0.6313 -0.0622 -0.7730
vn 0.6886 -0.1917 -0.6994
vn 0.1042 -0.1580 -0.9819
vn -0.3615 -0.0896 -0.9280
vn -0.4568 -0.0643 -0.8872
vn 0.4110 -0.1784 -0.8940
vn 0.3704 -0.2735 -0.8877
vn 0.6229 -0.2900 -0.7266
vn 0.8924 -0.2043 -0.4024
vn 0.8531 -0.0082 -0.5217
vn 0.0572 -0.1751 -0.9829
vn 0.1244 -0.0966 -0.9875
vn 0.0666 -0.0751 -0.9950
vn 0.6853 -0.0656 -0.7253
vn 0.0687 0.1099 -0.9916
vn 0.9676 -0.0888 -0.2365
vn 0.9214 -0.0569 -0.3845
vn 0.9078 -0.1342 -0.3973
vn -0.1162 -0.1817 -0.9765
vn -0.2140 -0.0595 -0.9750
vn -0.1220 0.0715 -0.9899
vn 0.4337 -0.0813 -0.8974
vn 0.5762 -0.3621 -0.7327
vn -0.8304 -0.1339 0.5409
vn -0.7871 -0.1481 0.5988
vn -0.3445 -0.0633 0.9366
vn -0.1688 0.0867 0.9818
vn -0.9485 0.0100 0.3166
vn -0.5847 -0.0943 0.8057
vn -0.5618 0.0610 0.8250
vn -0.9405 0.0113 0.3397
vn -0.5380 -0.0442 0.8418
vn -0.3848 -0.0038 0.9230
vn -0.8107 -0.0062 0.5855
vn -0.0957 -0.2057 -0.9739
vn -0.2970 -0.1472 -0.9435
vn -0.6130 0.0462 -0.7888
vn -0.7299 -0.0838 -0.6784
vn -0.5334 -0.0264 -0.8454
vn -0.1847 -0.0997 -0.9777
vn -0.1168 -0.0608 -0.9913
vn -0.2196 0.0465 -0.9745
vn -0.5288 0.0390 0.8479
vn -0.0515 -0.0675 0.9964
vn -0.5767 -0.0598 0.8147
vn 0.7265 0.1296 0.6748
vn 0.8143 -0.1350 0.5645
vn 0.1285 0.0107 0.9916
vn 0.9043 -0.0561 0.4232
vn 0.9669 -0.0876 0.2397
vn -0.1244 -0.0847 -0.9886
vn -0.1256 -0.2808 -0.9515
vn -0.5847 0.0002 -0.8113
vn -0.6327 -0.2301 -0.7394
vn -0.7715 -0.1452 0.6194
vn -0.1237 -0.0518 0.9910
vn -0.7764 -0.0158 0.6301
vn -0.1539 -0.1492 0.9768
vn -0.1636 0.2470 0.9551
vn -0.5424 -0.2204 0.8107
vn -0.0806 0.2848 0.9552
vn -0.7019 0.0987 0.7054
vn -0.7678 0.4708 0.4345
vn -0.8691 -0.2393 -0.4329
vn 0.8241 0.0227 -0.5660
vn 0.8936 -0.1526 -0.4221
vn 0.7255 -0.4977 -0.4754
vn -0.5038 -0.2518 0.8263
vn -0.2833 0.4822 0.8290
vn -0.6775 -0.0733 0.7319
vn -0.9971 0.0748 0.0107
vn -0.7677 -0.0161 -0.6406
vn -0.5455 -0.1325 -0.8276
vn -0.6458 0.1845 -0.7409
vn -0.4353 0.1334 -0.8903
vn -0.0290 -0.0953 -0.9950
vn 0.1484 0.1633 -0.9753
vn 0.2044 0.2323 0.9509
vn 0.1813 -0.0231 0.9832
vn 0.4437 0.7395 0.5063
vn -0.4723 0.7471 0.4676
vn -0.4901 -0.0007 0.8717
vn -0.5268 -0.1252 0.8407
vn -0.2233 0.3292 0.9175
vn 0.0155 -0.0527 0.9985
vn 0.6394 0.5368 0.5504
vn 0.6941 0.4170 0.5868
vn 0.4846 0.0878 0.8703
vn -0.0642 0.2741 0.9596
vn -0.2367 0.8598 0.4525
vn -0.7071 0.3929 0.5879
vn -0.5065 0.1546 0.8483
vn 0.1411 0.5867 0.7974
vn 0.8525 -0.0902 -0.5149
vn 0.5078 0.8323 -0.2222
vn 0.8207 0.5521 0.1469
vn -0.7306 0.5942 0.3365
vn -0.5308 0.8404 0.1093
vn -0.9848 0.1291 0.1161
vn -0.6461 0.7532 0.1230
vn -0.5881 0.4611 -0.6644
vn 0.1630 0.9788 -0.1243
vn -0.0873 0.9709 -0.2229
vn -0.1141 0.9860 0.1219
vn 0.0979 0.5638 -0.8201
vn -0.4801 0.8208 -0.3093
vn 0.2078 0.9699 0.1269
vn 0.7398 0.3057 0.5993
vn 0.6949 0.5939 0.4055
vn 0.1393 0.9764 0.1649
vn -0.1026 0.9543 0.2808
vn -0.0243 0.9506 0.3094
vn 0.0401 0.9645 0.2608
vn -0.0401 0.6883 0.7244
vn -0.3058 0.1334 0.9427
vn -0.1503 0.7780 0.6100
vn 0.1069 0.1747 0.9788
vn 0.4312 0.8304 0.3529
vn 0.8666 0.1850 0.4634
vn 0.2883 0.9547 0.0736
vn 0.4992 0.7253 0.4741
vn 0.0950 0.2439 0.9651
vn 0.3776 0.0452 0.9249
vn -0.0378 0.8310 0.5550
vn -0.1517 0.9880 0.0304
vn -0.0250 0.9967 -0.0777
vn 0.1825 0.9349 -0.3043
vn 0.9831 -0.1160 -0.1420
vn 0.9935 0.0268 0.1106
vn 0.9610 -0.2699 -0.0596
vn 0.5925 0.0803 0.8016
vn 0.3522 0.6626 0.6610
vn 0.1559 0.9671 -0.2012
vn 0.0621 0.9966 -0.0541
vn -0.0598 0.8966 -0.4387
vn -0.0567 0.9852 -0.1617
vn -0.1227 0.9012 -0.4156
vn 0.1612 0.9485 -0.2725
vn 0.0094 0.9969 -0.0776
vn -0.1152 0.9915 0.0597
vn -0.1537 0.9876 -0.0325
vn -0.2074 0.7913 -0.5751
vn -0.0466 0.9963 -0.0727
vn 0.5398 0.8277 0.1534
vn 0.0183 0.9476 -0.3189
vn -0.5988 0.7494 -0.2827
vn 0.6190 0.7750 0.1270
vn -0.6289 0.5551 -0.5444
vn 0.0447 0.3508 -0.9354
vn 0.8269 0.4356 -0.3556
vn 0.8273 0.5581 0.0645
vn 0.3163 0.9486 0.0141
vn 0.4997 0.8115 -0.3030
vn 0.6913 0.7068 -0.1504
vn 0.9011 0.3775 -0.2133
vn 0.6385 0.3894 -0.6638
vn -0.0733 0.2846 -0.9558
vn -0.3830 0.8119 -0.4405
vn -0.7692 0.6316 -0.0971
vn -0.3436 0.9364 0.0709
vn -0.8393 0.4598 -0.2902
vn -0.3843 0.2719 -0.8823
vn 0.3131 0.9497 -0.0076
vn 0.5113 0.5614 -0.6507
vn 0.0190 0.9845 0.1741
vn -0.2673 0.9225 0.2784
vn -0.0231 0.9992 -0.0325
vn 0.3103 0.9486 -0.0627
vn -0.0106 0.9790 0.2038
vn 0.0886 0.9896 -0.1133
vn 0.5823 0.7657 0.2734
vn 0.2236 0.9139 0.3386
vn -0.0877 0.9361 -0.3405
vn 0.0529 0.9973 0.0505
vn 0.1440 0.9853 0.0922
vn -0.1195 0.9898 -0.0778
vn 0.0408 0.9778 -0.2055
vn 0.1463 0.9831 -0.1102
vn 0.0479 0.9800 -0.1932
vn 0.1088 0.9941 0.0035
vn 0.1379 0.9752 -0.1731
vn -0.2250 0.9371 -0.2670
vn 0.1425 0.9326 -0.3316
vn 0.0201 0.9850 -0.1713
vn 0.2023 0.9757 -0.0838
vn 0.2202 0.9754 0.0123
vn 0.4263 0.8486 -0.3133
vn 0.0646 0.9825 -0.1749
vn 0.0392 0.9982 0.0462
vn 0.3735 0.9185 0.1295
vn -0.1674 0.9858 -0.0159
vn 0.2919 0.8990 0.3263
vn -0.0017 0.8828 0.4698
vn -0.1515 0.6603 0.7356
vn -0.5274 0.8087 0.2605
vn -0.3998 0.6594 -0.6367
vn -0.5712 0.3802 -0.7275
vn -0.2934 0.8028 -0.5191
vn -0.5503 0.4360 -0.7121
vn -0.4209 0.7955 -0.4359
vn -0.5898 0.3618 -0.7220
vn -0.6334 0.7702 -0.0753
vn -0.9337 0.3138 -0.1725
vn -0.8444 0.3859 -0.3715
vn -0.2069 -0.0997 -0.9733
vn -0.5392 0.0639 -0.8398
vn -0.4572 0.6147 -0.6428
vn 0.7318 0.5371 -0.4196
vn 0.7904 0.2860 -0.5418
vn 0.5641 0.4597 -0.6859
vn 0.7178 0.3438 -0.6055
vn 0.4554 0.8186 -0.3499
vn 0.4651 0.8471 -0.2571
vn 0.4955 0.8170 -0.2950
vn 0.7033 0.4577 -0.5439
vn 0.4008 0.8583 -0.3203
vn 0.6689 0.4064 -0.6224
vn 0.5530 0.4703 0.6877
vn 0.8918 0.2909 0.3464
vn 0.7564 0.5225 0.3936
vn 0.8618 0.4917 0.1244
vn 0.9255 0.1559 0.3452
vn -0.5283 0.1500 0.8357
vn -0.7242 0.2022 0.6593
vn -0.2176 0.0370 0.9753
vn -0.2840 0.0723 0.9561
vn 0.7627 -0.0862 -0.6410
vn -0.2800 0.5779 -0.7666
vn 0.4579 0.5658 -0.6857
vn 0.0173 -0.1676 -0.9857
vn -0.6539 0.3325 -0.6796
vn 0.4858 0.0533 -0.8724
vn 0.6058 -0.2039 -0.7691
vn 0.4193 -0.2246 -0.8797
vn -0.8683 0.4951 -0.0288
vn -0.9544 0.1103 0.2773
vn -0.9075 0.3544 -0.2255
vn -0.8914 0.4024 -0.2085
vn -0.8647 0.4686 -0.1808
vn 0.6053 0.0222 -0.7957
vn 0.3066 -0.1052 -0.9460
vn 0.4065 -0.5674 -0.7161
vn 0.6143 0.4191 -0.6685
vn 0.0256 0.2543 -0.9668
vn -0.3912 0.4631 -0.7953
vn -0.0728 0.4816 -0.8734
vn -0.2713 0.3679 -0.8894
vn -0.8712 0.1482 0.4680
vn -0.8329 0.4531 0.3177
vn -0.8704 0.3372 0.3589
vn -0.9870 0.1207 0.1062
vn -0.9510 -0.0413 0.3064
vn -0.9388 -0.2082 0.2745
vn -0.8400 0.2017 0.5038
vn -0.8756 0.1608 -0.4555
vn -0.8722 -0.0433 -0.4872
vn -0.9023 0.2742 -0.3328
vn -0.9286 0.2036 -0.3102
vn -0.6131 0.4309 -0.6622
vn -0.6513 0.1581 -0.7422
vn -0.5465 0.2374 -0.8031
vn 0.6763 0.2184 -0.7035
vn 0.8609 0.0871 -0.5012
vn 0.8910 0.0696 -0.4487
vn 0.2094 0.0830 -0.9743
vn 0.5673 -0.1860 -0.8022
vn 0.9175 0.0179 -0.3974
vn 0.4062 -0.0521 0.9123
vn 0.5929 0.0738 0.8019
vn 0.4393 0.0739 0.8953
vn 0.2387 0.5153 -0.8231
vn 0.0884 0.5248 -0.8466
vn 0.8356 0.3241 -0.4435
vn 0.9301 0.3647 0.0431
vn 0.3864 0.5229 -0.7598
vn 0.7403 0.6124 0.2774
vn 0.5706 0.0990 -0.8152
vn 0.1595 -0.2587 -0.9527
vn 0.3864 0.2437 -0.8896
vn -0.1890 0.2005 -0.9613
vn -0.3818 0.0795 -0.9208
vn 0.2940 0.0510 -0.9544
vn 0.0439 0.2132 -0.9760
vn 0.9510 -0.2347 -0.2014
vn 0.7627 0.4637 -0.4508
vn 0.8391 0.5419 -0.0483
vn 0.9376 -0.3471 0.0225
vn 0.7007 0.0243 -0.7131
vn 0.7306 -0.3590 -0.5809
vn -0.0370 0.2735 -0.9612
vn 0.2176 0.2815 -0.9346
vn -0.4892 0.3199 -0.8114
vn 0.9679 0.2501 -0.0261
vn 0.9983 -0.0168 0.0565
vn 0.7397 -0.3164 0.5939
vn 0.9103 0.0348 0.4126
vn 0.9375 0.0681 0.3414
vn -0.8532 0.3726 -0.3650
vn -0.9937 -0.0940 -0.0611
vn -0.9228 0.3760 -0.0837
vn 0.4476 0.0862 -0.8901
vn 0.0373 0.2354 -0.9712
vn 0.0179 -0.1024 -0.9946
vn 0.2839 -0.4417 -0.8511
vn 0.2799 -0.0698 -0.9575
vn -0.4821 -0.3559 0.8006
vn -0.3148 -0.3952 0.8630
vn -0.5961 -0.4615 0.6570
vn -0.3752 -0.2677 0.8875
vn -0.6414 -0.5808 0.5013
vn 0.4712 -0.8371 -0.2780
vn -0.0550 -0.9887 -0.1393
vn 0.5824 -0.6871 0.4344
vn -0.0855 -0.4203 -0.9033
vn 0.1637 -0.1424 -0.9762
vn 0.3806 -0.6267 -0.6800
vn 0.6557 0.2324 -0.7183
vn -0.9686 -0.1197 0.2178
vn -0.8356 -0.4099 0.3658
vn -0.8432 -0.3577 0.4014
vn -0.7779 -0.4130 0.4737
vn -0.7434 -0.1236 0.6574
vn -0.1245 0.0625 0.9903
vn -0.5263 0.3386 0.7800
vn -0.6792 0.3717 0.6328
vn -0.6284 0.1758 0.7578
vn -0.1185 -0.4370 -0.8916
vn -0.6226 0.0916 -0.7772
vn 0.0436 0.1939 -0.9801
vn 0.5693 0.1617 -0.8061
vn -0.8932 -0.4387 -0.0990
vn -0.8501 -0.5151 -0.1095
vn -0.9117 -0.3635 0.1915
vn -0.8706 -0.3495 0.3461
vn -0.6026 -0.4099 -0.6848
vn -0.7390 -0.4148 -0.5309
vn -0.7519 -0.2614 -0.6052
vn -0.9099 -0.2512 -0.3302
vn -0.8638 -0.4662 -0.1910
vn -0.8034 -0.4037 -0.4378
vn -0.9857 -0.1676 -0.0153
vn -0.9771 -0.1997 -0.0733
vn -0.9298 -0.3680 -0.0010
vn -0.9184 -0.3770 -0.1200
vn -0.9738 -0.1457 -0.1745
vn -0.9135 -0.3177 -0.2539
vn 0.1356 -0.3174 -0.9385
vn 0.5581 -0.2430 -0.7934
vn 0.1238 -0.2843 -0.9507
vn 0.0696 -0.3832 -0.9211
vn 0.1739 -0.4666 -0.8672
vn 0.3151 -0.4209 -0.8506
vn 0.2290 -0.2143 -0.9495
vn 0.3874 -0.3220 -0.8638
vn -0.6407 -0.3827 -0.6656
vn -0.8649 -0.3048 0.3989
vn -0.9501 -0.2012 0.2384
vn -0.9243 -0.2517 0.2870
vn -0.9184 -0.3917 0.0556
vn -0.9777 -0.2079 -0.0313
vn -0.9506 -0.1379 0.2780
vn -0.9077 -0.4147 0.0645
vn -0.9974 -0.0076 -0.0714
vn -0.9405 -0.3349 -0.0569
vn 0.0369 -0.3558 0.9339
vn 0.0974 -0.1356 0.9860
vn 0.3262 -0.1575 0.9321
vn -0.2223 -0.7097 0.6685
vn -0.3764 -0.5842 0.7190
vn -0.1095 -0.7097 0.6960
vn 0.4876 -0.0540 0.8714
vn 0.2686 -0.4476 0.8529
vn 0.4263 -0.1367 0.8942
vn 0.3491 -0.2969 0.8888
vn 0.9653 -0.2142 -0.1493
vn 0.9835 -0.1644 0.0750
vn 0.9198 -0.3710 0.1278
vn -0.8998 -0.4304 -0.0715
vn -0.8839 -0.4612 0.0770
vn -0.9962 -0.0591 -0.0640
vn -0.9237 -0.3339 -0.1880
vn -0.7867 0.0310 0.6166
vn -0.6463 -0.2973 0.7027
vn -0.6516 0.2533 0.7150
vn -0.4860 0.3212 0.8128
vn -0.4247 0.4687 0.7745
vn -0.5530 0.3283 0.7657
vn -0.7365 0.5187 0.4341
vn -0.8441 -0.2786 0.4581
vn -0.7587 0.2306 0.6093
vn -0.7938 -0.1747 0.5826
vn -0.9070 0.0316 0.4199
vn -0.5571 0.0288 0.8299
vn -0.5166 0.6274 0.5827
vn -0.1996 0.2691 0.9422
vn -0.0121 0.3437 0.9390
vn -0.0280 -0.1383 0.9900
vn -0.2712 -0.1275 0.9540
vn 0.0686 0.9930 -0.0959
vn 0.0583 0.9983 0.0066
vn -0.0189 0.9994 -0.0284
vn 0.0475 0.9985 -0.0277
vn -0.0403 0.9977 0.0541
vn -0.0162 0.9942 0.1060
vn -0.0441 0.9990 -0.0103
vn -0.0864 0.9938 0.0705
vn -0.0787 0.9917 -0.1015
vn -0.0071 0.9988 0.0479
vn 0.0078 0.9950 0.0998
vn 0.0340 0.9900 -0.1366
vn -0.0288 0.9965 0.0783
vn 0.0748 0.9939 0.0813
vn -0.0426 0.9966 -0.0699
vn 0.0642 0.9957 0.0664
vn -0.0045 0.9996 0.0266
vn -0.0880 0.9921 -0.0896
vn -0.0383 0.9829 0.1802
vn 0.0039 0.9855 0.1696
vn 0.0952 0.9918 -0.0858
vn -0.0890 0.9810 0.1723
vn 0.0720 0.9825 0.1719
vn 0.0229 0.9977 0.0630
vn 0.1312 0.9795 0.1530
vn -0.0993 0.9737 0.2051
vn 0.2424 0.9510 0.1918
vn 0.4157 0.9027 -0.1111
vn -0.5254 0.8507 0.0153
vn -0.0893 0.9290 0.3592
vn -0.0440 0.9492 -0.3115
vn 0.1528 0.9824 0.1074
vn 0.3062 0.9120 -0.2728
vn 0.3062 0.8734 -0.3787
vn -0.6650 0.6948 -0.2740
vn -0.3529 0.9024 -0.2474
vn -0.6920 -0.6718 0.2643
vn -0.8687 -0.3013 -0.3932
vn -0.1082 -0.8188 -0.5638
vn -0.4551 -0.1888 -0.8702
vn -0.8004 -0.5766 0.1637
vn -0.2598 -0.9480 0.1837
vn -0.0671 -0.9913 0.1130
vn 0.2275 -0.9663 -0.1206
vn 0.1006 -0.9879 0.1182
vn -0.0795 -0.3884 -0.9181
vn -0.0851 -0.9025 -0.4221
vn 0.1732 -0.9829 0.0622
vn -0.4153 -0.3234 0.8503
vn -0.7111 -0.7028 0.0202
vn 0.0543 -0.8165 0.5748
vn -0.0810 -0.9964 -0.0231
vn 0.2392 -0.9183 0.3154
vn -0.3801 -0.9167 -0.1237
vn -0.7733 -0.6300 -0.0716
vn -0.4104 -0.8785 -0.2446
vn -0.1063 -0.9900 -0.0927
vn 0.1673 -0.9856 -0.0240
vn -0.0007 -0.9963 0.0855
vn -0.0339 -0.9960 0.0824
vn -0.4956 -0.6216 0.6066
vn -0.0270 -0.9624 0.2704
vn -0.6291 -0.7553 0.1837
vn -0.8436 -0.5132 0.1581
vn 0.0487 -0.4084 0.9115
vn 0.2116 -0.7674 0.6053
vn 0.4738 -0.5145 0.7147
vn 0.2513 -0.8904 0.3795
vn -0.0848 -0.5893 0.8034
vn -0.0908 -0.9331 0.3479
vn -0.3629 -0.8538 0.3732
vn -0.4626 -0.3547 0.8125
vn -0.0912 -0.8468 0.5240
vn -0.4474 -0.7821 0.4339
vn -0.3581 -0.9271 0.1104
vn -0.3695 -0.9287 0.0318
vn -0.0623 -0.9856 0.1575
vn 0.9565 -0.2912 -0.0176
vn 0.3815 -0.8716 0.3078
vn -0.3921 -0.4924 0.7770
vn -0.2776 -0.9596 -0.0466
vn 0.1583 -0.9865 -0.0408
vn 0.1949 -0.7849 0.5882
vn -0.2298 -0.9056 -0.3566
vn -0.1157 -0.9821 -0.1488
vn 0.1117 -0.9864 0.1207
vn -0.0221 -0.9869 0.1598
vn -0.0933 -0.2390 -0.9665
vn -0.8361 0.0277 -0.5479
vn 0.0147 -0.9991 -0.0403
vn 0.0435 -0.9950 -0.0894
vn 0.0361 -0.9973 -0.0646
vn 0.0201 -0.9997 0.0111
vn 0.1149 -0.9804 -0.1603
vn -0.0848 -0.9950 0.0535
vn 0.0128 -0.9980 -0.0626
vn 0.0227 -0.9875 -0.1561
vn 0.1084 -0.9923 -0.0594
vn -0.0585 -0.9977 -0.0353
vn 0.0426 -0.9987 0.0266
vn 0.0832 -0.9965 0.0061
vn 0.0936 -0.9863 0.1362
vn 0.1472 -0.9883 0.0390
vn 0.1750 -0.9792 0.1030
vn 0.0623 -0.9938 -0.0919
vn -0.0192 -0.9977 0.0655
vn 0.8974 -0.1421 0.4176
vn 0.6406 -0.5976 0.4823
vn 0.3253 -0.8947 0.3060
vn 0.1087 -0.9791 -0.1718
vn 0.0486 -0.9985 -0.0268
vn 0.0099 -0.9941 -0.1078
vn -0.0040 -0.9786 -0.2056
vn 0.0053 -0.9956 -0.0939
vn -0.7753 -0.3657 -0.5149
vn -0.9678 -0.0777 -0.2394
vn -0.8602 0.0781 -0.5040
vn 0.0914 0.0300 -0.9954
vn -0.5714 -0.0192 -0.8204
vn -0.0579 -0.0841 -0.9948
vn -0.0555 0.0326 -0.9979
vn -0.0035 0.0893 -0.9960
vn -0.3715 0.0049 -0.9284
vn -0.2387 0.0763 -0.9681
vn -0.0481 -0.0125 -0.9988
vn 0.0006 0.2058 -0.9786
vn 0.0060 0.2395 0.9709
vn -0.0468 0.2253 0.9732
vn -0.7409 -0.0484 -0.6698
vn -0.5871 0.0522 -0.8079
vn 0.1765 0.1118 -0.9779
vn -0.1461 -0.0536 -0.9878
vn 0.1217 0.0747 -0.9898
vn -0.2823 0.1595 -0.9460
vn -0.7661 0.2019 0.6102
vn -0.8600 0.2761 0.4291
vn -0.9768 0.1836 -0.1104
vn -0.9484 0.3038 -0.0905
vn -0.7452 -0.0209 -0.6666
vn -0.7326 0.4866 0.4759
vn -0.8279 0.3172 0.4626
vn -0.5400 0.5480 0.6388
vn 0.6763 0.2706 -0.6851
vn 0.4419 0.1649 -0.8818
vn -0.1736 0.4282 -0.8869
vn -0.2016 0.0972 -0.9746
vn 0.4380 0.3324 -0.8353
vn -0.2378 -0.0416 -0.9704
vn 0.5607 -0.0070 -0.8280
vn 0.5999 0.3022 -0.7408
vn 0.8932 0.1408 -0.4270
vn 0.9167 0.3056 -0.2574
vn 0.7724 0.1693 -0.6121
vn -0.1704 0.1031 -0.9800
vn -0.7381 0.2313 -0.6338
vn -0.3579 0.2146 -0.9087
vn -0.2751 0.2906 -0.9164
vn -0.9068 0.1159 0.4053
vn -0.5893 -0.0248 0.8076
vn -0.7629 0.2439 0.5988
vn -0.4211 0.0002 0.9070
vn -0.7395 0.0335 0.6723
vn -0.0562 -0.0831 -0.9950
vn -0.6185 0.1499 -0.7714
vn -0.5137 0.1061 -0.8514
vn -0.9196 0.2243 -0.3224
vn -0.7693 0.3292 -0.5475
vn -0.3611 0.3661 -0.8577
vn -0.0684 0.1831 0.9807
vn 0.0744 0.3866 0.9193
vn -0.3831 0.3821 0.8410
vn -0.3731 -0.2599 0.8906
vn -0.6890 0.2328 0.6863
vn -0.3684 -0.0993 0.9244
vn -0.6151 0.2491 0.7481
vn -0.9877 0.1539 0.0285
vn -0.9290 0.3672 -0.0465
vn -0.8435 0.2829 -0.4566
vn 0.7352 0.1376 0.6637
vn 0.8890 0.1636 0.4276
vn -0.3995 -0.0761 -0.9136
vn -0.0445 -0.0716 -0.9964
vn -0.1267 -0.2940 -0.9474
vn 0.5633 -0.2933 -0.7725
vn 0.7054 -0.1598 -0.6906
vn 0.0050 0.2432 -0.9700
vn -0.5972 0.2108 -0.7739
vn -0.0151 0.3132 -0.9496
vn 0.7221 0.3252 -0.6106
vn -0.8088 -0.0429 0.5865
vn -0.9795 -0.1649 -0.1156
vn -0.7487 -0.2448 0.6161
vn -0.9353 -0.1280 0.3298
vn 0.1133 0.0301 -0.9931
vn 0.6113 -0.0985 -0.7853
vn 0.9435 0.1568 -0.2919
vn 0.7382 0.4228 -0.5256
vn 0.1109 0.3041 -0.9462
vn 0.6809 0.0333 -0.7316
vn -0.0363 -0.2690 0.9624
vn -0.5321 -0.1960 0.8237
vn 0.1818 -0.3168 0.9309
vn -0.3671 -0.1450 0.9188
vn 0.5549 -0.2937 0.7783
vn 0.4640 -0.4872 0.7398
vn -0.1022 -0.0686 0.9924
vn -0.3524 -0.0200 0.9356
vn -0.3789 0.0461 0.9243
vn -0.8063 -0.0618 0.5883
vn -0.7855 -0.0164 0.6187
vn -0.1527 -0.0714 0.9857
vn -0.6888 -0.0271 0.7244
vn -0.0116 0.0741 0.9972
vn -0.9164 -0.0308 -0.3990
vn -0.9285 -0.0500 -0.3680
vn -0.7040 -0.0328 -0.7094
vn -0.3625 -0.0671 -0.9296
vn 0.3611 -0.2598 -0.8956
vn 0.8605 -0.2154 -0.4618
vn -0.3797 -0.0735 -0.9222
vn 0.4405 -0.0787 -0.8943
vn -0.1764 -0.1869 -0.9664
vn -0.6654 -0.1299 0.7351
vn -0.9082 0.0007 0.4185
vn -0.7932 -0.0547 0.6065
vn -0.9139 -0.1423 -0.3801
vn -0.8448 0.1114 0.5234
vn -0.9991 0.0435 -0.0012
vn -0.9907 -0.0765 0.1125
vn -0.0927 0.0086 0.9957
vn -0.8394 -0.2040 0.5037
vn -0.9183 -0.1040 0.3820
vn -0.1315 -0.8779 0.4604
vn -0.4799 -0.6428 0.5971
vn -0.5344 -0.4342 0.7252
vn -0.6845 -0.1363 0.7162
vn -0.8698 0.0299 0.4926
vn 0.9829 -0.1029 -0.1530
vn 0.9246 -0.1028 -0.3668
vn -0.8191 -0.0936 0.5659
vn -0.6796 0.2788 0.6785
vn -0.6623 -0.0142 0.7491
vn -0.8137 -0.0958 0.5733
vn -0.7502 0.1460 0.6449
vn -0.8756 -0.0106 -0.4829
vn -0.0861 0.0258 0.9959
vn 0.1700 0.4021 0.8997
vn -0.4542 -0.0202 0.8907
vn -0.5274 0.3878 0.7559
vn 0.9043 -0.1486 0.4001
vn 0.6255 -0.2000 -0.7542
vn 0.8101 0.1485 0.5671
vn 0.9986 0.0496 0.0169
vn 0.8764 0.0291 -0.4807
vn 0.5459 -0.0377 -0.8370
vn 0.7110 0.3575 -0.6055
vn 0.3004 0.1882 0.9351
vn 0.1518 -0.1872 0.9705
vn 0.8570 0.2450 0.4533
vn 0.9019 -0.1497 0.4051
vn 0.7472 0.4926 0.4462
vn 0.9815 0.1029 -0.1612
vn 0.8737 0.1974 -0.4447
vn 0.9770 -0.1398 -0.1610
vn -0.9801 0.0897 0.1770
vn -0.5105 -0.4833 0.7112
vn -0.4525 -0.7232 0.5217
vn 0.1414 -0.0858 0.9862
vn 0.0191 -0.0994 0.9949
vn -0.3037 -0.1124 0.9461
vn -0.5134 -0.0980 0.8525
vn -0.3757 -0.3885 0.8414
vn -0.8321 0.4688 0.2964
vn -0.7671 0.4797 -0.4260
vn -0.2807 0.8838 -0.3743
vn -0.5212 0.6963 -0.4935
vn -0.1469 0.8956 -0.4200
vn 0.2841 0.5076 -0.8134
vn -0.4277 0.9034 0.0306
vn -0.5076 0.7858 -0.3534
vn 0.2910 0.9466 -0.1385
vn -0.2680 0.8864 -0.3775
vn 0.5654 0.6616 -0.4926
vn -0.6351 0.6469 -0.4220
vn 0.0016 0.9960 0.0897
vn -0.0602 0.9682 -0.2429
vn -0.2087 0.8493 -0.4849
vn -0.0339 0.9881 -0.1501
vn -0.0016 0.9357 -0.3527
vn -0.1932 0.9809 0.0247
vn -0.1184 0.9827 0.1427
vn -0.2536 0.8671 -0.4287
vn -0.1676 0.9848 0.0453
vn -0.0906 0.9958 -0.0114
vn 0.0498 0.9987 0.0051
vn -0.0856 0.9913 0.0999
vn -0.0441 0.9984 0.0341
vn -0.2920 0.9563 0.0102
vn -0.0875 0.9961 0.0139
vn -0.6126 0.7901 -0.0201
vn -0.1258 0.9754 0.1810
vn 0.0226 0.9991 -0.0362
vn -0.6504 0.7532 0.0985
vn 0.5047 0.3841 0.7731
vn 0.5983 -0.0275 0.8008
vn 0.3322 0.2831 0.8997
vn -0.3999 -0.1030 0.9107
vn 0.5535 0.5751 0.6024
vn 0.5577 0.7755 -0.2958
vn 0.2368 0.9700 -0.0540
vn 0.7584 0.6511 0.0304
vn 0.9094 0.4129 0.0505
vn -0.2879 0.8399 -0.4601
vn 0.4703 0.7026 -0.5340
vn -0.0314 0.3049 -0.9519
vn 0.3101 0.7580 -0.5739
vn -0.2229 0.8205 -0.5264
vn -0.1644 0.9863 -0.0112
vn 0.1276 0.9872 -0.0958
vn -0.0304 0.9993 0.0201
vn 0.0824 0.9915 0.1011
vn 0.0157 0.9972 0.0728
vn -0.3620 0.8375 0.4093
vn 0.2986 0.8793 0.3709
vn -0.1264 0.9909 0.0459
vn 0.3304 0.9438 -0.0116
vn 0.0103 0.9957 -0.0917
vn 0.1151 0.9837 -0.1379
vn -0.3554 0.9291 0.1026
vn 0.4663 0.8615 -0.2008
vn -0.0555 0.6626 -0.7470
vn -0.2213 0.8688 -0.4430
vn -0.1268 0.9905 -0.0523
vn -0.2357 0.9718 -0.0099
vn -0.1515 0.9658 -0.2104
vn 0.0077 0.9896 -0.1436
vn 0.0620 0.9808 -0.1848
vn -0.0568 0.9871 -0.1494
vn -0.0103 0.9978 -0.0662
vn -0.0656 0.9939 0.0886
vn 0.2873 0.9531 -0.0956
vn 0.5072 0.8520 -0.1300
vn -0.1609 0.7953 -0.5844
vn -0.0373 0.9840 -0.1743
vn -0.1124 0.8626 -0.4932
vn 0.2561 0.9569 -0.1368
vn 0.1112 0.9933 0.0312
vn 0.0086 0.9780 -0.2082
vn 0.0997 0.9844 -0.1453
vn -0.1011 0.9778 -0.1837
vn -0.0939 0.9427 -0.3200
vn -0.0216 0.9957 -0.0900
vn -0.0766 0.9213 -0.3813
vn -0.2188 0.5001 -0.8379
vn -0.1825 0.5387 -0.8225
vn -0.0896 0.9842 -0.1528
vn 0.0455 0.9827 -0.1793
vn 0.1176 0.7444 -0.6573
vn 0.6233 -0.1355 -0.7701
vn 0.2761 0.7738 -0.5701
vn 0.5278 0.0673 -0.8467
vn 0.6607 0.5420 -0.5193
vn 0.3138 0.1630 -0.9354
vn 0.3127 0.8888 0.3350
vn 0.4294 0.8906 0.1500
vn 0.6258 0.5485 0.5545
vn 0.4952 0.8130 0.3064
vn 0.6555 0.7316 0.1875
vn 0.9169 0.3961 0.0496
vn 0.8409 0.5020 0.2023
vn 0.6643 0.7468 0.0312
vn 0.9577 0.2866 0.0264
vn 0.9506 0.2041 0.2337
vn 0.9939 0.0034 0.1099
vn 0.8957 0.4418 0.0501
vn 0.7964 0.1869 -0.5752
vn -0.1188 -0.0996 0.9879
vn -0.1934 -0.0961 0.9764
vn 0.0580 -0.0588 0.9966
vn -0.0768 0.0273 0.9967
vn -0.3707 0.1488 -0.9168
vn -0.2727 0.0196 -0.9619
vn -0.5517 0.2235 -0.8036
vn -0.2516 -0.1894 -0.9491
vn -0.3190 -0.0226 -0.9475
vn 0.4883 -0.5191 -0.7015
vn 0.2584 -0.4094 -0.8750
vn -0.3480 0.7914 0.5027
vn -0.8400 0.5383 -0.0682
vn -0.5448 0.8385 -0.0083
vn -0.6801 -0.3456 -0.6466
vn -0.8386 -0.0745 -0.5396
vn -0.4935 0.4394 -0.7506
vn -0.5504 0.2343 -0.8013
vn -0.7061 -0.0032 -0.7081
vn 0.4665 0.3533 0.8109
vn 0.6379 0.1992 0.7439
vn 0.7163 0.3960 0.5746
vn 0.6457 0.0610 0.7612
vn 0.6774 0.2548 0.6900
vn 0.7943 0.2660 0.5462
vn 0.7181 -0.2030 0.6657
vn 0.4307 0.5530 -0.7133
vn 0.3022 0.4486 -0.8411
vn 0.9047 0.1285 0.4063
vn 0.9447 0.2963 0.1406
vn 0.9225 0.2077 0.3254
vn 0.8549 0.4167 0.3091
vn 0.6401 0.3937 0.6598
vn 0.4821 0.2732 0.8324
vn 0.5834 0.1995 0.7873
vn 0.2778 0.1976 0.9401
vn 0.2438 0.5447 0.8024
vn 0.5695 0.3212 0.7566
vn -0.0125 0.3710 0.9286
vn 0.0290 0.2529 0.9671
vn -0.2553 0.3615 0.8968
vn -0.1095 0.1842 0.9768
vn -0.9413 -0.1355 -0.3093
vn -0.2155 -0.8227 -0.5261
vn -0.1742 -0.7100 -0.6823
vn -0.5301 -0.2148 -0.8203
vn -0.6151 0.3994 -0.6798
vn 0.1428 0.2646 -0.9537
vn 0.3962 0.5814 -0.7107
vn 0.9860 -0.1432 0.0859
vn -0.7570 0.1248 0.6413
vn -0.3480 -0.8575 0.3790
vn -0.6561 -0.6863 0.3139
vn -0.9469 0.0504 0.3176
vn -0.9071 -0.1429 0.3958
vn -0.8938 -0.0542 0.4453
vn -0.9484 0.1138 0.2960
vn -0.9800 -0.0362 0.1958
vn -0.9987 0.0503 0.0104
vn -0.9542 0.0932 -0.2841
vn -0.9318 -0.1366 -0.3361
vn -0.9480 -0.2523 -0.1939
vn 0.9400 -0.0866 -0.3301
vn 0.7458 -0.2151 0.6305
vn 0.9876 0.0206 -0.1556
vn 0.7666 0.1707 -0.6190
vn 0.6475 0.1865 -0.7389
vn -0.0202 -0.2943 -0.9555
vn 0.4316 0.1643 -0.8870
vn 0.3433 0.4816 -0.8063
vn 0.3894 0.3254 -0.8617
vn 0.6955 -0.2964 -0.6545
vn 0.2840 0.3414 -0.8960
vn 0.4956 0.7134 -0.4954
vn 0.9467 0.1589 -0.2802
vn 0.7818 0.2657 -0.5641
vn 0.5150 -0.1047 -0.8508
vn 0.5148 0.3397 -0.7871
vn 0.2878 0.4842 -0.8263
vn 0.2847 0.4075 -0.8677
vn 0.6553 0.6090 -0.4468
vn 0.3336 -0.3578 -0.8722
vn 0.6822 0.2988 -0.6673
vn 0.8561 0.2675 -0.4421
vn 0.8632 0.2436 -0.4423
vn 0.7866 -0.1143 -0.6068
vn -0.8989 -0.4355 -0.0473
vn -0.9616 -0.2559 0.0990
vn -0.9824 -0.1862 0.0118
vn -0.8156 -0.0728 -0.5740
vn -0.9808 0.1129 -0.1591
vn -0.9643 -0.0938 -0.2475
vn -0.9341 -0.0836 -0.3470
vn 0.9572 -0.2563 0.1348
vn 0.9833 -0.1341 -0.1228
vn 0.9629 -0.0972 -0.2519
vn 0.8417 -0.3217 0.4337
vn 0.9135 -0.1896 0.3599
vn 0.9049 0.0030 0.4255
vn 0.6431 -0.4067 0.6489
vn 0.8532 0.0206 0.5213
vn 0.8389 -0.1404 0.5258
vn 0.8121 0.0186 0.5832
vn -0.0790 -0.4812 -0.8730
vn 0.0486 -0.4686 -0.8821
vn -0.3260 -0.5625 -0.7598
vn 0.6386 -0.1022 0.7627
vn 0.7224 0.0232 0.6911
vn 0.1012 -0.0777 -0.9918
vn -0.3274 -0.1049 -0.9390
vn -0.1204 -0.3530 -0.9278
vn -0.9492 -0.3144 -0.0117
vn -0.9163 -0.3283 0.2293
vn -0.4474 -0.0991 -0.8888
vn -0.1699 -0.5910 -0.7886
vn -0.4864 -0.2961 -0.8220
vn -0.2010 -0.5600 -0.8037
vn -0.3482 -0.6110 -0.7109
vn -0.2624 -0.5248 -0.8098
vn -0.1041 -0.1517 -0.9829
vn -0.1683 -0.4323 -0.8859
vn 0.1339 -0.3172 0.9388
vn -0.8662 -0.1160 -0.4861
vn -0.9035 -0.2647 -0.3371
vn -0.8237 0.4296 -0.3700
vn -0.8130 0.3653 -0.4534
vn -0.7294 0.4812 -0.4862
vn -0.8261 -0.2119 -0.5221
vn -0.4587 0.3048 -0.8347
vn -0.6471 -0.1887 -0.7387
vn 0.3825 0.4619 -0.8002
vn 0.5466 -0.2762 -0.7905
vn 0.4569 -0.0174 -0.8894
vn -0.0249 0.9982 -0.0540
vn 0.1535 0.9871 -0.0465
vn 0.2425 0.9664 -0.0856
vn -0.0942 0.9816 -0.1661
vn 0.0598 0.9955 -0.0731
vn -0.0691 0.9969 -0.0387
vn -0.2208 0.9714 -0.0876
vn -0.8861 0.3498 -0.3042
vn -0.2823 0.9493 -0.1386
vn 0.0296 0.9987 0.0426
vn 0.0610 0.9976 0.0330
vn 0.0619 0.9966 0.0539
vn -0.2303 0.9674 -0.1056
vn 0.1194 0.9829 -0.1400
vn -0.4340 0.8575 -0.2761
vn -0.8277 0.3174 -0.4628
vn 0.0623 0.9975 0.0339
vn -0.0390 0.9968 -0.0694
vn -0.4066 0.8545 -0.3233
vn 0.1542 0.9854 0.0717
vn 0.1269 0.9919 0.0024
vn 0.0085 0.9999 0.0123
vn 0.0515 0.9862 0.1570
vn 0.1352 0.9829 -0.1250
vn -0.0061 0.9983 0.0573
vn 0.1126 0.9932 0.0295
vn 0.0333 0.9932 -0.1111
vn -0.0355 0.9940 0.1038
vn 0.0306 0.9965 -0.0784
vn -0.0418 0.7628 -0.6453
vn 0.0337 0.9950 0.0940
vn -0.0032 0.9947 -0.1028
vn 0.0473 0.7380 -0.6732
vn -0.6263 0.7793 0.0198
vn -0.8340 0.5422 0.1022
vn -0.9943 0.0822 -0.0686
vn -0.4610 0.8528 0.2454
vn -0.2359 0.9685 0.0793
vn 0.0685 0.9967 0.0431
vn -0.2712 0.9625 0.0033
vn -0.2959 0.8248 0.4818
vn -0.1048 0.8940 0.4357
vn -0.1742 0.9636 0.2027
vn 0.3727 0.7859 -0.4933
vn 0.4586 0.4156 -0.7855
vn -0.1821 -0.9749 0.1281
vn -0.0233 -0.9997 -0.0024
vn 0.3554 -0.9227 0.1495
vn 0.4455 -0.8562 0.2616
vn 0.7101 -0.6937 0.1205
vn -0.1967 -0.9429 0.2688
vn -0.4151 -0.8141 0.4062
vn -0.0311 -0.9955 -0.0901
vn 0.1896 -0.9697 -0.1539
vn -0.0526 -0.9959 -0.0741
vn 0.2521 -0.7757 -0.5786
vn 0.0003 -0.8564 0.5162
vn 0.0559 -0.9799 0.1915
vn 0.1767 -0.9548 0.2390
vn 0.0788 -0.9849 0.1544
vn 0.2079 -0.9296 -0.3045
vn 0.0622 -0.9981 -0.0044
vn 0.0999 -0.8934 0.4381
vn 0.0158 -0.9071 0.4207
vn -0.0405 -0.9955 0.0861
vn -0.1667 -0.9501 0.2637
vn -0.1285 -0.9761 0.1753
vn -0.3178 -0.9408 0.1181
vn 0.2946 -0.9551 0.0334
vn 0.1201 -0.9798 0.1599
vn 0.1608 -0.9866 -0.0287
vn 0.0476 -0.9820 0.1828
vn 0.1686 -0.9216 0.3497
vn -0.0483 -0.9888 -0.1414
vn -0.0739 -0.9898 -0.1219
vn -0.0345 -0.9611 -0.2741
vn -0.0294 -0.9883 -0.1495
vn -0.1878 -0.9580 -0.2168
vn -0.0477 -0.9909 -0.1258
vn -0.1089 -0.9785 -0.1750
vn -0.0230 -0.9946 -0.1009
vn -0.0809 -0.9896 -0.1193
vn -0.0660 -0.9977 0.0121
vn 0.0674 -0.9850 -0.1587
vn -0.0067 -0.9959 -0.0902
vn 0.0818 -0.9831 -0.1636
vn 0.1534 -0.9751 -0.1604
vn -0.0217 -0.9889 -0.1473
vn 0.0143 -0.9974 -0.0708
vn 0.0220 -0.9995 -0.0209
vn -0.1083 -0.9926 -0.0547
vn 0.0677 -0.9902 -0.1223
vn 0.0419 -0.9987 -0.0289
vn -0.1925 -0.9653 -0.1765
vn -0.1452 -0.9875 -0.0615
vn 0.0111 -0.9964 -0.0838
vn 0.1218 -0.9923 0.0224
vn -0.0926 -0.9936 -0.0649
vn 0.7318 -0.6815 -0.0055
vn 0.4665 -0.5207 -0.7150
vn 0.0068 -0.6978 -0.7162
vn 0.2150 -0.0590 -0.9748
vn -0.3771 -0.5850 -0.7180
vn -0.1567 -0.1154 -0.9809
vn -0.0443 -0.9953 0.0860
vn -0.0471 -0.9988 0.0144
vn -0.0935 -0.9952 0.0290
vn -0.0171 -0.9990 -0.0413
vn 0.0103 -0.9987 0.0492
vn 0.0466 -0.9982 -0.0379
vn 0.0601 -0.9969 0.0505
vn -0.0236 -0.9995 0.0222
vn 0.0354 -0.9892 0.1425
vn 0.0721 -0.9963 0.0460
vn -0.0461 -0.9972 0.0594
vn -0.0298 -0.9844 0.1734
vn 0.0949 -0.9827 0.1593
vn 0.0731 -0.9924 0.0986
vn 0.9566 0.2915 0.0057
vn 0.5316 -0.4501 0.7175
vn -0.3027 -0.8400 0.4504
vn -0.1619 -0.9868 0.0040
vn 0.4265 -0.8306 0.3582
vn -0.0874 -0.9962 0.0003
vn -0.0414 -0.9979 -0.0508
vn -0.1230 -0.9902 -0.0668
vn 0.1347 -0.9851 0.1065
vn -0.0956 -0.9854 0.1408
vn 0.1243 -0.9903 0.0629
vn 0.2592 -0.9633 -0.0704
vn -0.1289 -0.9895 -0.0652
vn 0.0129 -0.9990 -0.0417
vn -0.0912 -0.9897 -0.1102
vn 0.0330 -0.9995 0.0014
vn -0.1049 -0.9941 -0.0290
vn 0.5641 -0.7902 0.2395
vn 0.8991 -0.3947 -0.1891
vn 0.1143 -0.9761 0.1850
vn 0.1279 -0.9610 0.2453
vn 0.7329 -0.5212 0.4373
vn 0.0686 -0.9964 -0.0500
vn -0.0687 -0.9970 -0.0359
vn 0.0261 -0.9363 -0.3501
vn 0.5092 -0.8455 -0.1605
vn 0.9821 -0.1882 0.0064
vn 0.4030 -0.8609 -0.3106
vn -0.0211 -0.9898 -0.1409
vn -0.1129 -0.9777 -0.1769
vn 0.0262 -0.9846 -0.1728
vn -0.0872 -0.9946 -0.0557
vn 0.9783 0.2022 0.0459
vn 0.9718 -0.1694 0.1641
vn 0.9881 -0.0209 -0.1526
vn 0.4521 0.3007 -0.8397
vn 0.0294 0.2497 -0.9679
vn 0.6444 0.1688 -0.7458
vn -0.5244 0.2753 0.8057
vn -0.0853 0.0207 0.9961
vn -0.8470 0.3793 0.3724
vn -0.9478 -0.1412 0.2858
vn -0.6150 0.4329 -0.6591
vn -0.9347 0.3432 -0.0928
vn -0.5471 0.0207 -0.8368
vn -0.9842 -0.0960 -0.1485
vn -0.9170 0.0940 0.3876
vn -0.9724 0.1229 0.1984
vn -0.7393 0.1149 -0.6635
vn -0.9055 0.1579 -0.3939
vn -0.8482 -0.1549 -0.5065
vn -0.4716 0.0705 -0.8790
vn -0.9286 0.1838 -0.3223
vn 0.7714 0.4530 0.4468
vn 0.8298 0.5499 0.0950
vn 0.8297 -0.1465 0.5387
vn 0.7335 0.3250 -0.5970
vn 0.6347 0.3476 -0.6901
vn 0.7207 0.2458 -0.6482
vn 0.9250 0.3011 0.2318
vn 0.4140 -0.0387 -0.9095
vn 0.8108 0.1585 -0.5635
vn 0.6257 0.2688 0.7322
vn 0.8479 0.3549 0.3938
vn 0.8397 0.0940 0.5349
vn 0.8708 -0.2438 0.4269
vn 0.2174 -0.1721 0.9608
vn 0.4623 0.0882 0.8823
vn 0.1784 0.1228 0.9763
vn 0.5120 0.2481 0.8224
vn 0.7346 0.0596 -0.6758
vn 0.5083 0.2060 -0.8362
vn 0.0580 0.0654 -0.9962
vn 0.0342 -0.2181 -0.9753
vn 0.2563 0.5344 -0.8054
vn 0.1971 0.3996 -0.8953
vn -0.6271 0.0925 -0.7734
vn -0.5652 0.1135 -0.8171
vn -0.2621 0.0894 -0.9609
vn -0.6195 0.2435 -0.7463
vn -0.7670 0.3012 -0.5666
vn -0.6586 0.1479 -0.7378
vn -0.9508 0.2791 -0.1345
vn 0.3715 0.2622 -0.8906
vn 0.8710 0.1882 -0.4538
vn 0.3185 0.3335 -0.8873
vn 0.0930 -0.1398 -0.9858
vn -0.1213 -0.0667 -0.9904
vn 0.9664 0.0002 -0.2571
vn 0.6005 0.1271 -0.7895
vn 0.7347 0.3262 0.5948
vn 0.9546 -0.2581 0.1488
vn 0.9567 0.2796 0.0806
vn -0.7573 0.1313 0.6397
vn -0.6212 0.1295 0.7729
vn -0.7698 -0.0172 0.6380
vn -0.2451 -0.1631 0.9557
vn -0.0079 -0.0314 0.9995
vn -0.3919 0.2969 0.8708
vn -0.3634 0.2179 0.9058
vn 0.3838 0.3973 0.8336
vn 0.3266 0.2208 0.9190
vn -0.2411 0.1547 0.9581
vn 0.8677 -0.0659 -0.4927
vn 0.8686 -0.0083 -0.4954
vn 0.8724 -0.0671 -0.4841
vn 0.3953 0.0619 -0.9165
vn 0.6112 -0.0172 -0.7913
vn 0.5142 -0.3477 -0.7840
vn 0.3530 -0.2556 -0.9000
vn -0.2113 -0.0867 -0.9736
vn -0.1678 0.1380 -0.9761
vn 0.8486 -0.2747 -0.4521
vn 0.0031 0.0844 0.9964
vn -0.4635 0.2651 0.8455
vn -0.4552 -0.1183 0.8825
vn 0.6166 -0.0504 0.7856
vn 0.4694 0.2403 0.8497
vn 0.5699 0.1438 0.8090
vn 0.6491 0.0046 0.7607
vn -0.0519 0.0027 0.9986
vn -0.6087 -0.1151 0.7850
vn -0.8206 0.2432 0.5171
vn -0.8103 -0.0270 0.5854
vn -0.3667 -0.3432 0.8647
vn -0.3447 -0.1502 0.9266
vn -0.7670 0.1342 0.6275
vn -0.8228 -0.0254 0.5677
vn -0.4338 -0.3893 -0.8125
vn -0.5032 0.0432 -0.8631
vn -0.5796 0.0518 -0.8132
vn 0.9923 0.0470 0.1147
vn 0.6852 0.1075 -0.7204
vn 0.5256 0.0189 -0.8505
vn 0.9949 -0.0676 -0.0754
vn 0.9993 -0.0134 -0.0361
vn 0.9141 0.0958 -0.3940
vn 0.6940 -0.6692 0.2657
vn 0.6224 -0.7413 0.2513
vn 0.9106 -0.1961 0.3637
vn 0.6841 -0.3223 0.6543
vn 0.6264 -0.2135 0.7497
vn 0.6216 -0.2177 0.7524
vn -0.7184 -0.1652 0.6757
vn -0.1428 -0.1978 0.9698
vn -0.8746 -0.1596 0.4579
vn -0.7266 -0.1905 0.6601
vn -0.7711 -0.3178 0.5517
vn 0.1328 -0.2076 0.9692
vn 0.2575 -0.1754 0.9502
vn 0.0041 -0.1457 0.9893
vn -0.6482 -0.0729 0.7580
vn 0.3446 -0.1230 -0.9307
vn 0.4539 -0.1747 -0.8738
vn 0.2618 0.0029 -0.9651
vn -0.8358 -0.2765 0.4742
vn -0.9009 -0.4337 0.0194
vn -0.8800 -0.4443 0.1682
vn -0.9927 0.0702 0.0982
vn -0.6533 -0.7560 0.0407
vn -0.8799 -0.4514 0.1481
vn -0.8062 0.1899 0.5603
vn -0.5885 -0.3239 0.7407
vn -0.8634 0.0268 -0.5038
vn -0.9482 0.1255 -0.2918
vn 0.1438 0.0352 0.9890
vn -0.1139 -0.1240 0.9857
vn -0.3184 -0.0204 0.9477
vn -0.5882 -0.0511 0.8071
vn 0.5123 0.0204 0.8586
vn -0.1588 0.0394 0.9865
vn -0.9847 0.1545 0.0807
vn -0.7237 -0.0552 -0.6879
vn -0.4743 -0.2570 -0.8420
vn -0.0703 0.2480 -0.9662
vn -0.4612 -0.0355 0.8866
vn -0.3864 0.3259 0.8628
vn -0.5175 0.2634 0.8141
vn 0.9789 -0.1950 0.0613
vn 0.9830 -0.1108 0.1466
vn 0.9733 -0.2296 -0.0010
vn 0.8173 -0.2927 -0.4964
vn 0.5584 -0.1437 -0.8170
vn 0.9492 -0.2488 -0.1926
vn 0.6780 0.0560 -0.7330
vn 0.9952 -0.0874 -0.0448
vn 0.9824 -0.1671 0.0839
vn 0.2387 0.0877 -0.9671
vn 0.9203 0.3497 -0.1754
vn 0.1340 0.3476 -0.9280
vn 0.4483 -0.0131 -0.8938
vn 0.9389 -0.1587 -0.3053
vn 0.3708 -0.1575 -0.9153
vn 0.9447 0.0291 -0.3265
vn -0.7859 0.5316 0.3158
vn -0.9804 0.0931 -0.1736
vn -0.6474 0.6852 -0.3337
vn -0.4554 0.2003 -0.8675
vn 0.5093 -0.1517 -0.8471
vn -0.0766 -0.0574 -0.9954
vn 0.2956 0.4516 -0.8418
vn 0.7651 0.0313 -0.6432
vn 0.7754 0.4524 -0.4406
vn 0.6942 0.5753 -0.4325
vn 0.6058 -0.0152 0.7955
vn 0.9138 -0.0246 0.4054
vn 0.6776 0.3919 0.6222
vn 0.9761 0.2138 0.0399
vn -0.8999 0.2983 -0.3181
vn -0.9101 0.3700 -0.1866
vn -0.6970 0.1582 -0.6994
vn 0.1184 0.7357 -0.6668
vn -0.0990 0.2913 -0.9515
vn -0.5216 0.3804 -0.7637
vn -0.6760 0.4744 -0.5639
vn -0.7670 0.4715 -0.4352
vn -0.7677 0.4505 -0.4557
vn -0.6847 0.3841 -0.6194
vn -0.8154 0.5735 -0.0792
vn -0.9601 0.1708 -0.2216
vn -0.9526 0.1943 -0.2342
vn 0.4978 -0.0121 0.8672
vn 0.4205 -0.0291 0.9068
vn 0.4489 -0.0160 0.8934
vn 0.3716 -0.0223 -0.9281
vn -0.3169 0.0066 -0.9484
vn -0.1025 0.9947 0.0127
vn 0.7992 0.5090 0.3196
vn 0.0852 0.8455 -0.5272
vn -0.7495 0.3395 -0.5683
vn -0.6763 0.6670 0.3127
vn -0.2158 0.9762 0.0229
vn -0.4147 0.9100 0.0047
vn -0.1583 0.9711 -0.1785
vn -0.2555 0.8976 -0.3593
vn -0.2033 0.9778 -0.0513
vn -0.1112 0.9937 -0.0156
vn -0.3776 0.9250 -0.0421
vn -0.2593 0.9157 -0.3069
vn -0.1093 0.9917 0.0677
vn 0.2638 0.9640 -0.0328
vn -0.1216 0.9909 -0.0586
vn 0.1528 0.9638 0.2184
vn -0.6000 0.7881 -0.1374
vn -0.5762 0.8000 0.1672
vn -0.6285 0.7776 -0.0169
vn -0.4448 0.8939 0.0559
vn -0.6886 0.7017 0.1828
vn -0.4030 0.7928 0.4573
vn -0.4030 0.8536 0.3300
vn -0.3206 0.9432 0.0876
vn -0.3304 0.9428 -0.0445
vn -0.1369 0.9517 -0.2747
vn 0.5706 0.7836 0.2457
vn 0.4483 0.6821 -0.5777
vn -0.1595 0.8721 0.4626
vn 0.6851 0.4835 0.5449
vn 0.3541 0.8311 -0.4289
vn 0.1178 0.9815 -0.1507
vn 0.1783 0.9598 -0.2168
vn 0.5764 0.7721 0.2677
vn 0.1893 0.9310 0.3123
vn 0.3012 0.9453 0.1256
vn 0.5629 0.8070 0.1783
vn -0.5916 0.4886 0.6413
vn -0.6846 0.5727 0.4510
vn -0.7626 0.4202 0.4918
vn -0.6887 0.3822 0.6162
vn -0.6461 0.7609 0.0608
vn 0.3700 -0.2211 -0.9024
vn 0.8460 0.3749 -0.3790
vn 0.8890 0.3077 -0.3392
vn 0.6168 0.7772 -0.1248
vn -0.8795 0.0131 -0.4756
vn -0.9275 0.0217 -0.3731
vn -0.8401 0.4211 0.3420
vn -0.9468 0.2490 0.2039
vn -0.9798 0.1327 -0.1498
vn -0.9717 0.0141 -0.2359
vn -0.9807 0.1427 -0.1336
vn -0.6604 0.1898 -0.7265
vn 0.5419 0.0104 -0.8404
vn 0.6108 -0.0314 -0.7911
vn 0.8280 -0.0725 0.5560
vn 0.8586 0.0889 0.5050
vn 0.6727 -0.2665 0.6902
vn 0.8282 -0.1600 0.5371
vn 0.7655 -0.4010 0.5032
vn -0.0204 0.8178 -0.5751
vn 0.1964 0.7769 -0.5983
vn 0.2927 0.3550 -0.8879
vn 0.2290 0.6639 -0.7119
vn -0.1587 0.0912 -0.9831
vn 0.5251 0.2808 -0.8034
vn 0.1666 0.9321 -0.3216
vn -0.4850 0.5132 -0.7081
vn -0.9554 0.2884 -0.0640
vn -0.8089 0.4438 -0.3856
vn -0.9475 0.3197 -0.0043
vn 0.9183 0.2097 0.3359
vn 0.9147 -0.0289 0.4031
vn -0.8537 -0.2271 0.4686
vn -0.8485 -0.0571 0.5261
vn -0.8129 0.4819 0.3271
vn -0.6232 0.0061 0.7820
vn 0.5164 0.0439 0.8552
vn 0.5863 -0.0573 0.8081
vn 0.7355 -0.2209 0.6405
vn 0.8586 -0.1295 -0.4960
vn 0.8805 0.1453 -0.4511
vn 0.8871 0.0276 -0.4607
vn 0.9151 0.0398 -0.4014
vn 0.8834 -0.0254 -0.4680
vn 0.8653 0.0011 -0.5013
vn 0.7956 -0.1154 0.5948
vn 0.7118 -0.1668 0.6823
vn 0.6627 0.4604 0.5907
vn 0.2104 0.5007 0.8396
vn 0.5826 -0.1488 0.7990
vn -0.2524 0.3733 0.8927
vn -0.0625 0.5748 0.8159
vn -0.2959 0.3075 0.9044
vn -0.6374 -0.3786 -0.6711
vn -0.4744 -0.5103 -0.7173
vn -0.6373 -0.7261 -0.2583
vn -0.4001 -0.2688 -0.8762
vn -0.7617 0.2042 -0.6149
vn -0.2886 0.0758 -0.9545
vn -0.7892 0.4184 -0.4495
vn -0.0918 -0.4570 0.8847
vn 0.5110 -0.1087 0.8527
vn 0.3461 -0.5878 0.7312
vn 0.3468 -0.3873 0.8542
vn 0.6088 -0.1069 0.7861
vn -0.0085 -0.0259 0.9996
vn 0.2801 -0.0230 0.9597
vn -0.0962 -0.2181 -0.9712
vn 0.4637 -0.6331 -0.6198
vn -0.8200 0.1981 0.5370
vn -0.4873 0.2972 0.8211
vn -0.6367 0.2616 0.7254
vn -0.5994 0.0646 0.7979
vn 0.9934 0.0657 0.0942
vn 0.7711 -0.1987 0.6049
vn -0.3645 -0.1953 -0.9105
vn -0.2245 -0.6858 -0.6923
vn 0.2845 -0.2521 -0.9249
vn 0.2943 -0.3537 -0.8878
vn 0.3585 -0.4665 -0.8086
vn -0.0718 -0.8242 -0.5618
vn 0.0848 -0.6383 -0.7651
vn 0.8133 -0.1783 -0.5539
vn 0.7847 -0.2153 -0.5813
vn 0.8167 -0.4289 -0.3862
vn 0.9548 -0.2239 -0.1956
vn 0.9860 -0.1128 -0.1225
vn 0.5681 -0.1358 0.8117
vn -0.1197 -0.0541 0.9913
vn 0.1900 -0.1472 0.9707
vn -0.8905 -0.2079 -0.4048
vn -0.9424 -0.1579 -0.2948
vn -0.9002 -0.0453 -0.4331
vn -0.9638 -0.0572 -0.2604
vn -0.8514 0.1209 -0.5104
vn 0.9336 0.3004 0.1951
vn 0.9174 -0.2753 0.2875
vn 0.9382 -0.2347 0.2542
vn 0.9648 0.2515 0.0771
vn 0.9788 0.2009 0.0389
vn 0.9191 0.1098 -0.3785
vn 0.9793 0.1405 -0.1461
vn -0.4583 -0.4596 0.7608
vn -0.6602 -0.3215 0.6788
vn 0.0894 -0.4421 0.8925
vn -0.8848 -0.0455 0.4638
vn -0.7960 -0.3494 0.4943
vn -0.6681 -0.3543 0.6543
vn -0.5757 -0.3482 0.7399
vn -0.5520 -0.3141 0.7725
vn -0.4174 -0.2443 0.8753
vn -0.5589 -0.1581 0.8140
vn 0.8280 -0.4907 0.2712
vn 0.8904 -0.2998 0.3424
vn 0.8447 -0.4123 0.3412
vn 0.9756 -0.1664 0.1433
vn -0.8592 -0.3836 0.3385
vn -0.9226 -0.0403 0.3837
vn -0.9413 -0.1104 0.3190
vn -0.9074 -0.2590 0.3310
vn -0.9826 -0.1804 0.0443
vn 0.7483 -0.4271 0.5076
vn 0.6102 0.2697 0.7449
vn 0.7076 0.4253 0.5643
vn 0.8802 -0.3325 0.3388
vn -0.3125 0.4526 -0.8352
vn -0.0382 0.1854 -0.9819
vn -0.0545 0.4516 -0.8906
vn -0.3235 0.0999 -0.9409
vn -0.4751 0.6568 -0.5856
vn -0.5414 0.1745 -0.8224
vn -0.3670 0.8197 -0.4398
vn -0.4332 0.8088 -0.3977
vn 0.0734 0.9931 0.0912
vn -0.0978 0.9642 -0.2465
vn 0.0150 0.9994 0.0297
vn 0.1313 0.9826 0.1313
vn -0.1241 0.9851 -0.1190
vn 0.0227 0.9947 0.1006
vn -0.0822 0.9925 0.0900
vn -0.1122 0.9917 -0.0631
vn 0.0333 0.9919 0.1229
vn 0.1836 0.9681 0.1704
vn 0.0152 0.9808 0.1945
vn -0.5369 0.7211 -0.4380
vn -0.7783 0.1508 -0.6095
vn -0.7911 0.1601 -0.5903
vn -0.9162 0.2299 -0.3283
vn 0.8311 0.5398 0.1338
vn 0.4247 0.9049 -0.0267
vn 0.6229 0.7817 0.0298
vn 0.5760 0.7642 0.2902
vn 0.7473 0.4499 0.4890
vn 0.6620 0.3480 0.6638
vn 0.4956 0.6318 0.5960
vn 0.0667 0.9955 0.0667
vn -0.1809 0.9602 -0.2130
vn -0.1732 0.9693 -0.1748
vn -0.0686 0.9418 -0.3290
vn 0.3802 0.3640 0.8503
vn 0.2148 0.4477 0.8680
vn 0.1282 0.9409 0.3135
vn -0.0141 0.8833 0.4685
vn -0.1319 0.7351 0.6650
vn -0.1004 0.9948 -0.0186
vn 0.0748 0.9511 -0.2998
vn -0.4895 0.7812 -0.3875
vn -0.3427 0.9388 0.0351
vn 0.1120 0.9931 -0.0359
vn -0.0871 0.9941 -0.0641
vn 0.0265 0.9991 -0.0327
vn 0.0958 -0.9947 -0.0366
vn 0.0601 -0.9980 0.0194
vn 0.2394 -0.9708 0.0166
vn 0.5234 -0.8145 -0.2504
vn 0.6328 -0.6928 -0.3458
vn 0.3449 -0.8969 -0.2769
vn -0.3845 -0.9194 0.0835
vn -0.3488 -0.8968 -0.2723
vn 0.1014 -0.9946 -0.0211
vn 0.4642 -0.7122 -0.5266
vn 0.4174 -0.6982 -0.5816
vn -0.0841 -0.5298 -0.8439
vn -0.7613 -0.6408 0.0988
vn -0.3301 -0.9420 0.0610
vn -0.1584 -0.9871 0.0247
vn 0.1176 -0.9759 0.1841
vn -0.2991 -0.9362 0.1845
vn -0.0596 -0.9975 0.0368
vn -0.1228 -0.9905 -0.0610
vn -0.3223 -0.9462 0.0284
vn -0.1260 -0.9920 0.0059
vn -0.2173 -0.9741 -0.0629
vn -0.1245 -0.9901 -0.0643
vn -0.1097 -0.9930 -0.0440
vn -0.0946 -0.9763 -0.1948
vn -0.0192 -0.9791 -0.2026
vn -0.0387 -0.9308 -0.3634
vn -0.0364 -0.9950 0.0927
vn 0.0809 -0.9930 0.0859
vn -0.0605 -0.9963 0.0617
vn 0.0073 -0.9909 0.1345
vn 0.1762 -0.9647 0.1957
vn 0.1506 -0.9734 0.1725
vn 0.0344 -0.9858 0.1645
vn 0.0428 -0.9690 0.2434
vn -0.1105 -0.9920 0.0605
vn -0.0581 -0.9883 0.1412
vn -0.0556 -0.9905 0.1256
vn 0.2034 -0.9788 0.0255
vn 0.0414 -0.9976 0.0555
vn 0.1551 -0.9829 -0.0994
vn 0.3317 -0.9401 -0.0788
vn 0.7440 -0.6681 0.0054
vn 0.4446 -0.6045 -0.6610
vn 0.9170 -0.1465 -0.3709
vn 0.6579 -0.5703 -0.4919
vn -0.0271 -0.2074 -0.9779
vn -0.0117 -0.7016 -0.7125
vn -0.2881 -0.8468 -0.4472
vn 0.9164 -0.0100 -0.4002
vn 0.0314 -0.1373 -0.9900
vn -0.3333 0.0173 -0.9427
vn -0.3745 -0.6946 -0.6142
vn -0.3020 -0.3137 -0.9002
vn -0.1456 -0.3464 -0.9267
vn -0.9815 -0.0953 0.1659
vn -0.9429 -0.0578 -0.3281
vn -0.9843 -0.1712 0.0437
vn -0.2748 -0.3521 0.8947
vn -0.7388 -0.1570 0.6553
vn -0.9847 -0.1652 -0.0561
vn -0.6104 -0.6971 0.3761
vn -0.0009 -1.0000 0.0070
vn 0.0245 -0.9967 0.0775
vn -0.0450 -0.9983 -0.0380
vn 0.0102 -0.9999 -0.0082
vn 0.2094 -0.9459 -0.2478
vn 0.0719 -0.9973 0.0129
vn 0.5023 -0.7597 -0.4130
vn -0.0308 -0.9992 0.0245
vn -0.0723 -0.9970 -0.0285
vn -0.0797 -0.9960 0.0400
vn 0.2268 -0.9702 0.0849
vn 0.4768 -0.5581 0.6791
vn -0.2552 -0.8198 0.5126
vn -0.0417 -0.9750 0.2182
vn 0.7940 -0.6079 -0.0051
vn -0.1240 -0.1332 0.9833
vn -0.2196 0.2804 0.9344
vn -0.0441 -0.1031 0.9937
vn -0.0451 -0.6823 0.7297
vn 0.2096 -0.1503 0.9662
vn 0.7577 -0.1553 0.6339
vn 0.6866 0.1679 0.7073
vn 0.2812 0.3601 0.8895
vn -0.3001 0.0968 -0.9490
vn -0.6449 -0.0540 -0.7623
vn -0.7505 0.2411 -0.6154
vn -0.8434 0.1673 -0.5106
vn -0.8300 0.2272 -0.5094
vn -0.9231 0.0962 -0.3723
vn -0.7613 0.1413 -0.6328
vn 0.4330 0.3434 -0.8334
vn -0.0766 0.2689 -0.9601
vn -0.1371 0.2432 -0.9602
vn 0.8342 0.0531 -0.5489
vn 0.8385 0.3107 -0.4477
vn 0.6226 0.3483 0.7008
vn 0.6729 -0.0051 0.7397
vn 0.1740 0.3078 0.9354
vn -0.0975 0.1936 0.9762
vn 0.8191 0.2881 0.4961
vn 0.4537 0.2051 0.8672
vn 0.8220 0.0954 -0.5614
vn 0.9635 0.1901 -0.1884
vn 0.7355 0.2106 -0.6440
vn 0.6868 0.0520 -0.7250
vn 0.8540 0.1521 -0.4975
vn 0.9512 0.1596 0.2641
vn 0.7592 0.1631 -0.6301
vn -0.1530 0.0379 0.9875
vn 0.5051 -0.0788 0.8595
vn 0.4948 0.2566 0.8303
vn 0.8537 0.1124 0.5084
vn -0.5436 -0.0993 0.8335
vn -0.5773 0.0987 0.8105
vn -0.0027 -0.0719 0.9974
vn -0.6378 -0.3282 0.6968
vn 0.3431 -0.0804 0.9359
vn -0.0648 -0.1217 -0.9905
vn -0.1151 -0.1572 -0.9808
vn 0.9912 0.1322 0.0004
vn 0.9172 0.1343 0.3752
vn 0.8178 0.1113 0.5647
vn 0.8920 0.2752 -0.3587
vn 0.9519 0.1249 0.2800
vn -0.8311 -0.3981 0.3883
vn -0.8238 -0.1190 0.5542
vn -0.2830 -0.3377 0.8977
vn -0.5727 -0.0740 0.8164
vn -0.9804 -0.1964 0.0157
vn -0.7969 0.0214 0.6038
vn -0.9094 -0.1450 0.3899
vn -0.7686 -0.0167 0.6395
vn -0.9333 -0.0928 0.3470
vn -0.9988 0.0497 0.0013
vn -0.8743 0.1299 -0.4677
vn -0.3270 0.0759 0.9420
vn -0.8312 0.0276 0.5553
vn 0.2106 -0.1892 0.9591
vn 0.0558 0.2390 0.9694
vn -0.2223 -0.0737 -0.9722
vn 0.4386 -0.1643 -0.8835
vn 0.9989 0.0439 0.0139
vn 0.9043 0.0057 -0.4268
vn 0.7413 0.1419 -0.6560
vn 0.4908 0.0498 -0.8699
vn 0.1564 -0.0586 0.9860
vn 0.2122 -0.4562 0.8642
vn -0.4174 0.0757 0.9056
vn 0.9770 0.0171 0.2126
vn -0.6566 0.3418 -0.6724
vn 0.9762 -0.1756 -0.1271
vn 0.9671 -0.2305 0.1072
vn -0.8792 0.1431 0.4545
vn -0.3537 -0.3355 0.8731
vn -0.4209 0.1019 0.9014
vn -0.9278 -0.1099 0.3566
vn -0.9786 0.0209 -0.2047
vn -0.9954 -0.0224 0.0932
vn -0.7196 -0.0672 0.6911
vn 0.0357 0.3026 -0.9524
vn 0.1975 0.1510 -0.9686
vn 0.0435 0.0734 -0.9964
vn -0.5068 0.2686 -0.8192
vn -0.7584 -0.1912 -0.6231
vn -0.8042 0.3189 -0.5016
vn -0.7961 0.0029 -0.6051
vn -0.0322 -0.0227 -0.9992
vn 0.7539 -0.1407 0.6418
vn 0.3575 0.3683 0.8582
vn 0.9874 -0.1457 -0.0619
vn 0.8729 -0.2473 0.4206
vn 0.5901 0.3811 -0.7117
vn 0.3113 0.1676 -0.9354
vn 0.3084 -0.2578 -0.9156
vn -0.3518 -0.1697 -0.9206
vn -0.5125 0.3960 -0.7619
vn -0.9918 -0.0703 0.1069
vn -0.5866 0.3863 -0.7118
vn -0.9433 0.1693 -0.2856
vn -0.9075 -0.0005 -0.4200
vn -0.9297 -0.0560 -0.3639
vn -0.7336 0.0620 -0.6768
vn -0.2878 0.5517 -0.7828
vn 0.1389 0.5458 -0.8263
vn -0.1272 0.0627 -0.9899
vn -0.6041 0.1428 -0.7840
vn -0.1967 0.7608 -0.6185
vn 0.2272 0.8808 -0.4154
vn -0.0128 0.9864 -0.1637
vn 0.0715 0.9822 0.1734
vn -0.2703 0.9608 -0.0612
vn -0.4669 0.7379 0.4873
vn 0.2594 0.7562 0.6007
vn 0.0469 0.9861 -0.1597
vn 0.1887 0.8546 -0.4837
vn -0.0864 0.7732 -0.6283
vn 0.4412 0.7750 -0.4525
vn -0.6349 -0.0777 0.7686
vn -0.4018 0.6918 0.6000
vn -0.1562 -0.1199 0.9804
vn 0.5155 -0.0914 0.8520
vn 0.3682 0.7551 0.5425
vn 0.8747 0.2937 0.3855
vn -0.5657 0.2005 0.7999
vn -0.2172 0.9383 0.2692
vn -0.1683 0.8662 0.4704
vn 0.1010 0.9770 -0.1880
vn 0.4811 0.8695 -0.1120
vn -0.7328 0.4886 -0.4736
vn 0.6779 0.7348 0.0238
vn 0.1800 0.9835 0.0198
vn 0.1016 0.9821 -0.1585
vn 0.1819 0.8505 0.4934
vn 0.0939 0.5258 0.8454
vn 0.7253 0.1699 0.6672
vn 0.9663 0.2566 -0.0175
vn -0.0433 0.9982 -0.0413
vn 0.5108 0.8552 -0.0877
vn 0.4113 0.9071 0.0889
vn 0.0577 0.9748 0.2154
vn 0.1140 0.9636 -0.2419
vn 0.2553 0.8644 -0.4332
vn 0.4312 0.9015 0.0357
vn 0.1341 0.9898 -0.0484
vn 0.2821 0.8952 0.3450
vn 0.6522 0.7562 -0.0526
vn -0.0031 0.9977 -0.0676
vn -0.2682 0.8463 0.4603
vn -0.5904 0.7689 0.2454
vn -0.1725 0.6786 0.7140
vn -0.5481 0.6631 0.5097
vn -0.2010 0.8777 0.4350
vn 0.0197 0.8999 0.4357
vn -0.0785 0.6757 0.7330
vn -0.6761 0.7207 0.1533
vn -0.2802 0.8568 0.4328
vn -0.2977 0.8626 0.4090
vn -0.8554 0.3214 0.4063
vn -0.4425 0.3142 0.8399
vn 0.0669 0.9954 -0.0683
vn 0.0708 0.9936 -0.0882
vn -0.0680 0.9933 -0.0935
vn 0.1238 0.9801 -0.1550
vn -0.0391 0.9909 -0.1290
vn 0.1371 0.9878 -0.0739
vn 0.1373 0.9861 -0.0939
vn 0.1159 0.9678 -0.2237
vn 0.4008 0.9158 -0.0252
vn -0.2027 0.9741 -0.1003
vn 0.2501 0.9569 0.1477
vn 0.0474 0.8725 -0.4863
vn -0.7107 0.5446 -0.4453
vn -0.4648 0.8655 -0.1869
vn -0.7502 0.6063 -0.2639
vn -0.5119 0.6174 -0.5973
vn -0.8736 0.4140 -0.2559
vn -0.9726 0.1122 -0.2037
vn -0.7177 0.6884 -0.1051
vn -0.8909 0.0808 -0.4470
vn 0.2785 0.8176 -0.5039
vn -0.0189 0.9550 -0.2960
vn 0.2755 0.6673 -0.6919
vn -0.0175 0.9781 -0.2075
vn 0.5384 0.2178 -0.8141
vn 0.2343 0.8928 -0.3847
vn 0.3112 0.9360 -0.1647
vn 0.2864 0.9550 -0.0766
vn 0.3649 0.9290 -0.0619
vn 0.3141 0.9494 -0.0083
vn 0.9244 -0.3737 -0.0766
vn 0.5439 0.5053 0.6700
vn -0.9937 0.1067 0.0346
vn 0.4138 0.0910 -0.9058
vn 0.7219 0.2352 -0.6508
vn -0.9307 0.3648 0.0283
vn -0.0418 0.6129 -0.7890
vn -0.2067 0.5451 -0.8125
vn -0.6217 0.4315 -0.6537
vn -0.3171 0.8654 0.3881
vn -0.8049 0.4444 0.3933
vn -0.7095 0.4990 0.4975
vn -0.8523 -0.1490 -0.5014
vn -0.8533 -0.1566 -0.4973
vn 0.4338 0.4778 -0.7639
vn -0.4164 0.2285 -0.8800
vn -0.9542 -0.2865 0.0854
vn -0.6493 0.4615 -0.6045
vn -0.4798 0.3750 -0.7932
vn -0.3463 0.3418 -0.8736
vn -0.4473 0.4525 -0.7715
vn -0.3583 0.1767 -0.9167
vn -0.2392 0.4287 -0.8712
vn 0.0095 0.4203 -0.9073
vn -0.1646 0.0935 -0.9819
vn -0.3937 -0.3458 -0.8517
vn -0.8983 0.1747 0.4033
vn -0.9618 0.0661 0.2656
vn -0.8300 -0.0026 -0.5578
vn 0.6662 0.6028 0.4392
vn 0.9696 -0.0117 -0.2443
vn 0.8618 0.1007 -0.4971
vn -0.2040 -0.5477 -0.8114
vn -0.5533 -0.4041 -0.7284
vn -0.1970 -0.5298 -0.8249
vn 0.1921 -0.3468 0.9181
vn 0.3730 0.0199 0.9276
vn -0.2005 -0.0464 0.9786
vn -0.6030 -0.5125 -0.6114
vn -0.6430 -0.3522 -0.6801
vn -0.7204 0.0899 -0.6877
vn -0.9207 -0.3372 -0.1963
vn -0.3757 -0.0678 -0.9243
vn -0.3674 -0.4439 -0.8173
vn -0.6098 -0.1786 -0.7722
vn -0.2999 0.0394 -0.9532
vn -0.3583 -0.1773 -0.9166
vn -0.4581 0.0361 -0.8882
vn -0.1112 -0.2414 -0.9640
vn 0.1304 -0.3080 0.9424
vn 0.1572 -0.1483 -0.9764
vn 0.4500 -0.4235 -0.7863
vn 0.7144 0.0903 0.6939
vn 0.7038 -0.2164 0.6767
vn 0.7263 -0.3762 0.5753
vn 0.7208 -0.0908 0.6871
vn -0.6268 -0.1900 -0.7556
vn -0.8552 -0.1957 -0.4798
vn -0.1968 -0.3692 0.9083
vn -0.5639 0.0672 -0.8231
vn -0.1596 0.1174 -0.9802
vn -0.4980 -0.4946 0.7123
vn -0.7806 -0.3105 0.5425
vn 0.0104 0.9752 -0.2212
vn -0.0471 0.9983 -0.0356
vn 0.1105 0.9929 -0.0431
vn 0.0551 0.9907 -0.1248
vn 0.0814 0.9906 -0.1104
vn -0.0483 0.9987 -0.0137
vn 0.0262 0.9991 -0.0321
vn 0.0846 0.9813 -0.1728
vn 0.0702 0.9946 -0.0765
vn -0.1155 0.9597 0.2561
vn -0.2556 0.9637 0.0768
vn 0.1241 0.9918 0.0313
vn -0.2146 0.9717 0.0991
vn -0.2594 0.9657 -0.0128
vn -0.1285 0.9890 0.0734
vn -0.3214 0.9261 0.1975
vn 0.0705 0.9968 -0.0387
vn 0.1782 0.9818 0.0652
vn 0.0741 0.9958 -0.0532
vn -0.2881 0.5820 -0.7605
vn -0.1474 0.9292 -0.3390
vn -0.0476 0.9981 0.0388
vn -0.2539 0.4969 -0.8298
vn -0.0282 0.8959 -0.4434
vn 0.3075 0.6352 -0.7085
vn 0.1750 0.8146 -0.5531
vn 0.6450 0.7301 -0.2258
vn 0.7824 0.6228 -0.0001
vn -0.0856 0.9812 -0.1732
vn -0.0865 0.9425 0.3227
vn 0.2320 0.9365 0.2630
vn 0.1368 0.9903 0.0224
vn -0.0143 0.9842 0.1763
vn 0.8077 -0.5893 -0.0165
vn 0.5110 -0.8012 0.3113
vn 0.1924 -0.9181 -0.3464
vn 0.3433 -0.8860 -0.3116
vn 0.0476 -0.9962 -0.0729
vn 0.2452 -0.9695 0.0027
vn -0.0300 -0.9414 0.3360
vn 0.3225 -0.9240 -0.2055
vn 0.1667 -0.9705 -0.1740
vn 0.1635 -0.9624 0.2168
vn 0.1941 -0.9587 -0.2078
vn -0.0750 -0.6337 -0.7699
vn -0.1517 -0.9883 0.0136
vn 0.0272 -0.9989 0.0380
vn -0.0146 -0.9995 0.0286
vn 0.1539 -0.9485 0.2769
vn -0.2474 -0.9636 0.1017
vn 0.2203 -0.9711 -0.0921
vn -0.1611 -0.9560 -0.2450
vn -0.5832 -0.8105 -0.0538
vn -0.7573 -0.4955 -0.4254
vn 0.1978 -0.4325 -0.8797
vn 0.5357 -0.6525 -0.5361
vn 0.0279 -0.5065 -0.8618
vn 0.0614 -0.9475 -0.3138
vn -0.0117 -0.7885 -0.6149
vn -0.4790 -0.5365 -0.6948
vn -0.0592 -0.9892 -0.1340
vn -0.2002 -0.8943 -0.4002
vn 0.0750 -0.9944 -0.0746
vn -0.0332 -0.9644 -0.2624
vn -0.0924 -0.9603 -0.2631
vn -0.1833 -0.9395 -0.2894
vn -0.0492 -0.9623 -0.2675
vn -0.1513 -0.8702 -0.4689
vn -0.1412 -0.6775 -0.7219
vn -0.3058 -0.7739 -0.5546
vn 0.3523 -0.9356 0.0257
vn 0.2747 -0.9614 0.0162
vn 0.2719 -0.9559 0.1109
vn 0.2510 -0.9647 0.0802
vn 0.2339 -0.9707 0.0558
vn 0.2341 -0.9708 -0.0530
vn 0.0204 -0.9902 0.1381
vn 0.0397 -0.9946 0.0954
vn 0.0774 -0.9883 0.1311
vn 0.0769 -0.9396 0.3335
vn 0.0073 -0.9941 0.1084
vn -0.0851 -0.9432 0.3211
vn 0.0334 -0.9860 0.1632
vn -0.0206 -0.9865 0.1628
vn -0.0202 -0.9694 0.2447
vn -0.0478 -0.9126 0.4062
vn -0.0732 -0.9884 0.1329
vn 0.0547 -0.9591 0.2776
vn -0.6764 -0.7317 -0.0841
vn -0.9612 0.0075 -0.2758
vn 0.2802 -0.6511 -0.7054
vn 0.0107 -0.1969 -0.9804
vn -0.3628 -0.1064 -0.9258
vn -0.7277 -0.5298 -0.4356
vn 0.2674 -0.9242 0.2726
vn 0.1356 -0.9518 0.2752
vn 0.1588 -0.9744 0.1591
vn -0.0763 -0.9940 0.0790
vn -0.1511 -0.9820 0.1137
vn 0.0911 -0.9847 -0.1485
vn 0.7442 -0.6630 -0.0816
vn -0.0583 -0.9909 0.1211
vn 0.4113 -0.9105 0.0437
vn 0.2351 -0.7709 0.5920
vn 0.7210 -0.5025 0.4771
vn 0.1373 -0.9852 -0.1023
vn 0.3316 -0.6902 -0.6432
vn 0.1074 -0.9753 0.1930
vn -0.1061 -0.9811 0.1620
vn 0.7175 -0.6225 0.3125
vn -0.0911 -0.9852 -0.1453
vn 0.1651 -0.9840 -0.0671
vn -0.1192 -0.9920 0.0426
vn 0.1390 -0.9870 -0.0805
vn -0.0279 -0.9991 0.0311
vn -0.0039 -1.0000 -0.0057
vn 0.0884 -0.9744 0.2065
vn 0.1733 -0.9786 -0.1105
vn -0.0137 -0.9985 0.0536
vn -0.1495 -0.9742 -0.1692
vn -0.0816 -0.9950 -0.0571
vn 0.0666 -0.9975 -0.0243
vn 0.0577 -0.9956 -0.0734
vn -0.0998 -0.9865 -0.1299
vn 0.4736 -0.3961 -0.7866
vn 0.9761 -0.0262 -0.2156
vn 0.8023 0.0854 -0.5908
vn 0.9328 -0.0890 -0.3491
vn 0.9596 0.2747 0.0600
vn 0.7872 0.0660 0.6131
vn 0.5415 -0.8401 0.0322
vn 0.1132 -0.8821 0.4572
vn 0.0674 -0.9829 0.1715
vn -0.0136 -0.9774 0.2111
vn 0.1432 -0.9452 0.2933
vn -0.0022 -0.9997 0.0249
vn -0.0793 -0.3882 -0.9181
vn 0.1755 -0.5757 -0.7986
vn 0.2920 0.0487 -0.9552
vn 0.5923 -0.1597 -0.7897
vn -0.2673 -0.7789 0.5673
vn 0.8289 0.2209 0.5140
vn 0.9717 -0.2333 0.0355
vn 0.9450 0.2798 -0.1693
vn 0.9360 0.1085 -0.3348
vn 0.7699 -0.4279 -0.4734
vn 0.6817 -0.7304 -0.0432
vn 0.9928 0.0993 0.0669
vn 0.5742 -0.4413 0.6896
vn 0.8682 0.1252 0.4801
vn 0.9436 -0.2935 0.1530
vn 0.9095 0.3400 0.2390
vn 0.9345 0.2865 -0.2114
vn 0.8375 -0.0860 -0.5396
vn 0.4237 0.1477 -0.8937
vn 0.9150 0.1808 -0.3606
vn 0.6043 0.0924 -0.7914
vn 0.9267 0.2984 -0.2283
vn -0.9422 -0.3269 0.0737
vn -0.8527 0.3234 0.4103
vn -0.5923 -0.1901 0.7829
vn 0.6542 0.3554 0.6676
vn 0.7277 0.2369 0.6436
vn 0.6424 0.2305 0.7309
vn -0.9886 0.1298 -0.0766
vn -0.4702 0.2366 -0.8503
vn -0.9595 0.1211 -0.2543
vn -0.6203 0.1123 -0.7763
vn -0.8641 0.1468 -0.4814
vn -0.3887 0.0473 -0.9202
vn 0.8292 0.2826 -0.4822
vn 0.9514 0.2677 -0.1525
vn -0.7545 0.0478 0.6546
vn 0.1306 0.2626 0.9560
vn -0.3681 0.1970 0.9087
vn 0.0842 0.3451 0.9348
vn -0.0064 0.2664 0.9638
vn -0.3454 0.2076 0.9152
vn 0.1942 0.3944 0.8982
vn -0.3280 0.0023 0.9447
vn -0.6134 0.3172 -0.7233
vn 0.2350 0.2525 -0.9386
vn 0.4469 0.2091 -0.8698
vn 0.5942 0.1290 -0.7939
vn -0.3783 0.1730 -0.9094
vn -0.4909 0.2469 -0.8355
vn -0.2418 -0.0010 -0.9703
vn -0.2257 0.0677 -0.9719
vn -0.5935 -0.0267 -0.8044
vn 0.1461 -0.0313 -0.9888
vn -0.2560 0.0998 -0.9615
vn -0.3258 -0.0567 -0.9437
vn 0.7875 -0.4482 -0.4231
vn 0.8948 -0.0217 -0.4460
vn 0.8910 -0.4173 -0.1788
vn 0.9690 -0.2066 -0.1354
vn 0.7291 -0.2363 0.6423
vn 0.5376 0.2286 0.8116
vn 0.6024 -0.2989 0.7402
vn 0.5736 -0.1436 0.8064
vn 0.6711 -0.0512 0.7396
vn 0.9969 -0.0237 0.0745
vn 0.0662 0.0228 0.9975
vn -0.9690 -0.1207 0.2155
vn -0.3897 -0.2085 0.8970
vn -0.9760 -0.1813 -0.1205
vn -0.9651 -0.2552 0.0587
vn -0.3744 -0.6610 -0.6503
vn -0.7144 -0.5763 -0.3968
vn -0.1398 -0.8698 -0.4731
vn 0.1981 -0.8846 -0.4222
vn -0.0284 -0.6246 -0.7804
vn 0.0228 -0.3903 -0.9204
vn -0.8996 -0.1624 -0.4055
vn -0.6327 -0.1080 -0.7668
vn -0.5910 -0.1512 -0.7924
vn -0.8676 -0.3686 0.3339
vn -0.9379 -0.0943 0.3340
vn 0.0884 -0.3272 -0.9408
vn -0.7424 0.0994 -0.6626
vn 0.7279 -0.5347 -0.4293
vn -0.2551 -0.6769 -0.6904
vn -0.8204 -0.5229 -0.2313
vn -0.9163 -0.2501 0.3128
vn -0.8563 -0.3169 -0.4079
vn 0.9685 -0.0175 0.2484
vn 0.1800 -0.2026 0.9626
vn 0.4921 -0.1899 0.8496
vn -0.9730 -0.0715 -0.2194
vn -0.9949 -0.0899 0.0449
vn -0.4114 -0.0004 -0.9114
vn -0.5742 -0.2360 -0.7839
vn -0.3754 0.0094 -0.9268
vn -0.4652 0.0144 0.8851
vn -0.3562 -0.1072 0.9282
vn -0.2919 0.5650 0.7717
vn 0.2219 -0.0317 0.9745
vn -0.9765 -0.0396 0.2116
vn -0.9705 0.1510 0.1880
vn 0.6281 0.5005 0.5958
vn 0.9736 -0.0897 -0.2100
vn 0.8004 0.5994 0.0121
vn 0.9922 0.0290 -0.1213
vn 0.7560 0.4892 0.4350
vn 0.8011 0.5566 -0.2199
vn 0.6240 -0.0775 -0.7776
vn 0.9744 -0.1050 0.1988
vn 0.7812 -0.1000 -0.6162
vn 0.7549 -0.1480 -0.6389
vn 0.5102 0.7062 0.4910
vn 0.9760 -0.0085 0.2177
vn 0.1976 0.6014 0.7741
vn 0.4175 0.0144 0.9086
vn 0.7243 0.4954 0.4796
vn 0.7778 0.6285 -0.0009
vn 0.9121 0.3333 0.2386
vn 0.3648 0.9285 -0.0696
vn 0.0284 0.2112 -0.9770
vn -0.6649 -0.1247 -0.7364
vn 0.6113 0.1199 -0.7823
vn -0.2571 0.9615 -0.0972
vn -0.1491 0.9883 -0.0337
vn -0.0760 0.9726 0.2198
vn -0.1503 0.8244 0.5457
vn -0.0388 0.9987 0.0321
vn -0.0362 0.9988 0.0323
vn -0.0885 0.9912 -0.0988
vn 0.1382 0.9836 0.1162
vn -0.0658 0.9940 0.0872
vn 0.0600 0.9863 0.1539
vn -0.4952 0.8688 -0.0079
vn -0.1469 0.9528 -0.2657
vn -0.3081 0.9147 -0.2617
vn -0.4403 0.4837 -0.7564
vn 0.1640 0.8262 -0.5391
vn 0.3816 0.9212 -0.0767
vn -0.3291 0.9407 0.0821
vn 0.1423 0.7759 0.6146
vn 0.1664 0.9848 0.0504
vn -0.0515 0.9900 -0.1311
vn 0.0760 0.9104 0.4067
vn -0.1236 0.9627 0.2407
vn 0.0153 0.8335 -0.5523
vn 0.2657 0.0547 0.9625
vn 0.2237 0.9628 0.1516
vn -0.2532 0.9674 -0.0072
vn 0.1392 0.8570 0.4962
vn -0.0095 0.9531 0.3024
vn -0.4520 0.8760 -0.1681
vn -0.6470 0.7272 -0.2291
vn -0.7818 0.4213 -0.4597
vn -0.3861 0.8242 -0.4142
vn -0.1885 0.9733 -0.1312
vn -0.5870 0.5085 -0.6300
vn -0.9897 0.1265 -0.0671
vn -0.8421 0.5317 0.0908
vn -0.9599 0.0981 0.2625
vn -0.3334 0.4671 -0.8189
vn 0.1974 0.3853 0.9014
vn 0.0447 0.1551 0.9869
vn -0.5986 0.3371 0.7267
vn 0.0547 0.6471 0.7604
vn -0.9515 -0.1291 -0.2792
vn -0.9191 -0.2433 -0.3101
vn -0.9385 -0.1727 -0.2991
vn -0.9588 -0.0196 -0.2835
vn -0.3729 0.6887 -0.6218
vn -0.8276 0.5608 -0.0247
vn -0.9587 -0.0274 -0.2831
vn -0.6934 0.4436 -0.5678
vn -0.4352 0.4720 -0.7667
vn -0.8693 0.2637 -0.4180
vn -0.5859 0.6900 0.4250
vn -0.5794 -0.0903 0.8100
vn 0.3369 0.3073 -0.8900
vn -0.2276 0.3706 -0.9005
vn -0.0056 0.3809 -0.9246
vn -0.5888 -0.1007 -0.8019
vn -0.1838 0.3606 -0.9144
vn -0.5009 0.2007 -0.8419
vn 0.0718 -0.5334 0.8428
vn -0.6097 0.1185 0.7837
vn -0.9240 0.3499 0.1544
vn -0.9554 0.2800 -0.0939
vn -0.9984 -0.0039 0.0567
vn -0.5992 -0.6465 -0.4721
vn -0.6474 -0.1491 -0.7475
vn 0.9103 -0.1215 0.3956
vn 0.7264 -0.4341 0.5329
vn -0.2034 -0.4090 -0.8896
vn 0.4600 -0.1444 0.8761
vn 0.4674 -0.1551 0.8704
vn 0.5721 -0.6151 -0.5425
vn 0.5678 -0.7280 -0.3842
vn 0.7817 -0.0234 -0.6232
vn 0.5659 -0.2764 -0.7768
vn -0.6373 -0.0143 0.7705
vn -0.7508 -0.1888 0.6329
vn 0.0412 -0.3888 0.9204
vn -0.0376 0.1007 0.9942
vn 0.5870 0.1160 0.8012
vn -0.2345 -0.3882 -0.8912
vn -0.1295 -0.4921 -0.8608
vn 0.8824 -0.0382 -0.4690
vn 0.7716 -0.0319 -0.6353
vn 0.4120 0.2752 -0.8686
vn 0.3659 0.2155 -0.9054
vn 0.4087 -0.4016 -0.8195
vn 0.6179 -0.1970 -0.7612
vn 0.5533 -0.2444 -0.7963
vn 0.6369 -0.2949 -0.7123
vn 0.4812 0.0509 0.8752
vn 0.3703 -0.0752 0.9258
vn -0.8254 -0.3224 0.4635
vn -0.6553 -0.4710 0.5905
vn -0.7275 -0.3261 0.6036
vn 0.2834 -0.5806 -0.7632
vn 0.3161 -0.5530 -0.7709
vn 0.3101 -0.3212 -0.8948
vn 0.3382 -0.4755 -0.8122
vn 0.8264 -0.2500 -0.5045
vn 0.8691 0.0151 -0.4943
vn 0.8674 -0.3593 -0.3444
vn 0.6819 -0.4217 -0.5977
vn 0.7761 -0.3293 -0.5379
vn 0.8530 -0.0848 -0.5150
vn 0.7984 -0.2592 -0.5435
vn 0.7477 -0.2279 -0.6238
vn 0.4941 -0.3193 -0.8086
vn 0.5733 -0.2529 -0.7793
vn 0.5128 -0.4484 -0.7321
vn 0.4777 -0.5036 -0.7199
vn 0.3804 -0.4576 -0.8037
vn 0.2655 0.0383 0.9633
vn -0.6053 0.5482 -0.5772
vn -0.6500 -0.3149 -0.6916
vn -0.6301 0.1982 -0.7508
vn -0.5573 -0.3991 -0.7281
vn 0.4040 0.0297 -0.9143
vn 0.8318 0.2930 -0.4715
vn 0.5717 0.3272 -0.7524
vn 0.7271 0.1520 -0.6695
vn 0.6842 0.5750 -0.4486
vn 0.6521 0.6409 -0.4050
vn 0.3162 0.9448 -0.0856
vn 0.9312 0.3645 -0.0022
vn -0.1675 0.9854 -0.0318
vn 0.1520 0.9867 -0.0582
vn 0.8872 0.4459 -0.1182
vn -0.8864 0.4630 -0.0001
vn -0.2465 0.9690 0.0186
vn -0.1544 0.9776 0.1433
vn -0.9119 0.4059 0.0609
vn -0.4981 0.8663 0.0379
vn -0.9462 0.2726 -0.1743
vn -0.7813 0.5820 0.2255
vn -0.9716 0.0472 0.2317
vn -0.5059 0.8451 0.1726
vn -0.3875 0.6912 0.6100
vn -0.1139 0.9656 0.2335
vn -0.2323 0.8204 -0.5225
vn -0.1450 0.9822 0.1197
vn 0.1102 0.9475 0.3001
vn -0.0356 -0.9721 0.2319
vn 0.2772 -0.9530 -0.1224
vn 0.1735 -0.9769 0.1248
vn -0.5588 -0.4725 -0.6815
vn -0.1935 -0.9758 0.1016
vn -0.7908 -0.6091 0.0601
vn -0.1225 -0.9719 -0.2009
vn 0.1655 -0.9861 0.0107
vn -0.0378 -0.8600 0.5088
vn -0.1251 -0.9668 -0.2229
vn 0.1859 -0.9730 0.1372
vn -0.1443 -0.9817 -0.1241
vn -0.0017 -0.9724 -0.2332
vn 0.1080 -0.9483 0.2984
vn 0.0150 -0.9766 0.2144
vn -0.0366 -0.9784 -0.2034
vn 0.0293 -0.9973 -0.0670
vn 0.1596 -0.9872 -0.0073
vn 0.7738 -0.6205 -0.1274
vn 0.6068 -0.7838 0.1324
vn 0.7162 -0.5972 0.3612
vn 0.4687 -0.8561 0.2178
vn 0.6395 -0.5737 0.5118
vn -0.1295 -0.9836 -0.1252
vn -0.1883 -0.9305 -0.3141
vn -0.3714 -0.8715 -0.3203
vn 0.1918 -0.9776 -0.0864
vn -0.1195 -0.9833 0.1372
vn 0.5155 -0.6239 0.5874
vn 0.0901 -0.9538 0.2864
vn 0.2895 -0.8561 0.4282
vn -0.2960 -0.9530 -0.0647
vn 0.0478 -0.9642 -0.2607
vn 0.0420 -0.9826 -0.1810
vn 0.0206 -0.9943 -0.1046
vn 0.0248 -0.9957 -0.0897
vn 0.0412 -0.9991 -0.0104
vn 0.0180 -0.9625 -0.2708
vn 0.2157 -0.9759 0.0339
vn -0.0117 -0.9934 0.1137
vn 0.1149 -0.9934 0.0053
vn 0.1319 -0.9741 0.1838
vn 0.0379 -0.9990 0.0223
vn -0.0353 -0.9864 0.1603
vn -0.8617 -0.3459 0.3713
vn -0.0309 -0.9780 0.2065
vn 0.0317 -0.9955 0.0897
vn 0.2811 -0.9553 -0.0913
vn -0.2251 -0.9369 -0.2674
vn 0.2394 -0.9378 0.2514
vn 0.7802 -0.4790 0.4023
vn 0.1484 -0.8955 0.4196
vn 0.3153 -0.8906 0.3277
vn 0.1062 -0.9309 -0.3494
vn 0.8331 -0.5120 -0.2092
vn 0.4917 -0.7631 0.4193
vn 0.2207 -0.9679 -0.1202
vn 0.0075 -0.9914 0.1303
vn 0.1093 -0.9889 -0.1003
vn -0.1435 -0.9891 0.0335
vn -0.0986 -0.9623 -0.2533
vn -0.0225 -0.9911 0.1315
vn 0.9658 -0.2299 0.1197
vn 0.1501 -0.9604 -0.2348
vn 0.1353 -0.9624 -0.2357
vn 0.1364 -0.9906 -0.0073
vn -0.0398 -0.9925 -0.1159
vn 0.0706 -0.9960 0.0546
vn 0.0447 -0.9806 0.1909
vn 0.1262 -0.9833 0.1312
vn 0.0964 -0.9848 0.1442
vn -0.2187 -0.9476 0.2330
vn -0.4618 0.0098 0.8869
vn -0.6095 -0.5933 0.5258
vn 0.0180 -0.3316 0.9433
vn -0.1784 -0.5461 0.8185
vn -0.1859 -0.9587 0.2152
vn 0.5996 -0.0380 0.7994
vn 0.9529 -0.2501 0.1715
vn -0.8026 -0.2527 -0.5404
vn -0.0200 0.1164 -0.9930
vn -0.1456 -0.1882 0.9713
vn -0.1636 0.0870 0.9827
vn -0.5697 -0.1671 0.8047
vn -0.6300 0.1329 0.7651
vn -0.2126 0.3412 0.9156
vn -0.7972 0.1343 -0.5886
vn -0.7111 0.1060 -0.6951
vn -0.2448 0.3438 -0.9066
vn 0.4026 0.2214 -0.8882
vn 0.4099 0.1519 -0.8994
vn 0.9186 0.1726 -0.3555
vn 0.9285 0.3330 -0.1640
vn 0.7788 -0.1199 -0.6157
vn 0.7992 -0.0774 -0.5960
vn 0.9689 0.0136 0.2472
vn 0.9708 0.0316 -0.2378
vn 0.9048 0.1997 -0.3762
vn -0.2703 -0.0300 -0.9623
vn 0.7576 -0.1463 0.6361
vn 0.9490 -0.1648 0.2688
vn 0.8318 -0.0926 0.5473
vn 0.3681 0.0592 0.9279
vn -0.1668 -0.1851 -0.9685
vn -0.5250 -0.0364 -0.8503
vn -0.3725 0.2531 -0.8929
vn -0.2574 0.1387 -0.9563
vn 0.1046 -0.0081 -0.9945
vn 0.5577 0.3982 0.7283
vn 0.1701 -0.1467 0.9744
vn 0.9693 -0.0554 0.2397
vn 0.7853 -0.1755 0.5938
vn 0.5744 -0.1465 0.8054
vn 0.8038 -0.3667 0.4685
vn 0.8032 0.0709 0.5914
vn 0.5148 -0.1575 0.8427
vn 0.9706 -0.2334 -0.0586
vn 0.6493 -0.0635 -0.7579
vn 0.3980 -0.1909 -0.8973
vn 0.6270 -0.2139 -0.7491
vn 0.9007 -0.0726 -0.4283
vn 0.3289 -0.3567 -0.8744
vn -0.0359 -0.4680 -0.8830
vn 0.1935 -0.1791 -0.9646
vn 0.9155 -0.0903 -0.3921
vn 0.8917 -0.1385 -0.4308
vn 0.8563 -0.2866 -0.4296
vn 0.8083 -0.5880 -0.0307
vn 0.9703 -0.1826 0.1585
vn 0.9377 -0.1033 0.3316
vn -0.5146 -0.1351 -0.8467
vn -0.8941 -0.1211 -0.4311
vn -0.6737 -0.1715 -0.7188
vn 0.8671 -0.1303 0.4808
vn 0.5830 -0.0962 0.8068
vn 0.8180 -0.1403 0.5579
vn 0.9897 -0.0765 -0.1209
vn 0.9660 -0.1233 -0.2274
vn 0.9950 -0.0420 -0.0910
vn 0.8520 -0.0507 0.5211
vn 0.9761 -0.1566 -0.1505
vn 0.3402 -0.3278 -0.8814
vn 0.7905 -0.2972 -0.5355
vn 0.2043 -0.1379 -0.9691
vn 0.8566 0.1514 -0.4933
vn 0.2258 -0.2828 -0.9322
vn 0.6970 -0.1548 -0.7001
vn 0.9241 0.1102 -0.3658
vn 0.7751 -0.0951 -0.6247
vn 0.1543 -0.1100 -0.9819
vn 0.4859 -0.3077 0.8181
vn 0.4578 -0.3920 0.7979
vn 0.3807 -0.2401 0.8930
vn 0.3613 -0.3407 0.8680
vn 0.9017 0.0349 0.4309
vn 0.8773 -0.0252 0.4792
vn 0.7085 0.5230 0.4739
vn 0.4782 -0.1487 0.8656
vn 0.1179 -0.9864 -0.1146
vn 0.4613 -0.8410 0.2826
vn 0.5117 -0.7471 0.4242
vn -0.8362 -0.5463 0.0491
vn -0.4509 -0.5714 0.6857
vn -0.6440 -0.6795 0.3515
vn 0.7375 -0.0038 0.6753
vn 0.3008 -0.1955 0.9334
vn 0.1213 -0.2245 -0.9669
vn -0.6253 0.6590 -0.4179
vn -0.0670 0.9877 0.1411
vn -0.0774 0.9327 0.3522
vn -0.2267 0.7401 0.6332
vn -0.0924 0.9894 0.1121
vn 0.0803 0.9460 0.3141
vn 0.0618 0.9920 0.1100
vn -0.2967 0.9537 -0.0485
vn -0.1210 0.9919 0.0391
vn 0.1836 0.9682 0.1698
vn -0.4695 0.8746 0.1210
vn -0.0114 0.9442 0.3292
vn -0.1050 0.9853 0.1348
vn 0.7568 0.5351 0.3753
vn -0.1385 0.9867 -0.0847
vn -0.1032 0.9820 0.1581
vn 0.2310 0.9711 0.0600
vn -0.0189 0.9998 -0.0079
vn 0.6285 0.6282 0.4586
vn 0.8184 0.0599 0.5715
vn 0.9689 0.2457 -0.0305
vn 0.7582 0.6128 -0.2226
vn 0.0055 0.9957 0.0928
vn -0.5250 0.7654 0.3722
vn -0.4871 0.7383 0.4664
vn -0.1674 0.9188 -0.3574
vn -0.9415 0.3321 -0.0574
vn -0.3919 0.3979 -0.8295
vn -0.0107 0.9575 -0.2881
vn -0.2298 0.9732 0.0112
vn 0.9947 0.1018 -0.0123
vn 0.9858 0.1511 -0.0730
vn 0.5987 0.2273 -0.7680
vn 0.0848 0.3333 0.9390
vn 0.7232 0.6711 0.1630
vn -0.0215 0.7404 0.6718
vn 0.1826 0.9782 0.0990
vn -0.1069 0.9884 0.1080
vn -0.0063 0.9936 0.1128
vn -0.2237 0.9195 0.3233
vn -0.0444 0.9990 -0.0107
vn 0.2868 0.9570 0.0444
vn -0.0537 0.9955 -0.0786
vn 0.3112 0.9419 0.1260
vn 0.1953 0.9696 0.1475
vn 0.3079 0.9369 0.1658
vn 0.0186 0.5077 -0.8613
vn -0.0268 0.6513 -0.7584
vn -0.2101 0.3029 0.9296
vn -0.0651 0.0847 0.9943
vn -0.5451 0.4448 0.7107
vn -0.5902 -0.2368 0.7717
vn 0.2989 -0.1367 0.9445
vn 0.8557 0.1564 0.4932
vn 0.0847 0.6591 0.7473
vn -0.0503 0.5416 0.8391
vn -0.0910 0.6219 0.7778
vn 0.2108 0.7690 0.6035
vn -0.0028 0.6183 0.7860
vn 0.1504 0.4597 0.8753
vn -0.8540 0.3800 -0.3555
vn 0.8252 0.3710 0.4260
vn 0.6807 0.4342 0.5901
vn 0.7646 0.5232 0.3764
vn 0.8495 0.3500 0.3948
vn 0.7858 0.2324 0.5731
vn 0.0686 0.5798 0.8119
vn 0.8605 -0.0065 0.5094
vn 0.0651 -0.5779 0.8135
vn -0.8809 -0.2652 0.3919
vn -0.3824 -0.5249 0.7604
vn -0.2797 -0.2854 0.9167
vn -0.7723 0.5645 -0.2912
vn -0.6228 0.6712 -0.4022
vn -0.6959 0.6084 -0.3816
vn 0.8667 -0.0499 0.4963
vn 0.9034 -0.1657 0.3955
vn 0.4714 0.1207 -0.8736
vn 0.3992 -0.5896 -0.7022
vn 0.4980 -0.5222 -0.6923
vn -0.3336 -0.1708 -0.9271
vn -0.1850 -0.9277 -0.3243
vn -0.0021 -0.9046 -0.4263
vn -0.2190 -0.8272 -0.5174
vn -0.1841 -0.5210 -0.8335
vn -0.7691 -0.1836 0.6122
vn -0.3136 -0.9440 -0.1024
vn -0.3359 -0.7232 0.6034
vn -0.0506 -0.9661 -0.2531
vn -0.5984 0.0838 0.7968
vn -0.5611 0.2000 0.8032
vn 0.4847 0.0290 0.8742
vn 0.4895 -0.1031 0.8659
vn 0.6360 0.2081 -0.7431
vn -0.3611 -0.3850 -0.8494
vn -0.2883 -0.5625 -0.7749
vn -0.2452 -0.1793 -0.9527
vn 0.4847 -0.0785 0.8711
vn 0.3996 -0.2349 0.8861
vn 0.6416 -0.0916 0.7616
vn 0.8144 -0.0100 0.5802
vn 0.7614 0.1741 0.6245
vn 0.7483 0.1776 0.6391
vn 0.8384 -0.0622 0.5415
vn 0.7937 -0.3833 0.4723
vn 0.4940 -0.2503 -0.8326
vn 0.7702 -0.1096 -0.6283
vn 0.9026 0.1430 -0.4061
vn 0.1359 -0.4413 -0.8870
vn 0.6001 -0.2131 0.7710
vn 0.3147 -0.1936 0.9292
vn 0.0099 -0.1965 0.9804
vn 0.6887 -0.2913 -0.6640
vn 0.9879 0.1405 -0.0660
vn 0.8641 -0.1439 0.4823
vn 0.7307 -0.2771 0.6239
vn 0.9454 -0.2505 -0.2084
vn 0.8599 -0.1091 -0.4986
vn 0.9141 -0.1486 -0.3774
vn 0.8912 -0.2234 -0.3947
vn 0.3399 -0.2537 -0.9056
vn 0.4088 -0.0317 -0.9121
vn 0.9630 -0.1642 -0.2135
vn 0.7554 0.1496 -0.6379
vn 0.9809 -0.1529 0.1201
vn 0.9419 -0.1611 0.2946
vn 0.9875 -0.0229 0.1562
vn 0.1483 -0.1744 -0.9734
vn 0.0405 -0.0977 0.9944
vn 0.2399 -0.2359 0.9417
vn 0.3965 -0.2220 0.8908
vn 0.0913 0.9958 -0.0114
vn -0.2818 0.8576 -0.4302
vn -0.2484 0.9593 -0.1341
vn 0.0987 0.9858 -0.1356
vn 0.0853 0.9853 -0.1477
vn -0.0300 0.9992 -0.0257
vn -0.0680 0.9942 0.0831
vn 0.0528 0.9961 -0.0709
vn 0.0224 0.9982 -0.0553
vn -0.1395 0.9787 0.1506
vn -0.1117 0.9485 0.2963
vn 0.1051 0.9943 -0.0164
vn 0.0656 0.9957 -0.0652
vn 0.4369 0.2931 -0.8505
vn 0.2565 0.8302 -0.4949
vn -0.1955 0.9731 -0.1217
vn -0.0140 0.9979 -0.0628
vn -0.0688 0.9968 0.0418
vn 0.0539 0.9985 0.0121
vn 0.2732 0.9597 0.0662
vn 0.1493 0.9874 -0.0526
vn -0.1461 0.9580 -0.2467
vn -0.0779 -0.7942 -0.6026
vn -0.0964 -0.9855 0.1394
vn 0.2909 -0.9281 -0.2326
vn 0.0023 -0.9987 -0.0510
vn -0.1884 -0.9714 0.1442
vn -0.0160 -0.9746 0.2235
vn 0.1124 -0.9922 0.0542
vn -0.0861 -0.9944 -0.0616
vn 0.0101 -0.9999 0.0052
vn 0.0180 -0.9970 0.0748
vn 0.0132 -0.9953 -0.0954
vn 0.1166 -0.9830 0.1420
vn -0.1341 -0.9751 0.1768
vn -0.6357 -0.6722 -0.3795
vn 0.1154 -0.9933 -0.0024
vn -0.0188 -0.9944 -0.1036
vn 0.0134 -0.9967 0.0803
vn 0.0780 -0.9937 0.0810
vn -0.0271 -0.9990 -0.0355
vn 0.0607 -0.9978 0.0251
vn 0.0560 -0.9984 -0.0078
vn 0.0044 -0.9980 -0.0632
vn 0.0890 -0.9960 -0.0001
vn 0.8131 -0.5818 0.0193
vn 0.0881 -0.8205 -0.5648
vn 0.1556 -0.9176 0.3658
vn 0.1331 -0.9735 0.1860
vn 0.0654 -0.9648 0.2549
vn -0.3098 -0.4156 -0.8551
vn -0.6004 0.0532 -0.7979
vn -0.8322 -0.4007 -0.3833
vn -0.9461 -0.2954 -0.1329
vn -0.9658 -0.2436 -0.0885
vn 0.2671 -0.9636 -0.0063
vn 0.1650 -0.9837 0.0710
vn 0.1637 -0.9850 0.0548
vn 0.2633 -0.9393 0.2199
vn 0.3021 -0.9398 0.1600
vn -0.9726 -0.1307 0.1921
vn -0.1676 -0.9839 -0.0619
vn -0.0276 -0.9988 -0.0397
vn -0.2345 -0.9720 -0.0128
vn -0.1482 -0.9823 0.1144
vn 0.1989 -0.9705 0.1362
vn 0.9967 0.0410 -0.0701
vn 0.5833 -0.5478 -0.5997
vn 0.8422 -0.1591 -0.5152
vn 0.9068 -0.3422 0.2460
vn 0.9616 -0.0151 0.2739
vn 0.0465 -0.9963 -0.0718
vn 0.0772 -0.9962 -0.0394
vn 0.1573 -0.9874 -0.0191
vn -0.4355 -0.5759 -0.6919
vn -0.5558 -0.2730 0.7852
vn 0.8628 -0.2545 0.4368
vn 0.7233 -0.2237 0.6534
vn -0.7090 -0.0029 -0.7052
vn -0.7129 -0.1816 -0.6774
vn -0.0516 0.0523 -0.9973
vn -0.9375 0.1133 0.3290
vn -0.4498 0.2678 0.8520
vn -0.8962 0.2508 0.3660
vn -0.3099 0.0598 0.9489
vn -0.3386 -0.1564 -0.9279
vn -0.6075 -0.1330 -0.7831
vn -0.6734 -0.2344 -0.7011
vn -0.7658 -0.1143 -0.6328
vn 0.5453 0.4489 0.7079
vn -0.3765 0.3604 0.8534
vn 0.7794 0.0642 -0.6232
vn 0.8276 0.2127 -0.5195
vn 0.7772 -0.0671 0.6256
vn 0.8996 0.0346 0.4352
vn 0.4785 -0.0311 0.8775
vn 0.9898 0.0206 0.1408
vn 0.7961 -0.1570 -0.5844
vn 0.6956 0.1472 -0.7032
vn 0.6842 -0.2340 -0.6907
vn 0.9681 -0.2340 -0.0896
vn -0.9680 -0.1235 0.2187
vn -0.9533 -0.0388 0.2996
vn -0.6830 -0.1849 0.7067
vn -0.8762 -0.1598 -0.4546
vn 0.9934 -0.0067 -0.1142
vn 0.8926 -0.0441 0.4487
vn 0.8617 -0.1319 0.4901
vn 0.9874 0.0681 0.1427
vn 0.7400 0.0049 -0.6726
vn 0.1237 -0.1139 0.9858
vn -0.6883 0.0482 0.7238
vn -0.9661 0.0287 -0.2565
vn 0.4200 0.1103 -0.9008
vn -0.2227 -0.1239 -0.9670
vn -0.4071 -0.2072 -0.8896
vn -0.2163 -0.0480 -0.9751
vn -0.7361 -0.1840 -0.6514
vn 0.6565 0.2806 0.7002
vn 0.9496 -0.1986 -0.2426
vn 0.9774 -0.1320 -0.1651
vn 0.9681 -0.1602 0.1928
vn -0.5037 -0.5686 0.6503
vn 0.2889 -0.6443 0.7081
vn -0.9536 -0.2844 0.0985
vn -0.9951 0.0614 -0.0782
vn 0.3081 0.7350 0.6040
vn 0.9611 -0.1046 0.2555
vn -0.8755 0.3000 0.3790
vn -0.7661 -0.6170 -0.1801
vn -0.2693 -0.9055 -0.3280
vn -0.6190 -0.6616 -0.4234
vn -0.9811 -0.1023 0.1642
vn -0.8058 -0.5021 0.3140
vn 0.1349 -0.2644 0.9549
vn -0.2488 -0.6368 0.7297
vn -0.1213 -0.4086 0.9046
vn -0.0904 -0.7843 0.6138
vn 0.3082 -0.9513 -0.0001
vn 0.1879 -0.9505 0.2474
vn -0.8193 -0.5526 0.1526
vn 0.2152 0.4330 0.8753
vn 0.0435 -0.1484 0.9880
vn -0.4243 0.2498 0.8704
vn -0.2165 0.6282 0.7473
vn -0.5004 -0.3163 0.8060
vn 0.0526 0.6584 0.7508
vn 0.2969 0.3658 0.8821
vn -0.9719 0.1266 0.1985
vn -0.8144 0.5577 -0.1603
vn -0.0202 0.9675 -0.2519
vn -0.0291 0.9678 0.2499
vn 0.3129 0.9496 -0.0181
vn -0.0212 0.9841 -0.1766
vn -0.4328 0.8989 -0.0686
vn -0.6125 0.4856 -0.6237
vn -0.9157 0.3632 0.1722
vn -0.4921 0.8682 -0.0639
vn -0.9762 0.2127 -0.0433
vn 0.0907 0.9909 -0.0991
vn -0.4454 0.7359 -0.5099
vn -0.1419 0.9828 -0.1184
vn 0.2111 0.9672 0.1416
vn 0.7128 0.0577 -0.6990
vn -0.3107 -0.2530 -0.9162
vn -0.3750 -0.1630 -0.9126
vn -0.6113 0.0505 -0.7898
vn -0.6797 0.0556 -0.7314
vn -0.0094 0.9997 0.0230
vn 0.2278 0.9737 0.0031
vn 0.1478 0.9708 0.1891
vn -0.5075 0.8615 -0.0127
vn -0.0557 0.9867 0.1528
vn 0.1255 0.9895 0.0716
vn -0.0743 0.9873 0.1402
vn 0.0921 0.9801 0.1758
vn -0.0323 0.9525 -0.3027
vn 0.0892 0.9687 -0.2315
vn -0.0616 0.9958 -0.0681
vn -0.1060 0.9899 -0.0945
vn -0.0061 0.9905 -0.1372
vn -0.3758 0.9255 0.0477
vn -0.0216 0.9858 -0.1666
vn 0.1549 0.9802 0.1234
vn 0.0324 0.9807 0.1927
vn 0.1629 0.9783 0.1278
vn 0.1478 0.9890 -0.0113
vn 0.1011 0.9937 0.0477
vn -0.0244 0.9994 -0.0256
vn 0.3066 0.9505 0.0510
vn 0.2269 0.8627 -0.4520
vn 0.0378 0.9114 0.4098
vn -0.5597 0.8287 0.0070
vn -0.5288 0.7643 0.3692
vn -0.2406 0.7964 0.5548
vn 0.8710 0.0242 -0.4907
vn 0.9867 0.0992 -0.1291
vn 0.9987 0.0502 -0.0043
vn 0.9886 -0.1049 -0.1077
vn 0.9493 -0.0186 0.3138
vn 0.8822 -0.4405 -0.1662
vn -0.5943 0.2015 0.7786
vn -0.4590 0.1500 0.8757
vn -0.7085 0.0472 0.7041
vn -0.5772 0.3703 0.7278
vn -0.8840 0.3053 0.3539
vn -0.9242 0.1256 0.3607
vn -0.4893 0.1546 0.8583
vn -0.5220 0.2754 -0.8072
vn -0.2038 0.5989 -0.7744
vn -0.3364 0.6484 -0.6830
vn 0.9831 -0.1339 0.1251
vn 0.9495 0.2783 0.1449
vn 0.9631 -0.0917 0.2531
vn 0.9709 -0.1666 0.1719
vn 0.9329 -0.1387 0.3324
vn 0.6327 -0.1269 -0.7640
vn 0.6741 0.1502 -0.7232
vn 0.6885 -0.1717 -0.7047
vn -0.6729 0.1542 0.7235
vn -0.8091 0.4120 0.4192
vn -0.7946 0.1995 0.5735
vn 0.0466 -0.4854 0.8731
vn -0.4743 -0.7099 0.5206
vn -0.6836 -0.1956 0.7032
vn 0.9658 0.2579 0.0257
vn 0.8570 0.2565 -0.4468
vn 0.9125 0.0332 0.4076
vn -0.9263 -0.1988 0.3201
vn -0.8250 0.0080 0.5651
vn -0.8537 -0.1356 0.5027
vn -0.5978 -0.1603 0.7854
vn 0.9809 -0.0173 0.1939
vn 0.0400 -0.6519 -0.7573
vn -0.0244 -0.7972 -0.6032
vn 0.9901 -0.0250 -0.1382
vn 0.9061 -0.1156 -0.4070
vn 0.8648 -0.3576 -0.3524
vn 0.9322 -0.1650 -0.3221
vn 0.8689 -0.3687 -0.3304
vn 0.0287 0.0715 0.9970
vn 0.9158 -0.1169 -0.3842
vn 0.2536 -0.4987 -0.8288
vn 0.1886 -0.2691 -0.9445
vn 0.2173 -0.2623 -0.9402
vn 0.3650 -0.2160 -0.9056
vn 0.9656 -0.0351 0.2575
vn 0.8464 0.0959 0.5238
vn 0.6199 0.2877 0.7300
vn 0.1871 0.4909 0.8509
vn -0.0393 0.6689 0.7423
vn -0.7457 0.5770 0.3331
vn -0.8929 0.3726 0.2529
vn -0.5196 0.2681 0.8113
vn -0.2544 0.5780 0.7754
vn -0.0318 0.9972 0.0677
vn -0.2640 0.4299 0.8634
vn -0.0395 0.9884 0.1467
vn 0.0755 0.9649 0.2515
vn -0.1401 0.9808 0.1354
vn -0.1022 0.9948 -0.0020
vn -0.0178 0.9943 0.1050
vn -0.0997 0.9823 -0.1587
vn 0.9252 0.3436 0.1612
vn -0.0176 0.9946 -0.1021
vn 0.0285 0.9994 -0.0192
vn -0.3335 -0.9387 0.0871
vn -0.0044 -0.9844 0.1757
vn -0.5526 -0.8322 -0.0465
vn 0.0504 -0.9980 0.0377
vn -0.0581 -0.9888 0.1378
vn -0.1160 -0.9878 0.1036
vn -0.0029 -0.9984 -0.0560
vn -0.6782 -0.7056 0.2055
vn -0.3925 -0.9160 0.0829
vn -0.5813 -0.7118 -0.3942
vn -0.0562 -0.4976 -0.8656
vn -0.2907 -0.7667 0.5724
vn -0.0123 -0.9296 -0.3682
vn -0.6779 -0.5949 -0.4320
vn -0.2682 -0.9548 -0.1281
vn 0.2381 -0.9566 0.1679
vn 0.1494 -0.9810 0.1238
vn 0.1062 -0.9928 0.0556
vn -0.0315 -0.9964 0.0782
vn 0.1257 -0.9636 0.2361
vn 0.0338 -0.9825 0.1830
vn 0.1136 -0.9885 0.1001
vn -0.0131 -0.9969 0.0780
vn 0.2950 -0.9543 -0.0476
vn -0.0813 -0.9938 0.0761
vn -0.0315 -0.9864 -0.1612
vn 0.0433 -0.9873 0.1529
vn 0.1269 -0.9571 -0.2605
vn -0.6269 -0.4840 0.6106
vn -0.8841 0.0081 0.4672
vn -0.9840 -0.1440 -0.1049
vn -0.8815 -0.2090 -0.4235
vn -0.6262 -0.7377 -0.2523
vn -0.5857 -0.7919 -0.1724
vn -0.8900 -0.1309 0.4368
vn -0.3998 -0.6101 0.6841
vn -0.4240 -0.5309 0.7337
vn -0.9155 -0.1496 -0.3736
vn -0.2631 -0.8574 0.4423
vn -0.0151 -0.9980 0.0611
vn 0.3460 -0.6731 0.6537
vn -0.0587 -0.6341 0.7710
vn 0.1132 -0.9887 0.0987
vn 0.1777 -0.9804 0.0849
vn 0.1200 -0.9576 0.2618
vn 0.1742 -0.9816 0.0786
vn 0.0305 -0.9883 0.1497
vn 0.1246 -0.9896 -0.0714
vn 0.1155 -0.9675 -0.2250
vn 0.0990 -0.9858 -0.1353
vn -0.9056 -0.0493 0.4213
vn -0.4986 0.1453 0.8546
vn -0.6682 0.0277 0.7435
vn -0.0774 -0.9970 0.0083
vn 0.0549 -0.9984 0.0124
vn 0.0709 -0.9974 0.0131
vn -0.0454 -0.9970 -0.0619
vn -0.1402 -0.9836 -0.1136
vn 0.0612 -0.9977 0.0307
vn 0.3256 -0.9013 0.2858
vn -0.6318 0.2143 0.7449
vn 0.4312 -0.7861 -0.4429
vn -0.9216 -0.0167 0.3877
vn -0.9232 -0.0112 -0.3843
vn 0.7759 0.1869 -0.6025
vn 0.8963 -0.0069 -0.4435
vn 0.5122 -0.5592 -0.6519
vn 0.8963 -0.3291 -0.2972
vn 0.4258 0.1071 -0.8985
vn 0.9676 0.1150 0.2248
vn 0.9393 0.0944 -0.3299
vn 0.9951 -0.0883 -0.0435
vn 0.7374 0.1966 0.6462
vn -0.5444 0.2309 -0.8064
vn -0.5060 0.0046 -0.8625
vn 0.0659 0.2586 -0.9637
vn 0.0513 0.1327 -0.9898
vn -0.3266 0.2761 -0.9039
vn -0.5185 0.0138 -0.8550
vn -0.4092 0.2940 -0.8638
vn 0.3553 -0.0700 -0.9321
vn 0.3451 0.1490 -0.9267
vn -0.7368 -0.0721 -0.6722
vn 0.2187 0.1906 -0.9570
vn 0.9830 0.1827 -0.0160
vn -0.9571 -0.0846 0.2772
vn -0.5644 0.1130 -0.8177
vn -0.4729 0.1374 -0.8703
vn 0.9729 -0.0684 -0.2208
vn -0.9895 0.1327 -0.0566
vn -0.6111 0.2607 0.7474
vn -0.1848 0.4763 0.8597
vn 0.3907 0.0519 0.9190
vn 0.3230 0.0368 0.9457
vn -0.6319 -0.0786 0.7711
vn -0.3620 -0.0838 0.9284
vn -0.4132 0.1118 0.9037
vn 0.7574 0.2458 0.6049
vn 0.9611 -0.1986 -0.1919
vn 0.9832 0.0351 -0.1790
vn 0.9237 -0.2353 -0.3024
vn -0.5152 -0.0155 -0.8570
vn -0.4751 0.0456 -0.8787
vn -0.9230 0.0644 -0.3794
vn -0.5884 0.0644 -0.8060
vn -0.6826 -0.0451 -0.7294
vn -0.9821 0.0641 -0.1770
vn -0.9770 0.1195 -0.1766
vn -0.9639 0.0928 -0.2496
vn 0.6603 -0.7503 -0.0323
vn 0.6052 -0.7435 0.2845
vn -0.9994 -0.0043 0.0334
vn -0.7536 -0.0767 -0.6528
vn -0.4966 0.0385 -0.8671
vn 0.6222 -0.0063 0.7828
vn 0.0706 0.2416 0.9678
vn 0.9542 0.0971 0.2830
vn -0.4246 -0.1033 -0.8995
vn -0.7620 -0.2031 0.6149
vn -0.4984 -0.1343 -0.8565
vn -0.5804 -0.2394 -0.7783
vn -0.8046 -0.1609 -0.5716
vn -0.6299 0.0515 -0.7749
vn -0.6989 -0.0348 -0.7144
vn -0.9825 0.0221 -0.1847
vn -0.3167 -0.0414 0.9476
vn -0.9910 0.1043 0.0842
vn -0.8190 -0.0133 0.5736
vn -0.8987 -0.1650 -0.4064
vn -0.7893 0.4562 0.4110
vn 0.3167 -0.0162 0.9484
vn 0.3168 0.8332 0.4532
vn -0.0446 0.9989 -0.0169
vn -0.0230 0.9993 0.0292
vn 0.1503 0.9856 -0.0780
vn 0.1054 0.9939 -0.0319
vn -0.0927 0.9803 -0.1743
vn -0.0874 0.9900 -0.1111
vn 0.3969 0.8945 0.2059
vn 0.0731 0.9801 0.1847
vn 0.0045 0.8319 0.5549
vn 0.0484 0.9718 0.2307
vn -0.0271 0.9648 0.2617
vn 0.3140 0.9487 0.0379
vn 0.0191 0.9995 0.0256
vn 0.2979 0.9501 -0.0921
vn -0.0185 0.9918 0.1264
vn 0.1086 0.9856 0.1298
vn 0.7929 0.3669 0.4865
vn 0.8431 0.2004 0.4989
vn 0.5049 0.4899 0.7107
vn -0.2375 -0.1377 -0.9616
vn -0.1093 -0.2163 -0.9702
vn 0.1831 0.2890 -0.9397
vn 0.1010 0.6982 0.7087
vn 0.5706 0.5070 0.6460
vn 0.8247 0.4749 0.3072
vn 0.9734 0.1996 0.1124
vn 0.8023 0.5715 0.1725
vn 0.9729 0.1751 -0.1507
vn -0.3770 0.2363 0.8955
vn -0.9373 0.0018 0.3484
vn -0.2228 0.5996 0.7687
vn -0.7276 -0.1629 -0.6664
vn -0.8981 0.4163 0.1421
vn -0.8558 0.3623 0.3692
vn -0.7081 0.3123 0.6333
vn -0.1276 0.1584 0.9791
vn -0.0021 0.4891 0.8722
vn -0.0103 0.0881 0.9961
vn -0.5363 0.3820 -0.7527
vn 0.4116 0.6575 -0.6310
vn -0.2158 0.1481 -0.9651
vn 0.3781 0.5633 -0.7347
vn -0.9396 0.2752 0.2033
vn -0.9550 0.2929 -0.0469
vn -0.9722 0.2275 0.0559
vn -0.9742 -0.1629 0.1561
vn -0.9949 0.0349 -0.0942
vn -0.8953 0.3540 0.2704
vn -0.8244 0.4155 0.3842
vn -0.5915 0.6761 0.4394
vn -0.2863 0.1798 0.9411
vn -0.3494 -0.8941 0.2803
vn 0.1889 -0.9567 0.2212
vn -0.0586 -0.2205 -0.9736
vn -0.5246 -0.0636 -0.8490
vn -0.6405 0.2432 -0.7284
vn -0.9457 -0.2749 -0.1733
vn -0.9320 0.0956 0.3495
vn -0.7564 -0.2580 0.6011
vn -0.5341 -0.0005 0.8455
vn -0.3469 -0.2208 0.9116
vn -0.5657 -0.0752 0.8212
vn 0.1727 0.3238 -0.9302
vn 0.7920 -0.0674 -0.6067
vn -0.5885 -0.4820 -0.6492
vn -0.3808 -0.6697 -0.6376
vn 0.9305 -0.0505 0.3629
vn 0.8634 -0.2724 0.4247
vn -0.7647 -0.2571 0.5909
vn -0.2845 -0.4253 -0.8592
vn -0.2626 -0.1822 -0.9476
vn -0.4361 -0.3625 -0.8237
vn 0.3505 -0.1400 -0.9260
vn 0.4006 -0.2414 -0.8839
vn 0.9949 0.0174 -0.0992
vn 0.9545 0.0160 -0.2977
vn -0.5216 -0.0854 -0.8489
vn -0.1531 0.9855 0.0728
vn -0.2162 0.9720 -0.0924
vn 0.0296 0.9890 0.1448
vn 0.1677 0.9395 0.2988
vn 0.0438 0.9919 0.1196
vn -0.0907 0.9923 0.0840
vn -0.1447 0.9828 -0.1150
vn -0.1257 0.9842 -0.1244
vn 0.0349 0.9966 0.0752
vn -0.4596 0.6903 -0.5588
vn -0.1095 0.9881 -0.1080
vn -0.0214 0.9987 0.0457
vn -0.4247 0.8997 -0.1003
vn -0.1149 0.9823 -0.1479
vn 0.0118 0.9988 0.0466
vn 0.1856 0.5125 -0.8384
vn 0.0120 -0.9559 -0.2935
vn 0.0109 -0.9836 -0.1799
vn -0.0976 -0.9618 -0.2557
vn 0.3862 -0.6586 -0.6458
vn -0.2047 -0.9233 -0.3250
vn -0.0675 -0.6355 -0.7692
vn -0.1465 -0.9733 0.1768
vn 0.6160 -0.7778 -0.1247
vn -0.0959 -0.9661 -0.2396
vn -0.2418 -0.7555 0.6090
vn 0.1411 -0.8702 0.4720
vn 0.1071 -0.9836 0.1450
vn 0.0351 -0.9652 0.2591
vn -0.1005 -0.9882 0.1157
vn -0.0295 -0.9905 0.1346
vn -0.0586 -0.9929 0.1030
vn 0.1697 -0.9846 0.0431
vn 0.3015 -0.9531 -0.0259
vn 0.1505 -0.8582 0.4908
vn -0.2396 -0.9625 0.1273
vn 0.3127 -0.9427 -0.1163
vn 0.0982 -0.9875 0.1231
vn 0.0942 -0.9954 -0.0192
vn -0.0263 -0.9995 -0.0185
vn 0.0832 -0.9882 -0.1289
vn 0.0240 -0.9996 -0.0134
vn -0.1040 -0.9860 0.1307
vn -0.2195 -0.9700 -0.1046
vn 0.0097 -0.9557 0.2941
vn -0.1516 0.0353 -0.9878
vn 0.7855 -0.4167 0.4575
vn 0.0992 -0.5672 0.8176
vn -0.2957 -0.9548 0.0297
vn -0.1113 -0.9937 0.0145
vn -0.0255 -0.9991 0.0334
vn 0.0515 -0.9941 -0.0950
vn -0.5191 -0.1741 0.8368
vn -0.3325 -0.0187 0.9429
vn -0.2290 0.1571 0.9607
vn 0.2627 0.2625 0.9285
vn 0.3572 0.0289 0.9336
vn 0.7031 0.0612 0.7085
vn 0.3138 0.2969 0.9019
vn 0.8904 0.2838 0.3558
vn -0.7615 0.0915 0.6417
vn -0.8037 0.2531 0.5385
vn -0.9952 0.0605 -0.0765
vn -0.8896 0.1021 -0.4451
vn 0.7699 0.2904 -0.5682
vn 0.3252 0.1642 -0.9313
vn 0.0502 0.2219 -0.9738
vn -0.2828 0.2285 -0.9316
vn 0.5180 0.1493 0.8422
vn -0.6851 0.0263 -0.7280
vn -0.9798 -0.0248 -0.1985
vn -0.7885 0.2168 -0.5755
vn 0.9937 0.1026 0.0458
vn 0.4576 0.0192 -0.8890
vn 0.4065 0.0452 -0.9125
vn -0.6911 0.0781 -0.7185
vn 0.7544 -0.1824 -0.6305
vn 0.8035 -0.2517 -0.5395
vn -0.9148 -0.3086 0.2606
vn 0.4515 -0.0991 -0.8867
vn -0.2814 -0.0758 -0.9566
vn 0.8183 -0.1281 -0.5603
vn -0.9966 -0.0513 0.0643
vn -0.9994 -0.0346 0.0059
vn -0.7762 -0.0045 -0.6305
vn -0.7775 -0.0401 -0.6276
vn -0.9976 -0.0538 -0.0425
vn 0.6447 -0.0470 -0.7630
vn 0.8318 -0.0517 -0.5527
vn 0.9469 -0.1104 0.3019
vn -0.9288 -0.0054 0.3705
vn -0.7800 0.5291 0.3341
vn -0.3265 0.8314 0.4496
vn 0.0694 0.9795 0.1889
vn 0.7678 0.6394 0.0402
vn -0.7651 0.5407 -0.3496
vn -0.8375 -0.0037 -0.5465
vn 0.0387 0.9989 0.0247
vn -0.5308 0.6039 0.5946
vn -0.4428 0.8467 0.2951
vn -0.3797 0.6252 -0.6819
vn 0.2040 0.8467 -0.4914
vn -0.0384 0.1941 -0.9802
vn 0.3147 0.7947 -0.5191
vn 0.0979 -0.0043 -0.9952
vn 0.5704 -0.0124 -0.8212
vn 0.0166 0.9325 -0.3608
vn -0.4445 0.8317 0.3326
vn -0.0032 0.9848 0.1735
vn 0.0590 0.9467 -0.3166
vn -0.1793 0.9772 -0.1141
vn -0.0909 0.9958 0.0116
vn -0.2964 0.9043 -0.3071
vn -0.1583 0.9814 -0.1086
vn -0.0898 0.9960 -0.0038
vn -0.1626 0.9862 -0.0306
vn 0.2523 0.9676 0.0110
vn 0.2253 0.9729 -0.0512
vn 0.8896 -0.1221 -0.4401
vn 0.8626 0.2482 0.4408
vn -0.2206 0.3742 0.9007
vn 0.2971 -0.0398 0.9540
vn -0.2133 0.5929 0.7765
vn -0.5289 0.4976 0.6875
vn -0.6835 0.0962 0.7236
vn -0.9067 0.0106 0.4216
vn -0.1527 -0.2357 0.9598
vn -0.5069 -0.3767 0.7754
vn -0.4761 -0.1306 0.8696
vn -0.7476 -0.0716 0.6603
vn -0.8540 0.1464 0.4992
vn 0.2239 -0.0494 0.9734
vn -0.9446 0.3279 0.0159
vn 0.8901 -0.0084 0.4556
vn -0.7471 -0.4516 -0.4878
vn -0.7761 -0.1320 -0.6166
vn -0.7392 -0.3973 -0.5438
vn -0.7636 -0.2023 -0.6132
vn -0.9295 -0.3687 -0.0042
vn -0.9085 -0.4173 -0.0249
vn -0.9527 -0.2250 -0.2042
vn 0.7982 -0.0855 0.5963
vn 0.3243 -0.7728 -0.5456
vn -0.0088 -0.5926 -0.8054
vn -0.7624 -0.2711 0.5876
vn -0.7905 -0.3803 0.4801
vn -0.9980 -0.0487 -0.0408
vn 0.5107 -0.4374 -0.7402
vn 0.7624 -0.3808 -0.5232
vn 0.8281 0.0516 -0.5581
vn 0.7742 0.0084 -0.6329
vn 0.7219 0.0910 -0.6860
vn 0.3740 0.9231 0.0901
vn 0.4089 0.8856 0.2200
vn 0.1844 0.9439 0.2740
vn 0.0416 0.9966 0.0707
vn -0.0528 0.9618 0.2688
vn -0.1699 0.9844 0.0455
vn -0.0332 0.9990 0.0301
vn 0.3774 0.8360 0.3982
vn 0.5677 0.7088 0.4187
vn 0.3520 0.9296 0.1093
vn -0.1900 0.9767 -0.0997
vn -0.1680 0.9858 -0.0057
vn -0.1087 0.9910 -0.0784
vn -0.0441 0.9990 0.0054
vn -0.0578 0.9965 -0.0612
vn 0.0189 0.9985 -0.0511
vn 0.0247 0.9995 -0.0200
vn -0.0646 0.9973 0.0343
vn -0.1063 0.9939 -0.0281
vn 0.2194 0.9723 -0.0806
vn 0.1998 0.9785 0.0507
vn 0.1207 0.9924 0.0259
vn 0.1317 0.9861 -0.1012
vn 0.0043 0.9880 -0.1543
vn 0.1110 0.9851 -0.1311
vn 0.1219 0.9925 0.0076
vn -0.0262 0.9678 -0.2503
vn -0.0310 0.9989 -0.0347
vn 0.0776 0.9968 0.0198
vn 0.0293 0.9975 0.0649
vn -0.0262 0.9844 0.1738
vn 0.0385 0.9992 0.0069
vn 0.1546 0.9880 0.0063
vn -0.8242 -0.5650 0.0381
vn -0.2583 -0.9496 -0.1777
vn 0.1474 -0.9828 0.1112
vn -0.4387 -0.4254 -0.7916
vn 0.0131 -0.9880 -0.1540
vn 0.2009 -0.9665 -0.1599
vn -0.3688 -0.8409 -0.3960
vn 0.1498 -0.9863 -0.0685
vn -0.3757 0.0108 -0.9267
vn 0.0731 -0.9773 0.1987
vn 0.3041 -0.9505 -0.0635
vn 0.2059 -0.9773 -0.0493
vn 0.3101 -0.9502 -0.0299
vn 0.1452 -0.9890 0.0291
vn -0.0666 -0.9961 -0.0587
vn 0.1763 -0.9777 0.1140
vn 0.1043 -0.9765 -0.1887
vn 0.1183 -0.9914 0.0557
vn -0.1117 -0.9915 -0.0661
vn 0.0679 -0.9781 0.1969
vn 0.0352 -0.9972 -0.0655
vn -0.0099 -0.9906 -0.1367
vn -0.1610 -0.9663 -0.2007
vn 0.0237 -0.9993 -0.0274
vn 0.1950 -0.9716 -0.1337
vn 0.1372 -0.9846 -0.1081
vn -0.0513 -0.9986 -0.0148
vn -0.1248 -0.5250 0.8419
vn -0.6398 -0.3430 0.6878
vn -0.8123 -0.5631 0.1521
vn -0.1134 -0.4273 0.8970
vn -0.2140 -0.0363 0.9762
vn 0.6104 0.1962 0.7674
vn 0.9234 0.2566 0.2856
vn 0.8576 -0.4962 0.1351
vn -0.8405 0.0817 0.5356
vn -0.2606 0.2360 0.9362
vn 0.0122 0.1179 0.9929
vn -0.8646 -0.4036 0.2992
vn -0.7708 -0.3543 0.5295
vn -0.7097 0.2279 0.6666
vn -0.4108 -0.5346 0.7385
vn -0.6675 0.0787 0.7405
vn 0.8334 0.2984 0.4653
vn 0.6533 0.2620 0.7104
vn -0.4309 0.4329 0.7918
vn -0.2316 0.5857 0.7767
vn 0.1695 0.1835 0.9683
vn 0.1782 0.1645 0.9701
vn -0.7328 0.3597 0.5777
vn -0.8466 0.1131 0.5201
vn -0.6289 0.1214 -0.7679
vn -0.5801 0.2016 -0.7892
vn 0.8968 -0.0901 -0.4332
vn -0.4155 -0.2423 -0.8767
vn 0.4992 -0.1979 -0.8435
vn -0.7771 -0.0311 -0.6286
vn -0.6118 -0.2716 -0.7429
vn -0.7242 -0.0856 -0.6842
vn 0.6898 -0.2279 0.6872
vn 0.7332 -0.0987 0.6729
vn 0.4465 -0.3018 0.8424
vn 0.2323 -0.8100 0.5385
vn 0.3449 -0.7730 0.5325
vn 0.1077 -0.7985 0.5923
vn 0.8471 -0.0146 0.5313
vn -0.7399 0.0168 0.6726
vn -0.8757 0.2887 -0.3871
vn -0.9676 0.1130 0.2257
vn -0.9514 0.1812 -0.2491
vn 0.7637 -0.1088 -0.6363
vn 0.8007 0.5817 -0.1431
vn 0.9174 0.1378 0.3732
vn 0.8528 -0.1542 0.4990
vn -0.6145 0.7795 -0.1216
vn 0.0868 0.9683 -0.2341
vn 0.1596 0.8932 -0.4205
vn 0.2709 0.4272 -0.8626
vn -0.4770 0.3132 -0.8212
vn -0.5202 0.8445 0.1275
vn -0.4782 0.3993 0.7822
vn 0.1409 0.9898 -0.0191
vn 0.2762 0.8051 0.5248
vn -0.0645 0.9903 -0.1227
vn 0.0173 0.9976 0.0666
vn -0.0461 0.9970 -0.0622
vn 0.0995 0.9924 0.0728
vn -0.0339 0.9993 0.0137
vn -0.2025 0.9791 -0.0166
vn 0.1953 0.9765 -0.0915
vn 0.0248 0.9986 0.0462
vn -0.0740 0.9679 -0.2400
vn 0.5154 0.8524 -0.0877
vn 0.5497 0.8262 0.1230
vn 0.3260 0.9438 0.0547
vn 0.3326 0.9418 0.0491
vn 0.6599 0.7511 0.0206
vn 0.7261 0.0061 0.6876
vn 0.0933 0.6527 0.7519
vn -0.4677 0.5986 -0.6504
vn -0.7450 0.3864 0.5437
vn -0.2015 0.3731 0.9056
vn -0.5725 -0.0153 0.8198
vn -0.1578 -0.1824 0.9705
vn 0.2584 0.1779 0.9495
vn 0.6704 -0.5532 -0.4946
vn 0.6192 0.2204 -0.7537
vn 0.6444 -0.3023 -0.7024
vn -0.4948 0.5078 -0.7052
vn -0.5446 0.4119 -0.7306
vn -0.4101 -0.1632 -0.8973
vn 0.8858 0.0463 -0.4618
vn 0.9329 0.3276 -0.1494
vn -0.0658 0.7218 -0.6889
vn -0.8467 -0.2968 -0.4416
vn -0.8445 -0.0991 -0.5262
vn -0.9409 -0.3226 -0.1032
vn -0.8459 -0.3952 -0.3581
vn 0.9467 -0.0166 -0.3217
vn 0.9217 -0.2407 -0.3042
vn 0.9839 0.0652 -0.1665
vn -0.6796 -0.2911 0.6733
vn -0.2623 -0.0058 0.9650
vn -0.1528 0.1281 0.9799
vn -0.3134 0.1288 -0.9408
vn 0.7141 0.1835 -0.6756
vn 0.7754 -0.4385 -0.4544
vn -0.4209 -0.3285 0.8455
vn 0.4720 -0.1714 0.8648
vn -0.6271 -0.5927 -0.5054
vn -0.7924 -0.6067 -0.0638
vn -0.8676 -0.1029 0.4866
vn -0.9069 -0.0171 0.4210
vn -0.9561 -0.0533 0.2880
vn -0.9967 -0.0810 -0.0050
vn -0.9902 -0.0503 -0.1303
vn 0.9471 0.0515 -0.3166
vn 0.6305 -0.0331 -0.7755
vn 0.8537 0.0656 -0.5166
vn 0.1011 0.5262 -0.8443
vn -0.9414 0.3218 0.1015
vn -0.8484 0.4163 0.3270
vn -0.0608 0.9914 0.1155
vn -0.2554 0.9568 0.1392
vn -0.2939 0.9395 -0.1759
vn -0.0768 0.9946 0.0699
vn -0.1128 0.9925 0.0480
vn 0.1569 0.9073 -0.3901
vn 0.2119 0.9667 -0.1436
vn 0.1899 0.9797 -0.0639
vn -0.2593 0.8187 -0.5124
vn 0.0591 0.9209 -0.3854
vn 0.0613 0.9526 -0.2979
vn -0.0581 0.9833 -0.1723
vn 0.0683 0.9653 -0.2519
vn -0.0309 0.9658 -0.2573
vn 0.0049 0.9951 0.0988
vn 0.1123 0.9928 0.0405
vn -0.3672 0.8657 0.3403
vn -0.0947 0.9694 0.2264
vn -0.4025 0.8290 0.3884
vn -0.6292 0.6569 0.4154
vn 0.3708 0.9202 0.1257
vn -0.1846 -0.8164 0.5472
vn 0.2327 -0.8204 -0.5224
vn 0.3410 -0.3604 -0.8682
vn 0.4388 -0.6438 -0.6268
vn 0.3491 -0.5599 -0.7515
vn -0.0979 -0.9751 0.1991
vn -0.0857 -0.9584 0.2724
vn 0.0656 -0.9976 -0.0235
vn -0.0276 -0.9985 -0.0478
vn -0.1068 -0.8806 -0.4616
vn -0.0738 -0.0226 -0.9970
vn 0.0855 -0.9847 -0.1520
vn 0.0454 -0.9966 0.0688
vn -0.9205 -0.1127 -0.3740
vn -0.8081 -0.5418 -0.2311
vn 0.1186 -0.9437 0.3088
vn 0.1648 -0.9796 0.1146
vn 0.1462 -0.9843 0.0992
vn 0.2015 -0.9789 0.0340
vn 0.2432 -0.9572 0.1569
vn 0.2205 -0.9704 0.0988
vn 0.3539 -0.9220 0.1571
vn -0.0580 -0.9979 0.0276
vn -0.0326 -0.9992 0.0236
vn -0.4171 -0.9080 0.0393
vn 0.0427 -0.7312 0.6808
vn 0.1423 -0.7492 0.6469
vn 0.0950 -0.0531 0.9941
vn -0.1580 -0.9755 0.1532
vn -0.0711 -0.9931 -0.0930
vn 0.3918 -0.8117 -0.4332
vn 0.6441 0.2456 -0.7244
vn 0.4984 0.0610 -0.8648
vn 0.2638 -0.0229 -0.9643
vn -0.0753 -0.5198 -0.8510
vn 0.2200 0.2539 -0.9419
vn 0.5373 0.0840 -0.8392
vn 0.5372 -0.4262 -0.7279
vn 0.3304 0.1665 -0.9290
vn 0.6086 0.2881 -0.7393
vn -0.5748 -0.6297 -0.5226
vn -0.3099 0.0546 -0.9492
vn -0.8078 0.3907 0.4414
vn -0.9412 0.1274 -0.3128
vn -0.9211 -0.0101 -0.3891
vn -0.9992 0.0230 0.0341
vn -0.8463 0.4006 -0.3511
vn 0.8721 -0.0456 -0.4872
vn 0.9662 0.0935 -0.2403
vn -0.8875 -0.2495 0.3873
vn -0.8479 0.0516 0.5277
vn -0.5813 0.0095 0.8136
vn -0.0119 0.2259 -0.9741
vn 0.3100 -0.0329 -0.9502
vn 0.6957 -0.1682 -0.6984
vn 0.0851 0.0361 -0.9957
vn 0.2732 0.2411 -0.9313
vn 0.7465 0.1105 0.6561
vn 0.9823 0.1875 0.0005
vn 0.8415 -0.1322 0.5238
vn -0.3125 0.2387 0.9194
vn -0.5576 0.2295 0.7978
vn -0.4194 0.3010 0.8565
vn -0.6486 0.6292 0.4283
vn -0.2909 -0.2327 -0.9280
vn 0.0270 -0.2781 -0.9602
vn -0.7013 0.2762 -0.6572
vn 0.0816 0.7912 -0.6061
vn -0.1188 -0.0396 -0.9921
vn 0.4406 0.7683 -0.4643
vn -0.3527 0.5153 -0.7810
vn 0.0295 0.9255 0.3776
vn -0.1722 0.7510 0.6374
vn -0.1086 0.9834 0.1454
vn 0.2075 0.8505 0.4832
vn 0.7828 0.3690 -0.5011
vn -0.2758 0.7212 -0.6354
vn 0.4256 0.7417 -0.5184
vn -0.4106 0.8622 0.2966
vn 0.0416 0.7601 0.6485
vn -0.3727 0.9278 -0.0148
vn 0.2477 0.9594 0.1351
vn 0.1223 0.9917 0.0387
vn 0.1961 0.9763 0.0914
vn -0.7281 -0.4385 -0.5268
vn -0.3046 -0.3659 -0.8794
vn -0.8385 -0.1506 -0.5237
vn 0.5868 0.8057 -0.0810
vn 0.6323 0.7723 -0.0613
vn 0.8502 0.3044 -0.4296
vn 0.9972 0.0411 0.0623
vn 0.4289 0.3725 -0.8230
vn 0.7714 -0.0261 -0.6358
vn 0.5660 0.2057 -0.7983
vn 0.6632 -0.2625 -0.7009
vn 0.2440 -0.3000 -0.9222
vn 0.9739 -0.1611 -0.1597
vn -0.1742 -0.2382 -0.9555
vn 0.4775 -0.8786 -0.0030
vn 0.9683 0.1517 -0.1987
vn -0.2990 -0.3024 -0.9051
vn -0.6245 -0.0071 0.7810
vn -0.7919 -0.2668 0.5493
vn -0.5557 -0.0246 0.8310
vn -0.5142 -0.0313 0.8571
vn -0.3600 -0.0992 0.9276
vn 0.3994 -0.3773 0.8355
vn 0.9136 0.3904 -0.1135
vn 0.4909 0.3997 -0.7741
vn -0.3090 0.9323 0.1882
vn 0.1568 0.9871 -0.0312
vn -0.3557 0.9058 0.2302
vn -0.5982 0.7881 0.1451
vn -0.0200 0.9990 0.0411
vn 0.2431 0.9649 -0.0992
vn 0.2336 0.9626 -0.1369
vn 0.0879 0.9893 -0.1162
vn 0.1366 0.9819 -0.1310
vn 0.1719 0.9849 -0.0224
vn 0.1072 0.9868 0.1214
vn 0.0275 0.9809 0.1925
vn 0.1057 0.9889 -0.1047
vn 0.1831 0.9748 -0.1272
vn 0.1442 0.9895 -0.0087
vn 0.2961 0.9526 -0.0699
vn 0.1046 0.9944 -0.0160
vn -0.0566 -0.9973 -0.0462
vn 0.0289 -0.9985 -0.0461
vn -0.5943 -0.4175 -0.6874
vn -0.0092 -0.9996 0.0261
vn 0.0440 -0.9985 0.0314
vn 0.1922 -0.9812 -0.0183
vn 0.0746 -0.9955 0.0577
vn 0.0433 -0.9890 0.1413
vn 0.0413 -0.9991 -0.0077
vn -0.8538 -0.5021 -0.1377
vn -0.3248 -0.9394 0.1094
vn 0.3337 -0.9178 0.2150
vn -0.4603 -0.7743 0.4342
vn -0.4872 -0.8656 0.1157
vn -0.2532 -0.9568 -0.1429
vn -0.2132 -0.9739 0.0778
vn 0.2289 -0.9560 0.1832
vn 0.1915 -0.9805 -0.0440
vn 0.1685 -0.9548 0.2447
vn 0.0011 -0.9994 0.0359
vn 0.0916 -0.4597 0.8833
vn 0.2279 -0.9178 0.3251
vn 0.1000 -0.9897 -0.1024
vn 0.7301 -0.1637 -0.6634
vn 0.2815 -0.4160 -0.8647
vn 0.4265 -0.8778 -0.2181
vn 0.5744 -0.7719 0.2726
vn -0.9001 -0.0637 0.4310
vn -0.6396 0.3078 0.7044
vn 0.7068 0.0901 0.7016
vn -0.2786 0.0731 -0.9576
vn 0.9544 0.2140 0.2084
vn 0.5824 0.1325 0.8020
vn 0.6055 0.0289 0.7953
vn 0.6792 0.0331 0.7332
vn -0.8748 -0.0673 -0.4798
vn 0.7427 0.1372 -0.6554
vn -0.8388 -0.0634 -0.5407
vn -0.4836 0.0392 -0.8744
vn -0.2447 -0.0677 -0.9672
vn 0.7675 -0.1816 0.6149
vn 0.7408 0.0205 0.6714
vn 0.8659 -0.1110 0.4878
vn 0.2571 -0.1972 0.9460
vn 0.9653 -0.0402 0.2580
vn 0.5187 -0.2890 0.8046
vn 0.4768 -0.4307 0.7662
vn 0.8662 -0.2323 0.4425
vn 0.9846 -0.1700 0.0407
vn -0.6673 -0.0686 0.7416
vn -0.7283 0.1027 0.6775
vn -0.2377 0.7259 -0.6454
vn -0.2834 0.4824 -0.8289
vn -0.5807 0.4235 0.6953
vn 0.0598 0.9973 0.0416
vn 0.0811 0.9966 -0.0126
vn 0.1480 0.9745 -0.1688
vn -0.1550 0.9650 -0.2117
vn -0.3020 0.9228 -0.2393
vn -0.3014 0.8261 -0.4761
vn -0.1863 0.9796 -0.0760
vn -0.3773 0.2040 -0.9033
vn 0.9723 -0.1581 -0.1724
vn -0.0286 0.1005 0.9945
vn -0.3006 0.4151 0.8587
vn 0.9710 0.1285 0.2017
vn 0.9545 0.2361 -0.1819
vn 0.9455 0.1488 0.2896
vn -0.7833 -0.3316 -0.5258
vn -0.5692 0.1335 -0.8113
vn -0.4934 -0.0936 -0.8647
vn 0.5760 -0.4862 0.6571
vn 0.4211 -0.0951 0.9020
vn -0.6248 0.1398 -0.7682
vn 0.4214 -0.1406 0.8959
vn 0.7378 -0.4911 0.4631
vn 0.7898 -0.4959 0.3610
vn 0.9650 -0.0684 -0.2532
vn 0.2603 0.4014 0.8781
vn 0.4549 0.3533 0.8175
vn 0.1764 0.3644 0.9144
vn 0.1594 0.8894 0.4285
vn 0.0340 0.9859 -0.1639
vn -0.0310 0.9852 -0.1684
vn 0.0785 0.9787 -0.1899
vn 0.0056 0.9927 -0.1204
vn -0.0669 0.9905 -0.1206
vn -0.0260 0.9986 -0.0468
vn -0.0718 0.9883 -0.1347
vn -0.2302 -0.7912 0.5665
vn -0.0051 -0.8346 0.5508
vn 0.3024 -0.9366 -0.1771
vn 0.0560 -0.9250 -0.3759
vn 0.0783 -0.9940 0.0764
vn -0.0290 -0.9987 0.0409
vn 0.1303 -0.9906 0.0415
vn -0.0706 -0.9961 -0.0536
vn 0.0549 -0.9939 -0.0954
vn 0.0514 -0.9937 -0.0999
vn 0.1375 -0.9867 0.0871
vn -0.0517 -0.9960 -0.0726
vn -0.0574 -0.9870 -0.1498
vn -0.0941 -0.9810 -0.1697
vn 0.2899 -0.8147 0.5021
vn -0.9215 -0.1222 -0.3686
vn 0.3971 0.1803 -0.8999
vn -0.6505 0.1907 0.7352
vn -0.5864 -0.0117 -0.8099
vn 0.0864 -0.0535 -0.9948
vn 0.7404 -0.0046 -0.6722
vn -0.3495 -0.4454 -0.8243
vn -0.6586 -0.3172 -0.6824
vn -0.2363 0.0355 -0.9710
vn 0.7524 -0.3629 0.5498
vn 0.7015 0.3294 -0.6319
vn -0.4529 -0.1981 0.8693
vn -0.7501 0.0239 0.6609
vn -0.2985 -0.0910 0.9501
vn -0.1101 0.6878 -0.7175
vn -0.5657 0.5985 -0.5672
vn 0.9599 -0.0000 0.2805
vn 0.9326 -0.1881 0.3080
vn -0.5491 0.6516 -0.5233
vn -0.3743 0.6557 -0.6557
vn 0.1995 0.9276 0.3158
vn 0.9278 -0.0850 -0.3632
vn 0.2044 0.9082 0.3653
vn -0.4166 -0.2071 -0.8852
vn -0.3374 0.9319 -0.1329
vn -0.1750 0.9128 -0.3690
vn 0.0544 0.9983 0.0220
vn 0.2531 0.9572 -0.1403
vn 0.4826 0.8667 -0.1260
vn -0.2325 0.9725 -0.0122
vn -0.0087 0.9938 -0.1105
vn -0.2189 0.9735 -0.0668
vn -0.3231 0.9290 -0.1806
vn -0.5738 0.8053 -0.1494
vn 0.2254 0.9730 -0.0489
vn 0.2072 0.9749 -0.0818
vn 0.0590 0.9981 -0.0184
vn 0.0260 0.9974 -0.0673
vn 0.0462 0.9808 -0.1895
vn 0.3863 0.9209 -0.0512
vn 0.1569 0.9812 -0.1124
vn -0.5087 0.3795 -0.7728
vn -0.4324 0.7163 0.5477
vn 0.2519 -0.7932 0.5544
vn 0.8481 -0.5282 0.0416
vn 0.9039 -0.3478 0.2489
vn 0.9743 -0.1901 -0.1208
vn -0.9983 0.0566 -0.0129
vn -0.8371 -0.2504 0.4864
vn -0.9909 -0.0820 -0.1072
vn 0.9821 -0.1205 0.1448
vn -0.3761 -0.4397 0.8156
vn -0.8960 -0.1157 -0.4288
vn 0.9901 0.0933 0.1045
vn 0.0317 -0.4663 0.8841
vn 0.5717 0.5991 -0.5606
vn 0.4643 0.7146 -0.5233
vn 0.5371 0.7282 -0.4257
vn 0.5245 0.6696 -0.5258
vn 0.0972 0.9924 -0.0753
vn 0.1702 0.9597 0.2234
vn 0.0665 0.9802 0.1867
vn 0.1106 0.9938 0.0115
vn 0.0214 0.9914 -0.1289
vn 0.0270 0.9957 -0.0882
vn 0.2446 0.9630 0.1129
vn 0.7452 0.6413 -0.1829
vn 0.7772 0.6063 -0.1683
vn 0.7116 0.6374 -0.2955
vn 0.0401 0.9706 -0.2373
vn 0.1132 0.9880 -0.1052
vn 0.3369 0.9396 -0.0601
vn 0.1470 0.9873 -0.0602
vn 0.1175 0.9880 0.1007
vn 0.0692 0.9958 -0.0595
vn -0.0808 0.9722 0.2198
vn -0.0429 -0.9905 -0.1309
vn -0.0950 -0.9953 0.0185
vn 0.0007 -0.9862 -0.1653
vn -0.0626 -0.9838 -0.1681
vn -0.1435 -0.9559 -0.2564
vn -0.1583 -0.9777 0.1381
vn 0.0345 -0.9795 0.1984
vn 0.0215 -0.9663 0.2564
vn -0.0977 -0.9943 -0.0423
vn -0.0245 -0.9937 -0.1097
vn -0.0758 -0.9971 0.0035
vn 0.0027 -0.9951 -0.0990
vn 0.0620 -0.9981 -0.0003
vn -0.4134 -0.8871 -0.2055
vn 0.4920 -0.8248 0.2788
vn 0.0013 -0.9293 -0.3692
vn -0.6738 -0.7322 -0.0996
vn 0.0930 -0.9956 -0.0150
vn 0.0768 -0.8711 0.4851
vn 0.0756 -0.9967 0.0285
vn 0.1644 -0.9857 0.0362
vn -0.1420 -0.9896 -0.0227
vn 0.2158 -0.9636 -0.1575
vn 0.0177 -0.9991 -0.0393
vn -0.0708 -0.9961 -0.0519
vn -0.0454 -0.9955 0.0826
vn -0.9334 0.3045 -0.1896
vn -0.0352 -0.9992 -0.0192
vn 0.2126 -0.9749 0.0660
vn 0.1235 -0.9909 0.0544
vn 0.0610 -0.9974 0.0378
vn 0.0058 -0.9864 -0.1643
vn 0.0019 -0.9958 -0.0915
vn 0.0002 -0.9997 -0.0228
vn -0.0463 -0.9921 -0.1165
vn -0.7985 -0.2612 0.5424
vn -0.1784 0.2252 0.9579
vn 0.9151 -0.0532 -0.3996
vn -0.3089 0.3935 0.8659
vn -0.9131 -0.2109 -0.3488
vn 0.5933 0.4082 -0.6938
vn 0.3043 -0.0432 0.9516
vn 0.3375 -0.0843 0.9375
vn -0.9284 -0.0031 0.3715
vn -0.3282 -0.2422 0.9130
vn -0.9251 0.1219 -0.3596
vn -0.3160 -0.3350 -0.8876
vn -0.5983 -0.0973 -0.7953
vn -0.6288 -0.1458 -0.7638
vn -0.9165 -0.2527 0.3100
vn 0.4251 -0.9038 -0.0490
vn -0.9782 -0.0582 -0.1993
vn -0.9545 -0.1552 0.2546
vn 0.1237 0.9807 0.1517
vn -0.3578 0.9268 0.1139
vn -0.0529 0.7758 0.6287
vn -0.0195 0.9998 0.0081
vn -0.2793 0.9394 0.1988
vn -0.3052 0.9260 0.2225
vn 0.0379 0.8303 -0.5560
vn -0.5645 -0.1337 -0.8145
vn -0.1345 0.9394 -0.3154
vn -0.0860 0.9834 -0.1596
vn -0.7622 0.5081 0.4011
vn -0.0789 0.4584 -0.8852
vn 0.1448 0.7017 -0.6976
vn 0.7178 -0.0746 -0.6923
vn 0.6171 -0.4722 -0.6294
vn 0.6694 -0.2819 -0.6874
vn 0.7152 -0.3047 -0.6290
vn -0.6772 -0.0101 0.7358
vn -0.1215 0.9742 0.1903
vn 0.1529 0.9882 -0.0083
vn 0.0922 0.9947 -0.0456
vn 0.0732 0.9963 0.0440
vn 0.0375 0.9943 -0.1001
vn 0.0622 0.9913 -0.1160
vn 0.0359 0.9950 -0.0932
vn 0.0562 0.9914 0.1181
vn 0.0284 0.9986 0.0441
vn -0.1593 0.9811 -0.1096
vn -0.1187 -0.9929 -0.0125
vn 0.1367 -0.9762 -0.1686
vn 0.0901 -0.9940 0.0613
vn 0.0397 -0.9961 0.0783
vn 0.0078 -0.9936 -0.1130
vn 0.1098 -0.9903 -0.0857
vn 0.0358 -0.9964 0.0767
vn 0.0027 -0.9956 0.0936
vn 0.0317 -0.9942 0.1032
vn 0.0435 0.4460 0.8940
vn -0.9272 0.3408 -0.1557
vn -0.8957 0.2222 -0.3851
vn 0.9499 0.1704 0.2618
vn 0.9949 0.0359 0.0941
vn 0.9961 0.0849 -0.0255
vn 0.8528 0.0847 0.5153
vn 0.8201 -0.4370 -0.3694
vn 0.5925 -0.8055 -0.0155
vn -0.1654 -0.9862 -0.0098
vn -0.8752 0.0912 -0.4751
vn -0.5670 0.5916 0.5732
vn -0.8796 0.4753 -0.0172
vn -0.8544 0.4459 -0.2666
vn 0.4853 -0.8704 -0.0832
vn -0.8320 0.2391 0.5005
vn 0.5992 -0.7248 0.3401
vn 0.5590 -0.7647 0.3205
vn 0.4912 -0.8706 -0.0276
vn -0.6746 0.1157 -0.7290
vn -0.0484 0.9986 -0.0204
vn -0.0803 0.9899 0.1172
vn 0.0968 0.8907 0.4441
vn -0.0537 0.9960 -0.0708
vn 0.8180 0.5214 -0.2428
vn 0.5447 0.5517 -0.6316
vn -0.5390 0.1846 -0.8218
vn 0.7619 -0.2556 0.5952
vn 0.8122 0.1318 0.5683
vn -0.1411 -0.4007 0.9053
vn -0.0147 -0.4438 0.8960
vn 0.6217 0.1255 -0.7731
vn 0.5994 0.5991 0.5309
vn 0.0519 0.9985 -0.0160
vn -0.1088 0.9893 -0.0969
vn -0.0350 0.9931 -0.1123
vn 0.0618 0.9976 -0.0322
vn -0.0852 0.9886 0.1240
vn 0.1242 0.9824 0.1399
vn 0.0149 0.9977 0.0666
vn 0.1819 0.9743 -0.1330
vn -0.1777 0.9821 0.0618
vn -0.0508 0.9894 0.1362
vn -0.0400 0.9947 -0.0950
vn 0.2702 -0.5473 -0.7921
vn 0.3824 -0.9240 -0.0054
vn 0.1116 -0.9899 -0.0874
vn -0.5383 -0.2510 -0.8045
vn 0.4691 -0.0796 -0.8796
vn -0.7341 -0.6461 0.2088
vn -0.1644 -0.9600 0.2268
vn -0.1797 -0.8975 0.4028
vn 0.0896 -0.9908 0.1017
vn -0.9333 -0.0299 -0.3580
vn 0.0554 -0.9501 0.3068
vn 0.0107 -0.9969 0.0777
vn 0.0658 -0.9809 0.1832
vn 0.1565 -0.9873 -0.0282
vn 0.1830 -0.9831 -0.0058
vn 0.2770 -0.9461 -0.1680
vn 0.0844 -0.9294 -0.3593
vn -0.0185 -0.9952 -0.0960
vn 0.1529 -0.9847 0.0835
vn 0.2413 -0.7357 -0.6329
vn 0.0955 0.0197 -0.9952
vn -0.6715 0.3539 0.6510
vn -0.6134 -0.2103 0.7613
vn -0.2174 -0.1848 0.9584
vn 0.9037 -0.4138 -0.1102
vn 0.8359 0.3074 0.4548
vn 0.1812 0.9820 -0.0539
vn -0.1031 0.6296 0.7700
vn 0.2558 0.9261 0.2773
vn 0.1068 0.9253 -0.3639
vn -0.1304 0.9047 0.4055
vn 0.4510 0.8155 0.3627
vn 0.4682 0.8541 -0.2265
vn 0.9488 0.1960 0.2478
vn 0.8410 0.3996 0.3647
vn 0.3397 0.7860 -0.5165
vn -0.5796 0.1883 -0.7928
vn 0.4081 0.3627 -0.8378
vn 0.3473 -0.3153 -0.8832
vn -0.8625 -0.1092 0.4941
vn -0.7447 -0.1301 0.6546
vn -0.4777 -0.0824 0.8747
vn -0.6834 -0.1539 -0.7136
vn 0.0385 0.9957 -0.0841
vn 0.1490 0.9886 0.0197
vn 0.0278 0.9824 0.1845
vn 0.0225 0.9668 0.2545
vn 0.0735 -0.9759 0.2055
vn 0.0869 -0.9896 0.1147
vn 0.3240 -0.9385 0.1193
vn 0.3949 -0.9087 -0.1352
vn 0.1572 -0.9799 0.1225
vn 0.0037 -1.0000 -0.0049
vn -0.0518 -0.9182 -0.3927
vn -0.0625 -0.9951 -0.0770
vn -0.1134 -0.9934 0.0166
vn -0.0393 -0.9912 0.1262
vn 0.0573 -0.9973 -0.0467
vn -0.1730 -0.9835 -0.0528
vn -0.0114 -0.9970 -0.0768
vn 0.7923 -0.0811 -0.6047
vn 0.9835 -0.0673 -0.1680
vn 0.9265 0.3429 -0.1552
vn 0.9970 -0.0134 0.0764
vn -0.8958 -0.3800 0.2307
vn -0.7842 -0.2726 0.5574
vn -0.3178 -0.1983 0.9272
vn 0.5087 -0.3052 -0.8050
vn 0.0277 -0.2363 -0.9713
vn -0.0695 -0.2741 -0.9592
vn -0.3554 0.0892 -0.9304
vn -0.5452 0.7596 0.3547
vn -0.2176 0.9690 0.1172
vn -0.0051 0.9969 0.0783
vn -0.0428 0.9984 0.0380
vn -0.1606 0.9661 0.2022
vn -0.0442 0.9883 -0.1461
vn -0.2184 0.8126 0.5404
vn -0.4196 0.9073 -0.0279
vn 0.0391 0.9962 0.0783
vn 0.0782 0.9947 0.0666
vn 0.0377 0.9982 0.0459
vn 0.2607 0.9614 0.0878
vn 0.1482 0.9889 0.0090
vn 0.1981 0.9633 -0.1810
vn -0.7991 0.5968 -0.0733
vn -0.6077 -0.2087 -0.7663
vn -0.6664 -0.3703 -0.6471
vn -0.5075 0.5456 -0.6669
vn -0.9870 -0.0088 -0.1603
vn -0.8139 -0.5763 -0.0737
vn -0.7007 0.4001 -0.5908
vn 0.8374 -0.4158 -0.3547
vn 0.7985 0.3882 -0.4601
vn 0.3662 -0.2914 -0.8837
vn -0.7824 -0.3642 0.5051
vn 0.1800 0.9610 0.2098
vn 0.1790 0.9730 0.1456
vn -0.1220 0.9843 -0.1275
vn 0.1644 0.9838 0.0712
vn -0.1867 0.9765 -0.1076
vn 0.1547 0.9879 0.0040
vn -0.2169 0.9689 -0.1190
vn 0.2306 0.9204 -0.3158
vn -0.1515 0.9845 0.0880
vn 0.0231 0.9612 -0.2749
vn 0.1621 0.9828 -0.0890
vn 0.1514 0.9833 0.1005
vn -0.0886 0.6314 0.7704
vn 0.0440 0.9802 0.1930
vn -0.0458 0.9972 0.0593
vn 0.1436 0.9851 0.0949
vn 0.0156 -0.9991 -0.0388
vn -0.3175 -0.9371 0.1449
vn -0.1940 -0.9631 0.1868
vn -0.3079 -0.9487 -0.0711
vn -0.0537 -0.9933 0.1025
vn -0.1344 -0.9871 0.0871
vn -0.0438 -0.9942 0.0986
vn 0.1490 -0.9883 -0.0339
vn -0.0812 -0.9967 0.0078
vn 0.1914 -0.8888 -0.4165
vn -0.1484 -0.9854 0.0839
vn -0.0383 -0.9881 0.1491
vn 0.0351 -0.9945 -0.0988
vn 0.1311 -0.9884 -0.0767
vn 0.0318 -0.9854 0.1672
vn -0.2210 -0.9701 0.1004
vn 0.1807 -0.9835 0.0108
vn 0.5355 0.3286 0.7780
vn 0.1838 0.3371 0.9234
vn 0.9180 -0.1033 0.3828
vn 0.3477 0.1091 0.9312
vn -0.1072 0.9284 0.3558
vn 0.0475 0.9983 0.0330
vn 0.2805 0.7888 0.5469
vn 0.1079 0.9889 0.1023
vn -0.0370 0.9937 0.1061
vn -0.0870 0.9856 -0.1449
vn -0.1869 0.9815 -0.0417
vn 0.0691 0.9921 0.1049
vn -0.0465 0.9988 0.0164
vn 0.0959 0.9832 -0.1551
vn -0.1235 0.9844 0.1249
vn 0.0508 0.9983 0.0293
vn -0.1302 0.9914 -0.0132
vn 0.2449 0.9506 -0.1906
vn 0.1657 0.9696 -0.1801
vn -0.3653 -0.4121 -0.8347
vn 0.1327 -0.9810 0.1417
vn 0.0589 -0.9974 0.0405
vn -0.0595 -0.9505 -0.3050
vn 0.0251 -0.9996 0.0150
vn -0.1740 -0.9831 -0.0562
vn -0.7533 -0.5567 -0.3502
vn -0.2451 -0.9398 -0.2381
vn 0.0404 -0.9972 -0.0633
vn 0.0270 -0.9996 0.0010
vn -0.0916 -0.9955 0.0253
vn 0.6302 0.3897 -0.6716
vn 0.5758 0.4527 -0.6808
vn -0.8620 0.1333 0.4890
vn -0.8333 0.1637 0.5280
vn 0.0808 0.9966 -0.0154
vn 0.0446 0.9983 -0.0376
vn 0.0007 0.9963 0.0862
vn -0.1582 0.9874 -0.0111
vn -0.5910 0.0274 0.8062
vn 0.6291 -0.2030 -0.7503
vn 0.5202 0.3035 -0.7983
vn -0.0562 0.9938 -0.0958
vn 0.1195 0.9927 0.0182
vn 0.2343 0.9558 0.1777
vn 0.0809 0.9779 0.1929
vn 0.0202 0.9801 0.1977
vn 0.1265 0.9901 0.0608
vn 0.1240 0.9920 0.0233
vn -0.6964 0.3608 0.6204
vn 0.1109 0.9815 -0.1559
vn 0.1888 0.9805 0.0546
vn -0.1204 -0.9920 0.0383
vn -0.4823 -0.4346 -0.7606
vn 0.0792 -0.9959 0.0448
vn -0.9162 -0.1078 0.3859
vn -0.6894 -0.0271 -0.7239
vn 0.1127 0.9926 -0.0450
vn 0.1447 0.9880 -0.0535
vn 0.0359 0.9942 -0.1018
vn 0.1177 0.7092 0.6951
vn -0.1941 0.9794 -0.0557
vn -0.0892 0.9897 0.1117
vn -0.0103 0.9922 -0.1245
vn -0.4853 -0.7191 0.4974
vn -0.3580 -0.9221 0.1466
vn -0.8711 -0.3983 -0.2875
vn -0.0785 -0.9019 -0.4249
vn -0.1050 -0.9854 -0.1340
vn 0.1090 -0.7707 0.6278
vn -0.6899 0.0305 -0.7233
vn 0.0643 0.9957 -0.0673
vn -0.0835 0.9432 0.3216
vn 0.0554 0.9974 -0.0462
vn 0.0388 -0.9899 0.1365
vn -0.1898 -0.9795 0.0670
vn 0.0354 0.9955 -0.0878
vn -0.8425 0.4767 0.2510
vn -0.5892 0.7425 0.3187
vn 0.3350 0.9384 0.0853
vn 0.0140 0.9986 -0.0514
vn -0.0239 0.9926 0.1192
vn -0.0114 0.9522 -0.3052
vt 0.189735 0.436745
vt 0.192413 0.442126
vt 0.185894 0.445115
vt 0.289963 0.403291
vt 0.302127 0.401005
vt 0.298192 0.416974
vt 0.285413 0.411665
vt 0.284157 0.421537
vt 0.291994 0.430023
vt 0.273149 0.414480
vt 0.270422 0.388253
vt 0.267146 0.398478
vt 0.283348 0.430887
vt 0.269539 0.429185
vt 0.257182 0.418894
vt 0.275213 0.427310
vt 0.258804 0.407114
vt 0.257108 0.375734
vt 0.272904 0.371500
vt 0.258664 0.386447
vt 0.587808 0.953233
vt 0.593661 0.953175
vt 0.593363 0.958603
vt 0.390567 0.329737
vt 0.398907 0.344724
vt 0.384116 0.347446
vt 0.398974 0.350757
vt 0.608599 0.955157
vt 0.372555 0.321569
vt 0.385889 0.320413
vt 0.369993 0.341510
vt 0.402508 0.310212
vt 0.387727 0.306344
vt 0.379600 0.316460
vt 0.369909 0.312075
vt 0.369982 0.283806
vt 0.387350 0.290675
vt 0.369494 0.295574
vt 0.360921 0.323058
vt 0.348625 0.303869
vt 0.354925 0.292179
vt 0.102464 0.373991
vt 0.097330 0.359071
vt 0.106381 0.353184
vt 0.084713 0.379041
vt 0.090751 0.386291
vt 0.084168 0.360375
vt 0.072127 0.368994
vt 0.092523 0.350787
vt 0.082958 0.349709
vt 0.085344 0.383192
vt 0.070542 0.386947
vt 0.941074 0.225046
vt 0.929119 0.224225
vt 0.942530 0.218778
vt 0.074813 0.348556
vt 0.068440 0.355896
vt 0.063931 0.362261
vt 0.088597 0.338589
vt 0.081125 0.340003
vt 0.082174 0.328374
vt 0.062805 0.337767
vt 0.071082 0.323084
vt 0.433609 0.155380
vt 0.429729 0.148007
vt 0.435647 0.148436
vt 0.418521 0.149696
vt 0.284194 0.012564
vt 0.290933 0.017340
vt 0.283074 0.024658
vt 0.259389 0.016675
vt 0.252904 0.005125
vt 0.262794 0.007591
vt 0.258317 0.000064
vt 0.308911 0.151904
vt 0.318191 0.161190
vt 0.308785 0.162285
vt 0.115557 0.030337
vt 0.130160 0.034004
vt 0.124368 0.042970
vt 0.123633 0.025274
vt 0.252926 0.973665
vt 0.261580 0.971367
vt 0.257951 0.985527
vt 0.062593 0.940269
vt 0.057629 0.949741
vt 0.055037 0.935710
vt 0.244038 0.980598
vt 0.073704 0.942753
vt 0.066443 0.949588
vt 0.166536 0.353833
vt 0.177042 0.362325
vt 0.163212 0.362128
vt 0.177747 0.348601
vt 0.162661 0.342306
vt 0.180242 0.339612
vt 0.151475 0.336042
vt 0.151622 0.347371
vt 0.170969 0.378781
vt 0.161667 0.381066
vt 0.153538 0.365499
vt 0.143584 0.373523
vt 0.162094 0.326285
vt 0.177847 0.324297
vt 0.169665 0.315520
vt 0.911379 0.651060
vt 0.921271 0.650857
vt 0.910369 0.659545
vt 0.904128 0.435400
vt 0.893006 0.433987
vt 0.903379 0.428033
vt 0.134372 0.776495
vt 0.132644 0.769150
vt 0.141286 0.768370
vt 0.139360 0.774965
vt 0.016365 0.161294
vt 0.031397 0.170029
vt 0.028107 0.179473
vt 0.019567 0.174948
vt 0.018407 0.184485
vt 0.134880 0.850701
vt 0.139086 0.853531
vt 0.140016 0.859983
vt 0.008450 0.163241
vt 0.012159 0.156374
vt 0.136176 0.877610
vt 0.142106 0.885991
vt 0.135207 0.883766
vt 0.917272 0.537413
vt 0.913052 0.547327
vt 0.909331 0.537917
vt 0.905894 0.543939
vt 0.926898 0.538488
vt 0.974402 0.105046
vt 0.985827 0.112984
vt 0.979416 0.113335
vt 0.422918 0.141340
vt 0.440605 0.978821
vt 0.436809 0.971139
vt 0.449322 0.971245
vt 0.417226 0.124905
vt 0.423878 0.117636
vt 0.425703 0.122075
vt 0.419726 0.134040
vt 0.408572 0.132554
vt 0.302335 0.979362
vt 0.292854 0.983279
vt 0.290821 0.976505
vt 0.283953 0.977826
vt 0.405647 0.114815
vt 0.414521 0.117483
vt 0.405920 0.127888
vt 0.018823 0.727202
vt 0.017684 0.732924
vt 0.010878 0.729593
vt 0.987141 0.173368
vt 0.988143 0.176836
vt 0.978926 0.177789
vt 0.978783 0.166506
vt 0.395166 0.968767
vt 0.384319 0.961873
vt 0.389505 0.952309
vt 0.403730 0.953061
vt 0.891883 0.112824
vt 0.886409 0.111025
vt 0.884766 0.095135
vt 0.894742 0.098866
vt 0.904436 0.093790
vt 0.903097 0.103741
vt 0.910234 0.102076
vt 0.909638 0.088969
vt 0.085763 0.307595
vt 0.098661 0.314697
vt 0.098532 0.328564
vt 0.952873 0.867373
vt 0.957577 0.876209
vt 0.943748 0.869201
vt 0.960529 0.866594
vt 0.960927 0.873420
vt 0.094149 0.129167
vt 0.090460 0.147365
vt 0.078196 0.146976
vt 0.071387 0.126495
vt 0.088940 0.108276
vt 0.067056 0.144966
vt 0.057934 0.136661
vt 0.074255 0.161487
vt 0.055688 0.145390
vt 0.058210 0.163975
vt 0.055268 0.155167
vt 0.049817 0.150185
vt 0.268789 0.073303
vt 0.282218 0.077320
vt 0.271049 0.083675
vt 0.261667 0.080383
vt 0.265945 0.057854
vt 0.273516 0.062968
vt 0.257977 0.070001
vt 0.254334 0.059087
vt 0.245171 0.064556
vt 0.267671 0.112057
vt 0.260879 0.118991
vt 0.251598 0.113657
vt 0.246820 0.102793
vt 0.264078 0.104228
vt 0.258048 0.088817
vt 0.245047 0.082567
vt 0.243138 0.093252
vt 0.913092 0.528488
vt 0.926116 0.532042
vt 0.903067 0.536139
vt 0.290755 0.968915
vt 0.285222 0.971191
vt 0.896643 0.533166
vt 0.889379 0.540568
vt 0.881346 0.535622
vt 0.877897 0.547242
vt 0.885450 0.548829
vt 0.878290 0.557039
vt 0.890618 0.559434
vt 0.890467 0.569985
vt 0.869198 0.561297
vt 0.883460 0.575667
vt 0.893122 0.585276
vt 0.872023 0.578628
vt 0.878944 0.589632
vt 0.126546 0.497842
vt 0.118449 0.500354
vt 0.116330 0.493391
vt 0.125657 0.488846
vt 0.044778 0.831381
vt 0.035968 0.830247
vt 0.038053 0.815805
vt 0.023335 0.812235
vt 0.050751 0.810481
vt 0.976561 0.860424
vt 0.965658 0.850849
vt 0.972876 0.839245
vt 0.752619 0.936934
vt 0.758393 0.963848
vt 0.749943 0.951342
vt 0.761525 0.936460
vt 0.982076 0.835032
vt 0.954628 0.738998
vt 0.945352 0.746222
vt 0.944089 0.728532
vt 0.868669 0.550150
vt 0.870624 0.591503
vt 0.127957 0.567804
vt 0.125871 0.573157
vt 0.114922 0.559802
vt 0.940377 0.294921
vt 0.943601 0.287069
vt 0.946228 0.308000
vt 0.958326 0.628934
vt 0.953565 0.621409
vt 0.956418 0.615749
vt 0.933422 0.399545
vt 0.926394 0.405259
vt 0.929435 0.391851
vt 0.936183 0.388341
vt 0.947275 0.394987
vt 0.895966 0.174969
vt 0.894456 0.186049
vt 0.884766 0.180300
vt 0.978783 0.185536
vt 0.972398 0.189810
vt 0.971608 0.177266
vt 0.964731 0.065692
vt 0.972614 0.062425
vt 0.968765 0.073797
vt 0.974402 0.066260
vt 0.455287 0.623164
vt 0.463410 0.629610
vt 0.462898 0.639274
vt 0.472002 0.638076
vt 0.502328 0.639170
vt 0.479077 0.634360
vt 0.493476 0.623260
vt 0.969916 0.293480
vt 0.960139 0.298718
vt 0.959674 0.288536
vt 0.955649 0.298823
vt 0.958473 0.833715
vt 0.958740 0.843722
vt 0.950837 0.836841
vt 0.239731 0.946516
vt 0.235432 0.957759
vt 0.233618 0.944402
vt 0.936568 0.286501
vt 0.928533 0.294684
vt 0.927398 0.284212
vt 0.921102 0.286816
vt 0.243313 0.934101
vt 0.252457 0.929559
vt 0.245774 0.943120
vt 0.257935 0.937936
vt 0.055878 0.893776
vt 0.065290 0.899309
vt 0.059894 0.901937
vt 0.386429 0.911817
vt 0.397057 0.908951
vt 0.398822 0.923025
vt 0.887941 0.065155
vt 0.895590 0.052989
vt 0.899595 0.061374
vt 0.865601 0.638926
vt 0.859813 0.655538
vt 0.854397 0.657334
vt 0.847088 0.642792
vt 0.062227 0.888669
vt 0.808580 0.824252
vt 0.815653 0.833490
vt 0.804450 0.832685
vt 0.272841 0.995989
vt 0.265142 0.989263
vt 0.272841 0.987421
vt 0.801079 0.824453
vt 0.793086 0.834833
vt 0.794414 0.821706
vt 0.553583 0.613233
vt 0.549080 0.616000
vt 0.549109 0.601535
vt 0.790589 0.823031
vt 0.458344 0.827967
vt 0.455486 0.810656
vt 0.460604 0.797737
vt 0.988529 0.375514
vt 0.978077 0.389565
vt 0.981273 0.359230
vt 0.838318 0.511267
vt 0.852188 0.514046
vt 0.840587 0.520491
vt 0.167075 0.909398
vt 0.178498 0.900509
vt 0.183283 0.905917
vt 0.668510 0.591586
vt 0.673582 0.586914
vt 0.679142 0.592473
vt 0.488784 0.829527
vt 0.476247 0.832580
vt 0.478815 0.826619
vt 0.039270 0.996037
vt 0.036824 0.989272
vt 0.039270 0.985835
vt 0.488859 0.836134
vt 0.841439 0.533145
vt 0.840059 0.548052
vt 0.831986 0.544453
vt 0.835819 0.554823
vt 0.844920 0.557279
vt 0.828770 0.562246
vt 0.830136 0.570513
vt 0.839750 0.574967
vt 0.829414 0.476889
vt 0.839930 0.483632
vt 0.829481 0.488116
vt 0.840704 0.492108
vt 0.308334 0.979176
vt 0.302367 0.991435
vt 0.302367 0.973078
vt 0.839732 0.498428
vt 0.822539 0.493000
vt 0.839058 0.504934
vt 0.824297 0.504530
vt 0.283851 0.945367
vt 0.283851 0.960209
vt 0.281803 0.953379
vt 0.832141 0.525228
vt 0.911903 0.690635
vt 0.910273 0.699563
vt 0.905760 0.691243
vt 0.921261 0.595906
vt 0.909210 0.587509
vt 0.915404 0.579656
vt 0.908755 0.360595
vt 0.909090 0.371172
vt 0.898863 0.364246
vt 0.899812 0.142522
vt 0.891711 0.147809
vt 0.895254 0.133183
vt 0.953336 0.896916
vt 0.947424 0.912493
vt 0.941384 0.905209
vt 0.969385 0.260519
vt 0.961865 0.263083
vt 0.953960 0.251296
vt 0.951876 0.259950
vt 0.945911 0.356613
vt 0.939957 0.359387
vt 0.935337 0.345013
vt 0.260285 0.900124
vt 0.247930 0.904721
vt 0.249998 0.895097
vt 0.999166 0.463129
vt 0.994964 0.458524
vt 0.999166 0.447856
vt 0.608599 0.897690
vt 0.613940 0.897751
vt 0.616410 0.913670
vt 0.396881 0.885572
vt 0.388748 0.890201
vt 0.391658 0.874630
vt 0.902870 0.032191
vt 0.891279 0.027225
vt 0.892012 0.015700
vt 0.903813 0.011890
vt 0.977702 0.572909
vt 0.970278 0.585807
vt 0.969036 0.572909
vt 0.963447 0.581157
vt 0.920457 0.794985
vt 0.916176 0.798311
vt 0.909989 0.791184
vt 0.903985 0.801812
vt 0.899820 0.793114
vt 0.217788 0.792900
vt 0.212053 0.786207
vt 0.221876 0.788689
vt 0.102330 0.870052
vt 0.093077 0.856315
vt 0.099920 0.852628
vt 0.113611 0.857376
vt 0.113113 0.870330
vt 0.919006 0.684519
vt 0.924969 0.677388
vt 0.923850 0.688361
vt 0.912497 0.567807
vt 0.911409 0.578708
vt 0.920002 0.567299
vt 0.911206 0.671623
vt 0.901904 0.691345
vt 0.902923 0.678370
vt 0.613665 0.575265
vt 0.622100 0.562695
vt 0.625521 0.573438
vt 0.607863 0.576155
vt 0.600848 0.566199
vt 0.649520 0.569589
vt 0.640741 0.580307
vt 0.636163 0.563619
vt 0.600424 0.577218
vt 0.596954 0.571137
vt 0.652030 0.560117
vt 0.186039 0.940376
vt 0.183670 0.952578
vt 0.183283 0.943125
vt 0.192858 0.949244
vt 0.589822 0.575043
vt 0.591047 0.561193
vt 0.000447 0.885290
vt 0.007546 0.896783
vt 0.001999 0.898608
vt 0.585072 0.568426
vt 0.933265 0.897331
vt 0.931655 0.880766
vt 0.936244 0.888659
vt 0.234786 0.869523
vt 0.223451 0.863036
vt 0.231278 0.859427
vt 0.948526 0.673107
vt 0.954443 0.667657
vt 0.951716 0.679390
vt 0.958031 0.676717
vt 0.096658 0.951480
vt 0.108108 0.960827
vt 0.096149 0.961295
vt 0.563214 0.981065
vt 0.555078 0.976235
vt 0.563278 0.972206
vt 0.617189 0.439119
vt 0.631325 0.436259
vt 0.628694 0.441633
vt 0.608448 0.427378
vt 0.616826 0.427267
vt 0.607621 0.419289
vt 0.604419 0.423953
vt 0.438249 0.770539
vt 0.448368 0.767216
vt 0.447104 0.774436
vt 0.452761 0.774353
vt 0.456241 0.767529
vt 0.991377 0.329270
vt 0.980018 0.339137
vt 0.978874 0.329114
vt 0.849104 0.317970
vt 0.858260 0.314224
vt 0.860613 0.321245
vt 0.458548 0.775727
vt 0.246993 0.775243
vt 0.244131 0.777777
vt 0.239731 0.766499
vt 0.846915 0.312545
vt 0.253896 0.762541
vt 0.853063 0.299800
vt 0.860010 0.301170
vt 0.857780 0.310602
vt 0.878807 0.904326
vt 0.877319 0.909198
vt 0.873051 0.905732
vt 0.236337 0.830888
vt 0.231696 0.843896
vt 0.226014 0.837672
vt 0.481198 0.306638
vt 0.475640 0.302236
vt 0.488906 0.283734
vt 0.502344 0.321008
vt 0.492255 0.319304
vt 0.501454 0.312007
vt 0.488797 0.316341
vt 0.499318 0.294148
vt 0.497838 0.302477
vt 0.488869 0.300269
vt 0.509557 0.291865
vt 0.518109 0.325454
vt 0.532916 0.337413
vt 0.513469 0.335320
vt 0.535815 0.322371
vt 0.539173 0.349122
vt 0.546149 0.330494
vt 0.546116 0.313094
vt 0.871239 0.168284
vt 0.877858 0.170584
vt 0.865281 0.177118
vt 0.860857 0.168043
vt 0.877684 0.162817
vt 0.869341 0.159621
vt 0.859414 0.157497
vt 0.996952 0.395896
vt 0.991377 0.400222
vt 0.991377 0.383794
vt 0.488577 0.578837
vt 0.476740 0.566187
vt 0.495854 0.563075
vt 0.356036 0.852508
vt 0.368552 0.859398
vt 0.355342 0.861213
vt 0.346898 0.851824
vt 0.345885 0.863630
vt 0.000256 0.787027
vt 0.007546 0.778629
vt 0.007546 0.790584
vt 0.486343 0.239741
vt 0.482585 0.225722
vt 0.495153 0.227209
vt 0.498494 0.237677
vt 0.488714 0.216881
vt 0.505276 0.229975
vt 0.506514 0.239113
vt 0.857106 0.220174
vt 0.838523 0.225369
vt 0.850320 0.212772
vt 0.859211 0.238098
vt 0.855067 0.198552
vt 0.846433 0.191550
vt 0.844325 0.204685
vt 0.838557 0.207558
vt 0.854757 0.189080
vt 0.867831 0.193661
vt 0.836903 0.184719
vt 0.853937 0.177824
vt 0.845509 0.174668
vt 0.832719 0.167165
vt 0.552751 0.320938
vt 0.553715 0.326342
vt 0.394685 0.850590
vt 0.393434 0.855377
vt 0.384789 0.840212
vt 0.867698 0.776966
vt 0.854753 0.783472
vt 0.853963 0.760819
vt 0.861037 0.761677
vt 0.497887 0.988777
vt 0.494252 0.996887
vt 0.491437 0.988777
vt 0.982717 0.714983
vt 0.988839 0.709359
vt 0.991096 0.715066
vt 0.833547 0.769355
vt 0.840680 0.770081
vt 0.837110 0.774207
vt 0.828208 0.773051
vt 0.379752 0.850249
vt 0.362921 0.844801
vt 0.372869 0.841832
vt 0.680931 0.909982
vt 0.678924 0.916758
vt 0.674707 0.910076
vt 0.003953 0.768287
vt 0.357558 0.845311
vt 0.991011 0.684178
vt 0.982717 0.679604
vt 0.991011 0.663576
vt 0.502354 0.213573
vt 0.508806 0.201996
vt 0.501004 0.201690
vt 0.510606 0.188974
vt 0.550695 0.774079
vt 0.547009 0.782982
vt 0.543446 0.774011
vt 0.556333 0.774914
vt 0.483872 0.542217
vt 0.493768 0.551195
vt 0.485021 0.549828
vt 0.495473 0.546314
vt 0.525736 0.548927
vt 0.508839 0.557654
vt 0.511857 0.542835
vt 0.503421 0.547242
vt 0.519053 0.542349
vt 0.677425 0.723148
vt 0.682352 0.726677
vt 0.674502 0.728127
vt 0.683689 0.723267
vt 0.321776 0.988151
vt 0.328290 0.991032
vt 0.322266 0.991782
vt 0.120322 0.946444
vt 0.122653 0.956925
vt 0.113611 0.951126
vt 0.778333 0.517615
vt 0.775144 0.502265
vt 0.788909 0.509343
vt 0.780616 0.495672
vt 0.784700 0.485765
vt 0.782060 0.479454
vt 0.334802 0.973078
vt 0.332944 0.978577
vt 0.321671 0.977484
vt 0.073765 0.511181
vt 0.078790 0.499606
vt 0.091482 0.499707
vt 0.090366 0.508880
vt 0.769998 0.704464
vt 0.778894 0.706914
vt 0.766085 0.711190
vt 0.994519 0.473699
vt 0.987144 0.479090
vt 0.987144 0.463032
vt 0.780273 0.715697
vt 0.772747 0.716222
vt 0.359517 0.957455
vt 0.366293 0.954743
vt 0.363442 0.959828
vt 0.760979 0.808790
vt 0.774896 0.814220
vt 0.760055 0.816450
vt 0.760680 0.740332
vt 0.769513 0.735551
vt 0.777181 0.742322
vt 0.768399 0.722491
vt 0.756104 0.724333
vt 0.992351 0.647852
vt 0.984013 0.655062
vt 0.984343 0.643431
vt 0.989589 0.642039
vt 0.745455 0.991236
vt 0.749630 0.985907
vt 0.753169 0.988056
vt 0.757680 0.980071
vt 0.754431 0.976712
vt 0.533538 0.911670
vt 0.542740 0.911736
vt 0.537113 0.916657
vt 0.636615 0.758643
vt 0.638025 0.772509
vt 0.631189 0.768320
vt 0.629058 0.811761
vt 0.637416 0.814717
vt 0.626516 0.817256
vt 0.636529 0.809141
vt 0.534391 0.972206
vt 0.534818 0.961827
vt 0.541231 0.968256
vt 0.638286 0.778959
vt 0.626462 0.781417
vt 0.239731 0.988122
vt 0.233444 0.998833
vt 0.233444 0.985641
vt 0.080725 0.995118
vt 0.084786 0.984058
vt 0.084786 0.997023
vt 0.393435 0.997385
vt 0.387796 0.992761
vt 0.393435 0.987472
vt 0.548507 0.961649
vt 0.630282 0.739395
vt 0.641374 0.746112
vt 0.629542 0.750711
vt 0.628513 0.757228
vt 0.632946 0.730140
vt 0.638822 0.733153
vt 0.626445 0.776428
vt 0.626492 0.805815
vt 0.790792 0.984978
vt 0.798857 0.989871
vt 0.790792 0.995725
vt 0.445132 0.998849
vt 0.441889 0.993867
vt 0.445132 0.991628
vt 0.077428 0.989664
vt 0.544620 0.955381
vt 0.544903 0.944554
vt 0.555090 0.958552
vt 0.552417 0.950827
vt 0.470361 0.738725
vt 0.479142 0.740622
vt 0.469651 0.748636
vt 0.491623 0.747861
vt 0.478493 0.755884
vt 0.905751 0.547327
vt 0.908311 0.552579
vt 0.903067 0.552579
vt 0.995081 0.177789
vt 0.995081 0.200021
vt 0.990664 0.186048
vt 0.745224 0.971194
vt 0.734255 0.970082
vt 0.736477 0.964073
vt 0.734255 0.986694
vt 0.053293 0.660851
vt 0.056963 0.673735
vt 0.051326 0.668062
vt 0.048984 0.678374
vt 0.058727 0.684005
vt 0.736047 0.669989
vt 0.745924 0.675101
vt 0.740236 0.683038
vt 0.621618 0.841979
vt 0.615716 0.857779
vt 0.604152 0.845904
vt 0.730632 0.701493
vt 0.745092 0.707490
vt 0.738100 0.712773
vt 0.731632 0.720761
vt 0.741152 0.721786
vt 0.744622 0.726722
vt 0.042636 0.599186
vt 0.044935 0.592413
vt 0.047681 0.607148
vt 0.666272 0.488122
vt 0.660825 0.492341
vt 0.654988 0.489602
vt 0.482688 0.723221
vt 0.467958 0.731579
vt 0.464530 0.726318
vt 0.307640 0.921918
vt 0.302582 0.931430
vt 0.302582 0.916529
vt 0.304732 0.913588
vt 0.487963 0.731199
vt 0.475295 0.731409
vt 0.484676 0.724316
vt 0.494149 0.728442
vt 0.035479 0.605064
vt 0.038110 0.620961
vt 0.043919 0.626296
vt 0.541051 0.487159
vt 0.538310 0.494849
vt 0.530604 0.489724
vt 0.514948 0.496286
vt 0.516781 0.483207
vt 0.491837 0.489797
vt 0.488289 0.498116
vt 0.474404 0.485830
vt 0.479442 0.500898
vt 0.503563 0.486324
vt 0.998526 0.598352
vt 0.993288 0.591944
vt 0.998526 0.582624
vt 0.508663 0.490922
vt 0.496834 0.495275
vt 0.723563 0.560769
vt 0.717654 0.552095
vt 0.726765 0.546180
vt 0.708082 0.542971
vt 0.733880 0.536178
vt 0.718171 0.523464
vt 0.729877 0.524799
vt 0.716917 0.508502
vt 0.726438 0.502322
vt 0.023514 0.529122
vt 0.025961 0.518218
vt 0.031753 0.534626
vt 0.040721 0.547791
vt 0.023356 0.542095
vt 0.031054 0.558862
vt 0.807129 0.690131
vt 0.801569 0.704378
vt 0.792904 0.696130
vt 0.011360 0.546575
vt 0.010295 0.561989
vt 0.024610 0.571955
vt 0.574621 0.808204
vt 0.583549 0.822552
vt 0.571528 0.824147
vt 0.571650 0.839457
vt 0.583327 0.838758
vt 0.573749 0.864824
vt 0.582353 0.860040
vt 0.582462 0.868986
vt 0.265654 0.960456
vt 0.281803 0.968751
vt 0.274328 0.983229
vt 0.281557 0.987421
vt 0.689121 0.883538
vt 0.697630 0.864200
vt 0.701007 0.893028
vt 0.186250 0.608097
vt 0.166690 0.605284
vt 0.184770 0.592079
vt 0.113611 0.528643
vt 0.114445 0.519772
vt 0.114445 0.539876
vt 0.161008 0.589916
vt 0.176186 0.597654
vt 0.175434 0.582781
vt 0.159461 0.581196
vt 0.163195 0.568939
vt 0.010878 0.507195
vt 0.010678 0.517507
vt 0.005559 0.508011
vt 0.004238 0.516775
vt 0.009584 0.532590
vt 0.005068 0.529625
vt 0.001714 0.598167
vt 0.005112 0.594720
vt 0.004732 0.609995
vt 0.179766 0.493076
vt 0.158316 0.508673
vt 0.165033 0.498796
vt 0.178638 0.487234
vt 0.185537 0.488593
vt 0.190296 0.478534
vt 0.000030 0.639391
vt 0.005964 0.626399
vt 0.004163 0.641561
vt 0.200344 0.471227
vt 0.202907 0.477532
vt 0.188807 0.475360
vt 0.416565 0.617513
vt 0.429687 0.614438
vt 0.424676 0.624653
vt 0.444227 0.628244
vt 0.441424 0.636112
vt 0.435639 0.636670
vt 0.439894 0.619705
vt 0.431045 0.600261
vt 0.441971 0.609856
vt 0.441027 0.598787
vt 0.378707 0.637154
vt 0.367675 0.617492
vt 0.375531 0.614097
vt 0.366431 0.603280
vt 0.380165 0.604456
vt 0.375891 0.593855
vt 0.365717 0.590733
vt 0.360208 0.599695
vt 0.373023 0.582267
vt 0.368275 0.579862
vt 0.357912 0.576798
vt 0.226638 0.558569
vt 0.228411 0.546797
vt 0.233034 0.551310
vt 0.216956 0.557719
vt 0.239174 0.558062
vt 0.235864 0.554537
vt 0.250690 0.553023
vt 0.199466 0.566687
vt 0.202412 0.555765
vt 0.214889 0.545993
vt 0.343848 0.649655
vt 0.337855 0.651166
vt 0.343692 0.638090
vt 0.339199 0.632984
vt 0.349019 0.631462
vt 0.349534 0.620066
vt 0.348777 0.602952
vt 0.353194 0.609597
vt 0.347919 0.613056
vt 0.352680 0.597964
vt 0.292349 0.435754
vt 0.298095 0.432583
vt 0.133792 0.204522
vt 0.134827 0.195271
vt 0.136106 0.201148
vt 0.156306 0.171543
vt 0.165844 0.174106
vt 0.161955 0.180582
vt 0.208449 0.403950
vt 0.203002 0.416309
vt 0.197695 0.401659
vt 0.204853 0.435181
vt 0.204453 0.428181
vt 0.190413 0.421561
vt 0.988143 0.167129
vt 0.994832 0.173276
vt 0.992562 0.177789
vt 0.183784 0.425074
vt 0.181734 0.413210
vt 0.182090 0.400922
vt 0.174966 0.414808
vt 0.273381 0.324219
vt 0.285443 0.328512
vt 0.271417 0.334159
vt 0.286459 0.315662
vt 0.281037 0.309130
vt 0.261196 0.326743
vt 0.263229 0.313599
vt 0.274618 0.305312
vt 0.261562 0.304905
vt 0.270483 0.298864
vt 0.345195 0.275466
vt 0.334962 0.291686
vt 0.326118 0.280968
vt 0.330242 0.317666
vt 0.318694 0.303127
vt 0.319545 0.331965
vt 0.308516 0.323033
vt 0.306514 0.291433
vt 0.311709 0.272871
vt 0.332567 0.270826
vt 0.320529 0.267942
vt 0.316600 0.247928
vt 0.302755 0.279702
vt 0.307759 0.311309
vt 0.297432 0.306594
vt 0.081876 0.240680
vt 0.089985 0.259787
vt 0.078006 0.255739
vt 0.090895 0.234654
vt 0.100660 0.255192
vt 0.071769 0.235498
vt 0.121200 0.188038
vt 0.122630 0.197963
vt 0.111956 0.199986
vt 0.110175 0.216339
vt 0.114598 0.170210
vt 0.104103 0.180701
vt 0.104424 0.195326
vt 0.277316 0.124401
vt 0.282746 0.133946
vt 0.271631 0.138383
vt 0.247111 0.125970
vt 0.258944 0.142765
vt 0.269127 0.145827
vt 0.243634 0.138877
vt 0.115081 0.324634
vt 0.127054 0.314029
vt 0.129405 0.323487
vt 0.978636 0.419030
vt 0.982856 0.419363
vt 0.991377 0.428879
vt 0.240465 0.856773
vt 0.244280 0.861233
vt 0.239983 0.866479
vt 0.246840 0.868646
vt 0.054391 0.216486
vt 0.042243 0.203050
vt 0.055470 0.203798
vt 0.053798 0.191806
vt 0.049711 0.185696
vt 0.042853 0.172219
vt 0.035620 0.189557
vt 0.625745 0.657704
vt 0.615864 0.657795
vt 0.626430 0.649791
vt 0.658108 0.653547
vt 0.638920 0.653189
vt 0.652386 0.646835
vt 0.663697 0.648877
vt 0.602918 0.647203
vt 0.600442 0.659684
vt 0.592786 0.644521
vt 0.586583 0.654938
vt 0.167784 0.057154
vt 0.149711 0.059597
vt 0.169580 0.042145
vt 0.161024 0.040051
vt 0.154844 0.038503
vt 0.148336 0.029772
vt 0.158114 0.026797
vt 0.150900 0.016972
vt 0.142311 0.033503
vt 0.141214 0.040205
vt 0.183051 0.087219
vt 0.169786 0.087615
vt 0.175275 0.077903
vt 0.162390 0.068061
vt 0.159436 0.084349
vt 0.150053 0.075071
vt 0.146215 0.067176
vt 0.146255 0.096743
vt 0.157274 0.098469
vt 0.150468 0.115990
vt 0.148399 0.085844
vt 0.135865 0.087449
vt 0.124988 0.070651
vt 0.142406 0.050367
vt 0.133450 0.063537
vt 0.125341 0.056897
vt 0.906212 0.861446
vt 0.910402 0.867456
vt 0.897539 0.871889
vt 0.336594 0.041282
vt 0.329735 0.048729
vt 0.323495 0.039599
vt 0.055037 0.988516
vt 0.061937 0.988516
vt 0.056389 0.996984
vt 0.481611 0.978309
vt 0.481611 0.969495
vt 0.488485 0.981435
vt 0.486950 0.969978
vt 0.482077 0.988728
vt 0.892018 0.458952
vt 0.897366 0.458734
vt 0.889393 0.472692
vt 0.894829 0.475437
vt 0.815038 0.863517
vt 0.834085 0.866367
vt 0.825836 0.881448
vt 0.815593 0.869632
vt 0.136009 0.844012
vt 0.148563 0.833916
vt 0.150150 0.839932
vt 0.970082 0.648782
vt 0.964393 0.656249
vt 0.965437 0.643747
vt 0.930588 0.869468
vt 0.925605 0.869075
vt 0.920037 0.860607
vt 0.927242 0.857255
vt 0.464583 0.662623
vt 0.462590 0.652715
vt 0.473004 0.648278
vt 0.491790 0.644900
vt 0.495108 0.655730
vt 0.474594 0.666960
vt 0.520503 0.647521
vt 0.506018 0.658742
vt 0.892715 0.074386
vt 0.890545 0.090972
vt 0.887018 0.076514
vt 0.903295 0.083322
vt 0.420427 0.952680
vt 0.428719 0.958595
vt 0.429172 0.967959
vt 0.414317 0.969761
vt 0.412728 0.959622
vt 0.911362 0.853190
vt 0.917958 0.854011
vt 0.905518 0.848834
vt 0.869269 0.462446
vt 0.884158 0.453904
vt 0.885894 0.458977
vt 0.885137 0.467034
vt 0.869415 0.473911
vt 0.868328 0.476715
vt 0.889493 0.481213
vt 0.881680 0.484407
vt 0.062334 0.923948
vt 0.057593 0.911269
vt 0.061900 0.911138
vt 0.068560 0.909781
vt 0.070965 0.923212
vt 0.077329 0.914220
vt 0.390308 0.929396
vt 0.400445 0.939285
vt 0.386464 0.933279
vt 0.403373 0.934482
vt 0.902172 0.069887
vt 0.867440 0.537468
vt 0.038233 0.747878
vt 0.046558 0.741503
vt 0.051285 0.747199
vt 0.047691 0.694211
vt 0.044562 0.699689
vt 0.039504 0.693058
vt 0.572188 0.949922
vt 0.571830 0.958106
vt 0.567545 0.946632
vt 0.563278 0.947191
vt 0.445200 0.721273
vt 0.456385 0.717869
vt 0.452944 0.726591
vt 0.045159 0.758377
vt 0.905892 0.394269
vt 0.891777 0.402785
vt 0.894193 0.394992
vt 0.163369 0.863578
vt 0.167529 0.858060
vt 0.176826 0.863871
vt 0.169672 0.853674
vt 0.180647 0.855559
vt 0.127668 0.763905
vt 0.121906 0.779651
vt 0.116615 0.766227
vt 0.125523 0.777928
vt 0.171248 0.871803
vt 0.165193 0.866395
vt 0.179417 0.871519
vt 0.910217 0.171002
vt 0.907721 0.176949
vt 0.914865 0.177924
vt 0.974188 0.164997
vt 0.691822 0.950619
vt 0.702471 0.958590
vt 0.690119 0.962540
vt 0.849612 0.463403
vt 0.844453 0.473108
vt 0.963434 0.491171
vt 0.967949 0.491468
vt 0.960779 0.503706
vt 0.948991 0.490531
vt 0.948430 0.500361
vt 0.941481 0.496880
vt 0.947453 0.050273
vt 0.954140 0.041075
vt 0.956342 0.056423
vt 0.925922 0.380466
vt 0.928093 0.366818
vt 0.936607 0.371638
vt 0.943201 0.372636
vt 0.888239 0.159019
vt 0.894660 0.153998
vt 0.894948 0.164851
vt 0.904506 0.160311
vt 0.952004 0.374221
vt 0.960060 0.373117
vt 0.955615 0.381147
vt 0.960884 0.387150
vt 0.954542 0.824558
vt 0.944742 0.821289
vt 0.954577 0.815115
vt 0.426067 0.928611
vt 0.428106 0.913590
vt 0.431409 0.927503
vt 0.415808 0.924579
vt 0.418309 0.915092
vt 0.935730 0.932167
vt 0.934009 0.919669
vt 0.907679 0.044719
vt 0.920406 0.028715
vt 0.915176 0.048630
vt 0.922029 0.044196
vt 0.943568 0.047333
vt 0.937174 0.047530
vt 0.945966 0.031603
vt 0.972036 0.707459
vt 0.965892 0.707233
vt 0.962902 0.691680
vt 0.945133 0.149291
vt 0.940052 0.158992
vt 0.932491 0.152088
vt 0.949029 0.364618
vt 0.999857 0.772486
vt 0.996024 0.766346
vt 0.999857 0.761942
vt 0.959166 0.913096
vt 0.963597 0.911466
vt 0.964946 0.928211
vt 0.197617 0.830731
vt 0.201493 0.837423
vt 0.195794 0.839780
vt 0.201392 0.850612
vt 0.193546 0.846647
vt 0.980222 0.485449
vt 0.970650 0.495626
vt 0.970806 0.484573
vt 0.194072 0.776139
vt 0.185611 0.768219
vt 0.202094 0.769242
vt 0.216847 0.902031
vt 0.208307 0.900256
vt 0.213394 0.886730
vt 0.127523 0.468280
vt 0.120365 0.457381
vt 0.127577 0.450476
vt 0.207986 0.803845
vt 0.193427 0.810442
vt 0.185459 0.804432
vt 0.202637 0.799175
vt 0.082075 0.765789
vt 0.071164 0.763979
vt 0.079278 0.759530
vt 0.062461 0.754498
vt 0.069952 0.801739
vt 0.070214 0.794996
vt 0.086533 0.793521
vt 0.084142 0.802552
vt 0.088705 0.782727
vt 0.068879 0.783647
vt 0.063845 0.774172
vt 0.302906 0.802556
vt 0.308144 0.793423
vt 0.310551 0.804677
vt 0.313067 0.794483
vt 0.325786 0.798043
vt 0.334802 0.812670
vt 0.329003 0.794928
vt 0.026783 0.968111
vt 0.028759 0.981832
vt 0.016580 0.966559
vt 0.323966 0.900102
vt 0.329926 0.916406
vt 0.318404 0.909452
vt 0.962627 0.474149
vt 0.950362 0.478246
vt 0.963607 0.599221
vt 0.922570 0.812925
vt 0.917697 0.810193
vt 0.911082 0.809402
vt 0.305024 0.783230
vt 0.299520 0.800034
vt 0.296635 0.790515
vt 0.127285 0.633678
vt 0.124632 0.643525
vt 0.114922 0.625557
vt 0.323375 0.783809
vt 0.075199 0.733573
vt 0.086304 0.727321
vt 0.090662 0.733499
vt 0.080787 0.717905
vt 0.096871 0.717774
vt 0.087069 0.714115
vt 0.094586 0.751352
vt 0.085219 0.745135
vt 0.093476 0.743248
vt 0.943343 0.347095
vt 0.077524 0.866757
vt 0.064191 0.862194
vt 0.074370 0.855983
vt 0.231408 0.876916
vt 0.210511 0.878876
vt 0.220145 0.846815
vt 0.210898 0.845082
vt 0.945207 0.692389
vt 0.938172 0.678435
vt 0.936051 0.690054
vt 0.932440 0.684670
vt 0.936224 0.126595
vt 0.932635 0.134595
vt 0.930571 0.125589
vt 0.946166 0.123008
vt 0.949298 0.140449
vt 0.951601 0.124514
vt 0.634170 0.896396
vt 0.622992 0.904276
vt 0.620085 0.896410
vt 0.451067 0.885215
vt 0.456324 0.890500
vt 0.449094 0.891808
vt 0.456333 0.882720
vt 0.436927 0.893607
vt 0.435731 0.881026
vt 0.725870 0.902873
vt 0.723936 0.922153
vt 0.718674 0.903512
vt 0.432943 0.900034
vt 0.709412 0.914766
vt 0.717816 0.924574
vt 0.041335 0.841502
vt 0.031188 0.855300
vt 0.032791 0.844649
vt 0.027799 0.847807
vt 0.100955 0.728507
vt 0.105864 0.724514
vt 0.222484 0.855487
vt 0.232251 0.851878
vt 0.064421 0.956195
vt 0.072161 0.957736
vt 0.066978 0.967843
vt 0.444282 0.881202
vt 0.470792 0.324402
vt 0.481751 0.320327
vt 0.477775 0.325706
vt 0.702471 0.907366
vt 0.101361 0.737095
vt 0.110180 0.735594
vt 0.122590 0.907585
vt 0.115592 0.910199
vt 0.113611 0.901554
vt 0.871796 0.213886
vt 0.865493 0.208891
vt 0.870411 0.206125
vt 0.922461 0.119746
vt 0.932834 0.118996
vt 0.914787 0.772089
vt 0.915075 0.778897
vt 0.903770 0.781485
vt 0.452918 0.204043
vt 0.458790 0.210059
vt 0.446300 0.213873
vt 0.466913 0.222912
vt 0.464519 0.214716
vt 0.464575 0.198530
vt 0.454637 0.197928
vt 0.702471 0.908930
vt 0.695014 0.911236
vt 0.690504 0.903445
vt 0.447732 0.185799
vt 0.685009 0.908887
vt 0.685790 0.902873
vt 0.806637 0.452912
vt 0.805203 0.460254
vt 0.800550 0.457847
vt 0.463454 0.174437
vt 0.445200 0.180901
vt 0.458196 0.169148
vt 0.806805 0.474648
vt 0.987152 0.185523
vt 0.978783 0.178117
vt 0.990664 0.177789
vt 0.835800 0.323224
vt 0.831776 0.308693
vt 0.844551 0.324044
vt 0.578001 0.573756
vt 0.569991 0.568532
vt 0.574864 0.554344
vt 0.877827 0.771671
vt 0.873774 0.785396
vt 0.845065 0.774224
vt 0.839719 0.782636
vt 0.836033 0.778617
vt 0.748219 0.050364
vt 0.735907 0.045138
vt 0.743905 0.035419
vt 0.792870 0.080427
vt 0.797100 0.071217
vt 0.802552 0.084915
vt 0.783978 0.074890
vt 0.789812 0.065899
vt 0.796461 0.058669
vt 0.802138 0.057360
vt 0.815110 0.087242
vt 0.809617 0.079750
vt 0.824070 0.077658
vt 0.822136 0.087668
vt 0.818756 0.074188
vt 0.827394 0.081176
vt 0.978682 0.447856
vt 0.984332 0.454249
vt 0.977552 0.452048
vt 0.822750 0.068836
vt 0.674104 0.970070
vt 0.678202 0.977721
vt 0.672898 0.978838
vt 0.239731 0.769218
vt 0.231026 0.775093
vt 0.233127 0.765941
vt 0.783926 0.056718
vt 0.796151 0.051525
vt 0.996201 0.044587
vt 0.996393 0.052889
vt 0.989013 0.049196
vt 0.785203 0.050472
vt 0.800922 0.046542
vt 0.238407 0.806490
vt 0.230757 0.811546
vt 0.232440 0.805051
vt 0.232146 0.797895
vt 0.237864 0.798417
vt 0.863515 0.136265
vt 0.856255 0.144779
vt 0.852179 0.139660
vt 0.863829 0.142294
vt 0.105347 0.840135
vt 0.108365 0.846399
vt 0.100075 0.845002
vt 0.858366 0.132254
vt 0.864421 0.126353
vt 0.868034 0.135048
vt 0.490338 0.138384
vt 0.478024 0.128864
vt 0.500081 0.128115
vt 0.486136 0.117293
vt 0.474697 0.121542
vt 0.498258 0.118673
vt 0.470101 0.115534
vt 0.492181 0.107351
vt 0.506274 0.121023
vt 0.500253 0.108826
vt 0.494346 0.094627
vt 0.508367 0.102110
vt 0.683496 0.050389
vt 0.686313 0.033492
vt 0.700066 0.043873
vt 0.698963 0.021789
vt 0.682019 0.023327
vt 0.707018 0.024428
vt 0.710433 0.037584
vt 0.676791 0.041874
vt 0.669527 0.034031
vt 0.669790 0.018116
vt 0.687012 0.014196
vt 0.715762 0.050950
vt 0.724760 0.042613
vt 0.726895 0.036389
vt 0.735770 0.033083
vt 0.733511 0.026481
vt 0.630029 0.387650
vt 0.634621 0.381883
vt 0.642790 0.389703
vt 0.794639 0.524881
vt 0.789053 0.526167
vt 0.796455 0.508068
vt 0.792229 0.501605
vt 0.819426 0.254362
vt 0.815679 0.270518
vt 0.813208 0.261538
vt 0.792353 0.490558
vt 0.796263 0.492415
vt 0.790528 0.584879
vt 0.781408 0.581729
vt 0.780227 0.571130
vt 0.494872 0.934896
vt 0.495193 0.928272
vt 0.506577 0.931098
vt 0.788374 0.816353
vt 0.782801 0.821486
vt 0.788208 0.807099
vt 0.779741 0.730106
vt 0.786215 0.730431
vt 0.785751 0.712704
vt 0.786366 0.742264
vt 0.781117 0.752066
vt 0.712243 0.081426
vt 0.721067 0.077622
vt 0.723704 0.084165
vt 0.706056 0.072642
vt 0.095113 0.548884
vt 0.098861 0.557372
vt 0.083978 0.560748
vt 0.108773 0.564351
vt 0.089277 0.568917
vt 0.388699 0.831628
vt 0.391192 0.840057
vt 0.398522 0.831637
vt 0.804101 0.984730
vt 0.808640 0.995479
vt 0.800316 0.995479
vt 0.924695 0.226195
vt 0.927606 0.230600
vt 0.923406 0.230600
vt 0.757680 0.986104
vt 0.761727 0.984387
vt 0.760527 0.989587
vt 0.188610 0.913398
vt 0.184199 0.916373
vt 0.183283 0.910940
vt 0.780371 0.763399
vt 0.778057 0.780750
vt 0.770882 0.773197
vt 0.765824 0.783341
vt 0.779045 0.658294
vt 0.767878 0.662782
vt 0.764940 0.657336
vt 0.772042 0.649687
vt 0.763957 0.645627
vt 0.767544 0.870715
vt 0.769653 0.861871
vt 0.774564 0.868166
vt 0.766981 0.852009
vt 0.771604 0.850280
vt 0.790589 0.974666
vt 0.789690 0.980559
vt 0.783835 0.976816
vt 0.782283 0.960213
vt 0.496134 0.910242
vt 0.489670 0.921858
vt 0.480943 0.911857
vt 0.641235 0.709637
vt 0.647142 0.716425
vt 0.641591 0.722808
vt 0.648615 0.705612
vt 0.147143 0.982715
vt 0.154017 0.985083
vt 0.146830 0.990070
vt 0.644808 0.701070
vt 0.636269 0.687939
vt 0.656190 0.693130
vt 0.768732 0.570068
vt 0.758006 0.561695
vt 0.776512 0.556884
vt 0.764595 0.551316
vt 0.758123 0.534504
vt 0.771015 0.536718
vt 0.764169 0.526752
vt 0.749639 0.780306
vt 0.746569 0.771819
vt 0.764717 0.765057
vt 0.750446 0.789455
vt 0.758558 0.779449
vt 0.752693 0.761843
vt 0.068060 0.492030
vt 0.059655 0.507196
vt 0.063827 0.519263
vt 0.891440 0.984614
vt 0.893921 0.995150
vt 0.885273 0.995150
vt 0.750448 0.717425
vt 0.751401 0.728855
vt 0.217185 0.982688
vt 0.208307 0.993076
vt 0.208307 0.982820
vt 0.750373 0.852566
vt 0.746936 0.847454
vt 0.755957 0.846898
vt 0.750116 0.862541
vt 0.756698 0.860541
vt 0.753937 0.841439
vt 0.650537 0.513339
vt 0.646942 0.505555
vt 0.650972 0.501317
vt 0.642568 0.510891
vt 0.640482 0.502571
vt 0.925852 0.446801
vt 0.917342 0.446801
vt 0.924840 0.442600
vt 0.917394 0.440313
vt 0.920279 0.437971
vt 0.744078 0.767108
vt 0.283753 0.960209
vt 0.283753 0.975249
vt 0.281803 0.969304
vt 0.991000 0.693721
vt 0.982717 0.692701
vt 0.991000 0.684178
vt 0.068653 0.675504
vt 0.058817 0.609846
vt 0.062182 0.590530
vt 0.065983 0.598683
vt 0.533721 0.746111
vt 0.544885 0.744138
vt 0.539064 0.747836
vt 0.743658 0.822529
vt 0.751257 0.830024
vt 0.739888 0.829621
vt 0.735387 0.810232
vt 0.741809 0.800459
vt 0.748005 0.802861
vt 0.611462 0.817048
vt 0.613935 0.809781
vt 0.618472 0.794346
vt 0.611975 0.801891
vt 0.491245 0.997865
vt 0.488179 0.992814
vt 0.491245 0.988728
vt 0.937810 0.661308
vt 0.942980 0.661308
vt 0.942738 0.667004
vt 0.948075 0.661308
vt 0.952368 0.665455
vt 0.948075 0.667392
vt 0.539104 0.941338
vt 0.539822 0.950518
vt 0.405545 0.982097
vt 0.415150 0.988539
vt 0.405545 0.993577
vt 0.730058 0.884049
vt 0.730301 0.877255
vt 0.740811 0.876226
vt 0.510076 0.973706
vt 0.509476 0.961460
vt 0.517046 0.968611
vt 0.470541 0.503146
vt 0.472705 0.516154
vt 0.462236 0.508767
vt 0.524025 0.495085
vt 0.520967 0.501285
vt 0.509136 0.500789
vt 0.502150 0.504104
vt 0.492904 0.505787
vt 0.290590 0.887681
vt 0.285857 0.894446
vt 0.286693 0.884647
vt 0.728231 0.893138
vt 0.723575 0.892491
vt 0.722734 0.878494
vt 0.554973 0.732152
vt 0.549235 0.726348
vt 0.557741 0.725927
vt 0.462138 0.495611
vt 0.453723 0.506738
vt 0.452100 0.496915
vt 0.498716 0.713384
vt 0.506581 0.727307
vt 0.512605 0.718762
vt 0.532929 0.714460
vt 0.542329 0.726571
vt 0.528253 0.724086
vt 0.725290 0.612812
vt 0.724591 0.623853
vt 0.713903 0.624261
vt 0.714734 0.607933
vt 0.725035 0.603972
vt 0.715406 0.596228
vt 0.720176 0.857323
vt 0.720267 0.871844
vt 0.713248 0.855422
vt 0.711665 0.847872
vt 0.727542 0.843521
vt 0.716234 0.837020
vt 0.718388 0.818026
vt 0.723814 0.830537
vt 0.720373 0.493287
vt 0.593797 0.713371
vt 0.587009 0.699336
vt 0.600403 0.707688
vt 0.584936 0.674882
vt 0.595014 0.679004
vt 0.590100 0.685974
vt 0.705770 0.645133
vt 0.714032 0.655704
vt 0.703735 0.657449
vt 0.722079 0.644618
vt 0.713417 0.641167
vt 0.021957 0.456776
vt 0.027987 0.461952
vt 0.015525 0.464068
vt 0.764263 0.974940
vt 0.764263 0.960213
vt 0.773032 0.967016
vt 0.024167 0.469213
vt 0.017852 0.477249
vt 0.025638 0.478501
vt 0.024232 0.488550
vt 0.012986 0.671523
vt 0.010927 0.661175
vt 0.020465 0.656732
vt 0.704909 0.626031
vt 0.704493 0.638859
vt 0.693977 0.624666
vt 0.705653 0.610371
vt 0.570144 0.748115
vt 0.576505 0.762917
vt 0.569404 0.761012
vt 0.568490 0.779755
vt 0.566708 0.814262
vt 0.568470 0.796455
vt 0.568376 0.730226
vt 0.579665 0.728672
vt 0.486936 0.463607
vt 0.485931 0.467091
vt 0.470639 0.464616
vt 0.505908 0.462698
vt 0.493911 0.454565
vt 0.518196 0.453113
vt 0.533307 0.455591
vt 0.532786 0.463129
vt 0.517909 0.466191
vt 0.206264 0.712087
vt 0.190107 0.698913
vt 0.206424 0.694585
vt 0.218651 0.703092
vt 0.223962 0.690181
vt 0.190281 0.689549
vt 0.202335 0.676739
vt 0.217293 0.672757
vt 0.170287 0.687435
vt 0.178486 0.669770
vt 0.183317 0.684886
vt 0.160420 0.675235
vt 0.190768 0.665427
vt 0.172460 0.657670
vt 0.156906 0.654324
vt 0.189174 0.649383
vt 0.200802 0.661128
vt 0.237953 0.702618
vt 0.219136 0.661749
vt 0.214877 0.650044
vt 0.231125 0.646475
vt 0.238944 0.665025
vt 0.213915 0.640983
vt 0.219079 0.623787
vt 0.212114 0.630826
vt 0.309736 0.675292
vt 0.303368 0.670886
vt 0.316871 0.661687
vt 0.263623 0.689192
vt 0.257073 0.682321
vt 0.269993 0.676001
vt 0.251841 0.664905
vt 0.259509 0.663818
vt 0.253326 0.655990
vt 0.272960 0.682286
vt 0.280690 0.678589
vt 0.411696 0.875277
vt 0.414810 0.869435
vt 0.418097 0.877147
vt 0.421208 0.869676
vt 0.967717 0.763698
vt 0.977595 0.772089
vt 0.961487 0.771348
vt 0.228504 0.445417
vt 0.225708 0.439828
vt 0.231198 0.429514
vt 0.222540 0.434355
vt 0.229668 0.419707
vt 0.000064 0.990849
vt 0.004518 0.992736
vt 0.000064 0.999227
vt 0.222069 0.445260
vt 0.214248 0.442801
vt 0.211353 0.432456
vt 0.217949 0.413777
vt 0.425931 0.317969
vt 0.421500 0.323828
vt 0.423145 0.315336
vt 0.415855 0.319657
vt 0.409458 0.310387
vt 0.408246 0.326328
vt 0.430589 0.298116
vt 0.418030 0.296323
vt 0.428027 0.292549
vt 0.422052 0.286186
vt 0.395760 0.282586
vt 0.406494 0.287590
vt 0.405723 0.335470
vt 0.404665 0.351762
vt 0.401242 0.333509
vt 0.490862 0.669431
vt 0.481202 0.673158
vt 0.926455 0.983714
vt 0.923350 0.987761
vt 0.918584 0.981905
vt 0.913882 0.988901
vt 0.163327 0.256030
vt 0.164748 0.246930
vt 0.169052 0.250474
vt 0.155618 0.246288
vt 0.162169 0.238468
vt 0.529395 0.661973
vt 0.533377 0.667445
vt 0.518375 0.668795
vt 0.160034 0.211388
vt 0.155471 0.199506
vt 0.166940 0.196178
vt 0.152307 0.208974
vt 0.143638 0.218835
vt 0.161046 0.223240
vt 0.582533 0.660191
vt 0.399429 0.090884
vt 0.405804 0.094050
vt 0.397970 0.099898
vt 0.388085 0.096098
vt 0.159873 0.015238
vt 0.094290 0.304877
vt 0.101859 0.301527
vt 0.099778 0.337804
vt 0.073253 0.309745
vt 0.928120 0.221140
vt 0.922461 0.221677
vt 0.927456 0.212477
vt 0.934888 0.206321
vt 0.385341 0.152290
vt 0.381606 0.162686
vt 0.371578 0.152565
vt 0.380228 0.136210
vt 0.382147 0.170360
vt 0.368081 0.181252
vt 0.360532 0.160807
vt 0.364992 0.134572
vt 0.360992 0.150783
vt 0.353552 0.170109
vt 0.349686 0.159183
vt 0.348655 0.145989
vt 0.333944 0.144022
vt 0.129547 0.105780
vt 0.140969 0.115832
vt 0.124446 0.126443
vt 0.130939 0.118066
vt 0.949830 0.536958
vt 0.954223 0.543398
vt 0.941295 0.540017
vt 0.354242 0.114119
vt 0.342011 0.133088
vt 0.339563 0.115912
vt 0.341583 0.098672
vt 0.350179 0.102308
vt 0.291120 0.866078
vt 0.280503 0.855112
vt 0.289667 0.852722
vt 0.301027 0.857546
vt 0.308019 0.852205
vt 0.304926 0.865182
vt 0.672226 0.633518
vt 0.660280 0.635224
vt 0.727415 0.938529
vt 0.733355 0.926153
vt 0.731508 0.944968
vt 0.808279 0.963082
vt 0.800375 0.968221
vt 0.798414 0.952186
vt 0.890347 0.452332
vt 0.886982 0.446861
vt 0.931655 0.862136
vt 0.929966 0.849991
vt 0.976270 0.637974
vt 0.967646 0.636632
vt 0.318513 0.843356
vt 0.307018 0.842817
vt 0.474244 0.925730
vt 0.463195 0.937340
vt 0.469416 0.920576
vt 0.478162 0.927118
vt 0.906386 0.193893
vt 0.910923 0.182049
vt 0.913593 0.199408
vt 0.969885 0.200702
vt 0.961329 0.189896
vt 0.998207 0.786835
vt 0.998207 0.802117
vt 0.992588 0.790356
vt 0.511392 0.912345
vt 0.509276 0.921509
vt 0.509276 0.903926
vt 0.655706 0.996863
vt 0.648964 0.990339
vt 0.655706 0.988590
vt 0.158871 0.793508
vt 0.159159 0.779506
vt 0.166705 0.790508
vt 0.163561 0.795726
vt 0.114187 0.488649
vt 0.167961 0.765746
vt 0.154846 0.767781
vt 0.149575 0.762541
vt 0.167577 0.769963
vt 0.159971 0.822687
vt 0.154841 0.819717
vt 0.167759 0.819934
vt 0.163122 0.811844
vt 0.155364 0.801875
vt 0.164179 0.798790
vt 0.698174 0.977608
vt 0.685996 0.986657
vt 0.859829 0.452240
vt 0.270480 0.823775
vt 0.265757 0.840111
vt 0.262501 0.824189
vt 0.808640 0.940963
vt 0.793645 0.950233
vt 0.806696 0.953637
vt 0.043615 0.768755
vt 0.046017 0.781144
vt 0.036761 0.779544
vt 0.035664 0.803936
vt 0.050050 0.793998
vt 0.049806 0.799008
vt 0.050107 0.803978
vt 0.745224 0.914731
vt 0.736144 0.909794
vt 0.273132 0.828489
vt 0.280773 0.826927
vt 0.275849 0.836954
vt 0.281530 0.837864
vt 0.290027 0.837256
vt 0.294173 0.827289
vt 0.294906 0.839743
vt 0.802448 0.938187
vt 0.943682 0.386117
vt 0.978189 0.294403
vt 0.982394 0.288463
vt 0.986648 0.298081
vt 0.542286 0.622930
vt 0.533304 0.629365
vt 0.532740 0.615045
vt 0.509770 0.620271
vt 0.515523 0.609001
vt 0.521329 0.624649
vt 0.541857 0.845804
vt 0.537293 0.866175
vt 0.529742 0.850121
vt 0.452698 0.638438
vt 0.445200 0.618205
vt 0.859281 0.532865
vt 0.856418 0.542865
vt 0.091678 0.890808
vt 0.097929 0.902026
vt 0.084977 0.901739
vt 0.901688 0.715166
vt 0.909088 0.715834
vt 0.905161 0.723935
vt 0.914807 0.719034
vt 0.925607 0.619210
vt 0.919769 0.612250
vt 0.922132 0.609868
vt 0.890575 0.385661
vt 0.888383 0.394595
vt 0.897254 0.388792
vt 0.914126 0.160245
vt 0.918738 0.161634
vt 0.946262 0.611463
vt 0.939283 0.623175
vt 0.939238 0.602602
vt 0.958449 0.600790
vt 0.961425 0.603973
vt 0.189642 0.862897
vt 0.189658 0.854812
vt 0.184593 0.850180
vt 0.180436 0.845248
vt 0.127232 0.758239
vt 0.116615 0.753382
vt 0.185015 0.869619
vt 0.187925 0.878303
vt 0.432612 0.922041
vt 0.439274 0.919226
vt 0.435513 0.932319
vt 0.449571 0.928109
vt 0.721503 0.945658
vt 0.725870 0.944062
vt 0.722036 0.954986
vt 0.713264 0.950797
vt 0.033018 0.882307
vt 0.040147 0.886186
vt 0.036894 0.890989
vt 0.066781 0.748189
vt 0.071028 0.743397
vt 0.058102 0.737945
vt 0.073826 0.727036
vt 0.058662 0.731231
vt 0.058474 0.724404
vt 0.247023 0.808831
vt 0.257574 0.799441
vt 0.262240 0.814162
vt 0.103100 0.893531
vt 0.105897 0.880210
vt 0.906611 0.703576
vt 0.901340 0.701692
vt 0.917270 0.698888
vt 0.919639 0.604170
vt 0.925033 0.605957
vt 0.887616 0.371763
vt 0.891689 0.358089
vt 0.895497 0.381617
vt 0.906872 0.153560
vt 0.943811 0.590952
vt 0.953191 0.593630
vt 0.972129 0.153578
vt 0.965710 0.155435
vt 0.899503 0.149491
vt 0.922461 0.137646
vt 0.955524 0.582119
vt 0.920780 0.377373
vt 0.920722 0.358570
vt 0.093164 0.758653
vt 0.091480 0.768150
vt 0.095115 0.777311
vt 0.045157 0.850185
vt 0.042614 0.856405
vt 0.041335 0.840135
vt 0.514800 0.588779
vt 0.503546 0.594682
vt 0.499079 0.589087
vt 0.488907 0.593844
vt 0.932586 0.907187
vt 0.937562 0.900170
vt 0.916685 0.141514
vt 0.900070 0.129086
vt 0.948905 0.572205
vt 0.948946 0.582958
vt 0.942496 0.575923
vt 0.927890 0.343651
vt 0.966763 0.475094
vt 0.964862 0.455313
vt 0.314932 0.900113
vt 0.324941 0.888215
vt 0.956201 0.469612
vt 0.943683 0.891674
vt 0.970397 0.247482
vt 0.962679 0.243662
vt 0.953998 0.242605
vt 0.955428 0.793253
vt 0.942136 0.795133
vt 0.941913 0.782483
vt 0.961801 0.567131
vt 0.686249 0.921226
vt 0.698111 0.921475
vt 0.808414 0.612292
vt 0.819820 0.624935
vt 0.803368 0.624578
vt 0.806245 0.631456
vt 0.662740 0.950460
vt 0.672898 0.949874
vt 0.671889 0.967187
vt 0.479391 0.578260
vt 0.512219 0.582498
vt 0.496632 0.584104
vt 0.536803 0.565535
vt 0.537340 0.580482
vt 0.532486 0.570067
vt 0.522252 0.564510
vt 0.529286 0.580865
vt 0.951601 0.120181
vt 0.957584 0.122034
vt 0.954274 0.139084
vt 0.961941 0.117113
vt 0.972178 0.127883
vt 0.703296 0.430535
vt 0.695181 0.437586
vt 0.695909 0.426198
vt 0.937705 0.882019
vt 0.084418 0.841417
vt 0.093836 0.845538
vt 0.092231 0.851937
vt 0.839467 0.132118
vt 0.835334 0.126570
vt 0.844077 0.126485
vt 0.845809 0.120771
vt 0.903067 0.556009
vt 0.913776 0.558023
vt 0.720412 0.419857
vt 0.730040 0.410358
vt 0.724693 0.422000
vt 0.719357 0.400234
vt 0.729725 0.392430
vt 0.708548 0.398839
vt 0.708507 0.409668
vt 0.722337 0.392948
vt 0.585280 0.392251
vt 0.572386 0.381211
vt 0.588399 0.378500
vt 0.591721 0.399006
vt 0.598421 0.390253
vt 0.576418 0.364879
vt 0.586217 0.366894
vt 0.583010 0.360909
vt 0.602116 0.376017
vt 0.613925 0.394396
vt 0.613359 0.372266
vt 0.825503 0.775248
vt 0.824695 0.783969
vt 0.814786 0.771658
vt 0.533071 0.559404
vt 0.893235 0.897714
vt 0.885306 0.892485
vt 0.875614 0.896434
vt 0.704389 0.010636
vt 0.692176 0.011587
vt 0.833241 0.892378
vt 0.840756 0.900391
vt 0.830221 0.900585
vt 0.710922 0.014926
vt 0.708131 0.006971
vt 0.715321 0.011737
vt 0.700008 0.004038
vt 0.790657 0.172452
vt 0.788278 0.163088
vt 0.794913 0.157576
vt 0.800547 0.170685
vt 0.561408 0.373210
vt 0.550878 0.367653
vt 0.566356 0.363705
vt 0.483622 0.348510
vt 0.481764 0.342691
vt 0.501634 0.343021
vt 0.495878 0.336353
vt 0.522463 0.346651
vt 0.505584 0.326777
vt 0.879291 0.201645
vt 0.877389 0.192004
vt 0.884092 0.195736
vt 0.786651 0.156060
vt 0.794736 0.137081
vt 0.813883 0.158651
vt 0.818345 0.170813
vt 0.826518 0.157261
vt 0.824117 0.148873
vt 0.815080 0.141131
vt 0.803720 0.138427
vt 0.816428 0.122305
vt 0.822617 0.128823
vt 0.768694 0.112420
vt 0.769662 0.105565
vt 0.777825 0.108311
vt 0.793625 0.128527
vt 0.806131 0.110973
vt 0.796502 0.116967
vt 0.789734 0.103469
vt 0.790299 0.090607
vt 0.809722 0.098310
vt 0.827982 0.138320
vt 0.830291 0.223983
vt 0.823839 0.231753
vt 0.820219 0.217393
vt 0.815625 0.209212
vt 0.813576 0.217555
vt 0.810475 0.205644
vt 0.819412 0.201823
vt 0.827353 0.202459
vt 0.816101 0.194198
vt 0.517971 0.926919
vt 0.528519 0.937580
vt 0.518741 0.935634
vt 0.532407 0.921907
vt 0.527511 0.928385
vt 0.520768 0.946433
vt 0.494648 0.191348
vt 0.506228 0.173632
vt 0.520274 0.173976
vt 0.515535 0.169173
vt 0.523068 0.163783
vt 0.518361 0.157232
vt 0.525384 0.155230
vt 0.587526 0.090680
vt 0.571758 0.097366
vt 0.577804 0.091395
vt 0.091387 0.658319
vt 0.083499 0.652776
vt 0.094126 0.644938
vt 0.086059 0.661471
vt 0.098632 0.668100
vt 0.770150 0.752364
vt 0.363081 0.835329
vt 0.367387 0.827485
vt 0.684691 0.900402
vt 0.674707 0.892994
vt 0.349516 0.835763
vt 0.352026 0.828874
vt 0.344922 0.922610
vt 0.338658 0.916356
vt 0.347341 0.908851
vt 0.353024 0.926395
vt 0.359306 0.920243
vt 0.993399 0.530760
vt 0.997558 0.520576
vt 0.997558 0.538918
vt 0.125391 0.793734
vt 0.127668 0.802303
vt 0.120715 0.801928
vt 0.514177 0.779011
vt 0.503121 0.765725
vt 0.512935 0.758104
vt 0.519410 0.763399
vt 0.524001 0.770173
vt 0.076751 0.519455
vt 0.078389 0.530570
vt 0.090651 0.526740
vt 0.072512 0.546124
vt 0.084487 0.551868
vt 0.078614 0.551453
vt 0.073476 0.556254
vt 0.754494 0.820324
vt 0.769967 0.831349
vt 0.762457 0.834939
vt 0.844803 0.749794
vt 0.837441 0.742812
vt 0.844377 0.734129
vt 0.830863 0.740321
vt 0.826095 0.746220
vt 0.823158 0.737381
vt 0.818241 0.742448
vt 0.810201 0.749383
vt 0.806767 0.740838
vt 0.816345 0.732864
vt 0.677981 0.873018
vt 0.683774 0.871412
vt 0.684373 0.880092
vt 0.546340 0.525117
vt 0.536990 0.532537
vt 0.534563 0.511402
vt 0.757324 0.573384
vt 0.123657 0.725465
vt 0.124103 0.716229
vt 0.126207 0.728985
vt 0.365248 0.898598
vt 0.356700 0.902179
vt 0.353039 0.893120
vt 0.758389 0.799159
vt 0.756758 0.807104
vt 0.357799 0.981073
vt 0.366293 0.989948
vt 0.357799 0.995197
vt 0.748731 0.794818
vt 0.071147 0.684856
vt 0.621581 0.768521
vt 0.991559 0.720255
vt 0.982717 0.720417
vt 0.989333 0.715066
vt 0.797661 0.984730
vt 0.848989 0.922754
vt 0.848989 0.934547
vt 0.846198 0.924725
vt 0.534169 0.956813
vt 0.621849 0.694360
vt 0.631366 0.697956
vt 0.621733 0.705694
vt 0.619001 0.688202
vt 0.628300 0.683212
vt 0.615204 0.682889
vt 0.744534 0.653868
vt 0.747016 0.665934
vt 0.734287 0.657353
vt 0.740527 0.649534
vt 0.746993 0.630653
vt 0.208307 0.923533
vt 0.213304 0.929461
vt 0.208307 0.937671
vt 0.750085 0.733936
vt 0.744747 0.736331
vt 0.739824 0.729251
vt 0.753678 0.729212
vt 0.989689 0.278032
vt 0.987937 0.274413
vt 0.993929 0.271628
vt 0.995129 0.279426
vt 0.738592 0.773306
vt 0.742706 0.783514
vt 0.987937 0.286698
vt 0.741090 0.796725
vt 0.738394 0.790564
vt 0.584339 0.994912
vt 0.584922 0.999001
vt 0.579968 0.994808
vt 0.584922 0.989230
vt 0.960539 0.994616
vt 0.960539 0.984738
vt 0.965937 0.992443
vt 0.643202 0.495335
vt 0.632601 0.498123
vt 0.621986 0.501681
vt 0.623912 0.496050
vt 0.563744 0.981409
vt 0.566695 0.973240
vt 0.571132 0.974038
vt 0.573083 0.979542
vt 0.573083 0.990542
vt 0.648453 0.487096
vt 0.659803 0.501653
vt 0.497887 0.991408
vt 0.503844 0.988777
vt 0.498533 0.996252
vt 0.503844 0.997690
vt 0.588884 0.498138
vt 0.602432 0.494485
vt 0.598392 0.507427
vt 0.736991 0.628583
vt 0.735387 0.615420
vt 0.745528 0.621765
vt 0.749096 0.594100
vt 0.743180 0.605527
vt 0.732280 0.597953
vt 0.734097 0.587715
vt 0.861287 0.711432
vt 0.867613 0.705608
vt 0.875249 0.722344
vt 0.847510 0.715280
vt 0.851965 0.703522
vt 0.854122 0.721323
vt 0.829275 0.717038
vt 0.840060 0.723285
vt 0.032415 0.581664
vt 0.043417 0.580380
vt 0.976760 0.984738
vt 0.976760 0.995599
vt 0.968955 0.990619
vt 0.007578 0.732064
vt 0.000225 0.743297
vt 0.000225 0.729003
vt 0.481238 0.716403
vt 0.043087 0.518760
vt 0.039730 0.557764
vt 0.278583 0.882021
vt 0.276964 0.891457
vt 0.272238 0.884844
vt 0.548134 0.711183
vt 0.558646 0.713327
vt 0.460956 0.483746
vt 0.711412 0.470629
vt 0.719828 0.473535
vt 0.720985 0.485577
vt 0.715411 0.455260
vt 0.114922 0.682590
vt 0.121783 0.694782
vt 0.116299 0.700993
vt 0.124803 0.678782
vt 0.118736 0.672718
vt 0.126943 0.660977
vt 0.585556 0.864906
vt 0.782038 0.981064
vt 0.705653 0.576152
vt 0.706220 0.595479
vt 0.693412 0.591865
vt 0.693246 0.565285
vt 0.694421 0.555112
vt 0.707815 0.556070
vt 0.704330 0.481331
vt 0.709742 0.501232
vt 0.695753 0.496007
vt 0.691065 0.803297
vt 0.700160 0.799785
vt 0.697843 0.818502
vt 0.186595 0.542425
vt 0.198147 0.536252
vt 0.202035 0.545221
vt 0.191904 0.516323
vt 0.203952 0.525134
vt 0.206270 0.513185
vt 0.192504 0.503359
vt 0.393903 0.724974
vt 0.391718 0.719136
vt 0.402598 0.714622
vt 0.373760 0.730036
vt 0.358712 0.704749
vt 0.380954 0.702066
vt 0.397618 0.710254
vt 0.394317 0.705292
vt 0.404898 0.707164
vt 0.687446 0.583846
vt 0.691932 0.581160
vt 0.402951 0.691094
vt 0.407830 0.696946
vt 0.416438 0.692148
vt 0.690521 0.565341
vt 0.419566 0.693544
vt 0.409289 0.706146
vt 0.424445 0.684559
vt 0.356169 0.723023
vt 0.348494 0.729268
vt 0.347994 0.711412
vt 0.331072 0.713485
vt 0.344158 0.700456
vt 0.433916 0.576036
vt 0.421219 0.575421
vt 0.431480 0.558789
vt 0.420143 0.561396
vt 0.426140 0.547942
vt 0.439997 0.561870
vt 0.435295 0.550929
vt 0.406111 0.548922
vt 0.419035 0.534821
vt 0.430013 0.537049
vt 0.423002 0.526238
vt 0.548404 0.682392
vt 0.554795 0.689303
vt 0.541086 0.692958
vt 0.309120 0.689994
vt 0.301585 0.689408
vt 0.287445 0.673641
vt 0.321632 0.676792
vt 0.256402 0.694303
vt 0.245659 0.677655
vt 0.234319 0.674462
vt 0.272148 0.666323
vt 0.254722 0.650522
vt 0.274549 0.289588
vt 0.263614 0.288658
vt 0.278150 0.278055
vt 0.260756 0.283943
vt 0.261545 0.276806
vt 0.300887 0.224471
vt 0.303417 0.231768
vt 0.296591 0.231408
vt 0.288051 0.214488
vt 0.294418 0.238111
vt 0.282038 0.222484
vt 0.299781 0.214299
vt 0.294926 0.204856
vt 0.290170 0.192213
vt 0.296345 0.197679
vt 0.283829 0.199372
vt 0.283566 0.188861
vt 0.292419 0.186188
vt 0.287372 0.178920
vt 0.301428 0.252744
vt 0.304375 0.240502
vt 0.301591 0.265640
vt 0.292892 0.283999
vt 0.297140 0.258920
vt 0.278309 0.153390
vt 0.265522 0.158472
vt 0.282864 0.142244
vt 0.288847 0.132169
vt 0.166690 0.298535
vt 0.153597 0.291952
vt 0.171691 0.287540
vt 0.157540 0.281639
vt 0.150757 0.298346
vt 0.155505 0.309319
vt 0.149413 0.274060
vt 0.121318 0.279189
vt 0.137714 0.266624
vt 0.136413 0.302160
vt 0.102334 0.236929
vt 0.119333 0.249429
vt 0.120708 0.234652
vt 0.097293 0.227783
vt 0.121794 0.262803
vt 0.106731 0.267688
vt 0.104722 0.285028
vt 0.122655 0.289472
vt 0.093091 0.280864
vt 0.090178 0.268970
vt 0.420830 0.163897
vt 0.413227 0.159274
vt 0.402792 0.157781
vt 0.404297 0.145472
vt 0.400117 0.165750
vt 0.150226 0.012176
vt 0.967187 0.432019
vt 0.953874 0.440092
vt 0.964960 0.424870
vt 0.059239 0.362454
vt 0.063539 0.368067
vt 0.950941 0.432711
vt 0.055445 0.284241
vt 0.070811 0.288935
vt 0.058143 0.293172
vt 0.070461 0.277126
vt 0.053132 0.247329
vt 0.064234 0.263286
vt 0.064112 0.230477
vt 0.056436 0.271901
vt 0.045072 0.270446
vt 0.052963 0.258879
vt 0.039733 0.258485
vt 0.049147 0.308323
vt 0.060010 0.306904
vt 0.052521 0.316349
vt 0.579772 0.646768
vt 0.400761 0.086436
vt 0.401399 0.109011
vt 0.391242 0.107141
vt 0.382632 0.088892
vt 0.213389 0.042585
vt 0.223759 0.049371
vt 0.217259 0.051882
vt 0.224819 0.031671
vt 0.220965 0.022375
vt 0.204692 0.022361
vt 0.210939 0.013250
vt 0.204685 0.044833
vt 0.213683 0.071378
vt 0.201564 0.058250
vt 0.193790 0.033097
vt 0.194546 0.046210
vt 0.203763 0.011588
vt 0.207717 0.008152
vt 0.196833 0.016383
vt 0.189491 0.009582
vt 0.197289 0.008090
vt 0.189224 0.003473
vt 0.182623 0.024339
vt 0.177566 0.042018
vt 0.183043 0.015831
vt 0.899076 0.593792
vt 0.899431 0.600602
vt 0.894849 0.601945
vt 0.175014 0.016143
vt 0.181912 0.007789
vt 0.288589 0.092113
vt 0.294972 0.079806
vt 0.293865 0.065506
vt 0.278271 0.055494
vt 0.232689 0.970934
vt 0.232294 0.978971
vt 0.218439 0.974039
vt 0.637069 0.633712
vt 0.649700 0.633825
vt 0.631333 0.635154
vt 0.033214 0.763462
vt 0.024975 0.755550
vt 0.035606 0.767240
vt 0.020213 0.771136
vt 0.935344 0.078373
vt 0.943285 0.077130
vt 0.932975 0.093572
vt 0.982717 0.754706
vt 0.972640 0.741432
vt 0.978685 0.731712
vt 0.414588 0.848506
vt 0.410083 0.858128
vt 0.408874 0.834970
vt 0.433783 0.831525
vt 0.428757 0.854834
vt 0.424817 0.846184
vt 0.443953 0.849956
vt 0.871952 0.856665
vt 0.883254 0.853727
vt 0.882467 0.863908
vt 0.861308 0.866668
vt 0.609819 0.633100
vt 0.626852 0.623683
vt 0.618358 0.638629
vt 0.224593 0.958015
vt 0.940417 0.312886
vt 0.929212 0.305734
vt 0.880046 0.489639
vt 0.882206 0.499362
vt 0.869908 0.507654
vt 0.888170 0.507223
vt 0.888492 0.513390
vt 0.871633 0.516056
vt 0.886815 0.519946
vt 0.875724 0.526388
vt 0.898623 0.413148
vt 0.906582 0.416215
vt 0.967949 0.513296
vt 0.977520 0.519467
vt 0.974406 0.541427
vt 0.982345 0.537649
vt 0.393435 0.987846
vt 0.395663 0.981952
vt 0.405125 0.986340
vt 0.482707 0.856973
vt 0.478983 0.865927
vt 0.468306 0.854993
vt 0.500898 0.862226
vt 0.522240 0.860823
vt 0.511003 0.871723
vt 0.954958 0.731586
vt 0.954606 0.184239
vt 0.960691 0.179807
vt 0.955384 0.201341
vt 0.177257 0.829422
vt 0.166192 0.825539
vt 0.173825 0.820935
vt 0.397781 0.970125
vt 0.405125 0.968767
vt 0.113611 0.479847
vt 0.122545 0.476058
vt 0.036333 0.996422
vt 0.028759 0.996100
vt 0.036333 0.985835
vt 0.174922 0.807641
vt 0.176868 0.801542
vt 0.179427 0.810618
vt 0.868062 0.839736
vt 0.878689 0.828533
vt 0.884671 0.840866
vt 0.927206 0.501027
vt 0.918979 0.511729
vt 0.917965 0.497292
vt 0.914045 0.501648
vt 0.455454 0.932820
vt 0.452228 0.942060
vt 0.443550 0.935461
vt 0.433305 0.940718
vt 0.721392 0.963445
vt 0.714095 0.958842
vt 0.041335 0.894200
vt 0.034898 0.899679
vt 0.613571 0.608350
vt 0.604284 0.621689
vt 0.601617 0.606141
vt 0.642091 0.614269
vt 0.626500 0.611393
vt 0.633431 0.602453
vt 0.646084 0.599893
vt 0.656496 0.602577
vt 0.656395 0.608619
vt 0.593450 0.612141
vt 0.016177 0.889150
vt 0.021261 0.883095
vt 0.023716 0.897805
vt 0.154018 0.935348
vt 0.147168 0.941064
vt 0.147552 0.925883
vt 0.135323 0.950458
vt 0.136392 0.926873
vt 0.128107 0.942575
vt 0.128942 0.925956
vt 0.482303 0.613505
vt 0.472237 0.620374
vt 0.469262 0.611416
vt 0.538785 0.604478
vt 0.523010 0.612997
vt 0.504257 0.609659
vt 0.495899 0.609242
vt 0.507183 0.833968
vt 0.497659 0.840304
vt 0.513548 0.840209
vt 0.961751 0.822416
vt 0.955374 0.270044
vt 0.961673 0.277210
vt 0.930654 0.264088
vt 0.938138 0.271623
vt 0.923096 0.274957
vt 0.924151 0.261898
vt 0.945090 0.272357
vt 0.868258 0.820028
vt 0.862067 0.821077
vt 0.855378 0.813891
vt 0.849371 0.818930
vt 0.838233 0.825928
vt 0.830334 0.813912
vt 0.064783 0.699919
vt 0.076668 0.692844
vt 0.074316 0.706700
vt 0.076163 0.714084
vt 0.068421 0.711712
vt 0.569266 0.911822
vt 0.580590 0.921441
vt 0.573775 0.930395
vt 0.564213 0.934888
vt 0.924711 0.486031
vt 0.931448 0.468320
vt 0.934544 0.491584
vt 0.955670 0.033841
vt 0.961745 0.028054
vt 0.968930 0.039590
vt 0.077232 0.973858
vt 0.077232 0.992526
vt 0.072161 0.980675
vt 0.085503 0.970280
vt 0.086271 0.959777
vt 0.096149 0.961261
vt 0.771730 0.981064
vt 0.771730 0.991272
vt 0.765798 0.984589
vt 0.491342 0.602345
vt 0.484130 0.603686
vt 0.959000 0.139928
vt 0.956808 0.163279
vt 0.968638 0.145475
vt 0.459238 0.901352
vt 0.452511 0.917834
vt 0.451759 0.898076
vt 0.446512 0.910270
vt 0.705802 0.919945
vt 0.710460 0.935999
vt 0.704001 0.933582
vt 0.093603 0.740220
vt 0.294518 0.781425
vt 0.311282 0.782500
vt 0.020315 0.946536
vt 0.923985 0.148723
vt 0.926178 0.126241
vt 0.100819 0.765633
vt 0.105468 0.794921
vt 0.101338 0.782949
vt 0.224154 0.897649
vt 0.234411 0.911138
vt 0.226242 0.905732
vt 0.950832 0.241119
vt 0.949010 0.249198
vt 0.944087 0.248384
vt 0.937925 0.251123
vt 0.926192 0.252298
vt 0.932983 0.239675
vt 0.928223 0.241703
vt 0.833856 0.910870
vt 0.840365 0.909419
vt 0.846197 0.919817
vt 0.896570 0.247486
vt 0.886807 0.246125
vt 0.890326 0.238806
vt 0.904196 0.237579
vt 0.911732 0.250256
vt 0.902622 0.247826
vt 0.914044 0.235730
vt 0.959308 0.663585
vt 0.955849 0.667514
vt 0.955849 0.661308
vt 0.901964 0.446861
vt 0.901964 0.440688
vt 0.907197 0.443257
vt 0.895723 0.350515
vt 0.890489 0.346609
vt 0.893831 0.339240
vt 0.907291 0.350886
vt 0.900425 0.338279
vt 0.907977 0.337045
vt 0.817424 0.587129
vt 0.819670 0.594592
vt 0.802588 0.592890
vt 0.806205 0.601681
vt 0.281717 0.774062
vt 0.289367 0.769183
vt 0.296615 0.769957
vt 0.988117 0.127839
vt 0.978783 0.136852
vt 0.978783 0.122022
vt 0.310703 0.775078
vt 0.306060 0.771469
vt 0.503139 0.802761
vt 0.494014 0.798883
vt 0.505302 0.792766
vt 0.511084 0.803884
vt 0.519010 0.796548
vt 0.126148 0.940312
vt 0.126148 0.923363
vt 0.127989 0.930888
vt 0.538112 0.796397
vt 0.528278 0.806012
vt 0.529182 0.789101
vt 0.813984 0.789705
vt 0.807302 0.781129
vt 0.803512 0.799556
vt 0.797267 0.786143
vt 0.222453 0.769345
vt 0.226659 0.763994
vt 0.747801 0.030162
vt 0.752824 0.036507
vt 0.471835 0.161835
vt 0.807051 0.479601
vt 0.799224 0.484886
vt 0.456788 0.156287
vt 0.808256 0.485362
vt 0.802726 0.491965
vt 0.837767 0.357800
vt 0.839175 0.362195
vt 0.833914 0.362696
vt 0.826909 0.355542
vt 0.816879 0.354729
vt 0.822996 0.342794
vt 0.833517 0.344493
vt 0.824799 0.327415
vt 0.810461 0.340702
vt 0.832804 0.334768
vt 0.844084 0.338581
vt 0.851867 0.329003
vt 0.854397 0.333245
vt 0.687460 0.417280
vt 0.689711 0.406785
vt 0.696219 0.408677
vt 0.687901 0.402239
vt 0.659651 0.398132
vt 0.651025 0.393056
vt 0.660352 0.389895
vt 0.674707 0.930389
vt 0.684974 0.923938
vt 0.684974 0.939521
vt 0.672722 0.390368
vt 0.673670 0.379931
vt 0.679377 0.386905
vt 0.689419 0.385712
vt 0.998381 0.751324
vt 0.993190 0.743342
vt 0.998381 0.734900
vt 0.699750 0.390493
vt 0.714429 0.389495
vt 0.607633 0.020455
vt 0.600631 0.011310
vt 0.608117 0.011129
vt 0.633022 0.011524
vt 0.629881 0.005368
vt 0.637844 0.006048
vt 0.692992 0.054321
vt 0.709842 0.058964
vt 0.551921 0.105848
vt 0.535449 0.102520
vt 0.551203 0.090741
vt 0.561906 0.097876
vt 0.550654 0.790134
vt 0.477226 0.550553
vt 0.470891 0.564812
vt 0.463800 0.560885
vt 0.498317 0.559244
vt 0.999734 0.000000
vt 0.999734 0.013559
vt 0.995035 0.003989
vt 0.666680 0.717833
vt 0.666915 0.728921
vt 0.656908 0.727496
vt 0.656298 0.381121
vt 0.638689 0.377358
vt 0.518991 0.916897
vt 0.779767 0.695214
vt 0.779001 0.685210
vt 0.786931 0.692352
vt 0.665196 0.072774
vt 0.652715 0.065523
vt 0.676561 0.064706
vt 0.677175 0.069509
vt 0.516648 0.787995
vt 0.530701 0.776536
vt 0.645664 0.726610
vt 0.654324 0.712762
vt 0.782103 0.631840
vt 0.771329 0.632500
vt 0.770932 0.624550
vt 0.487898 0.927262
vt 0.994301 0.773936
vt 0.999568 0.782129
vt 0.994301 0.786835
vt 0.760148 0.752656
vt 0.767394 0.792768
vt 0.773497 0.800993
vt 0.078072 0.562200
vt 0.984684 0.954416
vt 0.986586 0.941987
vt 0.990992 0.949716
vt 0.990992 0.961505
vt 0.077334 0.574071
vt 0.083724 0.571332
vt 0.086488 0.582417
vt 0.080688 0.587670
vt 0.005453 0.707095
vt 0.001200 0.696712
vt 0.007546 0.696239
vt 0.000225 0.686739
vt 0.849269 0.900131
vt 0.851548 0.892378
vt 0.859539 0.897874
vt 0.006942 0.687937
vt 0.999600 0.293108
vt 0.999373 0.300322
vt 0.995134 0.294907
vt 0.836740 0.996860
vt 0.832842 0.999229
vt 0.832842 0.990097
vt 0.551824 0.764820
vt 0.542986 0.759921
vt 0.552558 0.756000
vt 0.998482 0.900627
vt 0.993007 0.906988
vt 0.993007 0.891389
vt 0.631994 0.716754
vt 0.991011 0.683033
vt 0.997772 0.680997
vt 0.997772 0.692125
vt 0.496751 0.533905
vt 0.488586 0.529844
vt 0.496523 0.522229
vt 0.994449 0.079438
vt 0.989013 0.092111
vt 0.989013 0.073473
vt 0.058073 0.526966
vt 0.065580 0.537114
vt 0.068700 0.560553
vt 0.758251 0.670568
vt 0.759550 0.677484
vt 0.751001 0.687454
vt 0.762763 0.686505
vt 0.759766 0.695493
vt 0.751108 0.698344
vt 0.759396 0.710027
vt 0.825920 0.732538
vt 0.815169 0.727160
vt 0.806526 0.736797
vt 0.801340 0.736934
vt 0.799727 0.730169
vt 0.684373 0.841257
vt 0.683594 0.853407
vt 0.675926 0.844349
vt 0.675751 0.836310
vt 0.054955 0.969789
vt 0.048554 0.966024
vt 0.054955 0.960386
vt 0.052770 0.976494
vt 0.749370 0.551402
vt 0.754412 0.551019
vt 0.753260 0.561544
vt 0.884766 0.440527
vt 0.890633 0.444792
vt 0.884766 0.446861
vt 0.749308 0.548536
vt 0.755904 0.545070
vt 0.670853 0.929261
vt 0.671318 0.918683
vt 0.674502 0.922566
vt 0.662342 0.936044
vt 0.651067 0.933804
vt 0.654535 0.921014
vt 0.646705 0.926889
vt 0.647509 0.921456
vt 0.994726 0.479204
vt 0.999226 0.484175
vt 0.994726 0.488041
vt 0.455078 0.517056
vt 0.445200 0.503729
vt 0.467134 0.519961
vt 0.541753 0.507274
vt 0.743340 0.982470
vt 0.531365 0.501342
vt 0.514108 0.509892
vt 0.498442 0.512844
vt 0.051608 0.637940
vt 0.052979 0.618967
vt 0.342606 0.937255
vt 0.338335 0.948424
vt 0.334907 0.942139
vt 0.334802 0.931587
vt 0.730843 0.831306
vt 0.729940 0.819875
vt 0.305107 0.998012
vt 0.308334 0.991435
vt 0.308334 0.999455
vt 0.680356 0.987063
vt 0.684969 0.996030
vt 0.680356 0.999136
vt 0.211244 0.914760
vt 0.217482 0.926609
vt 0.733017 0.743869
vt 0.742985 0.746084
vt 0.740795 0.754141
vt 0.731903 0.750841
vt 0.981363 0.443816
vt 0.973313 0.447637
vt 0.978777 0.436597
vt 0.656262 0.912003
vt 0.636106 0.913345
vt 0.648772 0.906271
vt 0.719050 0.582190
vt 0.739181 0.574699
vt 0.724750 0.569672
vt 0.738995 0.568257
vt 0.737526 0.562458
vt 0.038645 0.630504
vt 0.022555 0.621427
vt 0.029536 0.639334
vt 0.042423 0.636478
vt 0.877845 0.690444
vt 0.887952 0.690116
vt 0.885725 0.701174
vt 0.345447 0.776490
vt 0.359850 0.773172
vt 0.356321 0.782521
vt 0.341572 0.775471
vt 0.346055 0.788103
vt 0.338994 0.781975
vt 0.765696 0.980474
vt 0.365716 0.774908
vt 0.578881 0.716620
vt 0.594020 0.737014
vt 0.589865 0.755902
vt 0.585722 0.777498
vt 0.578582 0.790206
vt 0.587465 0.807561
vt 0.588371 0.796880
vt 0.015131 0.613859
vt 0.009208 0.634922
vt 0.019840 0.630551
vt 0.011706 0.648313
vt 0.579507 0.690612
vt 0.578029 0.708753
vt 0.574428 0.689273
vt 0.698492 0.665934
vt 0.695619 0.649055
vt 0.009763 0.583316
vt 0.005241 0.560293
vt 0.005107 0.580441
vt 0.009092 0.606564
vt 0.485253 0.686425
vt 0.467808 0.689596
vt 0.466892 0.685037
vt 0.475798 0.689733
vt 0.487686 0.682030
vt 0.494922 0.693321
vt 0.496235 0.678609
vt 0.505299 0.680818
vt 0.379771 0.556805
vt 0.375121 0.552111
vt 0.382014 0.543525
vt 0.389796 0.551035
vt 0.375439 0.532022
vt 0.388880 0.532919
vt 0.388373 0.512685
vt 0.379307 0.510704
vt 0.393574 0.522535
vt 0.206055 0.581979
vt 0.212616 0.570175
vt 0.516971 0.681170
vt 0.508599 0.693954
vt 0.518058 0.691145
vt 0.532212 0.683929
vt 0.530616 0.693215
vt 0.541993 0.684359
vt 0.322060 0.644172
vt 0.328028 0.654396
vt 0.318030 0.654592
vt 0.333137 0.648149
vt 0.858809 0.669156
vt 0.848615 0.676368
vt 0.842360 0.666506
vt 0.837547 0.680131
vt 0.827014 0.670527
vt 0.367307 0.648859
vt 0.355546 0.641165
vt 0.359740 0.628490
vt 0.362149 0.612221
vt 0.820568 0.665934
vt 0.813538 0.672486
vt 0.811135 0.666145
vt 0.801697 0.672107
vt 0.799451 0.665972
vt 0.791205 0.667864
vt 0.531064 0.447279
vt 0.538917 0.446861
vt 0.415977 0.682603
vt 0.424539 0.672262
vt 0.425245 0.677267
vt 0.337122 0.678919
vt 0.328035 0.666931
vt 0.338478 0.669039
vt 0.339402 0.659330
vt 0.279097 0.253371
vt 0.289033 0.255063
vt 0.281115 0.268925
vt 0.264743 0.269439
vt 0.272686 0.256350
vt 0.281783 0.241326
vt 0.059168 0.353224
vt 0.049617 0.355314
vt 0.054948 0.339129
vt 0.042348 0.349254
vt 0.044839 0.338947
vt 0.042724 0.355934
vt 0.462685 0.670617
vt 0.476413 0.678609
vt 0.184196 0.165521
vt 0.190822 0.170264
vt 0.173306 0.182037
vt 0.174844 0.174885
vt 0.175074 0.187191
vt 0.287564 0.291318
vt 0.300528 0.334417
vt 0.285702 0.344659
vt 0.203595 0.317405
vt 0.191456 0.327263
vt 0.191842 0.315729
vt 0.195864 0.306056
vt 0.192251 0.301152
vt 0.178912 0.311096
vt 0.177955 0.297131
vt 0.178190 0.288121
vt 0.345995 0.267550
vt 0.366445 0.266873
vt 0.357623 0.281538
vt 0.364941 0.240769
vt 0.371453 0.251603
vt 0.356102 0.261307
vt 0.352395 0.245697
vt 0.341142 0.244510
vt 0.331058 0.231012
vt 0.344058 0.226035
vt 0.319878 0.232559
vt 0.108665 0.145019
vt 0.100912 0.159819
vt 0.086192 0.155951
vt 0.015795 0.214197
vt 0.009668 0.217111
vt 0.011368 0.209570
vt 0.225376 0.985641
vt 0.232255 0.991936
vt 0.225376 0.997698
vt 0.120911 0.508562
vt 0.125886 0.519772
vt 0.113611 0.517587
vt 0.145917 0.813824
vt 0.144311 0.819841
vt 0.133579 0.811249
vt 0.127957 0.512670
vt 0.140579 0.800304
vt 0.133487 0.803673
vt 0.099564 0.933631
vt 0.090027 0.944274
vt 0.091844 0.936953
vt 0.105642 0.945865
vt 0.584922 0.944162
vt 0.598892 0.944128
vt 0.749256 0.970406
vt 0.751575 0.976712
vt 0.011435 0.827512
vt 0.009027 0.825122
vt 0.020225 0.816995
vt 0.021009 0.833983
vt 0.020447 0.840135
vt 0.982500 0.872001
vt 0.967060 0.863620
vt 0.764263 0.975865
vt 0.999481 0.147625
vt 0.994286 0.155942
vt 0.994286 0.142779
vt 0.264263 0.032704
vt 0.261675 0.042890
vt 0.251081 0.040834
vt 0.251792 0.025188
vt 0.248521 0.019128
vt 0.236948 0.035005
vt 0.244283 0.011671
vt 0.877442 0.985758
vt 0.884245 0.994285
vt 0.877442 0.996330
vt 0.241684 0.045682
vt 0.232551 0.048816
vt 0.238252 0.057647
vt 0.234222 0.023895
vt 0.225117 -0.000000
vt 0.233060 0.014451
vt 0.221912 0.006928
vt 0.215352 0.001039
vt 0.538722 0.651377
vt 0.537332 0.643446
vt 0.550929 0.654571
vt 0.894259 0.483425
vt 0.984365 0.751324
vt 0.991149 0.762157
vt 0.982717 0.764694
vt 0.845391 0.867172
vt 0.860498 0.859220
vt 0.807957 0.854863
vt 0.557800 0.633726
vt 0.558692 0.648795
vt 0.456819 0.841409
vt 0.451729 0.857393
vt 0.451089 0.844287
vt 0.978560 0.403013
vt 0.244468 0.845350
vt 0.257761 0.841609
vt 0.256229 0.851667
vt 0.263670 0.852622
vt 0.414904 0.836509
vt 0.640195 0.620945
vt 0.651478 0.620345
vt 0.173108 0.934810
vt 0.170860 0.949060
vt 0.163775 0.936994
vt 0.587385 0.623705
vt 0.585111 0.632077
vt 0.945191 0.514480
vt 0.946498 0.528044
vt 0.940536 0.519904
vt 0.970640 0.629376
vt 0.980676 0.631457
vt 0.916870 0.843965
vt 0.906099 0.840300
vt 0.405545 0.966737
vt 0.409028 0.944254
vt 0.945319 0.940354
vt 0.953279 0.942633
vt 0.942606 0.958276
vt 0.933653 0.945670
vt 0.967899 0.304907
vt 0.974098 0.295684
vt 0.953382 0.855409
vt 0.217617 0.964415
vt 0.221861 0.943501
vt 0.970039 0.613553
vt 0.984014 0.608251
vt 0.965748 0.615832
vt 0.923249 0.845148
vt 0.922620 0.829666
vt 0.909490 0.833115
vt 0.903201 0.829695
vt 0.700357 0.969279
vt 0.053402 0.758882
vt 0.045961 0.729987
vt 0.445203 0.704206
vt 0.453915 0.706372
vt 0.052439 0.696329
vt 0.054777 0.691124
vt 0.575674 0.943058
vt 0.175918 0.918744
vt 0.166018 0.925220
vt 0.164715 0.919366
vt 0.676048 0.615880
vt 0.665849 0.603111
vt 0.673502 0.598902
vt 0.432612 0.935035
vt 0.415541 0.937068
vt 0.425586 0.940400
vt 0.950071 0.929735
vt 0.969537 0.277877
vt 0.067140 0.836028
vt 0.060167 0.831793
vt 0.069821 0.825557
vt 0.062671 0.822173
vt 0.972059 0.823409
vt 0.970204 0.816577
vt 0.978053 0.814596
vt 0.937475 0.714267
vt 0.932436 0.723794
vt 0.931685 0.714298
vt 0.950342 0.720804
vt 0.984138 0.823730
vt 0.951329 0.705871
vt 0.954810 0.721214
vt 0.598693 0.905207
vt 0.593635 0.903799
vt 0.596950 0.888340
vt 0.910814 0.490967
vt 0.917828 0.487015
vt 0.636106 0.936735
vt 0.627382 0.939011
vt 0.630065 0.930087
vt 0.616530 0.946364
vt 0.618079 0.931325
vt 0.999341 0.520576
vt 0.993399 0.512794
vt 0.999341 0.507784
vt 0.185956 0.797162
vt 0.197388 0.790432
vt 0.195244 0.797672
vt 0.979083 0.501899
vt 0.184902 0.800557
vt 0.832364 0.933003
vt 0.843116 0.929496
vt 0.844280 0.942513
vt 0.912989 0.261508
vt 0.908269 0.273096
vt 0.908547 0.257298
vt 0.902346 0.266791
vt 0.940663 0.478801
vt 0.940273 0.489957
vt 0.981697 0.590303
vt 0.971759 0.601951
vt 0.828522 0.532615
vt 0.897692 0.918341
vt 0.900814 0.908251
vt 0.900814 0.923943
vt 0.472876 0.830289
vt 0.472574 0.815097
vt 0.485773 0.826918
vt 0.427138 0.905643
vt 0.416396 0.908291
vt 0.955008 0.907330
vt 0.411287 0.913831
vt 0.096257 0.835434
vt 0.078153 0.829539
vt 0.098266 0.827604
vt 0.080867 0.836343
vt 0.969899 0.792843
vt 0.963826 0.803255
vt 0.961800 0.787960
vt 0.978057 0.785035
vt 0.981697 0.802538
vt 0.931112 0.702525
vt 0.943134 0.704151
vt 0.858960 0.953077
vt 0.859819 0.942544
vt 0.869210 0.940548
vt 0.463072 0.806409
vt 0.467362 0.806862
vt 0.495598 0.821305
vt 0.493380 0.808347
vt 0.501654 0.813808
vt 0.915286 0.351151
vt 0.838704 0.580738
vt 0.807134 0.577607
vt 0.827451 0.604007
vt 0.823891 0.612227
vt 0.958003 0.337372
vt 0.966206 0.345338
vt 0.966497 0.357666
vt 0.971711 0.354167
vt 0.969882 0.344160
vt 0.952115 0.339766
vt 0.884883 0.013144
vt 0.898489 0.007831
vt 0.257258 0.772842
vt 0.250446 0.784283
vt 0.261322 0.786980
vt 0.267039 0.779173
vt 0.114922 0.578563
vt 0.123457 0.580010
vt 0.121861 0.590909
vt 0.281695 0.785495
vt 0.276485 0.784894
vt 0.274083 0.773973
vt 0.128037 0.578799
vt 0.124712 0.591340
vt 0.275539 0.772881
vt 0.531114 0.313307
vt 0.520451 0.303014
vt 0.536345 0.301130
vt 0.525674 0.293393
vt 0.536100 0.288277
vt 0.542928 0.302367
vt 0.967896 0.547666
vt 0.967436 0.558008
vt 0.961801 0.554784
vt 0.860063 0.148574
vt 0.861468 0.152041
vt 0.848935 0.156993
vt 0.868275 0.181379
vt 0.875226 0.183298
vt 0.868953 0.186610
vt 0.873313 0.179150
vt 0.969746 0.336694
vt 0.016515 0.854238
vt 0.013704 0.840135
vt 0.011640 0.856625
vt 0.152952 0.902548
vt 0.148578 0.903493
vt 0.147075 0.886730
vt 0.008289 0.841073
vt 0.140479 0.891840
vt 0.316345 0.886993
vt 0.324749 0.878416
vt 0.314328 0.877925
vt 0.308334 0.885794
vt 0.845543 0.149419
vt 0.839120 0.159716
vt 0.853916 0.161692
vt 0.940477 0.119330
vt 0.454812 0.146739
vt 0.469856 0.139505
vt 0.461616 0.151183
vt 0.474662 0.152186
vt 0.473497 0.136199
vt 0.467920 0.123444
vt 0.799416 0.526565
vt 0.801515 0.518678
vt 0.805041 0.524868
vt 0.807689 0.533618
vt 0.557355 0.054322
vt 0.556918 0.040262
vt 0.567274 0.049248
vt 0.562181 0.037872
vt 0.587951 0.038280
vt 0.582124 0.027658
vt 0.591163 0.024763
vt 0.595557 0.031251
vt 0.799228 0.617093
vt 0.799224 0.630244
vt 0.670542 0.942894
vt 0.655706 0.944900
vt 0.875679 0.219495
vt 0.879231 0.209450
vt 0.817874 0.178615
vt 0.593404 0.364410
vt 0.589953 0.355796
vt 0.602865 0.363220
vt 0.605819 0.370845
vt 0.990992 0.961505
vt 0.990992 0.946593
vt 0.997468 0.954402
vt 0.572823 0.357929
vt 0.563672 0.346912
vt 0.572145 0.345422
vt 0.581837 0.356690
vt 0.334840 0.983581
vt 0.339874 0.990692
vt 0.336019 0.996419
vt 0.556032 0.336906
vt 0.826834 0.933253
vt 0.816824 0.938186
vt 0.824767 0.913695
vt 0.339874 0.980842
vt 0.872231 0.995508
vt 0.867206 0.998923
vt 0.867206 0.989642
vt 0.674502 0.741855
vt 0.672674 0.752278
vt 0.664550 0.746049
vt 0.663335 0.738156
vt 0.509183 0.943213
vt 0.509023 0.936531
vt 0.760343 0.108383
vt 0.772576 0.099858
vt 0.757182 0.070706
vt 0.769771 0.082952
vt 0.770520 0.064861
vt 0.780206 0.082068
vt 0.781591 0.095676
vt 0.758570 0.058751
vt 0.767620 0.054492
vt 0.765357 0.035005
vt 0.765002 0.045044
vt 0.756004 0.045055
vt 0.771947 0.035766
vt 0.726307 0.360888
vt 0.716268 0.380819
vt 0.714483 0.367734
vt 0.725091 0.371963
vt 0.792824 0.627665
vt 0.778750 0.616397
vt 0.795594 0.615525
vt 0.786603 0.603056
vt 0.733724 0.084709
vt 0.742272 0.087238
vt 0.743927 0.094720
vt 0.741749 0.077079
vt 0.783270 0.795940
vt 0.790589 0.795502
vt 0.789053 0.786061
vt 0.725186 0.069599
vt 0.732889 0.063933
vt 0.613145 0.079248
vt 0.610279 0.072886
vt 0.616870 0.065493
vt 0.871207 0.765623
vt 0.845229 0.765673
vt 0.995807 0.329114
vt 0.995807 0.317120
vt 0.999848 0.322566
vt 0.824448 0.761697
vt 0.092841 0.520904
vt 0.095346 0.538739
vt 0.767757 0.616076
vt 0.771731 0.879093
vt 0.763773 0.883632
vt 0.776886 0.886071
vt 0.774656 0.889890
vt 0.764226 0.878442
vt 0.494958 0.539800
vt 0.080908 0.598222
vt 0.073249 0.592765
vt 0.664707 0.521087
vt 0.655295 0.518536
vt 0.664940 0.514068
vt 0.673316 0.521317
vt 0.000225 0.708839
vt 0.674125 0.509280
vt 0.685008 0.514714
vt 0.683780 0.519875
vt 0.492743 0.757684
vt 0.479065 0.760935
vt 0.124266 0.887735
vt 0.117143 0.893728
vt 0.117835 0.887526
vt 0.125047 0.894232
vt 0.753392 0.583201
vt 0.763231 0.595882
vt 0.214000 0.993976
vt 0.766322 0.844502
vt 0.761845 0.840434
vt 0.355597 0.949522
vt 0.351014 0.958372
vt 0.353847 0.939279
vt 0.365220 0.940035
vt 0.675751 0.866605
vt 0.678208 0.855764
vt 0.682034 0.858797
vt 0.674707 0.866605
vt 0.893432 0.971159
vt 0.887034 0.964330
vt 0.897540 0.963977
vt 0.895623 0.958093
vt 0.546384 0.514817
vt 0.380488 0.998671
vt 0.382653 0.987472
vt 0.386227 0.998671
vt 0.053375 0.956133
vt 0.752564 0.571893
vt 0.988958 0.318410
vt 0.994958 0.314110
vt 0.995807 0.322237
vt 0.988958 0.329114
vt 0.748046 0.517760
vt 0.757660 0.509294
vt 0.752442 0.521921
vt 0.749063 0.507273
vt 0.758878 0.502030
vt 0.946528 0.447856
vt 0.936947 0.447790
vt 0.936947 0.438165
vt 0.942594 0.438519
vt 0.750351 0.492057
vt 0.760494 0.495128
vt 0.750389 0.501960
vt 0.750005 0.614972
vt 0.742766 0.610857
vt 0.752916 0.600780
vt 0.997254 0.575330
vt 0.992603 0.581228
vt 0.992603 0.562772
vt 0.752923 0.567858
vt 0.062532 0.670106
vt 0.060587 0.660877
vt 0.737477 0.688219
vt 0.684877 0.829278
vt 0.675751 0.815260
vt 0.684626 0.815459
vt 0.739082 0.696113
vt 0.745184 0.500568
vt 0.742057 0.507317
vt 0.492851 0.960409
vt 0.483892 0.950733
vt 0.492995 0.948578
vt 0.795042 0.719705
vt 0.795169 0.731501
vt 0.554139 0.498145
vt 0.556004 0.510974
vt 0.548649 0.501275
vt 0.562402 0.509549
vt 0.489896 0.943213
vt 0.483655 0.944204
vt 0.282336 0.941821
vt 0.287483 0.930321
vt 0.290683 0.939648
vt 0.277787 0.913590
vt 0.296984 0.918435
vt 0.276726 0.924975
vt 0.295557 0.910924
vt 0.292131 0.899459
vt 0.281679 0.905056
vt 0.295557 0.902161
vt 0.202855 0.973394
vt 0.195307 0.969061
vt 0.197570 0.965603
vt 0.745224 0.991236
vt 0.749134 0.991236
vt 0.748358 0.998110
vt 0.645921 0.467795
vt 0.650091 0.481744
vt 0.642396 0.482457
vt 0.832788 0.693834
vt 0.843004 0.703555
vt 0.828592 0.708107
vt 0.817426 0.694282
vt 0.504013 0.702143
vt 0.524203 0.703816
vt 0.538340 0.475237
vt 0.520033 0.473615
vt 0.713058 0.491506
vt 0.711126 0.453961
vt 0.506084 0.476887
vt 0.496414 0.474949
vt 0.260617 0.741185
vt 0.265980 0.731833
vt 0.275474 0.742694
vt 0.254275 0.722677
vt 0.264239 0.716855
vt 0.266559 0.707286
vt 0.257383 0.710233
vt 0.239735 0.719500
vt 0.246444 0.708910
vt 0.247870 0.690922
vt 0.259321 0.702066
vt 0.328238 0.728418
vt 0.318814 0.699417
vt 0.300053 0.704270
vt 0.294210 0.695655
vt 0.324802 0.688097
vt 0.403448 0.568233
vt 0.387021 0.567792
vt 0.408640 0.585338
vt 0.445200 0.596915
vt 0.439769 0.585564
vt 0.430190 0.585873
vt 0.443385 0.581334
vt 0.437666 0.572146
vt 0.242406 0.642651
vt 0.228425 0.632361
vt 0.289064 0.663575
vt 0.306232 0.662212
vt 0.216940 0.597790
vt 0.207580 0.603070
vt 0.210232 0.592922
vt 0.221120 0.580339
vt 0.225096 0.591639
vt 0.226060 0.581759
vt 0.234415 0.572958
vt 0.224408 0.565335
vt 0.247849 0.277961
vt 0.253655 0.280968
vt 0.251790 0.284966
vt 0.242318 0.287241
vt 0.191000 0.154808
vt 0.193276 0.139222
vt 0.200154 0.153253
vt 0.181004 0.153726
vt 0.115833 0.400079
vt 0.131802 0.406391
vt 0.123397 0.414725
vt 0.113246 0.406312
vt 0.117022 0.388732
vt 0.105205 0.386330
vt 0.114874 0.380524
vt 0.122453 0.373560
vt 0.103565 0.395096
vt 0.097555 0.392056
vt 0.095532 0.402450
vt 0.107889 0.403459
vt 0.097856 0.407246
vt 0.321935 0.873781
vt 0.331137 0.872266
vt 0.324587 0.877333
vt 0.089609 0.394347
vt 0.089064 0.402666
vt 0.274036 0.200020
vt 0.265571 0.184633
vt 0.275068 0.181187
vt 0.267254 0.177413
vt 0.245437 0.167114
vt 0.255530 0.161072
vt 0.260414 0.167327
vt 0.276307 0.352744
vt 0.261866 0.348010
vt 0.271920 0.341455
vt 0.253565 0.337335
vt 0.249016 0.312973
vt 0.235975 0.311953
vt 0.245590 0.310904
vt 0.235855 0.306876
vt 0.168945 0.148402
vt 0.171197 0.160485
vt 0.149897 0.159483
vt 0.155300 0.149287
vt 0.144699 0.168283
vt 0.130009 0.160735
vt 0.323234 0.205461
vt 0.333006 0.200617
vt 0.329518 0.212655
vt 0.321495 0.217567
vt 0.323555 0.191347
vt 0.309642 0.198077
vt 0.323262 0.182174
vt 0.311871 0.175685
vt 0.307340 0.211289
vt 0.305325 0.188797
vt 0.291927 0.166288
vt 0.299233 0.175674
vt 0.255241 0.874212
vt 0.246187 0.857356
vt 0.745224 0.956270
vt 0.732614 0.954535
vt 0.742986 0.946474
vt 0.274105 0.860315
vt 0.278338 0.865772
vt 0.271675 0.869986
vt 0.144941 0.383941
vt 0.134557 0.382012
vt 0.066425 0.092635
vt 0.077020 0.096980
vt 0.066696 0.109882
vt 0.050982 0.098905
vt 0.047807 0.093741
vt 0.100663 0.055944
vt 0.091658 0.044095
vt 0.104804 0.045946
vt 0.094988 0.038051
vt 0.092985 0.064791
vt 0.087505 0.048335
vt 0.085149 0.071068
vt 0.075357 0.071791
vt 0.071035 0.063808
vt 0.063967 0.071146
vt 0.069855 0.084047
vt 0.062134 0.067348
vt 0.336789 0.052138
vt 0.346060 0.062161
vt 0.328986 0.059991
vt 0.321075 0.066905
vt 0.314910 0.048809
vt 0.326205 0.029424
vt 0.321209 0.026345
vt 0.323254 0.020270
vt 0.311131 0.031844
vt 0.305734 0.026961
vt 0.298871 0.033697
vt 0.320681 0.083282
vt 0.311236 0.073144
vt 0.300142 0.057797
vt 0.302901 0.046648
vt 0.308342 0.086239
vt 0.144761 0.857695
vt 0.149097 0.853529
vt 0.016155 0.176443
vt 0.146442 0.876380
vt 0.142703 0.869832
vt 0.808640 0.982606
vt 0.819384 0.973870
vt 0.824832 0.983822
vt 0.888860 0.501503
vt 0.893960 0.494787
vt 0.900786 0.498396
vt 0.988592 0.194488
vt 0.978783 0.204257
vt 0.978783 0.192571
vt 0.989998 0.200218
vt 0.896701 0.505869
vt 0.895872 0.514169
vt 0.592433 0.974780
vt 0.601185 0.978572
vt 0.592229 0.987081
vt 0.584922 0.976822
vt 0.584922 0.988166
vt 0.323604 0.132638
vt 0.316978 0.143310
vt 0.305575 0.127557
vt 0.317018 0.114434
vt 0.899881 0.321310
vt 0.893993 0.317702
vt 0.898971 0.308024
vt 0.904666 0.321199
vt 0.936947 0.541179
vt 0.940173 0.526218
vt 0.999029 0.556534
vt 0.993555 0.557577
vt 0.993555 0.544043
vt 0.882696 0.630452
vt 0.895368 0.634112
vt 0.875550 0.633782
vt 0.501338 0.972623
vt 0.507628 0.962899
vt 0.509183 0.982980
vt 0.500427 0.980294
vt 0.493915 0.977342
vt 0.496032 0.971058
vt 0.891297 0.639887
vt 0.893423 0.647470
vt 0.886914 0.651049
vt 0.884823 0.643294
vt 0.895295 0.662097
vt 0.881061 0.658257
vt 0.878496 0.663403
vt 0.919405 0.960570
vt 0.921023 0.951264
vt 0.931655 0.967310
vt 0.155163 0.860052
vt 0.153431 0.886730
vt 0.159183 0.872140
vt 0.150446 0.848030
vt 0.140212 0.848606
vt 0.889294 0.208997
vt 0.890737 0.193387
vt 0.893616 0.208720
vt 0.854054 0.852433
vt 0.838310 0.857331
vt 0.823015 0.855926
vt 0.911307 0.074053
vt 0.925383 0.077774
vt 0.917271 0.079092
vt 0.921839 0.067577
vt 0.938643 0.071010
vt 0.927995 0.068747
vt 0.159318 0.855139
vt 0.826440 0.953262
vt 0.822606 0.963709
vt 0.818921 0.953172
vt 0.924400 0.523023
vt 0.913912 0.511360
vt 0.913241 0.518597
vt 0.630495 0.957055
vt 0.636106 0.964441
vt 0.625873 0.967149
vt 0.619522 0.956932
vt 0.460604 0.943119
vt 0.451083 0.951414
vt 0.459802 0.953173
vt 0.299164 0.951427
vt 0.292909 0.946317
vt 0.283953 0.945367
vt 0.031804 0.908117
vt 0.033232 0.925653
vt 0.495785 0.855056
vt 0.926727 0.725521
vt 0.919561 0.733849
vt 0.913423 0.729040
vt 0.925192 0.737652
vt 0.904307 0.615410
vt 0.908066 0.613468
vt 0.910970 0.628181
vt 0.970492 0.508110
vt 0.942089 0.178750
vt 0.928376 0.185670
vt 0.930503 0.174958
vt 0.968973 0.390218
vt 0.954369 0.393926
vt 0.973313 0.397848
vt 0.972561 0.384509
vt 0.976537 0.937740
vt 0.964140 0.941575
vt 0.571533 0.611625
vt 0.575851 0.620491
vt 0.563278 0.612890
vt 0.449409 0.996952
vt 0.445132 0.994104
vt 0.449409 0.978822
vt 0.974702 0.282122
vt 0.932912 0.835874
vt 0.934809 0.821561
vt 0.409998 0.931232
vt 0.868254 0.828728
vt 0.853279 0.834999
vt 0.852668 0.827188
vt 0.840956 0.834171
vt 0.833112 0.835987
vt 0.226457 0.934560
vt 0.237881 0.932260
vt 0.014962 0.870497
vt 0.147101 0.916613
vt 0.460208 0.613555
vt 0.466176 0.604399
vt 0.513184 0.599990
vt 0.074245 0.840135
vt 0.970335 0.809478
vt 0.642447 0.996577
vt 0.636106 0.997461
vt 0.636106 0.988591
vt 0.498415 0.829679
vt 0.126162 0.974977
vt 0.119432 0.974610
vt 0.123085 0.967046
vt 0.113611 0.974707
vt 0.117028 0.981648
vt 0.124790 0.986008
vt 0.113611 0.983033
vt 0.535447 0.833156
vt 0.523573 0.835750
vt 0.522373 0.827735
vt 0.007316 0.982207
vt 0.000291 0.980507
vt 0.000065 0.974219
vt 0.088259 0.977371
vt 0.084009 0.981630
vt 0.523987 0.818745
vt 0.516995 0.828683
vt 0.513045 0.814884
vt 0.989249 0.596981
vt 0.984013 0.598352
vt 0.988512 0.588903
vt 0.515993 0.826439
vt 0.520424 0.811084
vt 0.534167 0.816989
vt 0.541291 0.824032
vt 0.528901 0.823454
vt 0.826887 0.539274
vt 0.808796 0.810567
vt 0.800339 0.808975
vt 0.931655 0.992725
vt 0.926836 0.988799
vt 0.931655 0.971375
vt 0.985859 0.347158
vt 0.975561 0.356310
vt 0.973313 0.343850
vt 0.541930 0.588260
vt 0.544599 0.578851
vt 0.448899 0.795780
vt 0.455748 0.794635
vt 0.458879 0.782156
vt 0.985564 0.340220
vt 0.243145 0.784700
vt 0.100165 0.697101
vt 0.088654 0.693370
vt 0.107431 0.696309
vt 0.091828 0.688619
vt 0.975171 0.337379
vt 0.458273 0.568325
vt 0.470095 0.579823
vt 0.459435 0.581961
vt 0.452269 0.578956
vt 0.968248 0.235442
vt 0.978188 0.230378
vt 0.937673 0.790274
vt 0.936106 0.780010
vt 0.426507 0.890964
vt 0.420620 0.884906
vt 0.426739 0.884709
vt 0.948265 0.884802
vt 0.959166 0.889089
vt 0.614727 0.550317
vt 0.608005 0.554199
vt 0.807640 0.543501
vt 0.811595 0.539187
vt 0.803316 0.552725
vt 0.817022 0.552476
vt 0.803494 0.558094
vt 0.432612 0.982097
vt 0.432612 0.993146
vt 0.423037 0.992151
vt 0.966117 0.887787
vt 0.963445 0.878410
vt 0.975738 0.878117
vt 0.984290 0.881624
vt 0.976325 0.888009
vt 0.982172 0.876209
vt 0.989581 0.249320
vt 0.995288 0.255593
vt 0.989581 0.266824
vt 0.959344 -0.000000
vt 0.967564 0.016553
vt 0.959050 0.012459
vt 0.950517 0.002502
vt 0.948504 0.007935
vt 0.626251 0.430744
vt 0.589257 0.431033
vt 0.595305 0.421802
vt 0.599004 0.427363
vt 0.575867 0.413194
vt 0.581572 0.422015
vt 0.601567 0.409222
vt 0.575771 0.403494
vt 0.603661 0.398691
vt 0.988958 0.314110
vt 0.988958 0.301579
vt 0.995979 0.310960
vt 0.614160 0.408825
vt 0.629240 0.397873
vt 0.622066 0.388959
vt 0.641327 0.429713
vt 0.634188 0.418583
vt 0.860710 0.122183
vt 0.921135 0.552709
vt 0.925357 0.558584
vt 0.848790 0.108548
vt 0.841887 0.109793
vt 0.845106 0.104864
vt 0.901332 0.329114
vt 0.893348 0.329939
vt 0.888239 0.334227
vt 0.512082 0.370580
vt 0.500996 0.371535
vt 0.513122 0.362478
vt 0.526798 0.357308
vt 0.505409 0.355344
vt 0.556059 0.381362
vt 0.868072 0.293310
vt 0.538311 0.553149
vt 0.844800 0.138421
vt 0.836638 0.103645
vt 0.833527 0.115927
vt 0.492361 0.202020
vt 0.485168 0.204704
vt 0.793853 0.557352
vt 0.790597 0.572076
vt 0.782514 0.547816
vt 0.791536 0.544833
vt 0.806909 0.308834
vt 0.812943 0.315216
vt 0.800574 0.319471
vt 0.813600 0.289252
vt 0.804800 0.298812
vt 0.788934 0.537384
vt 0.984014 0.603439
vt 0.993702 0.598352
vt 0.989165 0.613954
vt 0.992617 0.642039
vt 0.984014 0.641991
vt 0.993513 0.636902
vt 0.334802 0.919653
vt 0.340049 0.931587
vt 0.352342 0.929233
vt 0.520842 0.953534
vt 0.511392 0.940104
vt 0.994964 0.450994
vt 0.994964 0.463032
vt 0.987144 0.457359
vt 0.989728 0.447856
vt 0.626322 0.987126
vt 0.616530 0.979309
vt 0.628913 0.974315
vt 0.984014 0.629051
vt 0.990026 0.625648
vt 0.390866 0.979509
vt 0.380488 0.970610
vt 0.393435 0.968767
vt 0.509682 0.543361
vt 0.503823 0.540468
vt 0.516666 0.540104
vt 0.776074 0.609974
vt 0.775138 0.596308
vt 0.766516 0.605561
vt 0.773090 0.589542
vt 0.482259 0.769147
vt 0.115648 0.806897
vt 0.113694 0.790959
vt 0.498830 0.762021
vt 0.489353 0.769451
vt 0.120083 0.901554
vt 0.113611 0.885463
vt 0.119452 0.787715
vt 0.494270 0.768013
vt 0.499113 0.759695
vt 0.612204 0.992187
vt 0.616417 0.991481
vt 0.616211 0.997422
vt 0.502815 0.759836
vt 0.068728 0.993790
vt 0.072105 0.988516
vt 0.072105 0.999557
vt 0.527261 0.758751
vt 0.521307 0.759252
vt 0.853078 0.989837
vt 0.853078 0.997827
vt 0.847338 0.992599
vt 0.681979 0.705963
vt 0.680908 0.710440
vt 0.674502 0.709115
vt 0.508132 0.528878
vt 0.765831 0.490804
vt 0.767095 0.502581
vt 0.208307 0.998326
vt 0.203220 0.987347
vt 0.208307 0.984953
vt 0.303382 0.889011
vt 0.308334 0.890542
vt 0.302582 0.895128
vt 0.343407 0.875982
vt 0.336979 0.879942
vt 0.334802 0.873042
vt 0.340694 0.891573
vt 0.651061 0.939293
vt 0.485149 0.515521
vt 0.563058 0.752678
vt 0.547313 0.752664
vt 0.558405 0.745954
vt 0.453857 0.523182
vt 0.447127 0.517174
vt 0.355091 0.867842
vt 0.349610 0.876889
vt 0.349038 0.868217
vt 0.993508 0.435260
vt 0.997934 0.441034
vt 0.993508 0.447593
vt 0.292988 0.935667
vt 0.834702 0.728489
vt 0.819009 0.714339
vt 0.748208 0.558260
vt 0.912312 0.443732
vt 0.907197 0.446794
vt 0.907197 0.440688
vt 0.712689 0.963445
vt 0.717978 0.967376
vt 0.712689 0.969520
vt 0.044511 0.513245
vt 0.050823 0.531174
vt 0.733236 0.854474
vt 0.739129 0.866566
vt 0.732587 0.867988
vt 0.913882 0.993721
vt 0.908086 0.997483
vt 0.908086 0.990404
vt 0.737442 0.873112
vt 0.357141 0.800341
vt 0.346259 0.800622
vt 0.340573 0.812065
vt 0.337544 0.791469
vt 0.057967 0.465712
vt 0.040173 0.468511
vt 0.037179 0.461993
vt 0.988012 0.243582
vt 0.978189 0.249113
vt 0.978189 0.234915
vt 0.721777 0.730508
vt 0.723902 0.751636
vt 0.985232 0.435167
vt 0.726736 0.766969
vt 0.732529 0.777704
vt 0.724178 0.774330
vt 0.727832 0.786180
vt 0.729284 0.806179
vt 0.717866 0.792001
vt 0.735478 0.797615
vt 0.043731 0.483261
vt 0.040368 0.489975
vt 0.601912 0.721678
vt 0.598437 0.748138
vt 0.585615 0.746357
vt 0.709287 0.859117
vt 0.708503 0.870378
vt 0.714940 0.878301
vt 0.709253 0.826448
vt 0.701343 0.725017
vt 0.696842 0.716139
vt 0.713073 0.723148
vt 0.709341 0.730031
vt 0.702194 0.742724
vt 0.711987 0.743753
vt 0.710694 0.754688
vt 0.703141 0.763086
vt 0.710154 0.776928
vt 0.699437 0.785076
vt 0.709531 0.794471
vt 0.710780 0.807023
vt 0.703454 0.808574
vt 0.794303 0.683693
vt 0.806119 0.682212
vt 0.694268 0.541967
vt 0.709015 0.524880
vt 0.701117 0.511752
vt 0.710051 0.514020
vt 0.647331 0.453114
vt 0.624615 0.463313
vt 0.629334 0.446861
vt 0.615031 0.449121
vt 0.583649 0.461288
vt 0.601417 0.454132
vt 0.602278 0.464493
vt 0.695436 0.504276
vt 0.696396 0.480747
vt 0.690726 0.717419
vt 0.688963 0.732130
vt 0.210743 0.467541
vt 0.209396 0.462578
vt 0.223112 0.476394
vt 0.229448 0.463355
vt 0.220813 0.458877
vt 0.366035 0.742233
vt 0.351186 0.743887
vt 0.363514 0.736955
vt 0.352303 0.748520
vt 0.373554 0.736934
vt 0.689830 0.623249
vt 0.690297 0.633125
vt 0.685008 0.624649
vt 0.691040 0.604950
vt 0.465610 0.456417
vt 0.463425 0.464692
vt 0.456620 0.460254
vt 0.476740 0.453534
vt 0.504174 0.453003
vt 0.486252 0.452294
vt 0.224768 0.618715
vt 0.215076 0.609995
vt 0.223935 0.600338
vt 0.200159 0.598922
vt 0.146915 0.191088
vt 0.131895 0.189716
vt 0.146319 0.181866
vt 0.350789 0.404626
vt 0.353567 0.398772
vt 0.356777 0.404128
vt 0.338926 0.394907
vt 0.340886 0.388344
vt 0.382082 0.370258
vt 0.373288 0.378085
vt 0.372672 0.365146
vt 0.176166 0.281525
vt 0.167404 0.273098
vt 0.171620 0.269570
vt 0.151697 0.250338
vt 0.152887 0.264661
vt 0.377173 0.277954
vt 0.379959 0.265510
vt 0.236992 0.283471
vt 0.232756 0.292595
vt 0.229115 0.284986
vt 0.220840 0.287072
vt 0.213705 0.279373
vt 0.212285 0.302260
vt 0.224107 0.304882
vt 0.219248 0.313584
vt 0.217356 0.293408
vt 0.201749 0.295975
vt 0.205427 0.279682
vt 0.203675 0.286454
vt 0.197155 0.280929
vt 0.209954 0.310774
vt 0.194622 0.274577
vt 0.087493 0.294594
vt 0.084173 0.278713
vt 0.078101 0.292495
vt 0.077205 0.267245
vt 0.378652 0.242356
vt 0.385150 0.237729
vt 0.395933 0.243498
vt 0.401327 0.266870
vt 0.384578 0.262380
vt 0.386697 0.233065
vt 0.377790 0.229103
vt 0.358214 0.225046
vt 0.490614 0.662502
vt 0.541348 0.660980
vt 0.506597 0.665952
vt 0.047506 0.161659
vt 0.042948 0.135859
vt 0.033192 0.146264
vt 0.030755 0.133781
vt 0.027167 0.153640
vt 0.023073 0.148262
vt 0.358722 0.974761
vt 0.360043 0.980705
vt 0.350724 0.975390
vt 0.353041 0.968628
vt 0.039544 0.127610
vt 0.029992 0.123827
vt 0.678690 0.988633
vt 0.680356 0.996361
vt 0.672920 0.996361
vt 0.905343 0.329114
vt 0.910119 0.326165
vt 0.991149 0.770485
vt 0.985441 0.772089
vt 0.893478 0.487212
vt 0.901313 0.493654
vt 0.275627 0.022319
vt 0.274498 0.029365
vt 0.267536 0.019929
vt 0.896857 0.525457
vt 0.903067 0.530302
vt 0.335768 0.159557
vt 0.229314 0.337032
vt 0.216098 0.326204
vt 0.226959 0.321328
vt 0.213457 0.341518
vt 0.874982 0.881485
vt 0.886179 0.877397
vt 0.088132 0.178780
vt 0.093632 0.186081
vt 0.077234 0.192968
vt 0.072857 0.176446
vt 0.082137 0.202982
vt 0.072392 0.205226
vt 0.064766 0.199245
vt 0.068546 0.185356
vt 0.055193 0.176903
vt 0.323147 0.964184
vt 0.323315 0.973078
vt 0.314129 0.971947
vt 0.331055 0.966135
vt 0.334802 0.972003
vt 0.961733 0.537293
vt 0.966671 0.541807
vt 0.865450 0.871899
vt 0.258234 0.864548
vt 0.266914 0.859005
vt 0.740584 0.937879
vt 0.909163 0.962954
vt 0.911076 0.953413
vt 0.635708 0.974315
vt 0.452225 0.966474
vt 0.436659 0.957669
vt 0.446337 0.966567
vt 0.932666 0.503433
vt 0.933232 0.520919
vt 0.308464 0.831894
vt 0.328729 0.846145
vt 0.321767 0.831958
vt 0.088175 0.913357
vt 0.099596 0.910968
vt 0.904895 0.734270
vt 0.919420 0.743081
vt 0.105884 0.992344
vt 0.099143 0.996922
vt 0.099143 0.987627
vt 0.866426 0.662801
vt 0.908145 0.942173
vt 0.919413 0.939281
vt 0.172294 0.795072
vt 0.169655 0.784634
vt 0.168601 0.775732
vt 0.509183 0.943213
vt 0.503397 0.945546
vt 0.499425 0.953892
vt 0.088945 0.905843
vt 0.898973 0.732838
vt 0.922000 0.631576
vt 0.884766 0.407157
vt 0.856751 0.495490
vt 0.853945 0.500525
vt 0.850998 0.508598
vt 0.864946 0.522653
vt 0.301689 0.829947
vt 0.295571 0.814709
vt 0.301591 0.812692
vt 0.326085 0.822050
vt 0.463939 0.913318
vt 0.480943 0.918247
vt 0.475470 0.913028
vt 0.885089 0.828141
vt 0.849716 0.843857
vt 0.898170 0.807748
vt 0.852858 0.565729
vt 0.850562 0.579021
vt 0.842306 0.586430
vt 0.853911 0.594328
vt 0.833259 0.594343
vt 0.860138 0.590308
vt 0.854201 0.597981
vt 0.616659 0.594685
vt 0.628059 0.592855
vt 0.620896 0.600879
vt 0.604371 0.590081
vt 0.639998 0.591584
vt 0.649634 0.594564
vt 0.351470 0.988532
vt 0.357799 0.989733
vt 0.351470 0.996516
vt 0.352054 0.981073
vt 0.592627 0.591711
vt 0.590221 0.605180
vt 0.582896 0.606566
vt 0.572806 0.602517
vt 0.573928 0.594400
vt 0.867425 0.810923
vt 0.879153 0.811316
vt 0.883119 0.819057
vt 0.427164 0.795119
vt 0.439039 0.792227
vt 0.437349 0.800982
vt 0.856033 0.798934
vt 0.939247 0.583042
vt 0.834365 0.616457
vt 0.835687 0.623585
vt 0.823538 0.630484
vt 0.665344 0.989067
vt 0.657434 0.967288
vt 0.820114 0.660088
vt 0.824117 0.653617
vt 0.832738 0.661956
vt 0.920063 0.892783
vt 0.906016 0.900725
vt 0.907296 0.885904
vt 0.212045 0.829694
vt 0.211830 0.823307
vt 0.222296 0.825717
vt 0.223544 0.820585
vt 0.211501 0.839581
vt 0.982956 0.460659
vt 0.974537 0.470035
vt 0.987144 0.465005
vt 0.214948 0.776053
vt 0.217964 0.784636
vt 0.207813 0.810061
vt 0.219054 0.808299
vt 0.217935 0.801213
vt 0.835728 0.800827
vt 0.822670 0.804376
vt 0.822270 0.798697
vt 0.813240 0.807490
vt 0.811039 0.493136
vt 0.820476 0.497525
vt 0.810346 0.508452
vt 0.823514 0.512454
vt 0.979395 0.030474
vt 0.984219 0.031883
vt 0.982405 0.043488
vt 0.974402 0.039156
vt 0.977084 0.044587
vt 0.524067 0.584624
vt 0.816537 0.473191
vt 0.817975 0.479773
vt 0.978783 0.192556
vt 0.984684 0.899056
vt 0.967896 0.561408
vt 0.183677 0.983340
vt 0.183677 0.965603
vt 0.192693 0.973918
vt 0.733143 0.426049
vt 0.738144 0.410518
vt 0.676262 0.424057
vt 0.676762 0.432209
vt 0.664592 0.425229
vt 0.670688 0.417479
vt 0.662129 0.414705
vt 0.652338 0.406429
vt 0.664900 0.402632
vt 0.676253 0.408473
vt 0.705044 0.424485
vt 0.679055 0.395216
vt 0.457422 0.282551
vt 0.450218 0.280884
vt 0.453108 0.274893
vt 0.957109 0.452496
vt 0.964452 0.447856
vt 0.470723 0.293504
vt 0.478335 0.275730
vt 0.472988 0.291170
vt 0.468891 0.271668
vt 0.487811 0.278990
vt 0.562688 0.029017
vt 0.800382 0.648790
vt 0.806123 0.650321
vt 0.804122 0.660874
vt 0.799225 0.660328
vt 0.919356 0.871889
vt 0.905596 0.879795
vt 0.907392 0.872618
vt 0.922137 0.876592
vt 0.901288 0.877535
vt 0.750231 0.413935
vt 0.754703 0.426448
vt 0.744296 0.422265
vt 0.761467 0.421833
vt 0.760451 0.429425
vt 0.062992 0.840135
vt 0.068237 0.846143
vt 0.056313 0.845703
vt 0.764396 0.410792
vt 0.764769 0.403313
vt 0.615808 0.020188
vt 0.948877 0.876851
vt 0.955297 0.876507
vt 0.956727 0.881974
vt 0.315126 0.991240
vt 0.320807 0.989451
vt 0.320807 0.997883
vt 0.633713 0.001904
vt 0.961800 0.777210
vt 0.953958 0.778899
vt 0.956006 0.772089
vt 0.548025 0.937056
vt 0.563278 0.930574
vt 0.563278 0.941338
vt 0.512031 0.060331
vt 0.508508 0.074277
vt 0.508654 0.061371
vt 0.514989 0.066315
vt 0.523979 0.075341
vt 0.523578 0.087846
vt 0.519259 0.083428
vt 0.534284 0.081126
vt 0.530515 0.058691
vt 0.541311 0.067762
vt 0.560537 0.084492
vt 0.483585 0.177805
vt 0.497020 0.177884
vt 0.322973 0.988151
vt 0.334020 0.988151
vt 0.619423 0.989041
vt 0.400115 0.837167
vt 0.511709 0.922053
vt 0.800420 0.936199
vt 0.802195 0.924641
vt 0.811586 0.926764
vt 0.555435 0.903926
vt 0.547057 0.919631
vt 0.838694 0.758742
vt 0.682128 0.892994
vt 0.674707 0.892907
vt 0.879701 0.974509
vt 0.877442 0.984614
vt 0.987514 0.810951
vt 0.984138 0.804322
vt 0.993825 0.804322
vt 0.993095 0.812247
vt 0.991145 0.818580
vt 0.535583 0.761872
vt 0.076833 0.610483
vt 0.085412 0.601866
vt 0.088334 0.616770
vt 0.076701 0.624980
vt 0.120073 0.993342
vt 0.126162 0.986970
vt 0.126162 0.998487
vt 0.822679 0.753583
vt 0.261121 0.989041
vt 0.265142 0.986179
vt 0.263282 0.995632
vt 0.952368 0.661308
vt 0.955232 0.667477
vt 0.560749 0.953186
vt 0.999897 0.301579
vt 0.999897 0.312879
vt 0.995979 0.307140
vt 0.511488 0.991002
vt 0.516517 0.995148
vt 0.511488 0.998248
vt 0.745224 0.982149
vt 0.746902 0.976712
vt 0.391163 0.818678
vt 0.383257 0.823277
vt 0.378650 0.808735
vt 0.387448 0.813726
vt 0.995134 0.286698
vt 0.512400 0.753557
vt 0.522743 0.748949
vt 0.534047 0.752612
vt 0.069219 0.609342
vt 0.067595 0.624121
vt 0.750373 0.872030
vt 0.745999 0.871624
vt 0.744956 0.860776
vt 0.295036 0.929176
vt 0.298695 0.935406
vt 0.913073 0.547477
vt 0.917729 0.547477
vt 0.915506 0.552552
vt 0.125815 0.734012
vt 0.119645 0.735828
vt 0.298187 0.929445
vt 0.114922 0.726866
vt 0.115232 0.714701
vt 0.618558 0.774757
vt 0.623838 0.790008
vt 0.624763 0.800641
vt 0.621058 0.786037
vt 0.917216 0.446794
vt 0.913890 0.445465
vt 0.917216 0.441593
vt 0.991397 0.730818
vt 0.986162 0.726845
vt 0.912312 0.440457
vt 0.986666 0.734145
vt 0.991559 0.734623
vt 0.983176 0.728659
vt 0.655706 0.994837
vt 0.660052 0.996834
vt 0.655706 0.999428
vt 0.659983 0.991075
vt 0.617036 0.749203
vt 0.622191 0.743711
vt 0.060338 0.487614
vt 0.051327 0.507610
vt 0.665217 0.501093
vt 0.671597 0.498665
vt 0.846197 0.999448
vt 0.841430 0.993947
vt 0.846197 0.989457
vt 0.301187 0.991435
vt 0.305107 0.994487
vt 0.301187 0.998006
vt 0.725870 0.972723
vt 0.720300 0.974856
vt 0.045848 0.534670
vt 0.062579 0.542028
vt 0.057952 0.548977
vt 0.055839 0.562644
vt 0.046647 0.552764
vt 0.048770 0.566227
vt 0.059206 0.576766
vt 0.056623 0.584077
vt 0.461015 0.972511
vt 0.467276 0.975050
vt 0.461241 0.984211
vt 0.467276 0.963931
vt 0.517046 0.953534
vt 0.624543 0.487224
vt 0.620344 0.498155
vt 0.609986 0.483890
vt 0.587580 0.492371
vt 0.729195 0.856593
vt 0.664866 0.899766
vt 0.654824 0.900532
vt 0.641944 0.901137
vt 0.719364 0.763432
vt 0.035107 0.680171
vt 0.040836 0.668244
vt 0.041418 0.675106
vt 0.722086 0.665934
vt 0.728790 0.666773
vt 0.724114 0.677880
vt 0.720616 0.694576
vt 0.712176 0.687203
vt 0.724775 0.811930
vt 0.713469 0.808539
vt 0.007563 0.938117
vt 0.007563 0.947770
vt 0.000082 0.943348
vt 0.719219 0.749943
vt 0.034624 0.645615
vt 0.035941 0.661887
vt 0.027918 0.672749
vt 0.116491 0.826794
vt 0.121443 0.826833
vt 0.113694 0.837898
vt 0.120682 0.836795
vt 0.714962 0.885073
vt 0.704271 0.878639
vt 0.351781 0.768211
vt 0.346069 0.762541
vt 0.009888 0.445417
vt 0.009419 0.472954
vt 0.998519 0.807261
vt 0.993825 0.818580
vt 0.993825 0.803016
vt 0.009524 0.492197
vt 0.374387 0.571225
vt 0.369912 0.563797
vt 0.259007 0.757831
vt 0.249427 0.747207
vt 0.247908 0.736235
vt 0.266344 0.756711
vt 0.273379 0.757021
vt 0.268561 0.762328
vt 0.230218 0.719776
vt 0.214848 0.717573
vt 0.200047 0.729533
vt 0.181423 0.719934
vt 0.179314 0.712433
vt 0.176604 0.696848
vt 0.690047 0.824871
vt 0.686440 0.824401
vt 0.410747 0.622504
vt 0.400471 0.612612
vt 0.390001 0.633170
vt 0.394947 0.598719
vt 0.382004 0.584354
vt 0.394189 0.585239
vt 0.356927 0.586061
vt 0.162203 0.436319
vt 0.152141 0.433393
vt 0.159178 0.428986
vt 0.152971 0.415743
vt 0.272349 0.169806
vt 0.159101 0.188633
vt 0.147876 0.231696
vt 0.135182 0.232645
vt 0.324615 0.362063
vt 0.354053 0.368530
vt 0.325398 0.370713
vt 0.336009 0.352224
vt 0.326884 0.381172
vt 0.328638 0.401610
vt 0.341203 0.400897
vt 0.303920 0.376634
vt 0.325234 0.348786
vt 0.341193 0.340081
vt 0.333408 0.334992
vt 0.314277 0.345254
vt 0.303029 0.344747
vt 0.305298 0.364710
vt 0.293926 0.357493
vt 0.009418 0.190041
vt 0.005219 0.182944
vt 0.000000 0.188505
vt 0.004061 0.193645
vt 0.240230 0.110923
vt 0.229372 0.114348
vt 0.228210 0.097087
vt 0.671905 0.650933
vt 0.254693 0.171580
vt 0.473137 0.887619
vt 0.482537 0.890830
vt 0.467173 0.895958
vt 0.417568 0.858867
vt 0.426201 0.869432
vt 0.994832 0.162408
vt 0.434664 0.862197
vt 0.436938 0.855687
vt 0.443753 0.872402
vt 0.993513 0.625351
vt 0.997987 0.632735
vt 0.993513 0.642039
vt 0.170626 0.138341
vt 0.142905 0.140721
vt 0.165573 0.124010
vt 0.826834 0.987870
vt 0.813563 0.988560
vt 0.134293 0.850388
vt 0.299510 0.121158
vt 0.283174 0.116847
vt 0.987761 0.074405
vt 0.977712 0.081527
vt 0.982211 0.068132
vt 0.079061 0.082334
vt 0.091222 0.082559
vt 0.091065 0.098054
vt 0.082813 0.109486
vt 0.063202 0.084598
vt 0.239731 0.980211
vt 0.225352 0.985641
vt 0.112648 0.051344
vt 0.416416 0.977490
vt 0.414103 0.982097
vt 0.409221 0.972417
vt 0.084667 0.058494
vt 0.953876 0.971496
vt 0.954523 0.980748
vt 0.949679 0.978340
vt 0.939052 0.971123
vt 0.959045 0.970706
vt 0.978188 0.327306
vt 0.963467 0.329114
vt 0.971520 0.321384
vt 0.959655 0.322859
vt 0.954949 0.328686
vt 0.952124 0.322017
vt 0.302660 0.104669
vt 0.307249 0.096899
vt 0.280767 0.102735
vt 0.908900 0.422400
vt 0.976860 0.546264
vt 0.016568 0.764910
vt 0.889029 0.613670
vt 0.895747 0.626316
vt 0.320695 0.858581
vt 0.311158 0.861200
vt 0.464321 0.948926
vt 0.858143 0.976742
vt 0.847711 0.978390
vt 0.853716 0.964065
vt 0.861963 0.958093
vt 0.034192 0.795650
vt 0.027072 0.803353
vt 0.023406 0.794122
vt 0.474310 0.874706
vt 0.468554 0.872173
vt 0.487772 0.875526
vt 0.495793 0.874915
vt 0.504335 0.875647
vt 0.912700 0.394261
vt 0.861357 0.848302
vt 0.563552 0.625636
vt 0.631363 0.947374
vt 0.984684 0.995793
vt 0.978578 0.986750
vt 0.984684 0.984738
vt 0.976760 0.993584
vt 0.439263 0.944911
vt 0.995364 0.704346
vt 0.999852 0.710087
vt 0.995364 0.715066
vt 0.047022 0.721856
vt 0.617510 0.618621
vt 0.593084 0.621283
vt 0.850005 0.528635
vt 0.225693 0.944880
vt 0.948675 0.278028
vt 0.859809 0.586298
vt 0.843836 0.954371
vt 0.832961 0.950571
vt 0.907245 0.284673
vt 0.894120 0.268267
vt 0.892343 0.281638
vt 0.888960 0.273958
vt 0.758956 0.905559
vt 0.750040 0.917037
vt 0.764263 0.925095
vt 0.076326 0.817704
vt 0.062176 0.813593
vt 0.600204 0.889668
vt 0.605490 0.909061
vt 0.608599 0.894225
vt 0.836099 0.604930
vt 0.846560 0.613136
vt 0.834473 0.610189
vt 0.855825 0.625817
vt 0.845285 0.632666
vt 0.231135 0.920779
vt 0.942956 0.261966
vt 0.223374 0.928820
vt 0.908945 0.470414
vt 0.914593 0.480403
vt 0.905769 0.484660
vt 0.623151 0.915233
vt 0.976967 0.372304
vt 0.250821 0.795681
vt 0.632271 0.581996
vt 0.124927 0.611782
vt 0.114922 0.605455
vt 0.115444 0.594982
vt 0.291939 0.801017
vt 0.947258 0.461940
vt 0.007546 0.751229
vt 0.000935 0.756679
vt 0.002542 0.743297
vt 0.007546 0.768287
vt 0.578613 0.586538
vt 0.573110 0.585047
vt 0.463731 0.584878
vt 0.469314 0.586890
vt 0.467339 0.594485
vt 0.043892 0.885889
vt 0.053622 0.892453
vt 0.045268 0.892559
vt 0.340658 0.978310
vt 0.338522 0.969729
vt 0.344882 0.971597
vt 0.050552 0.899509
vt 0.986948 0.286698
vt 0.990531 0.290196
vt 0.986948 0.294549
vt 0.844553 0.978447
vt 0.846197 0.984054
vt 0.840892 0.981288
vt 0.836994 0.973805
vt 0.846197 0.973319
vt 0.834655 0.981809
vt 0.350724 0.969715
vt 0.342622 0.964540
vt 0.995134 0.290836
vt 0.994837 0.299645
vt 0.052958 0.845285
vt 0.049531 0.855317
vt 0.048772 0.867173
vt 0.539772 0.593074
vt 0.041672 0.864818
vt 0.047230 0.872299
vt 0.523158 0.585964
vt 0.053319 0.840135
vt 0.049672 0.841622
vt 0.908311 0.547477
vt 0.913073 0.552197
vt 0.908311 0.552579
vt 0.841482 0.989457
vt 0.995174 0.218533
vt 0.998995 0.218302
vt 0.998995 0.227704
vt 0.499146 0.583705
vt 0.489321 0.588727
vt 0.950913 0.025376
vt 0.280407 0.996027
vt 0.274167 0.987421
vt 0.281803 0.987421
vt 0.122745 0.916029
vt 0.126099 0.915077
vt 0.574248 0.898250
vt 0.578464 0.906117
vt 0.570295 0.903952
vt 0.897081 0.440554
vt 0.901964 0.446922
vt 0.896452 0.446922
vt 0.101316 0.748049
vt 0.128053 0.972147
vt 0.126162 0.982067
vt 0.126162 0.967046
vt 0.110771 0.763120
vt 0.876416 0.975794
vt 0.871651 0.966430
vt 0.877442 0.958093
vt 0.380488 0.988164
vt 0.367713 0.981320
vt 0.375492 0.977353
vt 0.108014 0.789164
vt 0.516474 0.137995
vt 0.529095 0.123439
vt 0.530513 0.143173
vt 0.517424 0.124151
vt 0.769201 0.408944
vt 0.767302 0.419694
vt 0.891424 0.005050
vt 0.884766 0.005729
vt 0.909418 0.006984
vt 0.921796 0.552478
vt 0.917729 0.552478
vt 0.918648 0.547504
vt 0.732473 0.388289
vt 0.730758 0.370904
vt 0.734645 0.373206
vt 0.741071 0.380287
vt 0.628986 0.548874
vt 0.189882 0.929500
vt 0.197598 0.932346
vt 0.486968 0.792383
vt 0.496279 0.787139
vt 0.759940 0.394143
vt 0.751717 0.385033
vt 0.763920 0.375799
vt 0.790190 0.642237
vt 0.799224 0.638776
vt 0.793545 0.661597
vt 0.732256 0.359100
vt 0.741503 0.359312
vt 0.798956 0.623177
vt 0.774508 0.394521
vt 0.772649 0.379758
vt 0.752666 0.363421
vt 0.770951 0.366484
vt 0.788605 0.393188
vt 0.783591 0.385971
vt 0.798835 0.391170
vt 0.786956 0.378218
vt 0.622796 0.421089
vt 0.624797 0.407517
vt 0.640931 0.400997
vt 0.624303 0.374529
vt 0.982717 0.704262
vt 0.988921 0.699191
vt 0.986444 0.694480
vt 0.799472 0.773734
vt 0.822163 0.303530
vt 0.657618 0.040960
vt 0.664297 0.051730
vt 0.648380 0.046360
vt 0.642959 0.036091
vt 0.636253 0.043770
vt 0.641167 0.020369
vt 0.655959 0.026669
vt 0.648804 0.014086
vt 0.598670 0.020917
vt 0.705788 0.380498
vt 0.595613 0.349582
vt 0.568414 0.994755
vt 0.573083 0.990542
vt 0.573083 0.998679
vt 0.576868 0.353304
vt 0.598452 0.545096
vt 0.589093 0.553798
vt 0.586310 0.542917
vt 0.888318 0.761154
vt 0.885604 0.771034
vt 0.879974 0.761470
vt 0.583513 0.553055
vt 0.874250 0.764006
vt 0.992381 0.104478
vt 0.997446 0.094628
vt 0.997446 0.111771
vt 0.782983 0.644016
vt 0.818816 0.912763
vt 0.819383 0.922053
vt 0.810862 0.911681
vt 0.818044 0.905136
vt 0.586593 0.346573
vt 0.592283 0.344106
vt 0.656564 0.777291
vt 0.662352 0.778980
vt 0.654809 0.784431
vt 0.767418 0.513952
vt 0.773929 0.491256
vt 0.337588 0.894426
vt 0.067979 0.631706
vt 0.083361 0.634684
vt 0.070476 0.642176
vt 0.070009 0.636359
vt 0.072958 0.660959
vt 0.726065 0.973358
vt 0.734255 0.971755
vt 0.734255 0.984190
vt 0.756605 0.737038
vt 0.846197 0.892378
vt 0.848736 0.898274
vt 0.846197 0.907956
vt 0.754975 0.748773
vt 0.750532 0.751447
vt 0.345042 0.863630
vt 0.355143 0.886494
vt 0.359087 0.893946
vt 0.620110 0.762047
vt 0.622527 0.753638
vt 0.620107 0.737827
vt 0.367664 0.996392
vt 0.367664 0.988164
vt 0.374585 0.996825
vt 0.374415 0.992099
vt 0.934077 0.446801
vt 0.934077 0.438153
vt 0.936914 0.440958
vt 0.547675 0.942824
vt 0.558277 0.943824
vt 0.628533 0.826903
vt 0.623180 0.834015
vt 0.995035 0.017029
vt 0.990519 0.013985
vt 0.995035 0.006135
vt 0.631067 0.831921
vt 0.978189 0.274573
vt 0.981753 0.281672
vt 0.978189 0.283296
vt 0.614615 0.756469
vt 0.614995 0.731968
vt 0.626040 0.719375
vt 0.611975 0.824253
vt 0.776002 0.929472
vt 0.764263 0.924604
vt 0.773659 0.914908
vt 0.864272 0.724344
vt 0.726925 0.851893
vt 0.451472 0.744261
vt 0.445200 0.753894
vt 0.448769 0.742506
vt 0.458467 0.734945
vt 0.550167 0.483299
vt 0.876085 0.707927
vt 0.723562 0.710829
vt 0.721020 0.722241
vt 0.711762 0.711887
vt 0.709685 0.677125
vt 0.707731 0.700026
vt 0.600606 0.857794
vt 0.697742 0.702344
vt 0.000079 0.918769
vt 0.000079 0.907594
vt 0.007546 0.910296
vt 0.003267 0.898608
vt 0.702893 0.863120
vt 0.701487 0.841172
vt 0.699024 0.832569
vt 0.861372 0.692202
vt 0.846539 0.687751
vt 0.860507 0.675126
vt 0.823321 0.680183
vt 0.246951 0.986250
vt 0.247352 0.996673
vt 0.239731 0.995180
vt 0.572452 0.887925
vt 0.566567 0.888340
vt 0.566217 0.869591
vt 0.568216 0.713467
vt 0.569443 0.703162
vt 0.332914 0.636229
vt 0.181735 0.725395
vt 0.171504 0.715167
vt 0.190411 0.730661
vt 0.164829 0.699811
vt 0.163355 0.707019
vt 0.369181 0.698842
vt 0.362318 0.681954
vt 0.367453 0.675377
vt 0.389476 0.676868
vt 0.374227 0.663081
vt 0.354342 0.655234
vt 0.871235 0.667620
vt 0.883361 0.668240
vt 0.872172 0.679618
vt 0.395573 0.653399
vt 0.345022 0.618521
vt 0.247967 0.541517
vt 0.257744 0.549664
vt 0.210281 0.157752
vt 0.204909 0.144475
vt 0.201645 0.162194
vt 0.139239 0.390811
vt 0.142042 0.408474
vt 0.153491 0.393170
vt 0.128522 0.386863
vt 0.344696 0.985255
vt 0.339874 0.980842
vt 0.350724 0.985912
vt 0.292165 0.877460
vt 0.288104 0.877925
vt 0.339874 0.994023
vt 0.130624 0.419465
vt 0.118920 0.420121
vt 0.250197 0.986179
vt 0.239731 0.984833
vt 0.077263 0.949175
vt 0.312422 0.413537
vt 0.314805 0.423155
vt 0.309230 0.420594
vt 0.304758 0.411464
vt 0.304808 0.422000
vt 0.208606 0.395117
vt 0.187593 0.387897
vt 0.179315 0.393160
vt 0.169062 0.409709
vt 0.168616 0.401358
vt 0.165893 0.391076
vt 0.061741 0.320788
vt 0.041301 0.281224
vt 0.034973 0.307078
vt 0.043970 0.293550
vt 0.046081 0.331782
vt 0.036644 0.316294
vt 0.031979 0.300562
vt 0.903840 0.218629
vt 0.898761 0.223585
vt 0.910434 0.211803
vt 0.914122 0.213793
vt 0.964734 0.215411
vt 0.958647 0.225046
vt 0.951601 0.215654
vt 0.971203 0.219920
vt 0.959317 0.651708
vt 0.953670 0.660478
vt 0.946731 0.656692
vt 0.939172 0.433788
vt 0.936492 0.424895
vt 0.945835 0.432566
vt 0.888308 0.216086
vt 0.389136 0.359969
vt 0.381867 0.358994
vt 0.374947 0.353116
vt 0.818470 0.885611
vt 0.807944 0.886558
vt 0.560943 0.665274
vt 0.548076 0.663720
vt 0.223978 0.362638
vt 0.238164 0.378020
vt 0.221228 0.373587
vt 0.206696 0.365348
vt 0.208373 0.353338
vt 0.193619 0.361296
vt 0.206467 0.381359
vt 0.197143 0.383612
vt 0.935778 0.759742
vt 0.940039 0.768640
vt 0.930833 0.772089
vt 0.939354 0.762120
vt 0.945385 0.760647
vt 0.955888 0.760844
vt 0.191095 0.063429
vt 0.202940 0.077692
vt 0.203002 0.069260
vt 0.176867 0.058768
vt 0.184994 0.047537
vt 0.178452 0.068952
vt 0.170150 0.020316
vt 0.902935 0.203120
vt 0.922591 0.971376
vt 0.913352 0.969267
vt 0.901288 0.971348
vt 0.245917 0.969935
vt 0.060216 0.933945
vt 0.943500 0.859454
vt 0.235911 0.970422
vt 0.068728 0.990293
vt 0.061937 0.997004
vt 0.061937 0.988516
vt 0.108102 0.041974
vt 0.950559 0.964795
vt 0.936395 0.962411
vt 0.934378 0.971151
vt 0.945379 0.324019
vt 0.951876 0.317557
vt 0.888725 0.316353
vt 0.891709 0.306998
vt 0.885747 0.309338
vt 0.363380 0.971161
vt 0.366293 0.964540
vt 0.119044 0.861748
vt 0.113611 0.864807
vt 0.123950 0.855177
vt 0.879956 0.616821
vt 0.939222 0.189902
vt 0.943958 0.207919
vt 0.947306 0.198179
vt 0.962412 0.957362
vt 0.966872 0.954811
vt 0.969607 0.963723
vt 0.977858 0.958752
vt 0.963890 0.096969
vt 0.954980 0.083290
vt 0.087772 0.936562
vt 0.933370 0.190159
vt 0.959482 0.405496
vt 0.966609 0.413813
vt 0.953617 0.413403
vt 0.970752 0.411192
vt 0.433415 0.945540
vt 0.301646 0.963787
vt 0.972138 0.312595
vt 0.958380 0.311248
vt 0.961800 0.856194
vt 0.208611 0.951416
vt 0.216568 0.951267
vt 0.208307 0.961905
vt 0.963170 0.737165
vt 0.964568 0.719243
vt 0.416240 0.827860
vt 0.425622 0.830855
vt 0.169661 0.877999
vt 0.980280 0.044587
vt 0.988868 0.058039
vt 0.979320 0.053399
vt 0.481106 0.622728
vt 0.980083 0.300746
vt 0.541822 0.628866
vt 0.146462 0.950264
vt 0.313779 0.940054
vt 0.319386 0.931249
vt 0.318342 0.942368
vt 0.328199 0.941815
vt 0.962640 0.509775
vt 0.955185 0.513038
vt 0.884766 0.287607
vt 0.191159 0.884976
vt 0.175103 0.884850
vt 0.180060 0.879082
vt 0.310150 0.921753
vt 0.940288 0.167746
vt 0.419744 0.811700
vt 0.411925 0.815845
vt 0.428881 0.821186
vt 0.434077 0.809758
vt 0.684996 0.760225
vt 0.676261 0.771028
vt 0.676164 0.754833
vt 0.522729 0.962658
vt 0.520844 0.953534
vt 0.528073 0.960159
vt 0.532406 0.967323
vt 0.529129 0.972672
vt 0.872657 0.823896
vt 0.406488 0.810432
vt 0.411947 0.793954
vt 0.418600 0.795688
vt 0.440034 0.812651
vt 0.684996 0.736373
vt 0.093757 0.877990
vt 0.029591 0.868798
vt 0.139961 0.916937
vt 0.130231 0.904628
vt 0.309940 0.905416
vt 0.822335 0.576707
vt 0.826834 0.997842
vt 0.820693 0.997842
vt 0.821387 0.988560
vt 0.511392 0.939675
vt 0.509370 0.931679
vt 0.511392 0.921509
vt 0.951730 0.355710
vt 0.969289 0.369421
vt 0.963826 0.901215
vt 0.979647 0.906730
vt 0.967176 0.897831
vt 0.459759 0.691099
vt 0.449871 0.684013
vt 0.459001 0.678609
vt 0.087277 0.700957
vt 0.938768 0.017549
vt 0.934130 0.038693
vt 0.931108 0.028318
vt 0.941926 0.032195
vt 0.972515 0.690912
vt 0.964113 0.678716
vt 0.419774 0.779091
vt 0.433735 0.781649
vt 0.442124 0.778346
vt 0.444327 0.791649
vt 0.584520 0.582062
vt 0.927644 0.582668
vt 0.932299 0.571600
vt 0.111711 0.964966
vt 0.104495 0.814816
vt 0.093045 0.821469
vt 0.550113 0.983694
vt 0.563278 0.987173
vt 0.548942 0.986875
vt 0.093501 0.815391
vt 0.106864 0.809576
vt 0.106996 0.776356
vt 0.059844 0.851784
vt 0.078322 0.846194
vt 0.004847 0.927961
vt 0.007543 0.938118
vt 0.000079 0.931574
vt 0.616410 0.888340
vt 0.403730 0.871067
vt 0.391560 0.865033
vt 0.403015 0.863630
vt 0.805838 0.506005
vt 0.805014 0.510732
vt 0.993190 0.734623
vt 0.993190 0.751324
vt 0.982717 0.740505
vt 0.816581 0.516175
vt 0.463494 0.266764
vt 0.475962 0.259353
vt 0.459569 0.254511
vt 0.472376 0.247199
vt 0.491119 0.268088
vt 0.502348 0.270605
vt 0.479751 0.244939
vt 0.492267 0.254783
vt 0.448254 0.253085
vt 0.445653 0.243026
vt 0.459226 0.239417
vt 0.471690 0.229705
vt 0.459912 0.228132
vt 0.504689 0.255371
vt 0.518922 0.270345
vt 0.602671 0.036465
vt 0.608904 0.030463
vt 0.620711 0.023810
vt 0.624319 0.029924
vt 0.944693 0.876209
vt 0.457609 0.187396
vt 0.473927 0.189594
vt 0.108840 0.576180
vt 0.096554 0.583634
vt 0.107730 0.588586
vt 0.867582 0.917655
vt 0.856553 0.922351
vt 0.867186 0.903202
vt 0.519038 0.906613
vt 0.692932 0.071787
vt 0.702133 0.377003
vt 0.666243 0.765742
vt 0.579775 0.345121
vt 0.101311 0.601315
vt 0.099530 0.613333
vt 0.089717 0.603009
vt 0.102139 0.625352
vt 0.093171 0.630975
vt 0.880602 0.749223
vt 0.884945 0.752091
vt 0.873924 0.751034
vt 0.868214 0.754761
vt 0.476943 0.543539
vt 0.492797 0.537590
vt 0.463819 0.545284
vt 0.113611 0.967046
vt 0.114104 0.959777
vt 0.536573 0.539186
vt 0.528239 0.535920
vt 0.123898 0.964003
vt 0.999215 0.129456
vt 0.995839 0.136852
vt 0.995387 0.127597
vt 0.684996 0.716094
vt 0.126916 0.950895
vt 0.499218 0.546633
vt 0.007602 0.838363
vt 0.000498 0.844068
vt 0.000498 0.834449
vt 0.005367 0.845373
vt 0.004756 0.856451
vt 0.563278 0.768674
vt 0.483072 0.534535
vt 0.476111 0.539349
vt 0.463928 0.538567
vt 0.525390 0.532314
vt 0.712206 0.984518
vt 0.702471 0.979875
vt 0.712206 0.974551
vt 0.703753 0.972663
vt 0.519996 0.532617
vt 0.999215 0.123462
vt 0.467276 0.984211
vt 0.466461 0.997111
vt 0.464456 0.989354
vt 0.358686 0.908960
vt 0.368306 0.928492
vt 0.761208 0.873059
vt 0.365661 0.915820
vt 0.987144 0.498996
vt 0.991742 0.495754
vt 0.995002 0.502281
vt 0.984634 0.781347
vt 0.994301 0.774921
vt 0.994301 0.783476
vt 0.990355 0.786835
vt 0.480943 0.972104
vt 0.479760 0.983586
vt 0.468841 0.971945
vt 0.039327 0.979266
vt 0.028759 0.967499
vt 0.038666 0.961175
vt 0.042697 0.968946
vt 0.758611 0.612178
vt 0.753295 0.608172
vt 0.303832 0.931430
vt 0.307639 0.942983
vt 0.302856 0.946144
vt 0.466292 0.527261
vt 0.459534 0.527397
vt 0.307639 0.960042
vt 0.479536 0.528941
vt 0.519063 0.523056
vt 0.563278 0.515215
vt 0.998575 0.447205
vt 0.296742 0.938226
vt 0.127668 0.745976
vt 0.121802 0.744952
vt 0.124505 0.739814
vt 0.118200 0.743396
vt 0.993134 0.621424
vt 0.998420 0.617215
vt 0.997508 0.625114
vt 0.993134 0.614001
vt 0.745850 0.542177
vt 0.750595 0.540426
vt 0.745699 0.531117
vt 0.984138 0.845753
vt 0.994805 0.845072
vt 0.990722 0.855594
vt 0.984138 0.859079
vt 0.029077 0.959501
vt 0.028759 0.948479
vt 0.038565 0.953593
vt 0.607247 0.745567
vt 0.600376 0.831618
vt 0.604937 0.817930
vt 0.609127 0.834410
vt 0.612189 0.861465
vt 0.733718 0.771124
vt 0.734149 0.760210
vt 0.730515 0.492872
vt 0.739561 0.493700
vt 0.033534 0.599739
vt 0.029213 0.610552
vt 0.512021 0.489618
vt 0.490016 0.482158
vt 0.480415 0.710587
vt 0.471330 0.717799
vt 0.473375 0.704407
vt 0.920076 0.988901
vt 0.926455 0.994009
vt 0.920076 0.996996
vt 0.636877 0.469746
vt 0.627353 0.477394
vt 0.379820 0.941407
vt 0.366394 0.951382
vt 0.368264 0.939504
vt 0.697854 0.683337
vt 0.697697 0.668952
vt 0.492176 0.699014
vt 0.358562 0.684664
vt 0.345868 0.690209
vt 0.150591 0.686773
vt 0.139296 0.667584
vt 0.151933 0.679863
vt 0.142315 0.662810
vt 0.143164 0.652995
vt 0.287082 0.757017
vt 0.288151 0.760656
vt 0.406684 0.647255
vt 0.409985 0.636436
vt 0.423211 0.645070
vt 0.437787 0.648817
vt 0.430468 0.672907
vt 0.428745 0.662335
vt 0.428946 0.652028
vt 0.897692 0.890735
vt 0.900806 0.900797
vt 0.897692 0.908251
vt 0.558291 0.684686
vt 0.398294 0.498918
vt 0.388652 0.492078
vt 0.389234 0.483671
vt 0.401602 0.491533
vt 0.227540 0.299144
vt 0.251604 0.297880
vt 0.238770 0.303022
vt 0.000497 0.820092
vt 0.007546 0.823622
vt 0.004105 0.830717
vt 0.007546 0.811990
vt 0.024358 0.321003
vt 0.028371 0.324798
vt 0.011849 0.294653
vt 0.020678 0.292158
vt 0.024849 0.297301
vt 0.014223 0.288822
vt 0.911191 0.223008
vt 0.386804 0.375291
vt 0.376075 0.382010
vt 0.363418 0.382807
vt 0.364587 0.376680
vt 0.360750 0.396375
vt 0.355307 0.386492
vt 0.361226 0.389517
vt 0.961801 0.661308
vt 0.942129 0.437971
vt 0.929396 0.436667
vt 0.333987 0.406361
vt 0.134542 0.370615
vt 0.299798 0.874227
vt 0.802840 0.975890
vt 0.808640 0.979550
vt 0.795690 0.984730
vt 0.345509 0.199557
vt 0.360828 0.197865
vt 0.355818 0.203631
vt 0.337652 0.217330
vt 0.327363 0.223105
vt 0.128745 0.139185
vt 0.117467 0.138948
vt 0.385020 0.064688
vt 0.382589 0.073605
vt 0.378423 0.067359
vt 0.376811 0.084603
vt 0.376345 0.073467
vt 0.960202 0.547327
vt 0.372953 0.061053
vt 0.368478 0.069201
vt 0.395124 0.120256
vt 0.374267 0.103239
vt 0.387078 0.125013
vt 0.366473 0.114911
vt 0.370672 0.092414
vt 0.130161 0.352792
vt 0.143952 0.345573
vt 0.127094 0.360885
vt 0.297432 0.854495
vt 0.910270 0.318521
vt 0.914051 0.324757
vt 0.119149 0.869474
vt 0.131254 0.839810
vt 0.932954 0.537606
vt 0.238126 0.099288
vt 0.461015 0.888947
vt 0.096890 0.105439
vt 0.110339 0.098313
vt 0.104297 0.119370
vt 0.029653 0.926114
vt 0.019257 0.929680
vt 0.020482 0.913369
vt 0.014322 0.912977
vt 0.011805 0.929708
vt 0.138690 0.971656
vt 0.131237 0.975659
vt 0.133637 0.965995
vt 0.876138 0.647064
vt 0.263686 0.960048
vt 0.257021 0.956765
vt 0.265142 0.947114
vt 0.250007 0.954926
vt 0.242918 0.954200
vt 0.930466 0.410776
vt 0.941737 0.406323
vt 0.613283 0.624300
vt 0.958099 0.070933
vt 0.948635 0.084569
vt 0.950337 0.072635
vt 0.863084 0.485573
vt 0.658154 0.619268
vt 0.071227 0.897168
vt 0.078404 0.896849
vt 0.082711 0.913955
vt 0.523972 0.855680
vt 0.836418 0.966657
vt 0.826834 0.956312
vt 0.895925 0.293100
vt 0.902252 0.293820
vt 0.709699 0.955781
vt 0.331720 0.932946
vt 0.981352 0.601491
vt 0.315572 0.813590
vt 0.975946 0.269512
vt 0.950834 0.808125
vt 0.938827 0.815184
vt 0.955819 0.923522
vt 0.954223 0.692039
vt 0.954634 0.706857
vt 0.113611 0.979872
vt 0.112507 0.987627
vt 0.100973 0.975520
vt 0.886272 0.154567
vt 0.926059 0.697295
vt 0.924421 0.707283
vt 0.929783 0.708897
vt 0.913021 0.376635
vt 0.916487 0.365665
vt 0.197552 0.825121
vt 0.194343 0.818333
vt 0.084418 0.870660
vt 0.081786 0.880197
vt 0.886031 0.027799
vt 0.888223 0.038274
vt 0.894199 0.038879
vt 0.902457 0.044310
vt 0.913278 0.028381
vt 0.956402 0.804746
vt 0.933353 0.257318
vt 0.877442 0.989642
vt 0.868670 0.974818
vt 0.960964 0.796074
vt 0.932076 0.800560
vt 0.936551 0.801930
vt 0.967406 0.778389
vt 0.269866 0.772269
vt 0.272005 0.788746
vt 0.811589 0.641327
vt 0.806627 0.636544
vt 0.823353 0.635420
vt 0.239731 0.886321
vt 0.250687 0.891327
vt 0.243690 0.892666
vt 0.247200 0.882641
vt 0.922122 0.448464
vt 0.929740 0.446861
vt 0.925410 0.455162
vt 0.480694 0.331160
vt 0.498570 0.328919
vt 0.406446 0.863630
vt 0.406446 0.876452
vt 0.403730 0.872905
vt 0.405288 0.987846
vt 0.405288 0.997435
vt 0.399697 0.997116
vt 0.924650 0.016035
vt 0.908304 0.011063
vt 0.919472 0.003799
vt 0.509616 0.263303
vt 0.508072 0.249409
vt 0.515485 0.255871
vt 0.523751 0.267807
vt 0.445200 0.221989
vt 0.455550 0.223745
vt 0.922596 0.775209
vt 0.921392 0.780776
vt 0.007546 0.938336
vt 0.011138 0.937034
vt 0.009872 0.945184
vt 0.805816 0.178254
vt 0.813148 0.185027
vt 0.644818 0.546338
vt 0.634496 0.542187
vt 0.183964 0.928438
vt 0.848689 0.919688
vt 0.846197 0.922753
vt 0.846197 0.907956
vt 0.811758 0.379571
vt 0.812937 0.388230
vt 0.806795 0.387003
vt 0.801625 0.378067
vt 0.805090 0.369759
vt 0.789686 0.339792
vt 0.781779 0.355044
vt 0.780444 0.341626
vt 0.805037 0.355149
vt 0.796809 0.360905
vt 0.776286 0.336755
vt 0.786216 0.327936
vt 0.810674 0.328143
vt 0.499662 0.164041
vt 0.508771 0.153243
vt 0.681464 0.732328
vt 0.321776 0.997491
vt 0.901287 0.983491
vt 0.902269 0.975333
vt 0.908308 0.981544
vt 0.906267 0.990403
vt 0.913882 0.984265
vt 0.844840 0.755518
vt 0.983965 0.259533
vt 0.978189 0.255159
vt 0.983100 0.249113
vt 0.814005 0.762085
vt 0.796932 0.917022
vt 0.804409 0.906330
vt 0.808863 0.901236
vt 0.818449 0.898425
vt 0.810954 0.892378
vt 0.999761 0.183880
vt 0.995081 0.191165
vt 0.995081 0.177789
vt 0.657743 0.743729
vt 0.655355 0.752163
vt 0.344880 0.832066
vt 0.338909 0.831831
vt 0.334802 0.840853
vt 0.077141 0.484707
vt 0.085443 0.490365
vt 0.760650 0.857675
vt 0.467525 0.980424
vt 0.764787 0.630429
vt 0.753664 0.621776
vt 0.991376 0.368228
vt 0.997123 0.367765
vt 0.997123 0.383794
vt 0.062927 0.652980
vt 0.065120 0.660940
vt 0.302582 0.877925
vt 0.509476 0.977304
vt 0.514460 0.990057
vt 0.509476 0.991002
vt 0.516517 0.978597
vt 0.516353 0.973707
vt 0.055433 0.651702
vt 0.746236 0.614916
vt 0.514892 0.734407
vt 0.516757 0.740395
vt 0.498056 0.738076
vt 0.530289 0.739906
vt 0.723452 0.988058
vt 0.725870 0.994158
vt 0.716627 0.993076
vt 0.543094 0.737637
vt 0.551140 0.735193
vt 0.665303 0.917575
vt 0.452005 0.760418
vt 0.457802 0.747005
vt 0.458467 0.758074
vt 0.334802 0.952431
vt 0.603313 0.761107
vt 0.606355 0.752791
vt 0.726542 0.634431
vt 0.994006 0.928743
vt 0.984684 0.941987
vt 0.988010 0.928823
vt 0.710666 0.984518
vt 0.708254 0.995847
vt 0.702471 0.984518
vt 0.717274 0.775324
vt 0.714335 0.765487
vt 0.654913 0.466737
vt 0.652531 0.452099
vt 0.488576 0.706430
vt 0.693626 0.737650
vt 0.696751 0.750958
vt 0.697445 0.770333
vt 0.231705 0.535507
vt 0.236480 0.530234
vt 0.235764 0.523442
vt 0.223069 0.518253
vt 0.228369 0.505807
vt 0.213463 0.492217
vt 0.225339 0.494103
vt 0.000156 0.564111
vt 0.000947 0.575562
vt 0.000000 0.583625
vt 0.155363 0.544944
vt 0.149213 0.538059
vt 0.165086 0.516480
vt 0.151951 0.521753
vt 0.174906 0.547419
vt 0.178499 0.529179
vt 0.920076 0.988901
vt 0.920076 0.999347
vt 0.915140 0.995122
vt 0.995364 0.692928
vt 0.995364 0.715066
vt 0.991096 0.706718
vt 0.471815 0.680798
vt 0.258447 0.488595
vt 0.243710 0.481930
vt 0.252676 0.470531
vt 0.236389 0.473364
vt 0.246501 0.454863
vt 0.276801 0.499664
vt 0.272853 0.486366
vt 0.287365 0.486544
vt 0.299225 0.501586
vt 0.294815 0.483699
vt 0.314397 0.513369
vt 0.303269 0.514130
vt 0.312958 0.501239
vt 0.304563 0.482993
vt 0.297425 0.476025
vt 0.307823 0.465212
vt 0.278476 0.479237
vt 0.259351 0.454773
vt 0.263283 0.443229
vt 0.258470 0.439890
vt 0.257725 0.432109
vt 0.929312 0.109403
vt 0.925301 0.114721
vt 0.920141 0.110473
vt 0.246036 0.427134
vt 0.249843 0.414426
vt 0.254010 0.443789
vt 0.242693 0.430774
vt 0.246036 0.403822
vt 0.998727 0.976321
vt 0.992989 0.967389
vt 0.998727 0.962538
vt 0.995530 0.032616
vt 0.999656 0.038252
vt 0.995530 0.044587
vt 0.327698 0.866743
vt 0.115010 0.360723
vt 0.602923 0.943820
vt 0.259831 0.352539
vt 0.271355 0.359959
vt 0.258649 0.366165
vt 0.244888 0.365602
vt 0.244815 0.346327
vt 0.076137 0.227478
vt 0.095428 0.171136
vt 0.082504 0.208995
vt 0.410079 0.169722
vt 0.423929 0.171867
vt 0.406531 0.179598
vt 0.391553 0.171971
vt 0.396709 0.184832
vt 0.391992 0.143480
vt 0.395485 0.192497
vt 0.410188 0.191511
vt 0.380142 0.186837
vt 0.012961 0.760011
vt 0.016622 0.808170
vt 0.015322 0.800381
vt 0.857546 0.982679
vt 0.015121 0.792658
vt 0.022230 0.785878
vt 0.890587 0.589845
vt 0.886352 0.599349
vt 0.980295 0.652897
vt 0.918092 0.867433
vt 0.460604 0.857462
vt 0.031362 0.735102
vt 0.031881 0.728133
vt 0.020116 0.723122
vt 0.029868 0.715885
vt 0.988143 0.158504
vt 0.018706 0.708355
vt 0.012840 0.699023
vt 0.031060 0.700638
vt 0.017566 0.720584
vt 0.019268 0.715782
vt 0.030489 0.711747
vt 0.875426 0.614224
vt 0.877835 0.601255
vt 0.872067 0.623322
vt 0.523628 0.639086
vt 0.534055 0.634968
vt 0.570918 0.973240
vt 0.565470 0.964314
vt 0.450095 0.734945
vt 0.043459 0.718323
vt 0.570961 0.637618
vt 0.330720 0.956455
vt 0.313450 0.949065
vt 0.963267 0.518775
vt 0.970000 0.831890
vt 0.935793 0.736125
vt 0.931165 0.735052
vt 0.595892 0.914230
vt 0.607513 0.915686
vt 0.481465 0.843936
vt 0.510831 0.850748
vt 0.921635 0.927038
vt 0.904104 0.930677
vt 0.915038 0.918354
vt 0.904402 0.923030
vt 0.242923 0.920612
vt 0.929879 0.053846
vt 0.984446 0.914752
vt 0.978708 0.924026
vt 0.087042 0.878998
vt 0.089309 0.893083
vt 0.967241 0.053490
vt 0.070050 0.877236
vt 0.067406 0.890838
vt 0.075249 0.879734
vt 0.386767 0.899521
vt 0.400655 0.896196
vt 0.888023 0.051126
vt 0.983732 0.907522
vt 0.845199 0.804936
vt 0.843877 0.811399
vt 0.817203 0.817901
vt 0.993007 0.896860
vt 0.984684 0.906650
vt 0.984684 0.891389
vt 0.992280 0.891802
vt 0.804462 0.815834
vt 0.668348 0.996172
vt 0.672898 0.991075
vt 0.672898 0.999058
vt 0.797489 0.814991
vt 0.818510 0.556334
vt 0.269468 0.799153
vt 0.916822 0.132169
vt 0.969029 0.134854
vt 0.958693 0.561447
vt 0.938656 0.572439
vt 0.921862 0.335938
vt 0.235468 0.901069
vt 0.945774 0.237889
vt 0.884766 0.234941
vt 0.896097 0.904288
vt 0.894339 0.916220
vt 0.889342 0.915691
vt 0.899032 0.228188
vt 0.716607 0.984518
vt 0.716607 0.998203
vt 0.710666 0.992671
vt 0.817559 0.527294
vt 0.258029 0.767398
vt 0.512938 0.317623
vt 0.917342 0.337717
vt 0.912810 0.343556
vt 0.828362 0.085979
vt 0.823466 0.094075
vt 0.113611 0.771195
vt 0.107161 0.773366
vt 0.109006 0.768272
vt 0.556827 0.422210
vt 0.553878 0.417217
vt 0.562005 0.419468
vt 0.560456 0.413882
vt 0.556750 0.402853
vt 0.367664 0.974007
vt 0.571279 0.410496
vt 0.380488 0.971423
vt 0.563641 0.400137
vt 0.569177 0.417676
vt 0.526315 0.054678
vt 0.535406 0.049441
vt 0.804974 0.607845
vt 0.547354 0.072245
vt 0.559076 0.068834
vt 0.450646 0.762541
vt 0.858586 0.326573
vt 0.868884 0.304887
vt 0.825911 0.119493
vt 0.836658 0.149329
vt 0.841349 0.117533
vt 0.821784 0.103418
vt 0.496333 0.153173
vt 0.505872 0.140232
vt 0.516133 0.149934
vt 0.101296 0.551977
vt 0.531155 0.150562
vt 0.527772 0.947287
vt 0.797197 0.175234
vt 0.569243 0.091834
vt 0.572363 0.079780
vt 0.581340 0.078084
vt 0.592516 0.083542
vt 0.087436 0.592360
vt 0.106000 0.594416
vt 0.208307 0.915670
vt 0.203355 0.937966
vt 0.478368 0.770063
vt 0.483152 0.774028
vt 0.477363 0.784447
vt 0.661244 0.754373
vt 0.658535 0.759368
vt 0.651743 0.759434
vt 0.558990 0.915518
vt 0.557674 0.920131
vt 0.548136 0.925834
vt 0.538460 0.932673
vt 0.656126 0.703745
vt 0.154017 0.996593
vt 0.642447 0.988591
vt 0.647511 0.994354
vt 0.642447 0.998736
vt 0.757680 0.980509
vt 0.641966 0.535675
vt 0.631616 0.530571
vt 0.644164 0.525202
vt 0.198845 0.907560
vt 0.201096 0.911569
vt 0.198907 0.920013
vt 0.897539 0.749980
vt 0.984363 0.795406
vt 0.984138 0.786835
vt 0.989295 0.791253
vt 0.303721 0.903621
vt 0.637965 0.979922
vt 0.644128 0.972642
vt 0.647749 0.981988
vt 0.636106 0.972260
vt 0.636208 0.959883
vt 0.752939 0.643920
vt 0.758057 0.654300
vt 0.754210 0.658777
vt 0.999738 0.073473
vt 0.995856 0.069027
vt 0.999738 0.061829
vt 0.958832 0.109788
vt 0.954848 0.117113
vt 0.951601 0.109788
vt 0.883339 0.719673
vt 0.888956 0.731790
vt 0.790274 0.934822
vt 0.769157 0.960213
vt 0.769037 0.940827
vt 0.630845 0.839799
vt 0.370759 0.819029
vt 0.360864 0.814953
vt 0.347042 0.943120
vt 0.745834 0.834977
vt 0.749730 0.814038
vt 0.214243 0.934142
vt 0.745567 0.758914
vt 0.499477 0.746131
vt 0.623110 0.852555
vt 0.743617 0.852665
vt 0.733448 0.848511
vt 0.736715 0.841549
vt 0.745490 0.844181
vt 0.342088 0.958737
vt 0.290919 0.992013
vt 0.292756 0.984642
vt 0.292800 0.994524
vt 0.344875 0.811344
vt 0.059962 0.480154
vt 0.527916 0.731668
vt 0.537750 0.729637
vt 0.608030 0.705226
vt 0.598995 0.694844
vt 0.615070 0.699140
vt 0.605077 0.682206
vt 0.737944 0.664463
vt 0.723899 0.662577
vt 0.726396 0.653512
vt 0.728148 0.695495
vt 0.611508 0.477227
vt 0.590482 0.483248
vt 0.579830 0.483229
vt 0.888975 0.711023
vt 0.998407 0.829203
vt 0.993192 0.823004
vt 0.998407 0.818580
vt 0.556103 0.992720
vt 0.563278 0.987173
vt 0.563278 0.996544
vt 0.699995 0.854848
vt 0.320807 0.989451
vt 0.308334 0.983149
vt 0.320807 0.973078
vt 0.579887 0.680525
vt 0.690118 0.851341
vt 0.688441 0.872700
vt 0.687691 0.838893
vt 0.569630 0.676351
vt 0.569867 0.693549
vt 0.688218 0.663116
vt 0.689966 0.645039
vt 0.128107 0.985674
vt 0.138166 0.982715
vt 0.138166 0.993039
vt 0.794599 0.676169
vt 0.334278 0.703492
vt 0.334160 0.687624
vt 0.348967 0.673588
vt 0.363119 0.666643
vt 0.284508 0.462162
vt 0.290064 0.469760
vt 0.676003 0.754622
vt 0.676003 0.772115
vt 0.674637 0.762783
vt 0.282333 0.449487
vt 0.292210 0.451149
vt 0.289205 0.445417
vt 0.361737 0.561793
vt 0.360201 0.555410
vt 0.362977 0.545087
vt 0.362968 0.525653
vt 0.354675 0.543888
vt 0.350226 0.530116
vt 0.324862 0.518677
vt 0.326114 0.502429
vt 0.226882 0.749819
vt 0.222959 0.744881
vt 0.244467 0.755376
vt 0.253067 0.759854
vt 0.244056 0.536061
vt 0.683613 0.805601
vt 0.681013 0.797260
vt 0.684877 0.789348
vt 0.676164 0.790791
vt 0.283074 0.232202
vt 0.638541 0.666021
vt 0.628693 0.663970
vt 0.635159 0.661450
vt 0.277785 0.206697
vt 0.279211 0.214732
vt 0.645291 0.661770
vt 0.295623 0.157326
vt 0.279414 0.171195
vt 0.272950 0.161832
vt 0.186917 0.275444
vt 0.176386 0.254794
vt 0.177122 0.267750
vt 0.172787 0.257080
vt 0.222286 0.389627
vt 0.204840 0.389625
vt 0.923247 0.663403
vt 0.925555 0.653537
vt 0.889948 0.438868
vt 0.886220 0.428741
vt 0.896065 0.440229
vt 0.128107 0.773393
vt 0.016764 0.150896
vt 0.345955 0.317410
vt 0.514198 0.885825
vt 0.536209 0.898883
vt 0.515030 0.894201
vt 0.534224 0.890858
vt 0.234400 0.123952
vt 0.223567 0.127971
vt 0.217611 0.099896
vt 0.206927 0.099373
vt 0.208145 0.119766
vt 0.199172 0.112192
vt 0.188410 0.117430
vt 0.106577 0.064000
vt 0.096458 0.071560
vt 0.995416 0.218302
vt 0.995416 0.206975
vt 0.999825 0.211449
vt 0.734255 0.986694
vt 0.740353 0.993391
vt 0.734255 0.999426
vt 0.009301 0.692230
vt 0.015799 0.690172
vt 0.291614 0.030017
vt 0.298337 0.021036
vt 0.286640 0.052797
vt 0.454192 0.873505
vt 0.443656 0.863275
vt 0.917601 0.971376
vt 0.913882 0.981301
vt 0.986519 0.546093
vt 0.138835 0.793226
vt 0.145693 0.786717
vt 0.006190 0.238190
vt 0.012239 0.241268
vt 0.006785 0.246581
vt 0.140119 0.824461
vt 0.135219 0.817066
vt 0.148019 0.806564
vt 0.147623 0.825747
vt 0.140934 0.831180
vt 0.897540 0.755477
vt 0.903036 0.754730
vt 0.901897 0.767217
vt 0.907610 0.764622
vt 0.927617 0.760363
vt 0.921974 0.764399
vt 0.920949 0.756490
vt 0.912796 0.751643
vt 0.024699 0.777886
vt 0.018823 0.777714
vt 0.493737 0.892500
vt 0.896595 0.610956
vt 0.132990 0.024359
vt 0.140606 0.024444
vt 0.920689 0.640003
vt 0.956286 0.750763
vt 0.961487 0.761452
vt 0.593148 0.933863
vt 0.588148 0.933218
vt 0.999834 0.365488
vt 0.995595 0.367765
vt 0.995595 0.356252
vt 0.996967 0.916566
vt 0.990385 0.928743
vt 0.990385 0.914036
vt 0.924629 0.422682
vt 0.917342 0.412111
vt 0.970634 0.749066
vt 0.934850 0.847098
vt 0.938743 0.860171
vt 0.526937 0.873885
vt 0.887338 0.292248
vt 0.616391 0.958568
vt 0.608599 0.954057
vt 0.616391 0.936815
vt 0.114028 0.745976
vt 0.116615 0.750693
vt 0.114028 0.767719
vt 0.217601 0.982688
vt 0.210651 0.972122
vt 0.217601 0.963707
vt 0.925489 0.316471
vt 0.919499 0.298886
vt 0.976906 0.946402
vt 0.951327 0.063971
vt 0.991377 0.413241
vt 0.997348 0.404055
vt 0.997348 0.418965
vt 0.015109 0.904260
vt 0.051507 0.703489
vt 0.046120 0.706828
vt 0.936947 0.503853
vt 0.046960 0.714120
vt 0.060522 0.719261
vt 0.930833 0.723182
vt 0.906735 0.598985
vt 0.915166 0.389170
vt 0.182929 0.838627
vt 0.067287 0.691184
vt 0.517045 0.959969
vt 0.517045 0.975039
vt 0.654666 0.580644
vt 0.653666 0.593505
vt 0.646552 0.590078
vt 0.204148 0.860452
vt 0.208043 0.856105
vt 0.197409 0.872651
vt 0.203965 0.875316
vt 0.072161 0.963488
vt 0.076505 0.949741
vt 0.076505 0.973858
vt 0.114922 0.642733
vt 0.135381 0.906783
vt 0.881083 0.925370
vt 0.890521 0.927489
vt 0.919499 0.239390
vt 0.823913 0.643441
vt 0.904791 0.123277
vt 0.913971 0.121469
vt 0.950367 0.560934
vt 0.972329 0.138504
vt 0.975165 0.130806
vt 0.938412 0.568416
vt 0.917342 0.338198
vt 0.113611 0.959792
vt 0.871051 0.933810
vt 0.861489 0.933676
vt 0.477468 0.802485
vt 0.231576 0.825780
vt 0.016089 0.985718
vt 0.017976 0.992642
vt 0.007546 0.992642
vt 0.805159 0.076044
vt 0.808277 0.067588
vt 0.806041 0.064443
vt 0.684269 0.967250
vt 0.684269 0.981991
vt 0.053809 0.913858
vt 0.041335 0.921469
vt 0.042742 0.913072
vt 0.989013 0.058489
vt 0.710206 0.413885
vt 0.711579 0.426579
vt 0.523072 0.109957
vt 0.753721 0.991236
vt 0.753721 0.998918
vt 0.750193 0.993749
vt 0.923936 0.552218
vt 0.921795 0.547504
vt 0.925832 0.547504
vt 0.928360 0.230601
vt 0.925168 0.232722
vt 0.946126 0.231473
vt 0.711931 0.025873
vt 0.716665 0.031541
vt 0.955442 0.998485
vt 0.955442 0.984738
vt 0.960539 0.997048
vt 0.897539 0.892378
vt 0.907635 0.223585
vt 0.916149 0.229019
vt 0.379094 0.861276
vt 0.366281 0.862828
vt 0.374480 0.856407
vt 0.525956 0.276183
vt 0.390295 0.860681
vt 0.785759 0.407319
vt 0.787174 0.412957
vt 0.775513 0.410094
vt 0.007543 0.918770
vt 0.792535 0.408477
vt 0.902105 0.000263
vt 0.794654 0.401485
vt 0.743572 0.394618
vt 0.478356 0.166790
vt 0.486148 0.161100
vt 0.501775 0.782214
vt 0.491545 0.784791
vt 0.510111 0.786731
vt 0.675585 0.736373
vt 0.100094 0.653619
vt 0.101066 0.663339
vt 0.984014 0.614001
vt 0.993134 0.618202
vt 0.984014 0.625389
vt 0.456527 0.554411
vt 0.497295 0.555654
vt 0.811704 0.936449
vt 0.984684 0.917679
vt 0.990385 0.906650
vt 0.990385 0.928743
vt 0.786726 0.596524
vt 0.103499 0.686739
vt 0.086407 0.684410
vt 0.085663 0.673426
vt 0.849012 0.934547
vt 0.849012 0.946230
vt 0.846197 0.941770
vt 0.677699 0.528548
vt 0.873051 0.900603
vt 0.866433 0.896742
vt 0.871180 0.893893
vt 0.610839 0.535251
vt 0.604550 0.536757
vt 0.601233 0.518049
vt 0.125047 0.872042
vt 0.127553 0.875197
vt 0.125047 0.888131
vt 0.759831 0.976712
vt 0.191379 0.904766
vt 0.004575 0.715812
vt 0.000270 0.714970
vt 0.207710 0.907868
vt 0.893140 0.743715
vt 0.592357 0.531411
vt 0.507156 0.748911
vt 0.995129 0.279479
vt 0.999628 0.273641
vt 0.999628 0.285193
vt 0.172967 0.982717
vt 0.166748 0.990605
vt 0.164703 0.981295
vt 0.172967 0.994880
vt 0.722873 0.983585
vt 0.302335 0.909716
vt 0.997792 0.729349
vt 0.991559 0.721948
vt 0.997792 0.715066
vt 0.174288 0.961581
vt 0.180975 0.975595
vt 0.167843 0.971875
vt 0.164619 0.965718
vt 0.683506 0.805601
vt 0.049916 0.646914
vt 0.994006 0.939878
vt 0.303675 0.903621
vt 0.999059 0.479090
vt 0.994519 0.474372
vt 0.999059 0.464820
vt 0.267586 0.909241
vt 0.265142 0.923663
vt 0.275857 0.902429
vt 0.590853 0.781984
vt 0.597647 0.765697
vt 0.600578 0.795814
vt 0.598242 0.804501
vt 0.594578 0.814774
vt 0.022381 0.509089
vt 0.580850 0.472095
vt 0.569748 0.461334
vt 0.881495 0.678418
vt 0.690949 0.790348
vt 0.380488 0.933617
vt 0.298784 0.762541
vt 0.298999 0.758500
vt 0.300511 0.749044
vt 0.310700 0.755374
vt 0.328377 0.755697
vt 0.311064 0.759553
vt 0.565136 0.679640
vt 0.320242 0.751640
vt 0.324414 0.741157
vt 0.335192 0.748083
vt 0.995595 0.367765
vt 0.991376 0.366342
vt 0.995595 0.345747
vt 0.331109 0.757948
vt 0.311578 0.530561
vt 0.311342 0.522824
vt 0.325424 0.530901
vt 0.244918 0.513407
vt 0.236742 0.504437
vt 0.250223 0.498816
vt 0.254589 0.522067
vt 0.263266 0.505069
vt 0.263310 0.517196
vt 0.231875 0.492647
vt 0.187823 0.291724
vt 0.129524 0.220105
vt 0.901236 0.110160
vt 0.896254 0.109085
vt 0.319107 0.382403
vt 0.317875 0.401581
vt 0.294246 0.393422
vt 0.309317 0.389222
vt 0.281876 0.381341
vt 0.288918 0.369612
vt 0.164619 0.997106
vt 0.157277 0.996246
vt 0.161511 0.990607
vt 0.445200 0.221541
vt 0.440430 0.229798
vt 0.428571 0.232759
vt 0.437160 0.211524
vt 0.431073 0.218486
vt 0.433187 0.234343
vt 0.993308 0.833620
vt 0.984138 0.838116
vt 0.984138 0.833590
vt 0.993381 0.844664
vt 0.426045 0.202382
vt 0.437091 0.199203
vt 0.435292 0.206471
vt 0.430559 0.192245
vt 0.994390 0.228443
vt 0.999591 0.232407
vt 0.994390 0.241393
vt 0.995856 0.058489
vt 0.995856 0.073473
vt 0.989013 0.064024
vt 0.988117 0.113759
vt 0.995719 0.113785
vt 0.988117 0.122558
vt 0.433733 0.183880
vt 0.423452 0.180945
vt 0.426360 0.212863
vt 0.414093 0.207231
vt 0.437996 0.244149
vt 0.430760 0.241963
vt 0.108796 0.127078
vt 0.013303 0.936971
vt 0.020388 0.937034
vt 0.035378 0.931369
vt 0.407411 0.107847
vt 0.405912 0.104073
vt 0.149431 0.975362
vt 0.147857 0.982715
vt 0.392018 0.081962
vt 0.384528 0.081924
vt 0.130094 0.981663
vt 0.931136 0.317177
vt 0.936484 0.319736
vt 0.926946 0.322507
vt 0.923661 0.321869
vt 0.044291 0.115621
vt 0.038526 0.118092
vt 0.041284 0.110800
vt 0.127711 0.859544
vt 0.970805 0.211971
vt 0.917849 0.428458
vt 0.945282 0.649335
vt 0.946311 0.638995
vt 0.957105 0.635441
vt 0.942071 0.638201
vt 0.955189 0.528518
vt 0.168370 0.834910
vt 0.925501 0.748533
vt 0.951593 0.630353
vt 0.942546 0.631358
vt 0.872275 0.571867
vt 0.872655 0.598360
vt 0.859707 0.622486
vt 0.492995 0.951417
vt 0.825941 0.839477
vt 0.816470 0.843551
vt 0.915493 0.065210
vt 0.921277 0.058136
vt 0.208307 0.937671
vt 0.941791 0.843173
vt 0.431891 0.946891
vt 0.451596 0.829634
vt 0.449287 0.814440
vt 0.987361 0.398618
vt 0.241050 0.836148
vt 0.239731 0.813043
vt 0.744113 0.902873
vt 0.863707 0.605737
vt 0.858443 0.615134
vt 0.858723 0.630832
vt 0.884263 0.944783
vt 0.892136 0.945378
vt 0.897539 0.958093
vt 0.828270 0.944692
vt 0.538866 0.834081
vt 0.852277 0.550387
vt 0.918045 0.820818
vt 0.699753 0.936067
vt 0.692268 0.940671
vt 0.920349 0.905426
vt 0.901320 0.909098
vt 0.241217 0.907232
vt 0.260223 0.924824
vt 0.059314 0.864097
vt 0.505939 0.827560
vt 0.119941 0.986970
vt 0.078380 0.971613
vt 0.077428 0.960876
vt 0.095644 0.811577
vt 0.081608 0.809528
vt 0.972544 0.367745
vt 0.870331 0.799324
vt 0.881539 0.791159
vt 0.878986 0.801929
vt 0.846985 0.795125
vt 0.832288 0.459053
vt 0.825513 0.463006
vt 0.818842 0.456194
vt 0.993381 0.829286
vt 0.998471 0.841981
vt 0.993381 0.844664
vt 0.055037 0.958478
vt 0.063373 0.971421
vt 0.056540 0.970112
vt 0.022880 0.853741
vt 0.111819 0.800444
vt 0.102798 0.807958
vt 0.104736 0.800768
vt 0.863913 0.961655
vt 0.110735 0.779643
vt 0.583087 0.430442
vt 0.812562 0.366419
vt 0.816860 0.378888
vt 0.636106 0.974315
vt 0.636053 0.988476
vt 0.629789 0.986318
vt 0.822545 0.363399
vt 0.817109 0.364828
vt 0.227270 0.828878
vt 0.371517 0.959752
vt 0.366842 0.971423
vt 0.366842 0.951382
vt 0.491998 0.354177
vt 0.481599 0.352199
vt 0.901178 0.971286
vt 0.901178 0.982577
vt 0.897540 0.974364
vt 0.475545 0.344529
vt 0.629502 0.888340
vt 0.984684 0.975872
vt 0.992989 0.961505
vt 0.992989 0.976321
vt 0.485870 0.105321
vt 0.474144 0.109704
vt 0.485369 0.094197
vt 0.884766 0.203921
vt 0.947013 0.114721
vt 0.947275 0.338378
vt 0.951848 0.329961
vt 0.959496 0.329114
vt 0.845284 0.292299
vt 0.830632 0.292949
vt 0.850655 0.283812
vt 0.833645 0.259259
vt 0.829262 0.254292
vt 0.823118 0.246968
vt 0.839966 0.242674
vt 0.796281 0.484187
vt 0.994832 0.162408
vt 0.999143 0.172066
vt 0.994832 0.177433
vt 0.901215 0.958092
vt 0.901215 0.971285
vt 0.897539 0.963849
vt 0.621375 0.991949
vt 0.616530 0.994762
vt 0.617099 0.989041
vt 0.621375 0.999639
vt 0.617258 0.974315
vt 0.081311 0.682274
vt 0.768522 0.675765
vt 0.773662 0.677373
vt 0.477785 0.533951
vt 0.490190 0.532402
vt 0.963671 0.109293
vt 0.965464 0.117113
vt 0.958832 0.114828
vt 0.473432 0.532553
vt 0.596160 0.991831
vt 0.601185 0.988166
vt 0.601185 0.999949
vt 0.497727 0.532350
vt 0.460663 0.984211
vt 0.864086 0.739621
vt 0.875070 0.735677
vt 0.874165 0.746077
vt 0.548268 0.997168
vt 0.541057 0.997168
vt 0.541481 0.986841
vt 0.868142 0.749136
vt 0.861837 0.750814
vt 0.563278 0.941916
vt 0.989130 0.006824
vt 0.635571 0.831691
vt 0.992973 -0.000000
vt 0.750379 0.652685
vt 0.753334 0.629223
vt 0.733381 0.543823
vt 0.746325 0.545652
vt 0.190778 0.985728
vt 0.195307 0.998624
vt 0.188913 0.998624
vt 0.742439 0.526298
vt 0.807280 0.716113
vt 0.034944 0.505982
vt 0.584922 0.993157
vt 0.589943 0.988166
vt 0.589943 0.999948
vt 0.041787 0.681327
vt 0.732358 0.556171
vt 0.028274 0.497277
vt 0.015120 0.583238
vt 0.016563 0.595188
vt 0.697750 0.694522
vt 0.004591 0.474266
vt 0.005049 0.494842
vt 0.687110 0.894110
vt 0.689393 0.902873
vt 0.557018 0.694294
vt 0.578590 0.453200
vt 0.563278 0.451961
vt 0.135711 0.650855
vt 0.133523 0.629467
vt 0.137631 0.627150
vt 0.130137 0.633015
vt 0.148059 0.636297
vt 0.150550 0.623128
vt 0.420907 0.590069
vt 0.411051 0.610362
vt 0.411213 0.593975
vt 0.395074 0.665303
vt 0.126251 0.422949
vt 0.676164 0.780711
vt 0.680994 0.771028
vt 0.301374 0.205379
vt 0.300181 0.195324
vt 0.067426 0.377193
vt 0.072310 0.383570
vt 0.063727 0.381989
vt 0.020618 0.281571
vt 0.619635 0.665738
vt 0.603258 0.665331
vt 0.589256 0.666912
vt 0.237620 0.327117
vt 0.949762 0.224856
vt 0.949328 0.217396
vt 0.959302 0.442625
vt 0.653018 0.661070
vt 0.312351 0.870566
vt 0.306809 0.868616
vt 0.476542 0.953899
vt 0.464497 0.963426
vt 0.461015 0.957925
vt 0.472816 0.963931
vt 0.480943 0.963152
vt 0.115551 0.348347
vt 0.126965 0.337216
vt 0.110495 0.332741
vt 0.120239 0.307246
vt 0.361453 0.099663
vt 0.365612 0.078993
vt 0.354845 0.073723
vt 0.355240 0.090713
vt 0.359585 0.063434
vt 0.355877 0.057646
vt 0.341368 0.089245
vt 0.330393 0.085594
vt 0.327631 0.857689
vt 0.891129 0.547010
vt 0.076724 0.934420
vt 0.081627 0.932995
vt 0.536251 0.880966
vt 0.908951 0.638926
vt 0.890119 0.419659
vt 0.924211 0.644202
vt 0.269675 0.851699
vt 0.052511 0.818289
vt 0.044358 0.838137
vt 0.051833 0.830210
vt 0.471784 0.848311
vt 0.468958 0.837841
vt 0.120533 0.466670
vt 0.982347 0.510621
vt 0.178960 0.773539
vt 0.176786 0.766919
vt 0.380488 0.915791
vt 0.124187 0.745976
vt 0.096149 0.984058
vt 0.000065 0.990849
vt 0.451559 0.608200
vt 0.293878 0.809807
vt 0.284053 0.813448
vt 0.125418 0.655886
vt 0.116178 0.652559
vt 0.327594 0.813276
vt 0.924841 0.162536
vt 0.509183 0.993771
vt 0.503844 0.998820
vt 0.891065 0.258329
vt 0.685998 0.934705
vt 0.837061 0.465577
vt 0.020461 0.866043
vt 0.007546 0.857949
vt 0.917555 0.455021
vt 0.909998 0.455619
vt 0.631001 0.915969
vt 0.117789 0.920712
vt 0.425751 0.772982
vt 0.430418 0.775491
vt 0.865901 0.792222
vt 0.417602 0.897787
vt 0.410101 0.890495
vt 0.411339 0.898228
vt 0.960613 0.787410
vt 0.926324 0.332775
vt 0.935589 0.338648
vt 0.668396 0.439100
vt 0.665435 0.432769
vt 0.675870 0.437268
vt 0.898730 0.121780
vt 0.884766 0.120524
vt 0.967750 0.230366
vt 0.942626 0.776324
vt 0.995916 0.663508
vt 0.992351 0.659398
vt 0.995916 0.657080
vt 0.405545 0.883698
vt 0.007546 0.880741
vt 0.595723 0.554762
vt 0.004265 0.877109
vt 0.453055 0.286684
vt 0.539339 0.133883
vt 0.539607 0.141876
vt 0.113611 0.582833
vt 0.545461 0.130914
vt 0.546697 0.124832
vt 0.873051 0.925547
vt 0.878790 0.273958
vt 0.861625 0.276794
vt 0.881686 0.265668
vt 0.298073 0.763499
vt 0.866802 0.266539
vt 0.866570 0.255224
vt 0.873507 0.257318
vt 0.877712 0.253359
vt 0.302127 0.769337
vt 0.982021 0.117113
vt 0.866819 0.248565
vt 0.852871 0.256402
vt 0.853548 0.247958
vt 0.879657 0.236494
vt 0.876644 0.246639
vt 0.321529 0.763680
vt 0.326022 0.765326
vt 0.311177 0.770142
vt 0.028759 0.937707
vt 0.022815 0.939286
vt 0.882156 0.230080
vt 0.753026 0.097863
vt 0.726001 0.056285
vt 0.598457 0.066815
vt 0.597996 0.060055
vt 0.609957 0.053702
vt 0.619052 0.057441
vt 0.626230 0.065405
vt 0.640471 0.063091
vt 0.675062 0.055786
vt 0.792925 0.476600
vt 0.501844 0.916641
vt 0.344003 0.843095
vt 0.532407 0.930543
vt 0.377658 0.833929
vt 0.447340 0.527601
vt 0.449569 0.536337
vt 0.456090 0.539269
vt 0.998198 0.651718
vt 0.992351 0.657080
vt 0.992351 0.642039
vt 0.479707 0.529622
vt 0.958855 0.109293
vt 0.996393 0.051635
vt 0.999683 0.044587
vt 0.999683 0.056131
vt 0.084786 0.984058
vt 0.092862 0.993042
vt 0.084786 0.994534
vt 0.965464 0.109293
vt 0.971805 0.114267
vt 0.965464 0.117036
vt 0.093831 0.985302
vt 0.529374 0.520446
vt 0.706485 0.963445
vt 0.638249 0.833385
vt 0.637725 0.847549
vt 0.664780 0.942894
vt 0.987589 0.210343
vt 0.987073 0.217333
vt 0.978783 0.215869
vt 0.978783 0.204257
vt 0.053334 0.840135
vt 0.055037 0.846948
vt 0.053334 0.852835
vt 0.064926 0.648277
vt 0.846197 0.952242
vt 0.849144 0.946230
vt 0.849144 0.957058
vt 0.057522 0.635994
vt 0.059682 0.648572
vt 0.986943 0.284706
vt 0.980033 0.286698
vt 0.923406 0.226480
vt 0.919499 0.230600
vt 0.919499 0.225490
vt 0.993399 0.530154
vt 0.989918 0.538863
vt 0.987144 0.526619
vt 0.735234 0.652041
vt 0.733822 0.638448
vt 0.492995 0.969495
vt 0.482463 0.960827
vt 0.606231 0.714535
vt 0.993399 0.520576
vt 0.732509 0.646016
vt 0.328290 0.988151
vt 0.334802 0.988151
vt 0.333333 0.997622
vt 0.045731 0.653535
vt 0.607704 0.808039
vt 0.717778 0.567305
vt 0.866964 0.692379
vt 0.576080 0.881805
vt 0.778846 0.968038
vt 0.775473 0.961892
vt 0.005200 0.460767
vt 0.984684 0.976321
vt 0.993936 0.984936
vt 0.984684 0.989581
vt 0.647663 0.448570
vt 0.688985 0.749374
vt 0.689546 0.781465
vt 0.688298 0.772986
vt 0.690343 0.762685
vt 0.000000 0.478959
vt 0.135104 0.614884
vt 0.128107 0.609030
vt 0.131910 0.606777
vt 0.897684 0.923943
vt 0.901112 0.933553
vt 0.897684 0.938011
vt 0.129350 0.594942
vt 0.134443 0.596767
vt 0.174101 0.641538
vt 0.160166 0.635533
vt 0.159670 0.619735
vt 0.186646 0.631793
vt 0.238778 0.452167
vt 0.251384 0.450022
vt 0.273154 0.445480
vt 0.345240 0.550657
vt 0.339469 0.539227
vt 0.328670 0.541170
vt 0.341001 0.525059
vt 0.330439 0.525383
vt 0.340509 0.515149
vt 0.334056 0.510698
vt 0.885846 0.892378
vt 0.879569 0.888924
vt 0.007448 0.967823
vt 0.003131 0.974219
vt 0.000065 0.964464
vt 0.139341 0.254497
vt 0.141359 0.242067
vt 0.127011 0.255138
vt 0.125689 0.245063
vt 0.909627 0.108422
vt 0.915137 0.109757
vt 0.016623 0.201733
vt 0.025768 0.199673
vt 0.674502 0.745439
vt 0.676002 0.736373
vt 0.676002 0.754622
vt 0.026964 0.211407
vt 0.032389 0.215536
vt 0.029612 0.231856
vt 0.020029 0.227162
vt 0.771730 0.992868
vt 0.771730 0.981064
vt 0.782038 0.984177
vt 0.034565 0.244811
vt 0.025997 0.261670
vt 0.023336 0.253534
vt 0.017374 0.263547
vt 0.013650 0.247198
vt 0.005661 0.261038
vt 0.025786 0.238794
vt 0.013356 0.233396
vt 0.008795 0.264571
vt 0.000000 0.256674
vt 0.002418 0.264542
vt 0.442012 0.190943
vt 0.415437 0.219550
vt 0.589943 0.988166
vt 0.595991 0.992734
vt 0.589943 0.997795
vt 0.437028 0.251117
vt 0.420877 0.251740
vt 0.412053 0.234344
vt 0.422364 0.227008
vt 0.400290 0.229225
vt 0.407491 0.250059
vt 0.421468 0.261702
vt 0.411052 0.271823
vt 0.522763 0.882433
vt 0.228487 0.078227
vt 0.212200 0.089884
vt 0.193381 0.097540
vt 0.199116 0.086433
vt 0.971988 0.429374
vt 0.332913 0.114979
vt 0.331220 0.094966
vt 0.327970 0.104426
vt 0.321381 0.091829
vt 0.023068 0.743128
vt 0.032327 0.750361
vt 0.934345 0.529435
vt 0.903676 0.521916
vt 0.985553 0.104508
vt 0.977557 0.100395
vt 0.985827 0.089522
vt 0.432612 0.973347
vt 0.587057 0.958603
vt 0.113611 0.840135
vt 0.907533 0.296193
vt 0.913304 0.295270
vt 0.459759 0.733046
vt 0.036366 0.697166
vt 0.684003 0.691735
vt 0.677887 0.705963
vt 0.674502 0.687647
vt 0.845786 0.973319
vt 0.830482 0.967727
vt 0.941315 0.057096
vt 0.441780 0.827668
vt 0.169630 0.849510
vt 0.826834 0.938187
vt 0.208307 0.961905
vt 0.170798 0.839478
vt 0.947453 0.059185
vt 0.845923 0.478734
vt 0.851605 0.487721
vt 0.684003 0.669186
vt 0.056913 0.769168
vt 0.055085 0.780943
vt 0.253795 0.822956
vt 0.275460 0.816719
vt 0.268503 0.810148
vt 0.274568 0.805786
vt 0.290333 0.819300
vt 0.123609 0.660977
vt 0.974594 0.257087
vt 0.923844 0.469689
vt 0.279264 0.800444
vt 0.994286 0.158504
vt 0.987291 0.146131
vt 0.994286 0.142779
vt 0.127387 0.923363
vt 0.476509 0.588995
vt 0.195307 0.985728
vt 0.487307 0.588673
vt 0.986456 0.021167
vt 0.989130 0.034410
vt 0.982820 0.020880
vt 0.050162 0.882622
vt 0.350724 0.980842
vt 0.491017 0.587680
vt 0.501883 0.588360
vt 0.971179 0.663576
vt 0.962310 0.673626
vt 0.977232 0.677839
vt 0.975472 0.665812
vt 0.414026 0.781115
vt 0.415749 0.769032
vt 0.418738 0.765838
vt 0.841336 0.346026
vt 0.839586 0.350496
vt 0.800935 0.636188
vt 0.264700 0.881584
vt 0.258258 0.877925
vt 0.263393 0.888258
vt 0.055037 0.852462
vt 0.232179 0.816799
vt 0.007985 0.981832
vt 0.054534 0.906612
vt 0.041335 0.899509
vt 0.974111 0.461334
vt 0.969274 0.455036
vt 0.696803 0.443762
vt 0.690532 0.446861
vt 0.687041 0.430113
vt 0.954380 0.552709
vt 0.948884 0.554144
vt 0.939475 0.560077
vt 0.717788 0.434866
vt 0.961801 0.559243
vt 0.920619 0.329114
vt 0.731178 0.435555
vt 0.778560 0.366294
vt 0.746318 0.353543
vt 0.761164 0.349747
vt 0.766455 0.346641
vt 0.398823 0.989497
vt 0.741535 0.022313
vt 0.987589 0.207737
vt 0.994708 0.214201
vt 0.987589 0.218302
vt 0.063988 0.949741
vt 0.995416 0.204257
vt 0.737946 0.017051
vt 0.743850 0.016396
vt 0.239731 0.874131
vt 0.768108 0.025793
vt 0.239487 0.835298
vt 0.547379 0.117161
vt 0.477504 0.792880
vt 0.488593 0.778697
vt 0.994449 0.077790
vt 0.999108 0.085224
vt 0.994449 0.092111
vt 0.818684 0.285165
vt 0.824915 0.276163
vt 0.403077 0.846590
vt 0.820746 0.236661
vt 0.814304 0.226099
vt 0.786964 0.632067
vt 0.661636 0.705180
vt 0.660281 0.673952
vt 0.663201 0.684215
vt 0.648979 0.684227
vt 0.996024 0.761942
vt 0.996024 0.751324
vt 0.999851 0.758373
vt 0.913882 0.971375
vt 0.614206 0.523004
vt 0.636271 0.515188
vt 0.622292 0.525896
vt 0.646164 0.521323
vt 0.195686 0.898082
vt 0.675751 0.836310
vt 0.606240 0.502096
vt 0.606948 0.509726
vt 0.587222 0.513303
vt 0.583099 0.501329
vt 0.363611 0.798954
vt 0.352649 0.811163
vt 0.987937 0.273929
vt 0.268842 0.936532
vt 0.790589 0.921161
vt 0.782452 0.913501
vt 0.241030 0.682976
vt 0.200885 0.635080
vt 0.283938 0.726399
vt 0.275103 0.718316
vt 0.364375 0.513185
vt 0.337624 0.495955
vt 0.348556 0.492420
vt 0.402232 0.531930
vt 0.364313 0.493242
vt 0.180403 0.501214
vt 0.324151 0.416672
vt 0.307977 0.224801
vt 0.195307 0.984953
vt 0.203174 0.989338
vt 0.195307 0.995516
vt 0.007816 0.224689
vt 0.000249 0.221731
vt 0.001263 0.229520
vt 0.039705 0.333942
vt 0.101656 0.951480
vt 0.024427 0.328638
vt 0.924891 0.770258
vt 0.909663 0.772089
vt 0.869004 0.882116
vt 0.861177 0.879237
vt 0.079128 0.218580
vt 0.066265 0.215573
vt 0.403266 0.214385
vt 0.393956 0.209729
vt 0.392458 0.226450
vt 0.381063 0.221005
vt 0.371743 0.208516
vt 0.429132 0.168951
vt 0.431719 0.175312
vt 0.456270 0.971780
vt 0.423592 0.131509
vt 0.412677 0.113147
vt 0.885997 0.415700
vt 0.995387 0.122558
vt 0.995387 0.136852
vt 0.988117 0.127566
vt 0.157252 0.878577
vt 0.813676 0.972311
vt 0.928251 0.842986
vt 0.546822 0.635004
vt 0.993555 0.548962
vt 0.987144 0.549500
vt 0.987144 0.538863
vt 0.959932 0.739621
vt 0.601598 0.925048
vt 0.592408 0.922501
vt 0.606048 0.928236
vt 0.863669 0.570059
vt 0.863031 0.596929
vt 0.125909 0.558301
vt 0.814606 0.998182
vt 0.808640 0.991184
vt 0.814606 0.988560
vt 0.709025 0.946818
vt 0.656914 0.976053
vt 0.832105 0.636640
vt 0.834215 0.643543
vt 0.992381 0.113335
vt 0.985827 0.110862
vt 0.992381 0.094628
vt 0.508179 0.587912
vt 0.974402 0.000000
vt 0.979467 0.001516
vt 0.980970 0.011552
vt 0.976918 0.013949
vt 0.531708 0.810748
vt 0.674542 0.795542
vt 0.675514 0.800260
vt 0.674542 0.805601
vt 0.532444 0.809721
vt 0.533508 0.813756
vt 0.522853 0.812921
vt 0.676164 0.800420
vt 0.928067 0.547504
vt 0.925832 0.551207
vt 0.927322 0.547703
vt 0.928067 0.552515
vt 0.981534 0.014849
vt 0.984866 0.014295
vt 0.458610 0.754672
vt 0.459372 0.754849
vt 0.458610 0.759743
vt 0.460894 0.758347
vt 0.041335 0.872299
vt 0.476006 0.983586
vt 0.473928 0.994937
vt 0.467525 0.983586
vt 0.121085 0.623604
vt 0.119339 0.616388
vt 0.322292 0.774682
vt 0.331537 0.772645
vt 0.855603 0.935807
vt 0.471798 0.800508
vt 0.517183 0.098104
vt 0.527150 0.098429
vt 0.535678 0.112016
vt 0.508257 0.081849
vt 0.507382 0.086193
vt 0.994390 0.241393
vt 0.998655 0.246162
vt 0.994390 0.248914
vt 0.776618 0.047471
vt 0.776986 0.036085
vt 0.821719 0.318513
vt 0.667061 0.759224
vt 0.994176 0.861142
vt 0.994176 0.874007
vt 0.985422 0.866774
vt 0.790589 0.669204
vt 0.788428 0.675290
vt 0.647658 0.998939
vt 0.190524 0.921479
vt 0.782454 0.841229
vt 0.777408 0.844482
vt 0.780713 0.829220
vt 0.987144 0.520576
vt 0.987144 0.506577
vt 0.993378 0.517390
vt 0.776436 0.529522
vt 0.071282 0.567325
vt 0.071188 0.582725
vt 0.755175 0.665262
vt 0.993936 0.992323
vt 0.993936 0.976321
vt 0.998487 0.984593
vt 0.761409 0.638833
vt 0.350954 0.819797
vt 0.984684 0.877979
vt 0.989312 0.876209
vt 0.993386 0.883529
vt 0.068475 0.479020
vt 0.520681 0.744938
vt 0.183283 0.962625
vt 0.744431 0.962416
vt 0.521710 0.507414
vt 0.674160 0.907249
vt 0.993508 0.447637
vt 0.985232 0.438546
vt 0.993508 0.435260
vt 0.001578 0.956568
vt 0.717451 0.755849
vt 0.790589 0.902873
vt 0.790589 0.708285
vt 0.455086 0.988320
vt 0.460604 0.979064
vt 0.460604 0.993361
vt 0.000144 0.790584
vt 0.007546 0.798671
vt 0.000144 0.811990
vt 0.041335 0.936817
vt 0.052798 0.921469
vt 0.054955 0.936817
vt 0.005175 0.548532
vt 0.176562 0.571195
vt 0.155000 0.561624
vt 0.170058 0.552081
vt 0.179115 0.560556
vt 0.188079 0.581612
vt 0.188774 0.562116
vt 0.183599 0.552339
vt 0.306343 0.730011
vt 0.275172 0.694586
vt 0.282055 0.704890
vt 0.048178 0.956133
vt 0.048178 0.936817
vt 0.054955 0.950287
vt 0.261205 0.537413
vt 0.264844 0.542044
vt 0.447913 0.877452
vt 0.182302 0.439177
vt 0.129533 0.179520
vt 0.581751 0.669186
vt 0.892928 0.885915
vt 0.246178 0.396111
vt 0.989013 0.089522
vt 0.974402 0.089522
vt 0.702471 0.990795
vt 0.696813 0.997674
vt 0.696813 0.989856
vt 0.979237 0.971939
vt 0.977895 0.984738
vt 0.967582 0.973015
vt 0.984684 0.982062
vt 0.955569 0.102281
vt 0.967177 0.105469
vt 0.956716 0.109199
vt 0.950133 0.108375
vt 0.010342 0.807262
vt 0.012008 0.768667
vt 0.007546 0.765203
vt 0.901112 0.938011
vt 0.901112 0.952485
vt 0.898028 0.948011
vt 0.999648 0.937850
vt 0.994006 0.941987
vt 0.994006 0.929204
vt 0.427906 0.267337
vt 0.439614 0.256829
vt 0.443453 0.260605
vt 0.008465 0.796481
vt 0.438151 0.284107
vt 0.433691 0.287639
vt 0.428826 0.276050
vt 0.421416 0.273675
vt 0.914335 0.095441
vt 0.919271 0.096121
vt 0.790792 0.964811
vt 0.367605 0.188651
vt 0.366996 0.220713
vt 0.344034 0.183160
vt 0.183096 0.101543
vt 0.167148 0.111757
vt 0.176240 0.119834
vt 0.949308 0.329114
vt 0.051412 0.110947
vt 0.055643 0.125132
vt 0.047687 0.129150
vt 0.042427 0.105640
vt 0.398823 0.993660
vt 0.393435 0.999362
vt 0.393435 0.987846
vt 0.941350 0.327482
vt 0.993386 0.888907
vt 0.993386 0.876209
vt 0.999494 0.879696
vt 0.861963 0.991941
vt 0.866749 0.989642
vt 0.866749 0.998744
vt 0.366293 0.981073
vt 0.123836 0.872042
vt 0.673029 0.987063
vt 0.157510 0.985269
vt 0.225376 0.995332
vt 0.217617 0.996349
vt 0.217617 0.985641
vt 0.164619 0.984530
vt 0.017294 0.743687
vt 0.015191 0.752913
vt 0.126148 0.939939
vt 0.113611 0.946444
vt 0.114884 0.936432
vt 0.984590 0.971324
vt 0.982197 0.958284
vt 0.947453 0.097632
vt 0.745224 0.959865
vt 0.033247 0.835113
vt 0.941033 0.754236
vt 0.183283 0.949211
vt 0.175733 0.961581
vt 0.468285 0.904580
vt 0.903067 0.493751
vt 0.956066 0.935954
vt 0.616318 0.965968
vt 0.615347 0.976814
vt 0.605758 0.970095
vt 0.601185 0.977560
vt 0.463525 0.604645
vt 0.761765 0.993212
vt 0.475063 0.602258
vt 0.534973 0.599235
vt 0.804364 0.814097
vt 0.481611 0.996896
vt 0.481611 0.988728
vt 0.488179 0.992771
vt 0.628913 0.992850
vt 0.628686 0.999634
vt 0.624139 0.999385
vt 0.238563 0.926037
vt 0.999320 0.502882
vt 0.995002 0.498955
vt 0.999320 0.488026
vt 0.831132 0.921776
vt 0.884921 0.803773
vt 0.209752 0.852088
vt 0.070620 0.980283
vt 0.227250 0.881310
vt 0.060466 0.979141
vt 0.132461 0.897109
vt 0.916988 0.342482
vt 0.228691 0.780701
vt 0.918506 0.118375
vt 0.978238 0.124596
vt 0.932919 0.562464
vt 0.830026 0.091463
vt 0.961487 0.664696
vt 0.656555 0.437872
vt 0.660652 0.444314
vt 0.651321 0.441095
vt 0.651958 0.446381
vt 0.650198 0.429731
vt 0.660699 0.430075
vt 0.912690 0.114721
vt 0.686689 0.441516
vt 0.657968 0.011372
vt 0.663931 0.010086
vt 0.672315 0.004444
vt 0.667308 0.001297
vt 0.674649 0.000000
vt 0.950771 0.980748
vt 0.943441 0.992353
vt 0.943441 0.982077
vt 0.572501 0.548215
vt 0.105395 0.681749
vt 0.096248 0.677233
vt 0.620123 0.072827
vt 0.632730 0.066213
vt 0.100174 0.634350
vt 0.502122 0.903926
vt 0.786451 0.122027
vt 0.780282 0.117821
vt 0.787615 0.115981
vt 0.662800 0.710772
vt 0.000149 0.877109
vt 0.000149 0.856451
vt 0.007546 0.874513
vt 0.511392 0.903926
vt 0.989581 0.256100
vt 0.989037 0.264090
vt 0.804802 0.756445
vt 0.804172 0.764193
vt 0.797044 0.759797
vt 0.782014 0.525187
vt 0.877442 0.969016
vt 0.878312 0.961226
vt 0.757257 0.646074
vt 0.989130 0.018661
vt 0.996852 0.023445
vt 0.989130 0.028826
vt 0.343610 0.822356
vt 0.674637 0.772115
vt 0.676090 0.779349
vt 0.674637 0.785521
vt 0.669553 0.505413
vt 0.657703 0.507258
vt 0.053334 0.852835
vt 0.054782 0.856703
vt 0.053334 0.863049
vt 0.968955 0.985841
vt 0.635781 0.490338
vt 0.610577 0.497854
vt 0.905845 0.999081
vt 0.901287 0.997051
vt 0.905845 0.990404
vt 0.691475 0.989856
vt 0.691475 0.996612
vt 0.685009 0.994614
vt 0.602408 0.772766
vt 0.603575 0.781126
vt 0.606245 0.789925
vt 0.706526 0.533489
vt 0.694121 0.517173
vt 0.003039 0.650399
vt 0.592241 0.446885
vt 0.229918 0.626549
vt 0.540896 0.986841
vt 0.540896 0.997725
vt 0.534169 0.987538
vt 0.407435 0.672713
vt 0.418096 0.662824
vt 0.688924 0.547960
vt 0.206237 0.622226
vt 0.197760 0.611182
vt 0.183758 0.282131
vt 0.208007 0.135016
vt 0.193643 0.123806
vt 0.181009 0.142217
vt 0.790589 0.982447
vt 0.790589 0.995500
vt 0.782549 0.988302
vt 0.156711 0.399052
vt 0.149170 0.400411
vt 0.147090 0.421926
vt 0.140659 0.420199
vt 0.145051 0.414115
vt 0.861963 0.989837
vt 0.859381 0.996776
vt 0.855505 0.989837
vt 0.136792 0.417989
vt 0.956468 0.770819
vt 0.143233 0.322865
vt 0.138539 0.313554
vt 0.330683 0.167579
vt 0.115258 0.039387
vt 0.900689 0.621720
vt 0.900500 0.631639
vt 0.506601 0.987869
vt 0.501859 0.988777
vt 0.900707 0.656680
vt 0.128370 0.096362
vt 0.115937 0.080591
vt 0.271717 0.092869
vt 0.146571 0.958885
vt 0.125047 0.888131
vt 0.127818 0.897416
vt 0.125047 0.901175
vt 0.178715 0.784551
vt 0.847791 0.456417
vt 0.848623 0.601992
vt 0.889780 0.380195
vt 0.532004 0.977817
vt 0.521863 0.982100
vt 0.527393 0.992774
vt 0.888959 0.265492
vt 0.912676 0.279088
vt 0.890011 0.937182
vt 0.837838 0.456143
vt 0.834842 0.599462
vt 0.122671 0.522879
vt 0.127957 0.529893
vt 0.127944 0.549301
vt 0.115565 0.532071
vt 0.122774 0.544095
vt 0.471280 0.598572
vt 0.480431 0.597250
vt 0.624139 0.989041
vt 0.522770 0.590739
vt 0.164563 0.896973
vt 0.166502 0.886730
vt 0.172826 0.896079
vt 0.863624 0.958074
vt 0.469685 0.823811
vt 0.204261 0.773643
vt 0.207343 0.796389
vt 0.092404 0.870388
vt 0.933574 0.017777
vt 0.944949 0.018725
vt 0.374585 0.998581
vt 0.375334 0.988164
vt 0.380318 0.998581
vt 0.224755 0.792069
vt 0.684055 0.987063
vt 0.852307 0.121669
vt 0.897539 0.780447
vt 0.957492 0.228443
vt 0.952804 0.232510
vt 0.237103 0.890772
vt 0.223630 0.889889
vt 0.217891 0.894303
vt 0.525189 0.284670
vt 0.403626 0.860223
vt 0.521182 0.378176
vt 0.527507 0.374835
vt 0.539819 0.367611
vt 0.529817 0.381956
vt 0.543243 0.377775
vt 0.534402 0.357160
vt 0.552182 0.389201
vt 0.538689 0.388524
vt 0.552484 0.351841
vt 0.579925 0.063844
vt 0.578323 0.047072
vt 0.116615 0.767719
vt 0.116615 0.785074
vt 0.114259 0.775794
vt 0.569694 0.028873
vt 0.600700 0.049016
vt 0.534073 0.039810
vt 0.541317 0.037637
vt 0.547418 0.042804
vt 0.791081 0.600455
vt 0.993702 0.614001
vt 0.495215 0.776169
vt 0.503993 0.775900
vt 0.782283 0.982447
vt 0.992588 0.796302
vt 0.361861 0.903897
vt 0.832842 0.990097
vt 0.832842 0.997304
vt 0.826834 0.995803
vt 0.366311 0.903698
vt 0.363489 0.906692
vt 0.995595 0.354271
vt 0.999244 0.347899
vt 0.999244 0.356252
vt 0.370690 0.909800
vt 0.750236 0.879166
vt 0.754861 0.879216
vt 0.995002 0.488026
vt 0.987604 0.488983
vt 0.568010 0.992803
vt 0.563744 0.999345
vt 0.563744 0.990542
vt 0.341886 0.964540
vt 0.537993 0.737379
vt 0.165037 0.961581
vt 0.725133 0.965042
vt 0.033046 0.937034
vt 0.599160 0.738788
vt 0.730259 0.485829
vt 0.987694 0.228443
vt 0.126943 0.704781
vt 0.668692 0.891528
vt 0.674502 0.888956
vt 0.594400 0.862116
vt 0.650159 0.891692
vt 0.667100 0.888340
vt 0.360749 0.786291
vt 0.465763 0.703926
vt 0.003789 0.662171
vt 0.239731 0.986179
vt 0.366394 0.931587
vt 0.689835 0.674279
vt 0.690689 0.684865
vt 0.689133 0.702848
vt 0.192263 0.596260
vt 0.128107 0.584542
vt 0.134832 0.580914
vt 0.131596 0.571925
vt 0.152991 0.594543
vt 0.137970 0.571849
vt 0.197156 0.483345
vt 0.309238 0.455034
vt 0.323491 0.462239
vt 0.325096 0.453702
vt 0.292458 0.540979
vt 0.285405 0.537002
vt 0.298504 0.525930
vt 0.286950 0.522735
vt 0.277995 0.535455
vt 0.337821 0.572254
vt 0.326188 0.557753
vt 0.330779 0.555481
vt 0.340219 0.564894
vt 0.321059 0.544750
vt 0.292797 0.268500
vt 0.286331 0.300897
vt 0.285720 0.282522
vt 0.279992 0.300266
vt 0.352739 0.352983
vt 0.358330 0.341851
vt 0.353622 0.379408
vt 0.458467 0.754672
vt 0.458467 0.734945
vt 0.460894 0.741455
vt 0.027316 0.308665
vt 0.029642 0.272770
vt 0.033395 0.290202
vt 0.019569 0.268061
vt 0.043919 0.235396
vt 0.045056 0.226001
vt 0.233252 0.354615
vt 0.227246 0.345389
vt 0.900806 0.871889
vt 0.900806 0.890735
vt 0.897539 0.881804
vt 0.007448 0.956568
vt 0.968783 0.661308
vt 0.352131 0.037080
vt 0.356597 0.041661
vt 0.351244 0.045408
vt 0.344889 0.035792
vt 0.845215 0.878822
vt 0.837131 0.881264
vt 0.102771 0.088265
vt 0.079765 0.062510
vt 0.120634 0.114721
vt 0.947275 0.423316
vt 0.968514 0.420199
vt 0.113611 0.923363
vt 0.938315 0.868231
vt 0.956106 0.958228
vt 0.931655 0.954487
vt 0.986948 0.308462
vt 0.988011 0.557577
vt 0.810129 0.845872
vt 0.802504 0.845675
vt 0.557508 0.624308
vt 0.548331 0.624757
vt 0.986948 0.286698
vt 0.945318 0.166000
vt 0.961913 0.933848
vt 0.838999 0.652237
vt 0.845238 0.659697
vt 0.123620 0.445417
vt 0.996464 0.671551
vt 0.991011 0.680997
vt 0.991011 0.663576
vt 0.072161 0.988516
vt 0.672898 0.952102
vt 0.681072 0.950283
vt 0.684291 0.967250
vt 0.942090 0.343377
vt 0.984138 0.775732
vt 0.930833 0.675894
vt 0.575003 0.420754
vt 0.903135 0.450926
vt 0.912207 0.447433
vt 0.657848 0.955526
vt 0.232898 0.886730
vt 0.951876 0.233353
vt 0.436879 0.877452
vt 0.461720 0.313122
vt 0.465085 0.319865
vt 0.462267 0.321937
vt 0.532375 0.399679
vt 0.523119 0.393551
vt 0.529980 0.393575
vt 0.525043 0.384399
vt 0.499902 0.377491
vt 0.929474 0.005435
vt 0.926073 -0.000000
vt 0.612204 0.977560
vt 0.612204 0.992436
vt 0.601185 0.988070
vt 0.572003 0.021209
vt 0.884260 0.234057
vt 0.601107 0.077416
vt 0.509183 0.904263
vt 0.789840 0.141889
vt 0.405544 0.876452
vt 0.405544 0.889388
vt 0.403730 0.881045
vt 0.308334 0.989451
vt 0.314069 0.989451
vt 0.314042 0.997804
vt 0.773352 0.114432
vt 0.185130 0.917520
vt 0.113694 0.812420
vt 0.120633 0.810303
vt 0.118871 0.815830
vt 0.644784 0.949957
vt 0.643915 0.961848
vt 0.640074 0.942894
vt 0.978783 0.137240
vt 0.985582 0.145251
vt 0.978783 0.158504
vt 0.046662 0.985835
vt 0.996155 0.914036
vt 0.990385 0.912949
vt 0.996155 0.907384
vt 0.378274 0.803241
vt 0.283953 0.983279
vt 0.283953 0.988384
vt 0.738603 0.801733
vt 0.018857 0.993083
vt 0.021316 0.981832
vt 0.028759 0.993083
vt 0.973313 0.435422
vt 0.022447 0.685317
vt 0.183074 0.622418
vt 0.152553 0.602676
vt 0.143162 0.610828
vt 0.143674 0.600525
vt 0.191088 0.616258
vt 0.327903 0.472924
vt 0.322895 0.448409
vt 0.334793 0.458373
vt 0.334914 0.454185
vt 0.304696 0.446800
vt 0.353373 0.477900
vt 0.346010 0.465255
vt 0.359930 0.471191
vt 0.353740 0.458102
vt 0.345962 0.454679
vt 0.361786 0.467228
vt 0.373637 0.476119
vt 0.372635 0.469351
vt 0.686267 0.807078
vt 0.685009 0.792633
vt 0.362468 0.460414
vt 0.004883 0.834449
vt 0.171532 0.427734
vt 0.265474 0.876323
vt 0.266766 0.871119
vt 0.734580 0.962416
vt 0.730126 0.957046
vt 0.159271 0.408701
vt 0.246213 0.149043
vt 0.248039 0.158476
vt 0.226485 0.142513
vt 0.234605 0.161417
vt 0.994390 0.241572
vt 0.988012 0.245414
vt 0.988012 0.228443
vt 0.231360 0.154431
vt 0.224634 0.161917
vt 0.219961 0.157696
vt 0.508071 0.900793
vt 0.503438 0.895360
vt 0.212949 0.163801
vt 0.289108 0.011216
vt 0.190135 0.353822
vt 0.184947 0.368211
vt 0.847338 0.986795
vt 0.861963 0.989837
vt 0.047799 0.985835
vt 0.043806 0.995339
vt 0.039270 0.985835
vt 0.237496 0.071096
vt 0.442545 0.982813
vt 0.436063 0.989522
vt 0.432612 0.978821
vt 0.895570 0.578468
vt 0.432612 0.991628
vt 0.168037 0.014530
vt 0.995288 0.249320
vt 0.999744 0.260735
vt 0.995288 0.262952
vt 0.151453 0.782753
vt 0.144598 0.774391
vt 0.152053 0.793751
vt 0.144054 0.795066
vt 0.554846 0.995952
vt 0.548942 0.998412
vt 0.548942 0.987173
vt 0.980354 0.862806
vt 0.692149 0.989856
vt 0.926401 0.176764
vt 0.115885 0.454686
vt 0.208307 0.914760
vt 0.158073 0.911792
vt 0.154018 0.917593
vt 0.655706 0.991075
vt 0.890785 0.823903
vt 0.984013 0.567552
vt 0.992603 0.561408
vt 0.992603 0.581228
vt 0.054955 0.992567
vt 0.047885 0.993306
vt 0.050558 0.979911
vt 0.054955 0.976494
vt 0.989130 0.028826
vt 0.995530 0.034007
vt 0.989130 0.044587
vt 0.993288 0.583787
vt 0.988109 0.584311
vt 0.984013 0.581228
vt 0.815081 0.545430
vt 0.099843 0.703956
vt 0.097060 0.710770
vt 0.926574 0.460550
vt 0.810817 0.573579
vt 0.256154 0.986179
vt 0.251256 0.995211
vt 0.247352 0.986179
vt 0.127387 0.902626
vt 0.106030 0.714729
vt 0.584921 0.890889
vt 0.105913 0.721300
vt 0.861963 0.968458
vt 0.104833 0.735064
vt 0.579410 0.888340
vt 0.563278 0.888480
vt 0.493827 0.356977
vt 0.502184 0.352348
vt 0.497126 0.363742
vt 0.302367 0.960085
vt 0.308280 0.968405
vt 0.302367 0.973078
vt 0.119730 0.986969
vt 0.119730 0.998911
vt 0.113611 0.996235
vt 0.549558 0.395609
vt 0.676806 0.916759
vt 0.839684 0.281348
vt 0.848222 0.273466
vt 0.867767 0.283183
vt 0.854599 0.266861
vt 0.840801 0.251167
vt 0.531318 0.279158
vt 0.562698 0.919449
vt 0.984138 0.823135
vt 0.993192 0.818580
vt 0.993192 0.833591
vt 0.786058 0.772291
vt 0.785789 0.757787
vt 0.648690 0.736290
vt 0.647741 0.768231
vt 0.796146 0.929715
vt 0.790589 0.938186
vt 0.541903 0.904521
vt 0.616179 0.512230
vt 0.696813 0.989856
vt 0.696813 0.997942
vt 0.691576 0.993690
vt 0.587667 0.525452
vt 0.199466 0.886730
vt 0.650741 0.521930
vt 0.637984 0.508400
vt 0.642123 0.510833
vt 0.619841 0.506013
vt 0.121413 0.712384
vt 0.127668 0.706677
vt 0.119289 0.704781
vt 0.380488 0.901048
vt 0.375472 0.913270
vt 0.174813 0.980349
vt 0.165399 0.981295
vt 0.296820 0.996039
vt 0.292800 0.983279
vt 0.300540 0.983279
vt 0.632769 0.501498
vt 0.638859 0.503746
vt 0.435995 0.996826
vt 0.432612 0.999155
vt 0.997093 0.431656
vt 0.991376 0.435167
vt 0.991376 0.424883
vt 0.995857 0.418965
vt 0.714939 0.446861
vt 0.127526 0.830917
vt 0.265142 0.877925
vt 0.996024 0.761396
vt 0.996024 0.770594
vt 0.991149 0.764227
vt 0.265142 0.973068
vt 0.113694 0.815830
vt 0.300064 0.718882
vt 0.316883 0.719106
vt 0.139135 0.559250
vt 0.136806 0.553401
vt 0.142263 0.549228
vt 0.140016 0.541863
vt 0.003229 0.554702
vt 0.142965 0.539078
vt 0.376583 0.495528
vt 0.318256 0.491530
vt 0.329849 0.484219
vt 0.564688 0.763928
vt 0.563908 0.772939
vt 0.563278 0.754700
vt 0.289761 0.511402
vt 0.273293 0.522331
vt 0.525733 0.903926
vt 0.178290 0.429739
vt 0.982881 0.434369
vt 0.977549 0.435167
vt 0.435325 0.222423
vt 0.009346 0.699436
vt 0.444170 0.183921
vt 0.940677 0.102534
vt 0.221210 0.398120
vt 0.972994 0.755972
vt 0.930833 0.768252
vt 0.903067 0.658263
vt 0.917342 0.433507
vt 0.939668 0.094300
vt 0.947022 0.103758
vt 0.942713 0.089367
vt 0.807182 0.971965
vt 0.423653 0.302128
vt 0.420391 0.306646
vt 0.416914 0.304312
vt 0.894980 0.606564
vt 0.941390 0.422091
vt 0.965483 0.968334
vt 0.660052 0.991075
vt 0.663483 0.994257
vt 0.660052 0.998837
vt 0.475372 0.903926
vt 0.334141 0.821757
vt 0.924717 0.911355
vt 0.931655 0.810256
vt 0.895228 0.928584
vt 0.329269 0.895065
vt 0.987785 0.156110
vt 0.460677 0.585847
vt 0.528186 0.810529
vt 0.455983 0.583261
vt 0.109890 0.828428
vt 0.105457 0.839536
vt 0.968146 0.561408
vt 0.977929 0.562689
vt 0.875998 0.295229
vt 0.122639 0.573157
vt 0.872122 0.278601
vt 0.723031 0.436952
vt 0.754943 0.341496
vt 0.626757 0.051286
vt 0.613005 0.041147
vt 0.633407 0.034726
vt 0.667291 0.373982
vt 0.689079 0.378751
vt 0.668946 0.696881
vt 0.665414 0.669186
vt 0.733121 0.989653
vt 0.726065 0.994649
vt 0.726065 0.984190
vt 0.978189 0.266824
vt 0.733366 0.997064
vt 0.877442 0.998576
vt 0.872231 0.998609
vt 0.872231 0.989642
vt 0.646921 0.780708
vt 0.646677 0.783967
vt 0.992351 0.658655
vt 0.986425 0.661308
vt 0.400932 0.818193
vt 0.406488 0.823541
vt 0.731496 0.962416
vt 0.047799 0.962151
vt 0.467525 0.965656
vt 0.477727 0.963931
vt 0.042336 0.952913
vt 0.195307 0.984168
vt 0.208307 0.984953
vt 0.716627 0.983585
vt 0.730125 0.754285
vt 0.461015 0.717938
vt 0.004260 0.715812
vt 0.696777 0.467778
vt 0.995909 0.751324
vt 0.177624 0.513387
vt 0.452639 0.455632
vt 0.277864 0.544894
vt 0.318276 0.550680
vt 0.307479 0.549145
vt 0.314733 0.544873
vt 0.514205 0.448758
vt 0.303324 0.540673
vt 0.353294 0.564409
vt 0.933614 0.446801
vt 0.925852 0.438555
vt 0.934077 0.438555
vt 0.243076 0.437134
vt 0.236788 0.436464
vt 0.024303 0.128479
vt 0.022744 0.123355
vt 0.026847 0.119938
vt 0.084418 0.944852
vt 0.044477 0.101250
vt 0.039556 0.096371
vt 0.923518 0.437919
vt 0.939847 0.657547
vt 0.118612 0.021275
vt 0.079441 0.941763
vt 0.083768 0.942582
vt 0.269904 0.868601
vt 0.885273 0.984614
vt 0.235533 0.010339
vt 0.895960 0.538170
vt 0.897331 0.558474
vt 0.898748 0.568074
vt 0.445132 0.990677
vt 0.969997 0.753960
vt 0.999031 0.859079
vt 0.999031 0.873650
vt 0.994176 0.866939
vt 0.123183 0.787715
vt 0.119179 0.616388
vt 0.601185 0.958603
vt 0.832476 0.505529
vt 0.969695 0.030644
vt 0.164619 0.965738
vt 0.154894 0.966033
vt 0.162018 0.961581
vt 0.336753 0.970432
vt 0.162595 0.975722
vt 0.093689 0.952614
vt 0.092246 0.951480
vt 0.164619 0.984530
vt 0.160602 0.980481
vt 0.155743 0.975591
vt 0.154184 0.987504
vt 0.156701 0.984530
vt 0.157277 0.993173
vt 0.511296 0.948095
vt 0.509370 0.949240
vt 0.509370 0.939675
vt 0.472031 0.595221
vt 0.154184 0.995981
vt 0.865009 0.142576
vt 0.089943 0.853643
vt 0.128107 0.891124
vt 0.334802 0.881158
vt 0.183283 0.981295
vt 0.178159 0.992584
vt 0.172967 0.981295
vt 0.636106 0.993354
vt 0.898412 0.667830
vt 0.905814 0.665934
vt 0.380488 0.970266
vt 0.932918 0.564179
vt 0.946988 0.449984
vt 0.984014 0.563792
vt 0.936947 0.452237
vt 0.995364 0.692928
vt 0.999972 0.696322
vt 0.995364 0.704076
vt 0.188913 0.998827
vt 0.183655 0.996025
vt 0.188913 0.985728
vt 0.544967 0.087550
vt 0.996963 0.341909
vt 0.993806 0.345747
vt 0.991377 0.334362
vt 0.996963 0.329114
vt 0.819449 0.764204
vt 0.811923 0.761961
vt 0.799113 0.307958
vt 0.380488 0.987472
vt 0.513374 0.226572
vt 0.507206 0.211781
vt 0.584922 0.989230
vt 0.573083 0.989027
vt 0.584922 0.973240
vt 0.655706 0.971603
vt 0.655706 0.988591
vt 0.987291 0.136852
vt 0.643885 0.837970
vt 0.980689 0.225046
vt 0.990759 0.991146
vt 0.990212 0.995237
vt 0.984684 0.989581
vt 0.984684 0.997304
vt 0.984138 0.772089
vt 0.334802 0.815028
vt 0.932919 0.663122
vt 0.937810 0.661308
vt 0.937810 0.667460
vt 0.761727 0.998920
vt 0.757822 0.993917
vt 0.761727 0.989587
vt 0.421805 0.982097
vt 0.415409 0.995579
vt 0.415409 0.983539
vt 0.423037 0.990123
vt 0.741224 0.487164
vt 0.276985 0.945367
vt 0.268185 0.892121
vt 0.449963 0.978822
vt 0.567466 0.824414
vt 0.566891 0.849093
vt 0.565195 0.838079
vt 0.219212 0.750279
vt 0.205218 0.740963
vt 0.563278 0.806032
vt 0.564293 0.792801
vt 0.209746 0.739751
vt 0.219981 0.731384
vt 0.564608 0.745047
vt 0.147875 0.528729
vt 0.347091 0.589098
vt 0.343683 0.578096
vt 0.330283 0.412331
vt 0.331543 0.420232
vt 0.322243 0.425367
vt 0.287793 0.436948
vt 0.330354 0.252603
vt 0.009863 0.833758
vt 0.969618 0.874007
vt 0.931655 0.980748
vt 0.943441 0.980748
vt 0.937645 0.993726
vt 0.409478 0.298257
vt 0.994805 0.857820
vt 0.994805 0.845072
vt 0.999876 0.848010
vt 0.995174 0.223914
vt 0.987589 0.227600
vt 0.987589 0.218302
vt 0.012068 0.270959
vt 0.980823 0.557577
vt 0.972317 0.553416
vt 0.987144 0.554751
vt 0.387702 0.364115
vt 0.978189 0.329114
vt 0.981323 0.311966
vt 0.988958 0.329114
vt 0.969719 0.552398
vt 0.492995 0.975009
vt 0.038251 0.721367
vt 0.024358 0.686740
vt 0.969587 0.051067
vt 0.834182 0.981947
vt 0.826834 0.990098
vt 0.826834 0.973320
vt 0.751607 0.902873
vt 0.665050 0.995657
vt 0.668348 0.998663
vt 0.663570 0.997902
vt 0.995288 0.267772
vt 0.999067 0.262953
vt 0.999067 0.271312
vt 0.948075 0.662678
vt 0.942980 0.667038
vt 0.116586 0.519772
vt 0.472194 0.595785
vt 0.480786 0.595938
vt 0.041335 0.893934
vt 0.999116 0.609731
vt 0.993702 0.612923
vt 0.993702 0.600386
vt 0.489695 0.594595
vt 0.579054 0.997534
vt 0.573083 0.990492
vt 0.579054 0.989230
vt 0.110269 0.992956
vt 0.105884 0.995900
vt 0.105884 0.988036
vt 0.113611 0.987627
vt 0.757680 0.995676
vt 0.753721 0.998871
vt 0.753721 0.991236
vt 0.338441 0.965582
vt 0.338693 0.968573
vt 0.994326 0.614001
vt 0.989889 0.301571
vt 0.668348 0.991075
vt 0.335147 0.965915
vt 0.439235 0.991628
vt 0.439235 0.999220
vt 0.435995 0.996525
vt 0.483400 0.589537
vt 0.745224 0.994043
vt 0.740493 0.999545
vt 0.740493 0.986694
vt 0.942621 0.461319
vt 0.189014 0.965603
vt 0.852018 0.953057
vt 0.684291 0.942894
vt 0.802773 0.564463
vt 0.890633 0.440527
vt 0.896452 0.445676
vt 0.890633 0.446834
vt 0.093881 0.992848
vt 0.099143 0.987627
vt 0.099143 0.999270
vt 0.955159 0.993777
vt 0.826834 0.907390
vt 0.972998 0.772089
vt 0.944964 0.670024
vt 0.994726 0.484667
vt 0.987144 0.488026
vt 0.987144 0.479204
vt 0.646324 0.435201
vt 0.653081 0.424654
vt 0.110538 0.955595
vt 0.799613 0.581837
vt 0.799809 0.595557
vt 0.995081 0.191165
vt 0.999778 0.195964
vt 0.995081 0.202131
vt 0.632447 0.018812
vt 0.628056 0.016275
vt 0.417794 0.877452
vt 0.425425 0.882227
vt 0.408599 0.877977
vt 0.486011 0.088286
vt 0.492303 0.084684
vt 0.508418 0.910817
vt 0.984138 0.859079
vt 0.780569 0.836664
vt 0.644065 0.776492
vt 0.836773 0.991822
vt 0.841430 0.993627
vt 0.836773 0.999648
vt 0.805740 0.893619
vt 0.901051 0.997230
vt 0.893921 0.996148
vt 0.900097 0.989800
vt 0.987291 0.140721
vt 0.989946 0.136890
vt 0.989946 0.142779
vt 0.893921 0.984614
vt 0.814606 0.991169
vt 0.820285 0.996390
vt 0.814606 0.997998
vt 0.557117 0.961757
vt 0.563278 0.963155
vt 0.612705 0.919195
vt 0.608599 0.929759
vt 0.608599 0.917368
vt 0.840541 0.989457
vt 0.612295 0.913670
vt 0.616404 0.926850
vt 0.799460 0.897238
vt 0.820608 0.988560
vt 0.256809 0.986179
vt 0.388512 0.998986
vt 0.613273 0.936815
vt 0.992492 0.502281
vt 0.122818 0.872042
vt 0.476006 0.983586
vt 0.481601 0.988156
vt 0.476006 0.998075
vt 0.125047 0.879433
vt 0.612204 0.977560
vt 0.548268 0.972207
vt 0.540113 0.981884
vt 0.542779 0.974029
vt 0.548268 0.986842
vt 0.505585 0.749989
vt 0.508002 0.756419
vt 0.534169 0.980019
vt 0.995334 0.271628
vt 0.681709 0.499715
vt 0.502089 0.745380
vt 1.000000 0.111833
vt 1.000000 0.122558
vt 0.995719 0.114926
vt 0.714841 0.973987
vt 0.984125 0.266824
vt 0.445447 0.760642
vt 0.709005 0.663380
vt 0.004010 0.447383
vt 0.265142 0.945367
vt 0.271773 0.956657
vt 0.146626 0.989010
vt 0.138166 0.994467
vt 0.138166 0.982715
vt 0.245670 0.525266
vt 0.414111 0.524692
vt 0.402519 0.511797
vt 0.407394 0.506025
vt 0.409736 0.503832
s 1
usemtl FusedMaterial
f 24/1/1 12/2/2 122/3/3
f 138/4/4 246/5/5 489/6/6
f 138/4/4 489/6/6 240/7/7
f 247/8/8 489/6/6 11/9/9
f 240/7/7 489/6/6 247/8/8
f 126/10/10 240/7/7 247/8/8
f 153/11/11 138/4/4 240/7/7
f 153/11/11 240/7/7 126/10/10
f 269/12/12 153/11/11 126/10/10
f 247/8/8 11/9/9 148/13/13
f 77/14/14 249/15/15 298/16/16
f 298/16/16 249/15/15 126/10/10
f 265/17/17 126/10/10 249/15/15
f 269/12/12 126/10/10 265/17/17
f 153/11/11 225/18/18 497/19/19
f 220/20/20 225/18/18 153/11/11
f 153/11/11 269/12/12 220/20/20
f 220/20/20 269/12/12 265/17/17
f 281/21/21 293/22/22 72/23/23
f 276/24/24 64/25/25 499/26/26
f 499/26/26 64/25/25 72/27/23
f 293/22/22 499/28/26 72/23/23
f 499/26/26 519/29/27 276/24/24
f 779/30/28 276/24/24 519/29/27
f 519/29/27 499/26/26 481/31/29
f 321/32/30 779/30/28 521/33/31
f 384/34/32 521/33/31 779/30/28
f 776/35/33 521/33/31 384/34/32
f 508/36/34 415/37/35 500/38/36
f 500/38/36 415/37/35 521/33/31
f 384/34/32 779/30/28 519/29/27
f 519/29/27 295/39/37 776/35/33
f 500/38/36 521/33/31 776/35/33
f 356/40/38 500/38/36 776/35/33
f 356/40/38 337/41/39 500/38/36
f 127/42/40 414/43/41 458/44/42
f 174/45/43 127/42/40 145/46/44
f 149/47/45 127/42/40 174/45/43
f 414/43/41 127/42/40 149/47/45
f 174/45/43 250/48/46 149/47/45
f 837/49/47 414/43/41 448/50/48
f 414/43/41 149/47/45 448/50/48
f 174/45/43 145/46/44 459/51/49
f 435/52/50 174/45/43 459/51/49
f 175/53/51 174/54/43 435/55/50
f 149/47/45 409/56/52 448/50/48
f 409/56/52 149/47/45 553/57/53
f 553/57/53 149/47/45 250/48/46
f 374/58/54 553/57/53 250/48/46
f 835/59/55 464/60/56 841/61/57
f 546/62/58 448/50/48 409/56/52
f 464/60/56 448/50/48 546/62/58
f 841/61/57 464/60/56 388/63/59
f 611/64/60 635/65/61 625/66/62
f 635/65/61 611/64/60 648/67/63
f 596/68/64 584/69/65 595/70/66
f 618/71/67 785/72/68 909/73/69
f 909/73/69 785/72/68 936/74/70
f 609/75/71 650/76/72 788/77/73
f 662/78/74 789/79/75 655/80/76
f 791/81/77 789/79/75 662/78/74
f 675/82/78 989/83/79 76/84/80
f 307/85/81 76/86/80 989/87/79
f 675/82/78 76/84/80 312/88/82
f 307/85/81 333/89/83 79/90/84
f 669/91/85 797/92/86 808/93/87
f 669/91/85 810/94/88 797/92/86
f 802/95/89 823/96/90 810/94/88
f 802/95/89 810/94/88 669/91/85
f 669/91/85 808/93/87 802/95/89
f 805/97/91 802/95/89 678/98/92
f 808/93/87 353/99/93 366/100/94
f 687/101/95 808/93/87 366/100/94
f 687/101/95 366/100/94 692/102/96
f 808/93/87 678/98/92 802/95/89
f 803/103/97 389/104/98 823/96/90
f 803/103/97 823/96/90 802/95/89
f 404/105/99 389/104/98 803/103/97
f 724/106/100 429/107/101 419/108/102
f 444/109/103 440/110/104 722/111/105
f 451/112/106 449/113/107 751/114/108
f 751/114/108 758/115/109 451/112/106
f 455/116/110 858/117/111 853/118/112
f 759/119/113 455/116/110 853/118/112
f 759/119/113 853/118/112 432/120/114
f 432/121/114 738/122/115 759/123/113
f 759/119/113 730/124/116 455/116/110
f 467/125/117 455/116/110 730/124/116
f 467/126/117 761/127/118 456/128/119
f 891/129/120 611/130/60 868/131/121
f 868/131/121 611/130/60 625/132/62
f 611/130/60 891/129/120 870/133/122
f 941/134/123 625/135/62 635/136/61
f 635/65/61 648/67/63 941/137/123
f 592/138/124 952/139/125 964/140/126
f 592/141/124 960/142/127 952/143/125
f 941/137/123 648/67/63 964/144/126
f 592/141/124 964/144/126 616/145/128
f 960/146/127 639/147/129 1197/148/130
f 1197/148/130 639/147/129 996/149/131
f 996/150/131 639/151/129 649/152/132
f 1003/153/133 865/154/134 651/155/135
f 1218/156/136 1003/157/133 651/158/135
f 1218/156/136 651/158/135 905/159/137
f 137/160/138 315/161/139 944/162/140
f 1166/163/141 137/160/138 944/162/140
f 143/164/142 137/165/138 1166/166/141
f 1166/166/141 681/167/143 143/164/142
f 681/167/143 993/168/144 343/169/145
f 311/170/146 343/169/145 993/168/144
f 947/171/147 311/170/146 993/168/144
f 844/172/148 691/173/149 700/174/150
f 994/175/151 746/176/152 992/177/153
f 994/175/151 998/178/154 746/176/152
f 998/178/154 770/179/155 746/176/152
f 1132/180/156 747/181/157 754/182/158
f 1127/183/159 1132/180/156 754/182/158
f 1253/184/160 1132/180/156 1127/183/159
f 1127/183/159 754/182/158 1137/185/161
f 714/186/162 1127/183/159 1137/185/161
f 1137/185/161 754/182/158 712/187/163
f 839/188/164 714/186/162 1137/185/161
f 1137/185/161 739/189/165 753/190/166
f 744/191/167 1137/185/161 753/190/166
f 839/188/164 1137/185/161 744/191/167
f 1174/192/168 1250/193/169 1153/194/170
f 1198/195/171 1174/192/168 1153/194/170
f 915/196/172 1251/197/173 1174/192/168
f 915/196/172 1174/192/168 1199/198/174
f 1088/199/175 915/196/172 1199/198/174
f 1198/195/171 928/200/176 1199/198/174
f 1088/199/175 1199/198/174 928/200/176
f 1151/201/177 628/202/178 1063/203/179
f 1063/203/179 963/204/180 1151/201/177
f 963/204/180 1227/205/181 1151/201/177
f 1198/195/171 1202/206/182 1256/207/183
f 1256/207/183 1202/206/182 906/208/184
f 1202/206/182 1227/205/181 963/204/180
f 906/208/184 1202/206/182 963/204/180
f 891/129/120 868/131/121 1258/209/185
f 1259/210/186 891/129/120 1258/209/185
f 1258/209/185 868/131/121 1160/211/187
f 960/146/127 1197/148/130 1312/212/188
f 1312/212/188 1197/148/130 1191/213/189
f 935/214/190 1157/215/191 1335/216/192
f 1335/216/192 1157/215/191 1340/217/193
f 1340/217/193 1157/215/191 1270/218/194
f 1340/217/193 1270/218/194 1400/219/195
f 1270/218/194 1189/220/196 1400/219/195
f 1400/219/195 1205/221/197 1541/222/198
f 1189/220/196 1205/221/197 1400/219/195
f 1205/221/197 1268/223/199 1541/222/198
f 1268/223/199 1176/224/200 1507/225/201
f 1176/224/200 1345/226/202 1507/225/201
f 1319/227/203 1318/228/204 1435/229/205
f 1435/229/205 1450/230/206 1319/227/203
f 1553/231/207 1165/232/208 1352/233/209
f 1352/233/209 919/234/210 1463/235/211
f 885/236/212 1288/237/213 1468/238/214
f 1470/239/215 919/240/210 1331/241/216
f 1463/242/211 919/240/210 1470/239/215
f 1468/238/214 1488/243/217 885/236/212
f 1482/244/218 1376/245/219 1487/246/220
f 1570/247/221 1400/219/195 1541/222/198
f 1507/225/201 1345/226/202 1514/248/222
f 1516/249/223 1523/250/224 1458/251/225
f 1452/252/226 1588/253/227 1374/254/228
f 1390/255/229 1536/256/230 1624/257/231
f 1469/258/232 1390/259/229 1624/260/231
f 1636/261/233 1508/262/234 1469/258/232
f 1644/263/235 1550/264/236 1542/265/237
f 1495/266/238 1490/267/239 1642/268/240
f 1633/269/241 1711/270/242 1382/271/243
f 1711/270/242 1567/272/244 1382/271/243
f 1692/273/245 1647/274/246 1432/275/247
f 1367/276/248 1432/275/247 1647/274/246
f 1315/277/249 1498/278/250 1651/279/251
f 1647/274/246 1498/278/250 1367/276/248
f 1572/280/252 1517/281/253 1701/282/254
f 1517/281/253 1519/283/255 1701/282/254
f 1701/284/254 1519/285/255 1655/286/256
f 1662/287/257 1433/288/258 1663/289/259
f 1640/290/260 1571/291/261 1721/292/262
f 1571/291/261 1653/293/263 1721/292/262
f 1588/253/227 1452/252/226 1640/290/260
f 1689/294/264 1839/295/265 1508/296/234
f 1619/297/266 1508/296/234 1839/295/265
f 1839/298/265 1722/299/267 1619/300/266
f 1766/301/268 1777/302/269 1527/303/270
f 1527/304/270 1778/305/271 1635/306/272
f 1583/307/273 1535/308/274 1709/309/275
f 1709/309/275 1821/310/276 1583/307/273
f 1839/298/265 1817/311/277 1722/299/267
f 1968/312/278 1765/313/279 1770/314/280
f 1770/315/280 1907/316/281 1968/317/278
f 1907/318/281 1770/314/280 1723/319/282
f 1907/318/281 1723/319/282 1922/320/283
f 1723/321/282 1796/322/284 1991/323/285
f 1991/324/285 1922/320/283 1723/319/282
f 1594/325/286 1753/326/287 1934/327/288
f 1759/328/289 1594/329/286 1934/330/288
f 2041/331/290 1625/332/291 2053/333/292
f 1995/334/293 2066/335/294 1998/336/295
f 1998/337/295 2072/338/296 1925/339/297
f 2030/340/298 1925/341/297 2072/342/296
f 2072/343/296 2128/344/299 2030/345/298
f 1954/346/300 1925/341/297 2030/340/298
f 2056/347/301 1844/348/302 2117/349/303
f 2117/349/303 1844/348/302 2122/350/304
f 2122/350/304 1758/351/305 2136/352/306
f 2136/352/306 1758/351/305 2358/353/307
f 2358/353/307 1758/351/305 1888/354/308
f 2112/355/309 1962/356/310 2198/357/311
f 1965/358/312 2198/357/311 1962/356/310
f 2198/359/311 1965/360/312 2205/361/313
f 1972/362/314 2205/363/313 1965/358/312
f 1972/362/314 2029/364/315 2209/365/316
f 2209/366/316 2029/367/315 2206/368/317
f 2041/331/290 2053/333/292 2105/369/318
f 2226/370/319 1945/371/320 2166/372/321
f 2017/373/322 2012/374/323 2230/375/324
f 2237/376/325 1937/377/326 2022/378/327
f 2184/379/328 2114/380/329 2271/381/330
f 2225/382/331 2023/383/332 2143/384/333
f 2075/385/334 2071/386/335 2372/387/336
f 2071/386/335 2165/388/337 2372/387/336
f 2126/389/338 2102/390/339 2341/391/340
f 2140/392/341 2126/393/338 2435/394/342
f 2109/395/343 2185/396/344 2559/397/345
f 2559/398/345 2495/399/346 2109/400/343
f 2315/401/347 2109/402/343 2495/403/346
f 2199/404/348 2192/405/349 2513/406/350
f 2513/406/350 2325/407/351 2199/404/348
f 2597/408/352 2236/409/353 2459/410/354
f 2459/410/354 2236/409/353 2359/411/355
f 2359/412/355 2247/413/356 2488/414/357
f 2247/413/356 1988/415/358 2488/414/357
f 2488/414/357 1988/415/358 2490/416/359
f 2324/417/360 2257/418/361 2579/419/362
f 2308/420/363 2388/421/364 2497/422/365
f 2498/423/366 2308/420/363 2497/422/365
f 2234/424/367 2308/420/363 2498/423/366
f 2391/425/368 2569/426/369 2397/427/370
f 2569/428/369 2230/375/324 2397/429/370
f 2569/428/369 2470/430/371 2230/375/324
f 2391/425/368 2226/370/319 2500/431/372
f 2166/372/321 2500/431/372 2226/370/319
f 2166/372/321 2234/432/367 2498/433/366
f 2186/434/373 2514/435/374 2189/436/375
f 2186/434/373 2202/437/376 2539/438/377
f 2363/439/378 2181/440/379 2466/441/380
f 2514/435/374 2466/441/380 2189/436/375
f 2539/438/377 2285/442/381 2586/443/382
f 2202/437/376 2285/442/381 2539/438/377
f 2466/441/380 2581/444/383 2363/439/378
f 2719/445/384 2363/446/378 2581/447/383
f 2525/448/385 2363/446/378 2719/445/384
f 2586/443/382 2281/449/386 2631/450/387
f 2631/451/387 2539/452/377 2586/453/382
f 2281/449/386 2431/454/388 2631/450/387
f 2374/455/389 2634/456/390 2461/457/391
f 2410/458/392 2478/459/393 2813/460/394
f 2508/461/395 2698/462/396 2340/463/397
f 2698/462/396 2351/464/398 2340/463/397
f 2698/465/396 2519/466/399 2351/467/398
f 2623/468/400 2334/469/401 2668/470/402
f 2632/471/403 2672/472/404 2424/473/405
f 2632/471/403 2534/474/406 2845/475/407
f 2767/476/408 2534/474/406 2537/477/409
f 2664/478/410 2741/479/411 2367/480/412
f 2367/480/412 2741/479/411 2446/481/413
f 2446/481/413 2741/479/411 2748/482/414
f 2753/483/415 2455/484/416 2748/485/414
f 2753/486/415 2556/487/417 2455/488/416
f 2748/482/414 2547/489/418 2446/481/413
f 2533/490/419 2556/491/417 2776/492/420
f 2556/487/417 2753/486/415 2776/493/420
f 2776/492/420 2781/494/421 2533/490/419
f 2781/495/421 2743/496/422 2533/497/419
f 2588/498/423 2399/499/424 2411/500/425
f 2812/501/426 2585/502/427 2493/503/428
f 3083/504/429 2730/505/430 2721/506/431
f 3035/507/432 2838/508/433 2758/509/434
f 2838/508/433 3097/510/435 2758/509/434
f 2789/511/436 2728/512/437 3090/513/438
f 3083/504/429 2721/506/431 3090/513/438
f 2721/506/431 2789/511/436 3090/513/438
f 2789/511/436 2721/506/431 2709/514/439
f 2673/515/440 2847/516/441 3015/517/442
f 2847/516/441 2673/515/440 2826/518/443
f 3094/519/444 2847/516/441 2874/520/445
f 2847/516/441 2826/518/443 2874/520/445
f 2874/520/445 2826/518/443 2677/521/446
f 2980/522/447 2775/523/448 2757/524/449
f 2980/522/447 2757/524/449 2985/525/450
f 2980/522/447 2786/526/451 2775/523/448
f 3001/527/452 2985/525/450 2800/528/453
f 3196/529/454 2666/530/455 2629/531/456
f 2482/532/457 2633/533/458 2820/534/459
f 3313/535/460 2882/536/461 2875/537/462
f 3323/538/463 2875/537/462 2898/539/464
f 2904/540/465 3323/541/463 2898/542/464
f 2922/543/466 2919/544/467 3186/545/468
f 2922/543/466 3186/545/468 2924/546/469
f 2919/544/467 3234/547/470 3186/545/468
f 3341/548/471 2904/549/465 2924/546/469
f 3186/545/468 3341/548/471 2924/546/469
f 2981/550/472 3250/551/473 3257/552/474
f 2990/553/475 3250/551/473 2981/550/472
f 2996/554/476 2981/550/472 3257/552/474
f 3028/555/477 3010/556/478 3264/557/479
f 3257/552/474 3010/556/478 2996/554/476
f 2996/554/476 3010/556/478 3068/558/480
f 3068/558/480 3062/559/481 2996/554/476
f 3068/558/480 3271/560/482 3075/561/483
f 3028/555/477 3271/560/482 3068/558/480
f 3271/560/482 3073/562/484 3075/561/483
f 3271/560/482 3276/563/485 3073/562/484
f 3166/564/486 3282/565/487 2874/520/445
f 2862/566/488 2844/567/489 3281/568/490
f 2966/569/491 2636/570/492 3334/571/493
f 3334/571/493 3385/572/494 2966/569/491
f 3352/573/495 3169/574/496 3353/575/497
f 3169/576/496 3170/577/498 3353/578/497
f 3357/579/499 3353/580/497 3170/581/498
f 3170/581/498 3290/582/500 3357/579/499
f 3147/583/501 3294/584/502 3365/585/503
f 3294/586/502 3313/587/460 3414/588/504
f 3323/541/463 2904/540/465 3437/589/505
f 3414/590/504 3313/535/460 3323/538/463
f 2904/591/465 3341/592/471 3437/593/505
f 3341/548/471 3186/545/468 3429/594/506
f 3435/595/507 3371/596/508 3445/597/509
f 3453/598/510 3315/599/511 3476/600/512
f 3409/601/513 3315/599/511 3453/598/510
f 3467/602/514 3342/603/515 3457/604/516
f 3469/605/517 3342/603/515 3467/602/514
f 3335/606/518 2571/607/519 3482/608/520
f 2571/607/519 3428/609/521 3482/608/520
f 3478/610/522 3335/606/518 3482/608/520
f 3469/611/517 3427/612/523 3342/613/515
f 3490/614/524 3427/612/523 3469/611/517
f 3490/615/524 3428/616/521 3427/617/523
f 3490/618/524 3487/619/525 3428/620/521
f 3452/621/526 3512/622/527 3316/623/528
f 3512/622/527 3524/624/529 3316/623/528
f 3382/625/530 3524/624/529 3389/626/531
f 3533/627/532 3400/628/533 3389/629/531
f 3678/630/534 3616/631/535 3511/632/536
f 3678/630/534 3511/632/536 3435/633/507
f 3517/634/537 3460/635/538 3585/636/539
f 3460/637/538 3420/638/540 3585/639/539
f 3420/640/540 3655/641/541 3585/636/539
f 3729/642/542 3576/643/543 3572/644/544
f 3661/645/545 3396/646/546 3660/647/547
f 3641/648/548 3526/649/549 3425/650/550
f 3535/651/551 3526/649/549 3668/652/552
f 3629/653/553 3611/654/554 3608/655/555
f 3683/656/556 3629/653/553 3608/655/555
f 3683/657/556 3684/658/557 3629/659/553
f 3620/660/558 3629/659/553 3684/658/557
f 3684/658/557 3686/661/559 3620/660/558
f 3636/662/560 3609/663/561 3552/664/562
f 3628/665/563 3687/666/564 3741/667/565
f 3787/668/566 3686/669/559 3761/670/567
f 3787/668/566 3694/671/568 3686/669/559
f 3694/672/568 3805/673/569 3698/674/570
f 3687/666/564 3658/675/571 3848/676/572
f 3848/677/572 3658/678/571 3808/679/573
f 3673/680/574 3808/681/573 3658/682/571
f 3705/683/575 3699/684/576 3871/685/577
f 3699/686/576 3698/674/570 3805/673/569
f 3822/687/578 3666/688/579 3813/689/580
f 3741/667/565 3815/690/581 3628/665/563
f 3815/690/581 3813/689/580 3628/665/563
f 3666/688/579 3628/665/563 3813/689/580
f 3822/687/578 3817/691/582 3721/692/583
f 3721/692/583 3666/688/579 3822/687/578
f 3741/667/565 3687/666/564 3819/693/584
f 3931/694/585 3694/671/568 3787/668/566
f 3931/695/585 3805/696/569 3694/697/568
f 3819/693/584 3687/666/564 3848/676/572
f 3808/698/573 3851/699/586 3848/700/572
f 3673/680/574 3742/701/587 3808/681/573
f 3871/702/577 3866/703/588 3705/704/575
f 3783/705/589 3705/704/575 3866/703/588
f 3805/673/569 3871/702/577 3699/686/576
f 3900/706/590 3839/707/591 3722/708/592
f 3792/709/593 3723/710/594 3839/707/591
f 3795/711/595 3796/712/596 3757/713/597
f 3793/714/598 3889/715/599 3794/716/600
f 4083/717/601 3939/718/602 4006/719/603
f 3812/720/604 3939/718/602 4083/717/601
f 4038/721/605 4000/722/606 4077/723/607
f 4077/723/607 4000/722/606 4132/724/608
f 4000/722/606 3864/725/609 4132/724/608
f 4132/726/608 3864/727/609 3937/728/610
f 3967/729/611 4022/730/612 4048/731/613
f 4112/732/614 3847/733/615 4113/734/616
f 4119/735/617 4113/734/616 3992/736/618
f 4119/735/617 3992/736/618 3929/737/619
f 4162/738/620 4051/739/621 4028/740/622
f 4099/741/623 4065/742/624 3991/743/625
f 4187/744/626 4076/745/627 4099/746/623
f 4082/747/628 4076/748/627 4187/749/626
f 4196/750/629 4082/747/628 4187/749/626
f 4087/751/630 4082/752/628 4196/753/629
f 4196/753/629 4137/754/631 4087/751/630
f 4162/738/620 4028/740/622 4221/755/632
f 4221/755/632 4028/740/622 4205/756/633
f 4028/740/622 4106/757/634 4205/756/633
f 4254/758/635 4103/759/636 4215/760/637
f 4215/760/637 4171/761/638 4303/762/639
f 4275/763/640 4140/764/641 4315/765/642
f 4315/765/642 4140/764/641 4135/766/643
f 4275/763/640 4279/767/644 4140/764/641
f 4279/768/644 4178/769/645 4140/770/641
f 4240/771/646 4178/772/645 4279/767/644
f 4233/773/647 4290/774/648 4246/775/649
f 4290/774/648 4403/776/650 4246/775/649
f 4192/777/651 4246/775/649 4403/776/650
f 4299/778/652 4192/777/651 4403/776/650
f 4299/778/652 4153/779/653 4192/777/651
f 4324/780/654 4153/779/653 4299/778/652
f 4220/781/655 4153/779/653 4324/780/654
f 4345/782/656 4253/783/657 4255/784/658
f 4255/784/658 4266/785/659 4349/786/660
f 4349/786/660 4266/785/659 4293/787/661
f 4356/788/662 4223/789/663 4288/790/664
f 4349/786/660 4293/787/661 4470/791/665
f 4470/791/665 4293/787/661 4441/792/666
f 4441/792/666 4293/787/661 4329/793/667
f 4396/794/668 4327/795/669 4435/796/670
f 4450/797/671 4435/796/670 4321/798/672
f 4435/796/670 4327/795/669 4321/798/672
f 4437/799/673 4321/798/672 4319/800/674
f 4437/799/673 4319/800/674 4326/801/675
f 4444/802/676 4489/803/677 4453/804/678
f 4433/805/679 4453/804/678 4489/803/677
f 4588/806/680 4462/807/681 4433/808/679
f 4517/809/682 4615/810/683 4532/811/684
f 4622/812/685 4532/813/684 4615/814/683
f 4627/815/686 4622/816/685 4615/810/683
f 4540/817/687 4622/816/685 4627/815/686
f 4627/815/686 4616/818/688 4540/817/687
f 4540/817/687 4616/818/688 4621/819/689
f 4540/817/687 4532/811/684 4622/816/685
f 4480/820/690 4447/821/691 4554/822/692
f 4824/823/693 4554/822/692 4447/821/691
f 4447/821/691 4457/824/694 4608/825/695
f 4608/825/695 4824/823/693 4447/821/691
f 4767/826/696 4519/827/697 4523/828/698
f 4661/829/699 4767/830/696 4523/831/698
f 4661/829/699 4523/831/698 4494/832/700
f 4760/833/701 4661/829/699 4494/832/700
f 4760/833/701 4494/832/700 4678/834/702
f 4678/835/702 4494/836/700 4551/837/703
f 4678/834/702 4514/838/704 4710/839/705
f 4551/840/703 4514/838/704 4678/834/702
f 4725/841/706 4832/842/707 4823/843/708
f 4496/844/709 4562/845/710 4841/846/711
f 4841/846/711 4823/843/708 4852/847/712
f 4496/844/709 4841/846/711 4852/847/712
f 4823/843/708 4832/842/707 4852/847/712
f 4861/848/713 4832/842/707 4725/841/706
f 4496/844/709 4852/847/712 4583/849/714
f 4852/847/712 4832/842/707 4583/849/714
f 4861/848/713 4583/849/714 4832/842/707
f 4583/849/714 4861/848/713 4866/850/715
f 4660/851/716 4836/852/717 4666/853/718
f 4836/852/717 4873/854/719 4666/853/718
f 4873/854/719 4681/855/720 4666/853/718
f 4694/856/721 4681/855/720 4873/854/719
f 4873/854/719 4735/857/722 4694/856/721
f 4735/857/722 4873/854/719 4676/858/723
f 4694/856/721 4735/857/722 4566/859/724
f 4735/857/722 4564/860/725 4566/859/724
f 4680/861/726 4564/860/725 4735/857/722
f 4955/862/727 4641/863/728 4897/864/729
f 4673/865/730 4641/863/728 4955/862/727
f 4733/866/731 4922/867/732 4556/868/733
f 4652/869/734 4668/870/735 4673/865/730
f 4511/871/736 4673/865/730 4668/870/735
f 4927/872/737 4919/873/738 4959/874/739
f 4959/874/739 4919/873/738 4684/875/740
f 4931/876/741 4927/872/737 4959/874/739
f 4931/876/741 4684/875/740 4744/877/742
f 4959/874/739 4684/875/740 4931/876/741
f 4957/878/743 4932/879/744 4910/880/745
f 4899/881/746 4932/879/744 4957/878/743
f 143/882/142 11/9/9 137/883/138
f 256/884/747 60/885/748 17/886/749
f 53/887/750 48/888/751 18/889/752
f 241/890/753 231/891/754 101/892/755
f 89/893/756 24/1/1 84/894/757
f 84/894/757 259/895/758 231/891/754
f 259/895/758 84/894/757 24/1/1
f 89/896/756 90/897/759 12/898/2
f 12/2/2 24/1/1 89/893/756
f 259/895/758 24/1/1 109/899/760
f 231/891/754 259/895/758 101/892/755
f 259/895/758 110/900/761 101/892/755
f 532/901/762 101/892/755 110/900/761
f 110/900/761 259/895/758 109/899/760
f 109/899/760 163/902/763 110/900/761
f 267/903/764 123/904/765 155/905/766
f 167/906/767 123/904/765 267/903/764
f 167/906/767 267/903/764 172/907/768
f 155/905/766 177/908/769 267/903/764
f 177/908/769 236/909/770 267/903/764
f 271/910/771 172/907/768 267/903/764
f 271/910/771 267/903/764 236/909/770
f 271/910/771 40/911/772 29/912/773
f 236/909/770 40/911/772 271/910/771
f 507/913/774 490/914/775 491/915/776
f 490/914/775 296/916/777 524/917/778
f 526/918/779 527/919/780 296/916/777
f 96/920/781 490/914/775 524/917/778
f 491/915/776 490/914/775 103/921/782
f 103/921/782 490/914/775 96/920/781
f 536/922/783 507/913/774 491/915/776
f 549/923/784 536/922/783 491/915/776
f 549/923/784 491/915/776 103/921/782
f 103/921/782 555/924/785 549/923/784
f 96/920/781 199/925/786 103/921/782
f 74/926/787 296/916/777 527/919/780
f 524/917/778 296/916/777 74/926/787
f 119/927/788 524/917/778 74/926/787
f 96/920/781 524/917/778 119/927/788
f 407/928/789 545/929/790 552/930/791
f 387/931/792 575/932/793 407/928/789
f 390/933/794 407/928/789 552/930/791
f 200/934/795 181/935/796 569/936/797
f 213/937/798 569/936/797 181/935/796
f 813/938/799 200/934/795 427/939/800
f 427/939/800 200/934/795 569/936/797
f 450/940/801 427/939/800 569/936/797
f 450/940/801 569/936/797 213/937/798
f 594/941/802 309/942/803 310/943/804
f 310/943/804 589/944/805 594/941/802
f 594/941/802 589/944/805 628/202/178
f 335/945/806 310/943/804 486/946/807
f 589/944/805 310/943/804 335/945/806
f 589/944/805 335/945/806 494/947/808
f 811/948/809 368/949/810 367/950/811
f 385/951/812 696/952/813 376/953/814
f 696/954/813 365/955/815 376/956/814
f 365/955/815 168/957/816 376/956/814
f 852/958/817 832/959/818 707/960/819
f 827/961/820 707/960/819 832/959/818
f 827/961/820 832/959/818 713/962/821
f 393/963/822 713/962/821 849/964/823
f 849/964/823 713/962/821 832/959/818
f 393/963/822 849/964/823 853/118/112
f 858/117/111 393/963/822 853/118/112
f 290/965/824 593/966/825 590/967/826
f 345/968/827 659/969/828 908/970/829
f 908/970/829 647/971/830 345/968/827
f 949/972/831 299/973/832 1226/974/833
f 949/972/831 590/967/826 593/966/825
f 593/966/825 299/973/832 949/972/831
f 299/973/832 610/975/834 1226/974/833
f 1100/976/835 939/977/836 631/978/837
f 939/977/836 663/979/838 631/978/837
f 939/977/836 670/980/839 663/979/838
f 942/981/840 637/982/841 670/980/839
f 790/983/842 637/982/841 942/981/840
f 950/984/843 942/981/840 1113/985/844
f 942/981/840 670/980/839 1113/985/844
f 1060/986/845 923/987/846 981/988/847
f 1001/989/848 975/990/849 1119/991/850
f 1021/992/851 1001/989/848 1119/991/850
f 1034/993/852 933/994/853 706/995/854
f 1032/996/855 1119/991/850 975/990/849
f 1007/997/856 1119/991/850 1032/996/855
f 1097/998/857 1119/991/850 1007/997/856
f 1021/992/851 1119/991/850 1097/998/857
f 670/980/839 939/977/836 1047/999/858
f 1113/985/844 670/980/839 1047/999/858
f 950/984/843 1113/985/844 789/79/75
f 1113/985/844 655/80/76 789/79/75
f 939/977/836 1021/992/851 1094/1000/859
f 1047/999/858 939/977/836 1094/1000/859
f 1094/1000/859 1113/985/844 1047/999/858
f 1113/985/844 1094/1000/859 1111/1001/860
f 1155/1002/861 876/1003/862 897/1004/863
f 876/1005/862 884/1006/864 897/1007/863
f 1182/1008/865 1155/1009/861 897/1010/863
f 924/1011/866 934/1012/867 1182/1013/865
f 1192/1014/868 1182/1013/865 934/1012/867
f 897/1015/863 924/1011/866 1182/1013/865
f 1192/1016/868 934/1017/867 1201/1018/869
f 1201/1018/869 934/1017/867 961/1019/870
f 1236/1020/871 1215/1021/872 331/1022/873
f 682/1023/874 1236/1020/871 331/1022/873
f 461/1024/875 1023/1025/876 1224/1026/877
f 1154/1027/878 922/1028/879 1350/1029/880
f 922/1030/879 925/1031/881 1271/1032/882
f 1271/1032/882 1350/1033/880 922/1030/879
f 633/1034/883 1338/1035/884 985/1036/885
f 1417/1037/886 1015/1038/887 399/1039/888
f 985/1036/885 1417/1037/886 399/1039/888
f 1221/1040/889 731/1041/890 1315/277/249
f 1349/1042/891 1193/1043/892 1346/1044/893
f 1290/1045/894 1193/1043/892 1349/1042/891
f 1378/1046/895 1371/1047/896 1190/1048/897
f 1190/1048/897 1307/1049/898 1378/1046/895
f 1378/1046/895 1307/1049/898 1314/1050/899
f 1339/1051/900 1358/1052/901 1271/1032/882
f 1467/1053/902 1339/1051/900 1155/1002/861
f 1415/1054/903 1413/1055/904 1292/1056/905
f 1292/1056/905 1295/1057/906 1415/1054/903
f 1295/1057/906 1201/1018/869 1491/1058/907
f 1491/1058/907 1201/1018/869 1426/1059/908
f 1201/1018/869 1152/1060/909 1426/1059/908
f 1426/1059/908 1152/1060/909 1272/1061/910
f 1278/1062/911 1476/1063/912 1478/1064/913
f 1579/1065/914 1278/1062/911 1478/1064/913
f 1024/1066/915 1278/1062/911 1579/1065/914
f 1363/1067/916 1024/1066/915 1579/1065/914
f 1524/1068/917 1320/1069/918 1366/1070/919
f 1527/303/270 1320/1069/918 1524/1068/917
f 1346/1071/893 1320/1069/918 1527/303/270
f 1290/1045/894 1349/1042/891 1530/1072/920
f 1562/1073/921 1340/217/193 1570/247/221
f 1340/217/193 1400/219/195 1570/247/221
f 1498/278/250 1315/277/249 1417/1037/886
f 1399/1074/922 1555/1075/923 1641/1076/924
f 1668/1077/925 1659/1078/926 1593/1079/927
f 1668/1080/925 1593/1081/927 1671/1082/928
f 1598/1083/929 1671/1082/928 1593/1081/927
f 1599/1084/930 1544/1085/931 1394/1086/932
f 1403/1087/933 1399/1074/922 1641/1076/924
f 1657/1088/934 1453/1089/935 1652/1090/936
f 1439/1091/937 1511/1092/938 1666/1093/939
f 1520/1094/940 1710/1095/941 1511/1092/938
f 1724/1096/942 1439/1097/937 1666/1098/939
f 1386/1099/943 1439/1097/937 1724/1096/942
f 1602/1100/944 1386/1101/943 1724/1102/942
f 1644/263/235 1737/1103/945 1620/1104/946
f 1737/1103/945 1631/1105/947 1620/1104/946
f 1495/266/238 1642/268/240 1787/1106/948
f 1849/1107/949 1704/1108/950 1539/1109/951
f 1850/1110/952 1491/1058/907 1883/1111/953
f 1491/1058/907 1426/1059/908 1883/1111/953
f 1894/1112/954 1828/1113/955 1782/1114/956
f 1910/1115/957 1894/1112/954 1782/1114/956
f 1782/1114/956 1752/1116/958 1910/1115/957
f 1757/1117/959 1910/1115/957 1752/1116/958
f 1806/1118/960 1933/1119/961 1643/1120/962
f 1636/261/233 1740/1121/963 1952/1122/964
f 1949/1123/965 1636/261/233 1952/1122/964
f 1921/1124/966 1636/261/233 1949/1123/965
f 1815/1125/967 1985/1126/968 1760/1127/969
f 1985/1126/968 1887/1128/970 1760/1127/969
f 1840/1129/971 1919/1130/972 1797/1131/973
f 1707/1132/974 1797/1131/973 1919/1130/972
f 1791/1133/975 1801/1134/976 2000/1135/977
f 1804/1136/978 1993/1137/979 1833/1138/980
f 1804/1136/978 1942/1139/981 2015/1140/982
f 2023/383/332 1732/1141/983 1944/1142/984
f 1818/1143/985 2034/1144/986 1820/1145/987
f 1893/1146/988 1820/1145/987 2034/1144/986
f 1912/1147/989 1764/1148/990 2147/1149/991
f 1773/1150/992 1912/1151/989 2147/1152/991
f 2049/1153/993 1840/1154/971 1994/1155/994
f 1919/1130/972 1840/1129/971 2049/1156/993
f 2049/1157/993 2170/1158/995 1919/1159/972
f 2065/1160/996 2054/1161/997 1716/1162/998
f 1948/1163/999 2080/1164/1000 1950/1165/1001
f 1950/1165/1001 2085/1166/1002 1941/1167/1003
f 2019/1168/1004 1875/1169/1005 2088/1170/1006
f 1935/1171/1007 1873/1172/1008 2019/1173/1004
f 1876/1174/1009 2025/1175/1010 2098/1176/1011
f 1879/1177/1012 2013/1178/1013 2095/1179/1014
f 2262/1180/1015 2025/1181/1010 1878/1182/1016
f 2095/1183/1014 2262/1180/1015 1878/1182/1016
f 2115/1184/1017 1813/1185/1018 2111/1186/1019
f 1813/1185/1018 1889/1187/1020 2111/1186/1019
f 1756/1188/1021 1898/1189/1022 2134/1190/1023
f 2134/1190/1023 2100/1191/1024 1756/1188/1021
f 2229/1192/1025 1823/1193/1026 1738/1194/1027
f 2042/1195/1028 2150/1196/1029 2043/1197/1030
f 2150/1196/1029 2153/1198/1031 2043/1197/1030
f 2057/1199/1032 2043/1197/1030 2153/1198/1031
f 1938/1200/1033 2057/1199/1032 2168/1201/1034
f 2073/1202/1035 1938/1203/1033 2168/1204/1034
f 2197/1205/1036 1914/1206/1037 2028/1207/1038
f 2300/1208/1039 1894/1112/954 2123/1209/1040
f 2236/409/353 1971/1210/1041 2359/411/355
f 1971/1211/1041 2039/1212/1042 2247/413/356
f 2247/413/356 2359/412/355 1971/1211/1041
f 2247/413/356 2039/1212/1042 1987/1213/1043
f 2211/1214/1044 2040/1215/1045 2232/1216/1046
f 2150/1217/1029 2042/1218/1028 2211/1219/1044
f 2168/1201/1034 2057/1199/1032 2381/1220/1047
f 2045/1221/1048 2267/1222/1049 2214/1223/1050
f 2267/1222/1049 2060/1224/1051 2452/1225/1052
f 2452/1225/1052 2060/1224/1051 2352/1226/1053
f 2299/1227/1054 2175/1228/1055 2421/1229/1056
f 2126/389/338 2341/391/340 2435/1230/342
f 2185/1231/344 2477/1232/1057 2559/1233/345
f 2410/458/392 2411/1234/425 2176/1235/1058
f 2493/503/428 2491/1236/1059 2260/1237/1060
f 2340/463/397 2208/1238/1061 2508/461/395
f 2540/1239/1062 2508/461/395 2208/1238/1061
f 2208/1238/1061 2309/1240/1063 2540/1239/1062
f 2309/1240/1063 2307/1241/1064 2540/1239/1062
f 2546/1242/1065 2215/1243/1066 2544/1244/1067
f 2646/1245/1068 2215/1243/1066 2546/1242/1065
f 2368/1246/1069 2215/1243/1066 2646/1245/1068
f 2474/1247/1070 2368/1246/1069 2646/1245/1068
f 2507/1248/1071 2512/1249/1072 2671/1250/1073
f 2604/1251/1074 2512/1252/1072 2438/1253/1075
f 2604/1251/1074 2671/1254/1073 2512/1252/1072
f 2438/1253/1075 2444/1255/1076 2605/1256/1077
f 2605/1257/1077 2278/1258/1078 2625/1259/1079
f 2444/1255/1076 2278/1260/1078 2605/1256/1077
f 2543/1261/1080 2625/1259/1079 2196/1262/1081
f 2730/1263/430 2350/1264/1082 2680/1265/1083
f 2551/1266/1084 2680/1265/1083 2350/1264/1082
f 2423/1267/1085 2452/1225/1052 2589/1268/1086
f 2813/460/394 2400/1269/1087 2792/1270/1088
f 2570/1271/1089 2792/1272/1088 2400/1273/1087
f 2478/459/393 2400/1269/1087 2813/460/394
f 2700/1274/1090 2438/1253/1075 2605/1256/1077
f 2604/1251/1074 2438/1253/1075 2700/1274/1090
f 2700/1275/1090 2705/1276/1091 2604/1277/1074
f 2730/1278/430 2625/1259/1079 2543/1261/1080
f 2467/1279/1092 2423/1267/1085 2733/1280/1093
f 2506/1281/1094 2467/1282/1092 2733/1283/1093
f 2733/1280/1093 2423/1267/1085 2589/1268/1086
f 2765/1284/1095 2745/1285/1096 2805/1286/1097
f 2780/1287/1098 2809/1288/1099 2544/1244/1067
f 2853/1289/1100 2613/1290/1101 2542/1291/1102
f 2542/1292/1102 3091/1293/1103 2853/1294/1100
f 2872/1295/1104 3091/1293/1103 2877/1296/1105
f 3225/1297/1106 2877/1296/1105 3091/1293/1103
f 3091/1293/1103 2542/1292/1102 2752/1298/1107
f 3091/1293/1103 2752/1298/1107 3225/1297/1106
f 2752/1299/1107 2554/1300/1108 2936/1301/1109
f 2752/1298/1107 2936/1302/1109 3225/1297/1106
f 2554/1300/1108 2510/1303/1110 2936/1301/1109
f 2937/1304/1111 2936/1301/1109 2510/1303/1110
f 2510/1305/1110 2432/1306/1112 2937/1307/1111
f 2852/1308/1113 2937/1309/1111 2691/1310/1114
f 2937/1307/1111 2432/1306/1112 2691/1311/1114
f 2714/1312/1115 2607/1313/1116 2885/1314/1117
f 2991/1315/1118 2956/1316/1119 2776/493/420
f 2951/1317/1120 2991/1315/1118 2776/493/420
f 2776/493/420 2753/486/415 2951/1317/1120
f 2339/1318/1121 2587/1319/1122 2910/1320/1123
f 2910/1321/1123 2587/1322/1122 2966/569/491
f 3169/1323/496 2636/570/492 2821/1324/1124
f 3169/1323/496 2821/1324/1124 2953/1325/1125
f 3277/1326/1126 3078/1327/1127 3131/1328/1128
f 3029/1329/1129 2823/1330/1130 3058/1331/1131
f 3029/1329/1129 3063/1332/1132 2823/1330/1130
f 3063/1332/1132 3130/1333/1133 2823/1330/1130
f 3065/1334/1134 2823/1330/1130 3130/1333/1133
f 2823/1330/1130 3065/1334/1134 2825/1335/1135
f 3140/1336/1136 2822/1337/1137 3054/1338/1138
f 3054/1338/1138 2808/1339/1139 3140/1336/1136
f 3059/1340/1140 3054/1338/1138 2822/1337/1137
f 2808/1339/1139 3054/1338/1138 2829/1341/1141
f 3054/1342/1138 2796/1343/1142 2829/1344/1141
f 3059/1340/1140 2563/1345/1143 3054/1338/1138
f 3059/1346/1140 2562/1347/1144 2563/1348/1143
f 3054/1349/1138 2563/1350/1143 2796/1351/1142
f 3130/1333/1133 3143/1352/1145 3065/1334/1134
f 3066/1353/1146 3065/1334/1134 3143/1352/1145
f 3066/1354/1146 2667/1355/1147 2565/1356/1148
f 3143/1352/1145 2667/1357/1147 3066/1353/1146
f 2825/1335/1135 3066/1353/1146 2660/1358/1149
f 3066/1359/1146 2565/1360/1148 2660/1361/1149
f 2656/1362/1150 2825/1363/1135 2660/1361/1149
f 3070/1364/1151 2795/1365/1152 3049/1366/1153
f 2817/1367/1154 2795/1365/1152 3070/1364/1151
f 3070/1368/1151 2663/1369/1155 2817/1370/1154
f 3070/1364/1151 3071/1371/1156 2828/1372/1157
f 2663/1373/1155 3070/1364/1151 2828/1372/1157
f 2886/1374/1158 2907/1375/1159 3237/1376/1160
f 3236/1377/1161 3237/1376/1160 2907/1375/1159
f 2907/1375/1159 3226/1378/1162 3236/1377/1161
f 3237/1376/1160 3236/1377/1161 3246/1379/1163
f 3226/1378/1162 2935/1380/1164 3236/1377/1161
f 3246/1379/1163 3236/1377/1161 2941/1381/1165
f 3246/1379/1163 2933/1382/1166 3237/1376/1160
f 2933/1382/1166 3246/1379/1163 2964/1383/1167
f 3246/1379/1163 2941/1381/1165 2964/1383/1167
f 2964/1383/1167 2941/1381/1165 2894/1384/1168
f 2964/1383/1167 2894/1384/1168 3231/1385/1169
f 3188/1386/1170 3262/1387/1171 3263/1388/1172
f 3263/1388/1172 3262/1387/1171 3267/1389/1173
f 3262/1387/1171 3023/1390/1174 3267/1389/1173
f 3077/1391/1175 3003/1392/1176 3267/1389/1173
f 3209/1393/1177 3187/1394/1178 3023/1390/1174
f 3008/1395/1179 3023/1390/1174 3187/1394/1178
f 3267/1389/1173 3023/1390/1174 3061/1396/1180
f 3064/1397/1181 3263/1388/1172 3003/1392/1176
f 3078/1327/1127 3074/1398/1182 2815/1399/1183
f 3078/1327/1127 2815/1399/1183 3079/1400/1184
f 3079/1400/1184 2815/1399/1183 3004/1401/1185
f 2959/1402/1186 3289/1403/1187 3152/1404/1188
f 3316/623/528 3180/1405/1189 3298/1406/1190
f 3204/1407/1191 3180/1405/1189 3316/623/528
f 3327/1408/1192 3204/1407/1191 3316/623/528
f 3223/1409/1193 3204/1410/1191 3327/1411/1192
f 3327/1408/1192 3305/1412/1194 3223/1413/1193
f 3165/1414/1195 3401/1415/1196 3296/1416/1197
f 3174/1417/1198 3402/1418/1199 3179/1419/1200
f 3396/646/546 3345/1420/1201 3418/1421/1202
f 3201/1422/1203 3345/1420/1201 3396/646/546
f 3421/1423/1204 3420/640/540 3348/1424/1205
f 3420/640/540 3333/1425/1206 3348/1424/1205
f 3421/1423/1204 3356/1426/1207 3425/650/550
f 3348/1424/1205 3356/1426/1207 3421/1423/1204
f 3425/650/550 3356/1426/1207 3426/1427/1208
f 3426/1428/1208 3351/1429/1209 3483/1430/1210
f 3426/1428/1208 3356/1431/1207 3351/1429/1209
f 3407/1432/1211 3148/1433/1212 3562/1434/1213
f 3148/1433/1212 2865/1435/1214 3562/1434/1213
f 2865/1435/1214 3538/1436/1215 3562/1434/1213
f 3507/1437/1216 3366/1438/1217 3281/568/490
f 3507/1437/1216 3493/1439/1218 3366/1438/1217
f 3494/1440/1219 3507/1441/1216 3281/1442/490
f 3510/1443/1220 3444/1444/1221 3443/1445/1222
f 3510/1446/1220 3528/1447/1223 3444/1448/1221
f 3530/1449/1224 3444/1450/1221 3528/1451/1223
f 3483/1452/1210 3395/1453/1225 3518/1454/1226
f 3520/1455/1227 3518/1454/1226 3395/1453/1225
f 3380/1456/1228 3462/1457/1229 3553/1458/1230
f 3491/1459/1231 3553/1458/1230 3618/1460/1232
f 3571/1461/1233 3592/1462/1234 3466/1463/1235
f 3577/1464/1236 3522/1465/1237 3592/1462/1234
f 3529/1466/1238 3522/1467/1237 3576/1468/543
f 3657/1469/1239 3529/1466/1238 3576/1468/543
f 3406/1470/1240 3529/1471/1238 3657/1472/1239
f 3613/1473/1241 3558/1474/1242 3621/1475/1243
f 3613/1473/1241 3569/1476/1244 3558/1474/1242
f 3613/1477/1241 3623/1478/1245 3569/1479/1244
f 3623/1480/1245 3610/1481/1246 3403/1482/1247
f 3556/1483/1248 3747/1484/1249 3474/1485/1250
f 3747/1484/1249 3521/1486/1251 3474/1485/1250
f 3521/1486/1251 3765/1487/1252 3531/1488/1253
f 3765/1487/1252 3647/1489/1254 3531/1488/1253
f 3708/1490/1255 3771/1491/1256 3547/1492/1257
f 3951/1493/1258 3715/1494/1259 3520/1455/1227
f 3731/1495/1260 3547/1492/1257 3771/1491/1256
f 3744/1496/1261 3678/630/534 3844/1497/1262
f 3766/1498/1263 3844/1497/1262 3678/630/534
f 3722/1499/592 3751/1500/1264 3869/1501/1265
f 3700/1502/1266 3668/652/552 3850/1503/1267
f 3788/1504/1268 3800/1505/1269 3853/1506/1270
f 3853/1507/1270 3855/1508/1271 3788/1509/1268
f 3828/1510/1272 3853/1507/1270 3800/1511/1269
f 3811/1512/1273 3788/1509/1268 3855/1508/1271
f 3799/1513/1274 3772/1514/1275 3903/1515/1276
f 3772/1514/1275 3802/1516/1277 3912/1517/1278
f 3912/1518/1278 3802/1519/1277 3942/1520/1279
f 3942/1520/1279 3802/1519/1277 3859/1521/1280
f 3942/1520/1279 3859/1521/1280 3820/1522/1281
f 3731/1495/1260 3771/1491/1256 4017/1523/1282
f 3803/1524/1283 3920/1525/1284 3921/1526/1285
f 3810/1527/1286 3645/1528/1287 4000/1529/606
f 4000/722/606 3645/1530/1287 3864/725/609
f 3910/1531/1288 3897/1532/1289 3717/1533/1290
f 3892/1534/1291 3988/1535/1292 3849/1536/1293
f 3880/1537/1294 3778/1538/1295 3923/1539/1296
f 3948/1540/1297 4015/1541/1298 3920/1542/1284
f 4072/1543/1299 4086/1544/1300 3761/670/567
f 3981/1545/1301 3931/694/585 4078/1546/1302
f 4086/1544/1300 4078/1546/1302 3931/694/585
f 3962/1547/1303 4005/1548/1304 4090/1549/1305
f 4090/1550/1305 4005/1551/1304 3866/1552/588
f 4005/1553/1304 3946/1554/1306 3866/1555/588
f 4090/1556/1305 3866/703/588 3962/1557/1303
f 4062/1558/1307 4104/1559/1308 4007/1560/1309
f 4104/1561/1308 4108/1562/1310 4007/1563/1309
f 3909/1564/1311 4049/1565/1312 4121/1566/1313
f 4123/1567/1314 4135/766/643 3918/1568/1315
f 3918/1568/1315 4121/1569/1313 4123/1567/1314
f 4115/1570/1316 4006/1571/603 4171/761/638
f 4171/761/638 4006/1571/603 4118/1572/1317
f 4061/1573/1318 4058/1574/1319 4178/772/645
f 4140/764/641 4178/772/645 4058/1574/1319
f 4178/772/645 4118/1572/1317 4061/1573/1318
f 4158/1575/1320 4157/1576/1321 4256/1577/1322
f 4104/1561/1308 4158/1578/1320 4256/1579/1322
f 4227/1580/1323 4104/1561/1308 4256/1579/1322
f 4227/1580/1323 4108/1562/1310 4104/1561/1308
f 4097/1581/1324 4209/1582/1325 4236/1583/1326
f 4189/1584/1327 4049/1585/1312 4236/1586/1326
f 4135/766/643 4123/1567/1314 4189/1584/1327
f 4137/754/631 4187/744/626 4330/1587/1328
f 4200/1588/1329 4137/754/631 4330/1587/1328
f 4262/1589/1330 4200/1588/1329 4330/1587/1328
f 4314/1590/1331 4206/1591/1332 4270/1592/1333
f 4170/1593/1334 4208/1594/1335 4251/1595/1336
f 4251/1595/1336 4309/1596/1337 4170/1593/1334
f 4173/1597/1338 4170/1593/1334 4309/1596/1337
f 4263/1598/1339 4173/1597/1338 4309/1596/1337
f 4273/1599/1340 4239/1600/1341 4353/1601/1342
f 4354/1602/1343 4273/1599/1340 4353/1601/1342
f 4243/1603/1344 4273/1599/1340 4354/1602/1343
f 4282/1604/1345 4243/1603/1344 4354/1602/1343
f 4272/1605/1346 4231/1606/1347 4282/1604/1345
f 4298/1607/1348 4220/781/655 4324/780/654
f 4285/1608/1349 4294/1609/1350 4174/1610/1351
f 4423/1611/1352 4304/1612/1353 4382/1613/1354
f 4388/1614/1355 4304/1615/1353 4423/1616/1352
f 4203/1617/1356 4304/1615/1353 4388/1614/1355
f 4258/1618/1357 4203/1617/1356 4388/1614/1355
f 4365/1619/1358 4300/1620/1359 4408/1621/1360
f 4370/1622/1361 4336/1623/1362 4399/1624/1363
f 4408/1621/1360 4300/1620/1359 4350/1625/1364
f 4408/1621/1360 4350/1625/1364 4412/1626/1365
f 4412/1626/1365 4350/1625/1364 4269/1627/1366
f 4412/1626/1365 4269/1627/1366 4274/1628/1367
f 4379/1629/1368 4439/1630/1369 4357/1631/1370
f 4374/1632/1371 4366/1633/1372 4463/1634/1373
f 4384/1635/1374 4374/1632/1371 4463/1634/1373
f 4450/797/671 4321/798/672 4437/799/673
f 4486/1636/1375 4410/1637/1376 4541/1638/1377
f 4410/1637/1376 4478/1639/1378 4541/1638/1377
f 4510/1640/1379 4498/1641/1380 4396/794/668
f 4486/1636/1375 4546/1642/1381 4449/1643/1382
f 4452/1644/1383 4400/1645/1384 4411/1646/1385
f 4465/1647/1386 4452/1644/1383 4597/1648/1387
f 4610/1649/1388 4567/1650/1389 4425/1651/1390
f 4425/1651/1390 4429/1652/1391 4610/1649/1388
f 4429/1652/1391 4465/1647/1386 4610/1649/1388
f 4851/1653/1392 4758/1654/1393 4530/1655/1394
f 4851/1653/1392 4530/1655/1394 4805/1656/1395
f 4805/1656/1395 4530/1655/1394 4759/1657/1396
f 4758/1654/1393 4771/1658/1397 4530/1655/1394
f 4530/1655/1394 4771/1658/1397 4815/1659/1398
f 4530/1655/1394 4815/1659/1398 4774/1660/1399
f 4789/1661/1400 4826/1662/1401 4782/1663/1402
f 4789/1661/1400 4795/1664/1403 4826/1662/1401
f 4782/1663/1402 4826/1662/1401 4835/1665/1404
f 4795/1664/1403 4837/1666/1405 4826/1662/1401
f 4795/1664/1403 4797/1667/1406 4837/1666/1405
f 4826/1662/1401 4837/1666/1405 4855/1668/1407
f 4771/1658/1397 4782/1663/1402 4815/1659/1398
f 4815/1659/1398 4782/1663/1402 4835/1665/1404
f 4835/1665/1404 4820/1669/1408 4815/1659/1398
f 4826/1662/1401 4855/1668/1407 4835/1665/1404
f 4835/1665/1404 4855/1668/1407 4820/1669/1408
f 4571/1670/1409 4805/1656/1395 4759/1657/1396
f 4663/1671/1410 4738/1672/1411 4937/1673/1412
f 4935/1674/1413 4663/1671/1410 4937/1673/1412
f 4738/1672/1411 4742/1675/1414 4937/1673/1412
f 4937/1673/1412 4742/1675/1414 4644/1676/1415
f 4644/1676/1415 4742/1675/1414 4833/1677/1416
f 4896/1678/1417 4900/1679/1418 4921/1680/1419
f 4659/1681/1420 4894/1682/1421 4961/1683/1422
f 4894/1682/1421 4925/1684/1423 4961/1683/1422
f 4961/1683/1422 4925/1684/1423 4962/1685/1424
f 4962/1685/1424 4925/1684/1423 4942/1686/1425
f 4961/1683/1422 4906/1687/1426 4659/1681/1420
f 4664/1688/1427 4906/1687/1426 4961/1683/1422
f 15/1689/1428 133/1690/1429 33/1691/1430
f 306/1692/1431 33/1691/1430 133/1690/1429
f 121/1693/1432 15/1694/1428 170/1695/1433
f 15/1696/1428 38/1697/1434 170/1698/1433
f 170/1698/1433 38/1697/1434 43/1699/1435
f 232/1700/1436 170/1698/1433 43/1699/1435
f 306/1701/1431 685/1702/1437 33/1703/1430
f 43/1699/1435 33/1704/1430 685/1705/1437
f 685/1705/1437 75/1706/1438 43/1699/1435
f 43/1699/1435 105/1707/1439 232/1700/1436
f 105/1707/1439 43/1699/1435 75/1706/1438
f 241/890/753 105/1707/1439 231/891/754
f 105/1707/1439 75/1706/1438 84/894/757
f 231/891/754 105/1707/1439 84/894/757
f 585/1708/1440 277/1709/1441 288/1710/1442
f 277/1709/1441 484/1711/1443 288/1710/1442
f 288/1710/1442 484/1711/1443 289/1712/1444
f 277/1709/1441 313/1713/1445 484/1711/1443
f 484/1711/1443 321/32/30 289/1712/1444
f 313/1713/1445 321/32/30 484/1711/1443
f 275/1714/1446 328/1715/1447 488/1716/1448
f 330/1717/1449 488/1716/1448 328/1715/1447
f 415/37/35 321/32/30 521/33/31
f 282/1718/1450 386/1719/1451 415/37/35
f 72/27/23 64/25/25 430/1720/1452
f 430/1720/1452 281/1721/21 72/27/23
f 457/1722/1453 430/1720/1452 64/25/25
f 457/1722/1453 64/25/25 276/24/24
f 141/1723/1454 210/1724/1455 399/1039/888
f 344/1725/1456 188/1726/1457 750/1727/1458
f 750/1727/1458 188/1726/1457 169/1728/1459
f 169/1729/1459 443/1730/1460 750/1731/1458
f 443/1730/1460 169/1729/1459 164/1732/1461
f 443/1730/1460 164/1732/1461 441/1733/1462
f 454/1734/1463 441/1735/1462 424/1736/1464
f 816/1737/1465 187/1738/1466 141/1739/1454
f 192/1740/1467 187/1738/1466 816/1737/1465
f 207/1741/1468 816/1737/1465 424/1742/1464
f 192/1740/1467 816/1737/1465 207/1741/1468
f 610/975/834 299/973/832 327/1743/1469
f 661/1744/1470 652/1745/1471 664/1746/1472
f 664/1746/1472 674/1747/1473 661/1744/1470
f 645/1748/1474 637/982/841 790/983/842
f 637/982/841 631/978/837 663/979/838
f 670/980/839 637/982/841 663/979/838
f 691/173/149 378/1749/1475 361/1750/1476
f 700/174/150 831/1751/1477 835/59/55
f 835/59/55 831/1751/1477 837/49/47
f 700/174/150 835/59/55 841/61/57
f 378/1749/1475 691/173/149 844/172/148
f 844/172/148 700/174/150 841/61/57
f 364/1752/1478 844/172/148 841/61/57
f 459/1753/49 145/1754/44 725/1755/1479
f 459/1753/49 725/1755/1479 688/1756/1480
f 688/1756/1480 435/55/50 459/1753/49
f 835/59/55 837/49/47 464/60/56
f 448/50/48 464/60/56 837/49/47
f 1085/1757/1481 1078/1758/1482 1087/1759/1483
f 1131/1760/1484 1085/1757/1481 1087/1759/1483
f 1078/1758/1482 932/1761/1485 894/1762/1486
f 1078/1758/1482 1116/1763/1487 1087/1759/1483
f 1087/1759/1483 1105/1764/1488 1131/1760/1484
f 1105/1764/1488 1087/1759/1483 920/1765/1489
f 1059/1766/1490 1078/1758/1482 894/1762/1486
f 1116/1763/1487 1078/1758/1482 1059/1766/1490
f 1059/1766/1490 970/1767/1491 1116/1763/1487
f 920/1765/1489 1116/1763/1487 970/1767/1491
f 1087/1759/1483 1116/1763/1487 920/1765/1489
f 970/1767/1491 976/1768/1492 920/1765/1489
f 920/1765/1489 976/1768/1492 1105/1764/1488
f 877/1769/1493 976/1768/1492 970/1767/1491
f 1016/1770/1494 706/995/854 1122/1771/1495
f 1122/1771/1495 706/995/854 702/1772/1496
f 702/1772/1496 721/1773/1497 1122/1771/1495
f 1147/1774/1498 904/1775/1499 1161/1776/1500
f 917/1777/1501 1105/1764/1488 1241/1778/1502
f 1249/1779/1503 882/1780/1504 890/1781/1505
f 1241/1778/1502 1105/1764/1488 976/1768/1492
f 421/1782/1506 979/1783/1507 1216/1784/1508
f 743/1785/1509 1200/1786/1510 433/1787/1511
f 1185/1788/1512 647/971/830 1265/1789/1513
f 1231/1790/1514 1296/1791/1515 1018/1792/1516
f 1200/1793/1510 743/1794/1509 1383/1795/1517
f 1339/1051/900 1271/1032/882 1155/1002/861
f 1182/1796/865 1413/1055/904 1155/1797/861
f 1154/1798/878 1350/1033/880 1405/1799/1518
f 1266/1800/1519 1154/1027/878 1405/1801/1518
f 1350/1033/880 1358/1052/901 1405/1799/1518
f 1291/1802/1520 1200/1786/1510 1351/1803/1521
f 1443/1804/1522 1304/1805/1523 1441/1806/1524
f 1223/1807/1525 1304/1805/1523 1443/1804/1522
f 1391/1808/1526 1465/1809/1527 1188/1810/1528
f 1490/267/239 1281/1811/1529 1477/1812/1530
f 1495/1813/238 1281/1814/1529 1490/1815/239
f 1429/1816/1531 1281/1817/1529 1495/1818/238
f 1390/1819/229 1286/1820/1532 1424/1821/1533
f 1435/1822/205 1444/1823/1534 1590/1824/1535
f 1590/1824/1535 1525/1825/1536 1435/1822/205
f 1450/230/206 1435/229/205 1525/1826/1536
f 1532/1827/1537 1313/1828/1538 1222/1829/1539
f 1532/1827/1537 1531/1830/1540 1313/1828/1538
f 1531/1830/1540 1444/1823/1534 1313/1828/1538
f 1436/1831/1541 1370/1832/1542 1518/1833/1543
f 1370/1832/1542 1372/1834/1544 1518/1833/1543
f 1372/1834/1544 1319/1835/203 1450/1836/206
f 1467/1837/902 1413/1838/904 1539/1109/951
f 1415/1054/903 1539/1839/951 1413/1055/904
f 1295/1057/906 1491/1058/907 1415/1054/903
f 1561/1840/1545 1296/1841/1515 1560/1842/1546
f 1623/1843/1547 1383/1795/1517 1373/1844/1548
f 1351/1845/1521 1383/1795/1517 1623/1843/1547
f 1328/1846/1549 1456/1847/1550 1404/1848/1551
f 1331/1849/216 1454/1850/1552 1604/1851/1553
f 1470/1852/215 1331/1849/216 1604/1851/1553
f 1471/1853/1554 1296/1791/1515 1561/1854/1545
f 1471/1855/1554 1632/1856/1555 1362/1857/1556
f 1632/1856/1555 1430/1858/1557 1362/1857/1556
f 1430/1858/1557 1632/1856/1555 1481/1859/1558
f 1481/1859/1558 1632/1856/1555 1658/1860/1559
f 1373/1861/1548 1481/1859/1558 1658/1860/1559
f 1373/1844/1548 1658/1862/1559 1623/1843/1547
f 1469/258/232 1624/260/231 1636/261/233
f 1689/1863/264 1508/262/234 1636/261/233
f 1664/1864/1560 1796/1865/284 1564/1866/1561
f 1664/1867/1560 1526/1868/1562 1699/1869/1563
f 1595/1870/1564 1929/1871/1565 1580/1872/1566
f 1771/1873/1567 1479/1874/1568 1696/1875/1569
f 1692/273/245 1479/1876/1568 1771/1877/1567
f 1615/1878/1570 1562/1073/921 1681/1879/1571
f 1943/1880/1572 1660/1881/1573 1711/1882/242
f 1865/1883/1574 1869/1884/1575 1660/1885/1573
f 1869/1884/1575 1802/1886/1576 1660/1885/1573
f 1667/1887/1577 1665/1888/1578 1809/1889/1579
f 1809/1890/1579 1652/1090/936 1667/1891/1577
f 1809/1890/1579 1730/1892/1580 1652/1090/936
f 1737/1103/945 1644/263/235 1760/1127/969
f 1816/1893/1581 1737/1103/945 1760/1127/969
f 1631/1105/947 1737/1103/945 1982/1894/1582
f 1697/1895/1583 1495/1896/238 1787/1897/948
f 1917/1898/1584 1624/257/231 1697/1895/1583
f 1917/1898/1584 1740/1899/963 1624/257/231
f 1864/1900/1585 1710/1095/941 1931/1901/1586
f 1666/1093/939 1710/1095/941 1864/1900/1585
f 1710/1095/941 1719/1902/1587 1931/1901/1586
f 1719/1902/1587 1727/1903/1588 1941/1167/1003
f 1807/1904/1589 1666/1098/939 1864/1905/1585
f 1807/1906/1589 1877/1907/1590 1724/1102/942
f 1881/1908/1591 1892/1909/1592 1814/1910/1593
f 1892/1909/1592 1781/1911/1594 1814/1910/1593
f 2021/1912/1595 1881/1913/1591 1814/1914/1593
f 2021/1912/1595 1814/1914/1593 1856/1915/1596
f 1824/1916/1597 1856/1917/1596 1793/1918/1598
f 1920/1919/1599 1641/1076/924 1951/1920/1600
f 1641/1076/924 1743/1921/1601 1951/1920/1600
f 1973/1922/1602 1763/1923/1603 1755/1924/1604
f 1830/1925/1605 2048/1926/1606 1836/1927/1607
f 1865/1928/1574 1943/1880/1572 2087/1929/1608
f 1940/1930/1609 1865/1883/1574 2087/1931/1608
f 1945/371/320 1927/1932/1610 1802/1886/1576
f 2017/373/322 1868/1933/1611 2012/374/323
f 1874/1934/1612 1868/1933/1611 2017/373/322
f 2017/1935/322 2024/1936/1613 1874/1937/1612
f 2022/378/327 1874/1937/1612 2024/1936/1613
f 2022/378/327 1937/377/326 1874/1937/1612
f 1985/1126/968 2036/1938/1614 1887/1128/970
f 1816/1893/1581 1887/1128/970 2036/1938/1614
f 2133/1939/1615 2003/1940/1616 1697/1895/1583
f 2133/1941/1615 1787/1106/948 2055/1942/1617
f 1697/1895/1583 1787/1897/948 2133/1939/1615
f 2036/1938/1614 1985/1126/968 2104/1943/1618
f 1982/1894/1582 1816/1893/1581 2124/1944/1619
f 2003/1940/1616 2219/1945/1620 1917/1898/1584
f 1952/1122/964 1917/1946/1584 2219/1947/1620
f 1952/1122/964 2102/390/339 1949/1123/965
f 2269/1948/1621 2115/1184/1017 2111/1186/1019
f 2269/1948/1621 2264/1949/1622 2115/1184/1017
f 2194/1950/1623 2115/1184/1017 2264/1949/1622
f 2303/1951/1624 2238/1952/1625 2305/1953/1626
f 2238/1954/1625 2177/1955/1627 2305/1956/1626
f 2177/1955/1627 2157/1957/1628 2305/1956/1626
f 2143/384/333 2154/1958/1629 2322/1959/1630
f 2265/1960/1631 2184/379/328 2336/1961/1632
f 2375/1962/1633 2213/1963/1634 2489/1964/1635
f 2375/1962/1633 2219/1945/1620 2213/1963/1634
f 2385/1965/1636 1952/1122/964 2219/1947/1620
f 2102/390/339 1952/1122/964 2385/1965/1636
f 2129/1966/1637 2300/1208/1039 2530/1967/1638
f 2197/1205/1036 2295/1968/1639 2440/1969/1640
f 2300/1208/1039 2312/1970/1641 2530/1967/1638
f 2225/382/331 2322/1959/1630 2496/1971/1642
f 2374/1972/389 2372/387/336 2567/1973/1643
f 2567/1973/1643 2372/387/336 2499/1974/1644
f 2380/1975/1645 2250/1976/1646 2472/1977/1647
f 2459/410/354 2359/411/355 2526/1978/1648
f 2542/1291/1102 2488/414/357 2490/416/359
f 2554/1300/1108 2357/1979/1649 2510/1303/1110
f 2554/1300/1108 2490/1980/359 2357/1979/1649
f 2447/1981/1650 2345/1982/1651 2611/1983/1652
f 2345/1982/1651 2518/1984/1653 2611/1983/1652
f 2528/1985/1654 2518/1986/1653 2050/1987/1655
f 2482/532/457 2457/1988/1656 2633/533/458
f 2571/607/519 2408/1989/1657 2820/534/459
f 2408/1989/1657 2404/1990/1658 2820/534/459
f 2529/1991/1659 2284/1992/1660 2582/1993/1661
f 2653/1994/1662 2582/1993/1661 2414/1995/1663
f 2609/1996/1664 2711/1997/1665 2124/1998/1619
f 2859/1999/1666 2620/2000/1667 2711/1997/1665
f 2620/2001/1667 2859/2002/1666 2722/2003/1668
f 2773/2004/1669 2461/457/391 2634/456/390
f 2787/2005/1670 2795/2006/1152 2635/2007/1671
f 2801/2008/1672 2810/2009/1673 2566/2010/1674
f 2569/2011/369 2566/2010/1674 2810/2009/1673
f 2810/2012/1673 2790/2013/1675 2569/428/369
f 2790/2013/1675 2470/430/371 2569/428/369
f 3229/2014/1676 2890/2015/1677 2943/2016/1678
f 2890/2015/1677 2856/2017/1679 2702/2018/1680
f 2900/2019/1681 2856/2017/1679 3126/2020/1682
f 2713/2021/1683 2702/2018/1680 2856/2017/1679
f 3104/2022/1684 3017/2023/1685 3109/2024/1686
f 3087/2025/1687 3104/2022/1684 3111/2026/1688
f 3109/2024/1686 3111/2026/1688 3104/2022/1684
f 3017/2023/1685 2927/2027/1689 3109/2024/1686
f 3109/2024/1686 2927/2027/1689 3092/2028/1690
f 2927/2027/1689 2891/2029/1691 3092/2028/1690
f 2868/2030/1692 3138/2031/1693 3111/2026/1688
f 3138/2031/1693 2868/2030/1692 2858/2032/1694
f 2957/2033/1695 2821/1324/1124 2619/2034/1696
f 2957/2033/1695 2953/1325/1125 2821/1324/1124
f 2755/2035/1697 2957/2033/1695 2619/2034/1696
f 2983/2036/1698 2582/1993/1661 2653/1994/1662
f 2983/2036/1698 2529/1991/1659 2582/1993/1661
f 2827/2037/1699 2588/498/423 3004/2038/1185
f 3045/2039/1700 3004/2038/1185 2588/498/423
f 3024/2040/1701 3267/1389/1173 2639/2041/1702
f 3024/2042/1701 2639/2043/1702 2641/2044/1703
f 3042/2045/1704 2833/2046/1705 2564/2047/1706
f 3024/2040/1701 2641/2048/1703 2833/2046/1705
f 2961/2049/1707 2995/2050/1708 3266/2051/1709
f 3266/2051/1709 3022/2052/1710 2961/2049/1707
f 3242/2053/1711 2888/2054/1712 2901/2055/1713
f 2848/2056/1714 2863/2057/1715 2932/2058/1716
f 2965/2059/1717 2932/2058/1716 2863/2057/1715
f 2850/2060/1718 2932/2058/1716 3015/517/442
f 3014/2061/1719 3015/517/442 2932/2058/1716
f 3015/517/442 2847/516/441 2850/2060/1718
f 2979/2062/1720 2988/2063/1721 2982/2064/1722
f 2979/2062/1720 3062/559/481 2988/2063/1721
f 3179/2065/1200 3266/2051/1709 2995/2050/1708
f 3266/2051/1709 3179/2065/1200 3206/2066/1723
f 3251/2067/1724 2971/2068/1725 3022/2052/1710
f 2971/2068/1725 3251/2067/1724 3030/2069/1726
f 3030/2069/1726 3251/2067/1724 3051/2070/1727
f 3251/2067/1724 3018/2071/1728 3051/2070/1727
f 3251/2067/1724 3266/2051/1709 3280/2072/1729
f 3266/2051/1709 3206/2066/1723 3280/2072/1729
f 3251/2067/1724 3280/2072/1729 3018/2071/1728
f 3018/2071/1728 3280/2072/1729 3036/2073/1730
f 3136/2074/1731 3018/2071/1728 3036/2073/1730
f 3345/2075/1201 3256/2076/1732 3213/2077/1733
f 3206/2066/1723 3212/2078/1734 3280/2072/1729
f 3041/2079/1735 3280/2072/1729 3212/2078/1734
f 3214/2080/1736 3041/2079/1735 3212/2078/1734
f 3280/2072/1729 3041/2079/1735 3036/2073/1730
f 3359/2081/1737 3041/2079/1735 3214/2080/1736
f 3359/2081/1737 3060/2082/1738 3273/2083/1739
f 3051/2070/1727 3018/2071/1728 3019/2084/1740
f 3216/2085/1741 3177/2086/1742 3193/2087/1743
f 3197/2088/1744 3216/2085/1741 3193/2087/1743
f 3310/2089/1745 3197/2088/1744 3193/2087/1743
f 3322/2090/1746 3197/2088/1744 3310/2089/1745
f 3322/2090/1746 3207/2091/1747 3197/2088/1744
f 3216/2085/1741 3197/2088/1744 3218/2092/1748
f 3207/2091/1747 3322/2090/1746 3220/2093/1749
f 3300/2094/1750 3033/2095/1751 3344/2096/1752
f 2961/2097/1707 3222/2098/1753 3300/2094/1750
f 3222/2098/1753 3033/2095/1751 3300/2094/1750
f 3344/2096/1752 3033/2095/1751 3221/2099/1754
f 3445/597/509 3371/596/508 3430/2100/1755
f 3445/597/509 3430/2100/1755 3314/2101/1756
f 3445/597/509 3314/2101/1756 3464/2102/1757
f 3464/2102/1757 3314/2101/1756 3331/2103/1758
f 3407/2104/1211 3464/2102/1757 3331/2103/1758
f 3407/2104/1211 3331/2103/1758 3176/2105/1759
f 3407/2104/1211 3176/2105/1759 3148/2106/1212
f 3408/2107/1760 3378/2108/1761 3390/2109/1762
f 3370/2110/1763 3502/2111/1764 3408/2112/1760
f 3459/2113/1765 3370/2110/1763 3301/2114/1766
f 3421/1423/1204 3655/641/541 3420/640/540
f 3425/650/550 3426/1427/1208 3485/2115/1767
f 3495/2116/1768 3365/585/503 3294/584/502
f 3495/2116/1768 3612/2117/1769 3365/585/503
f 3495/2118/1768 3414/588/504 3505/2119/1770
f 3294/586/502 3414/588/504 3495/2118/1768
f 3561/2120/1771 3505/2121/1770 3414/590/504
f 3405/2122/1772 3404/2123/1773 3454/2124/1774
f 3471/2125/1775 3405/2122/1772 3514/2126/1776
f 3527/2127/1777 3466/2128/1235 3424/2129/1778
f 3559/2130/1779 3560/2131/1780 3544/2132/1781
f 3386/2133/1782 3498/2134/1783 3581/2135/1784
f 3581/2135/1784 3586/2136/1785 3386/2133/1782
f 3470/2137/1786 3386/2133/1782 3586/2136/1785
f 3678/630/534 3435/633/507 3567/2138/1787
f 3624/2139/1788 3567/2138/1787 3458/2140/1789
f 3626/2141/1790 3624/2139/1788 3509/2142/1791
f 3626/2141/1790 3509/2142/1791 3614/2143/1792
f 3626/2141/1790 3614/2143/1792 3681/2144/1793
f 3703/2145/1794 3532/2146/1795 3657/2147/1239
f 3532/2146/1795 3703/2145/1794 3660/647/547
f 3590/2148/1796 3669/2149/1797 3746/2150/1798
f 3759/2151/1799 3746/2150/1798 3669/2149/1797
f 3759/2151/1799 3692/2152/1800 3775/2153/1801
f 3695/2154/1802 3775/2153/1801 3692/2152/1800
f 3695/2154/1802 3534/2155/1803 3785/2156/1804
f 3785/2156/1804 3780/2157/1805 3695/2154/1802
f 3588/2158/1806 3785/2159/1804 3534/2160/1803
f 3663/2161/1807 3598/2162/1808 3791/2163/1809
f 3556/1483/1248 3601/2164/1810 3747/1484/1249
f 3858/2165/1811 3831/2166/1812 3730/2167/1813
f 3831/2168/1812 3770/2169/1814 3730/2170/1813
f 3716/2171/1815 3789/2172/1816 3920/1542/1284
f 3920/2173/1284 3803/2174/1283 3716/2175/1815
f 3803/2176/1283 3951/1493/1258 3716/2171/1815
f 3715/1494/1259 3951/1493/1258 3708/1490/1255
f 3645/1530/1287 3709/2177/1817 3864/725/609
f 3898/2178/1818 3741/667/565 3819/693/584
f 3913/2179/1819 3934/2180/1820 3931/2181/585
f 3805/696/569 3931/695/585 3934/2182/1820
f 3866/703/588 3871/702/577 3962/1557/1303
f 3946/2183/1306 3783/2184/589 3866/2185/588
f 3934/2186/1820 3871/702/577 3805/673/569
f 3934/2186/1820 3962/1557/1303 3871/702/577
f 3888/2187/1821 3739/2188/1822 3886/2189/1823
f 3990/2190/1824 3739/2188/1822 3888/2187/1821
f 3990/2190/1824 3854/2191/1825 3739/2188/1822
f 4068/2192/1826 3854/2191/1825 3990/2190/1824
f 3915/2193/1827 3854/2194/1825 4068/2195/1826
f 3997/2196/1828 3893/2197/1829 3915/2193/1827
f 4010/2198/1830 3958/2199/1831 3807/2200/1832
f 3883/2201/1833 3954/2202/1834 4010/2203/1830
f 3807/2204/1832 3883/2201/1833 4010/2203/1830
f 3921/2205/1285 3920/2206/1284 4015/2207/1298
f 4016/2208/1835 3921/2205/1285 4015/2207/1298
f 4018/2209/1836 4017/1523/1282 3771/1491/1256
f 4019/2210/1837 3771/1491/1256 3708/1490/1255
f 4019/2210/1837 4018/2209/1836 3771/1491/1256
f 3803/2211/1283 3921/2205/1285 4016/2208/1835
f 4016/2212/1835 4020/2213/1838 3803/2176/1283
f 3951/1493/1258 3803/2176/1283 4020/2213/1838
f 4020/2213/1838 4019/2210/1837 3951/1493/1258
f 3951/1493/1258 4019/2210/1837 3708/1490/1255
f 4034/2214/1839 4024/2215/1840 3977/2216/1841
f 4034/2214/1839 3977/2216/1841 4040/2217/1842
f 3977/2218/1841 3969/2219/1843 4040/2220/1842
f 4055/2221/1844 3912/1517/1278 4043/2222/1845
f 4043/2222/1845 3994/2223/1846 4071/2224/1847
f 4043/2225/1845 3912/2226/1278 3942/2227/1279
f 4043/2225/1845 3942/2227/1279 3989/2228/1848
f 3989/2228/1848 3994/2229/1846 4043/2225/1845
f 4081/2230/1849 3772/1514/1275 4055/2221/1844
f 3903/1515/1276 3772/1514/1275 4081/2230/1849
f 3772/1514/1275 3912/1517/1278 4055/2221/1844
f 3991/743/625 3903/1515/1276 4081/2230/1849
f 3991/743/625 4065/742/624 3872/2231/1850
f 4071/2232/1847 3994/2233/1846 4024/2234/1840
f 3994/2233/1846 3977/2235/1841 4024/2234/1840
f 4033/2236/1851 4029/2237/1852 3972/2238/1853
f 4057/2239/1854 4066/2240/1855 3941/2241/1856
f 3750/2242/1857 3955/2243/1858 4133/2244/1859
f 4053/2245/1860 3750/2242/1857 4133/2244/1859
f 4096/2246/1861 4154/2247/1862 3973/2248/1863
f 4107/2249/1864 4098/2250/1865 3925/2251/1866
f 4129/2252/1867 4107/2249/1864 4011/2253/1868
f 4051/739/621 4237/2254/1869 4138/2255/1870
f 4247/2256/1871 3991/2257/625 4234/2258/1872
f 4099/2259/623 3991/2260/625 4247/2261/1871
f 4099/746/623 4248/2262/1873 4187/744/626
f 4255/784/658 4253/783/657 4212/2263/1874
f 4266/785/659 4210/2264/1875 4293/787/661
f 4257/2265/1876 4252/2266/1877 4333/2267/1878
f 4236/1583/1326 4209/1582/1325 4343/2268/1879
f 4305/2269/1880 4236/1583/1326 4343/2268/1879
f 4305/2270/1880 4315/765/642 4189/1584/1327
f 4372/2271/1881 4292/2272/1882 4325/2273/1883
f 4372/2271/1881 4375/2274/1884 4292/2272/1882
f 4375/2275/1884 4250/2276/1885 4292/2277/1882
f 4346/2278/1886 4250/2276/1885 4375/2275/1884
f 4369/2279/1887 4346/2278/1886 4375/2275/1884
f 4351/2280/1888 4346/2278/1886 4369/2279/1887
f 4326/801/675 4319/800/674 4320/2281/1889
f 4399/1624/1363 4326/2282/675 4370/1622/1361
f 4406/2283/1890 4362/2284/1891 4493/2285/1892
f 4415/2286/1893 4464/2287/1894 4328/2288/1895
f 4443/2289/1896 4421/2290/1897 4496/2291/709
f 4500/2292/1898 4402/2293/1899 4456/2294/1900
f 4524/2295/1901 4619/2296/1902 4513/2297/1903
f 4524/2295/1901 4579/2298/1904 4619/2296/1902
f 4511/871/736 4513/2297/1903 4631/2299/1905
f 4513/2297/1903 4619/2296/1902 4631/2299/1905
f 4579/2298/1904 4631/2299/1905 4619/2296/1902
f 4631/2299/1905 4579/2298/1904 4632/2300/1906
f 4579/2298/1904 4755/2301/1907 4632/2300/1906
f 4487/2302/1908 4640/2303/1909 4493/2304/1892
f 4707/2305/1910 4624/2306/1911 4785/2307/1912
f 4785/2307/1912 4640/2303/1909 4707/2305/1910
f 4493/2304/1892 4640/2303/1909 4691/2308/1913
f 4691/2308/1913 4640/2303/1909 4696/2309/1914
f 4640/2303/1909 4785/2307/1912 4696/2309/1914
f 4493/2304/1892 4691/2308/1913 4701/2310/1915
f 4701/2311/1915 4550/2312/1916 4493/2285/1892
f 4829/2313/1917 4704/2314/1918 4696/2309/1914
f 4816/2315/1919 4701/2310/1915 4704/2314/1918
f 4816/2316/1919 4550/2312/1916 4701/2311/1915
f 4816/2315/1919 4415/2317/1893 4550/2318/1916
f 4464/2319/1894 4415/2317/1893 4816/2315/1919
f 4552/2320/1920 4800/2321/1921 4527/2322/1922
f 4527/2322/1922 4778/2323/1923 4766/2324/1924
f 4679/2325/1925 4834/2326/1926 4689/2327/1927
f 4834/2326/1926 4838/2328/1928 4689/2327/1927
f 4850/2329/1929 4689/2327/1927 4838/2328/1928
f 4489/2330/677 4689/2327/1927 4582/2331/1930
f 4689/2327/1927 4850/2329/1929 4582/2331/1930
f 4850/2329/1929 4859/2332/1931 4843/2333/1932
f 4582/2331/1930 4850/2329/1929 4588/2334/680
f 4850/2329/1929 4843/2333/1932 4588/2334/680
f 4501/2335/1933 4588/2334/680 4843/2333/1932
f 4903/2336/1934 4578/2337/1935 4401/2338/1936
f 4900/1679/1418 4654/2339/1937 4810/2340/1938
f 4654/2339/1937 4900/1679/1418 4896/1678/1417
f 4675/2341/1939 4900/1679/1418 4810/2340/1938
f 4654/2339/1937 4896/1678/1417 4908/2342/1940
f 4636/2343/1941 4709/2344/1942 4894/1682/1421
f 4894/1682/1421 4709/2344/1942 4925/1684/1423
f 4935/1674/1413 4709/2344/1942 4677/2345/1943
f 4709/2344/1942 4935/1674/1413 4925/1684/1423
f 4942/1686/1425 4925/1684/1423 4935/1674/1413
f 4961/1683/1422 4962/1685/1424 4653/2346/1944
f 4664/1688/1427 4961/1683/1422 4653/2346/1944
f 4962/1685/1424 4942/1686/1425 4448/2347/1945
f 4653/2346/1944 4962/1685/1424 4448/2347/1945
f 52/2348/1946 29/912/773 2/2349/1947
f 47/2350/1948 2/2349/1947 1/2351/1949
f 47/2350/1948 1/2351/1949 5/2352/1950
f 9/2353/1951 16/2354/1952 45/2355/1953
f 57/2356/1954 9/2353/1951 45/2355/1953
f 45/2355/1953 16/2354/1952 244/2357/1955
f 45/2355/1953 54/2358/1956 57/2356/1954
f 57/2356/1954 27/2359/1957 9/2353/1951
f 46/2360/1958 27/2359/1957 57/2356/1954
f 70/2361/1959 7/2362/1960 234/2363/1961
f 70/2361/1959 233/2364/1962 520/2365/1963
f 520/2365/1963 233/2364/1962 509/2366/1964
f 233/2364/1962 70/2361/1959 234/2363/1961
f 555/924/785 103/921/782 242/2367/1965
f 83/2368/1966 555/924/785 242/2367/1965
f 242/2367/1965 103/921/782 6/2369/1967
f 199/925/786 96/920/781 270/2370/1968
f 6/2369/1967 103/921/782 199/925/786
f 242/2367/1965 6/2369/1967 10/2371/1969
f 486/946/807 68/2372/1970 80/2373/1971
f 297/2374/1972 309/942/803 291/2375/1973
f 310/943/804 309/942/803 297/2374/1972
f 68/2372/1970 486/946/807 297/2374/1972
f 310/943/804 297/2374/1972 486/946/807
f 80/2373/1971 335/945/806 486/946/807
f 114/2376/1974 542/2377/1975 140/2378/1976
f 146/2379/1977 140/2378/1976 542/2377/1975
f 348/2380/1978 114/2376/1974 358/2381/1979
f 348/2380/1978 542/2377/1975 114/2376/1974
f 160/2382/1980 146/2379/1977 542/2377/1975
f 542/2377/1975 539/2383/1981 160/2382/1980
f 160/2382/1980 539/2383/1981 194/2384/1982
f 806/2385/1983 542/2377/1975 348/2380/1978
f 547/2386/1984 180/2387/1985 575/932/793
f 273/2388/1986 180/2387/1985 547/2386/1984
f 213/937/798 273/2388/1986 567/2389/1987
f 567/2389/1987 273/2388/1986 547/2386/1984
f 539/2383/1981 211/2390/1988 194/2384/1982
f 211/2390/1988 539/2383/1981 571/2391/1989
f 539/2383/1981 572/2392/1990 571/2391/1989
f 180/2387/1985 211/2390/1988 571/2391/1989
f 571/2391/1989 575/932/793 180/2387/1985
f 550/2393/1991 572/2392/1990 539/2383/1981
f 572/2392/1990 562/2394/1992 571/2391/1989
f 575/932/793 571/2391/1989 545/929/790
f 551/2395/1993 571/2391/1989 562/2394/1992
f 545/929/790 571/2391/1989 551/2395/1993
f 567/2389/1987 547/2386/1984 387/931/792
f 387/931/792 547/2386/1984 575/932/793
f 407/928/789 575/932/793 545/929/790
f 648/67/63 611/64/60 634/2396/1994
f 634/2396/1994 657/2397/1995 648/67/63
f 648/67/63 657/2397/1995 676/2398/1996
f 648/67/63 676/2398/1996 673/2399/1997
f 677/2400/1998 676/2398/1996 657/2397/1995
f 686/2401/1999 645/1748/1474 790/983/842
f 388/63/59 364/1752/1478 841/61/57
f 460/2402/2000 135/2403/2001 703/2404/2002
f 375/2405/2003 374/58/54 460/2406/2000
f 442/2407/2004 703/2404/2002 135/2403/2001
f 437/2408/2005 833/2409/2006 840/2410/2007
f 420/2411/2008 833/2409/2006 437/2408/2005
f 850/2412/2009 552/930/791 417/2413/2010
f 552/930/791 846/2414/2011 390/933/794
f 846/2414/2011 552/930/791 850/2412/2009
f 417/2413/2010 420/2411/2008 859/2415/2012
f 859/2415/2012 420/2411/2008 437/2408/2005
f 437/2408/2005 445/2416/2013 859/2415/2012
f 862/2417/2014 417/2413/2010 859/2415/2012
f 850/2412/2009 417/2413/2010 862/2417/2014
f 862/2417/2014 859/2415/2012 445/2416/2013
f 862/2417/2014 447/2418/2015 850/2412/2009
f 469/2419/2016 465/2420/2017 468/2421/2018
f 840/2410/2007 364/1752/1478 465/2420/2017
f 610/975/834 327/1743/1469 883/2422/2019
f 661/1744/1470 896/2423/2020 652/1745/1471
f 652/1745/1471 907/2424/2021 664/1746/1472
f 907/2424/2021 1064/2425/2022 664/1746/1472
f 896/2423/2020 661/1744/1470 674/1747/1473
f 674/1747/1473 930/2426/2023 896/2423/2020
f 1077/2427/2024 1071/2428/2025 1072/2429/2026
f 1086/2430/2027 1071/2428/2025 1077/2427/2024
f 980/2431/2028 1086/2430/2027 1077/2427/2024
f 1099/2432/2029 980/2431/2028 1077/2427/2024
f 1126/2433/2030 980/2431/2028 1099/2432/2029
f 1099/2432/2029 1077/2427/2024 1102/2434/2031
f 1072/2429/2026 1071/2428/2025 1109/2435/2032
f 1077/2427/2024 1072/2429/2026 1102/2434/2031
f 1072/2429/2026 1109/2435/2032 937/2436/2033
f 1102/2434/2031 1072/2429/2026 937/2436/2033
f 1102/2434/2031 1092/2437/2034 1099/2432/2029
f 1092/2437/2034 1102/2434/2031 1076/2438/2035
f 954/2439/2036 1168/2440/2037 1126/2433/2030
f 954/2439/2036 1126/2433/2030 1099/2432/2029
f 954/2439/2036 1099/2432/2029 956/2441/2038
f 956/2441/2038 640/2442/2039 1176/2443/200
f 640/2442/2039 632/2444/2040 1176/2443/200
f 956/2441/2038 1099/2432/2029 1092/2437/2034
f 1092/2437/2034 1118/2445/2041 956/2441/2038
f 1118/2445/2041 1092/2437/2034 656/2446/2042
f 1118/2445/2041 640/2442/2039 956/2441/2038
f 1118/2445/2041 653/2447/2043 640/2442/2039
f 632/2448/2040 1228/2449/2044 995/2450/2045
f 1008/2451/2046 653/2447/2043 1118/2445/2041
f 653/2447/2043 1008/2451/2046 1228/2452/2044
f 1244/2453/2047 1250/193/169 910/2454/2048
f 1153/194/170 1250/193/169 1244/2453/2047
f 1250/193/169 912/2455/2049 910/2454/2048
f 880/2456/2050 912/2455/2049 1250/193/169
f 880/2456/2050 1250/193/169 1251/197/173
f 1251/197/173 1250/193/169 1174/192/168
f 1297/2457/2051 1005/2458/2052 1006/2459/2053
f 1274/2460/2054 1283/2461/2055 908/970/829
f 647/971/830 908/970/829 1265/1789/1513
f 1274/2460/2054 659/969/828 1355/2462/2056
f 908/970/829 659/969/828 1274/2460/2054
f 731/1041/890 1015/1038/887 1315/277/249
f 1403/1087/933 1329/2463/2057 1143/2464/2058
f 1327/2465/2059 903/2466/2060 1329/2463/2057
f 1356/2467/2061 1357/2468/2062 672/2469/2063
f 716/2470/2064 1220/2471/2065 1368/2472/2066
f 1302/2473/2067 716/2474/2064 1368/2475/2066
f 1549/2476/2068 969/2477/2069 1178/2478/2070
f 1194/2479/2071 969/2477/2069 1549/2476/2068
f 1347/2480/2072 1434/2481/2073 883/2482/2019
f 1347/2480/2072 883/2482/2019 1180/2483/2074
f 1337/2484/2075 1485/2485/2076 1145/2486/2077
f 1433/288/258 1006/2459/2053 1446/2487/2078
f 1297/2457/2051 1006/2459/2053 1433/288/258
f 1316/2488/2079 1375/2489/2080 1571/291/261
f 1571/291/261 1452/252/226 1316/2488/2079
f 1334/2490/2081 1342/2491/2082 1540/2492/2083
f 1342/2491/2082 1167/2493/2084 1540/2492/2083
f 1540/2492/2083 1183/2494/2085 1548/2495/2086
f 1167/2493/2084 1183/2494/2085 1540/2492/2083
f 1548/2495/2086 1195/2496/2087 1425/2497/2088
f 1427/2498/2089 1657/1088/934 1217/2499/2090
f 1431/2500/2091 1532/2501/1537 1020/2502/2092
f 1222/2503/1539 1020/2502/2092 1532/2501/1537
f 1436/2504/1541 1573/2505/2093 1510/2506/2094
f 1574/2507/2095 1420/2508/2096 1634/2509/2097
f 1574/2507/2095 1460/2510/2098 1420/2508/2096
f 1474/2511/2099 1402/2512/2100 1460/2510/2098
f 1534/2513/2101 1482/244/218 1487/246/220
f 1644/263/235 1391/1808/1526 1550/264/236
f 1644/263/235 1620/1104/946 1391/1808/1526
f 1465/1809/1527 1391/1808/1526 1620/1104/946
f 1465/2514/1527 1631/2515/947 1188/2516/1528
f 1477/1812/1530 1188/2516/1528 1631/2515/947
f 1642/268/240 1477/1812/1530 1631/2515/947
f 1490/267/239 1477/1812/1530 1642/268/240
f 1645/2517/2102 1573/2518/2093 1649/2519/2103
f 1649/2519/2103 1573/2518/2093 1518/1833/1543
f 1645/2520/2102 1654/2521/2104 1573/2505/2093
f 1510/2506/2094 1573/2505/2093 1654/2521/2104
f 1597/2522/2105 1656/2523/2106 1525/1826/1536
f 1656/2523/2106 1450/230/206 1525/1826/1536
f 1649/2524/2103 1518/2525/1543 1735/2526/2107
f 1603/2527/2108 1450/1836/206 1656/2528/2106
f 1603/2527/2108 1735/2529/2107 1372/1834/1544
f 1566/2530/2109 1684/2531/2110 1563/2532/2111
f 1533/2533/2112 1466/2534/2113 1741/2535/2114
f 1466/2534/2113 1688/2536/2115 1741/2535/2114
f 1835/2537/2116 1714/2538/2117 1781/1911/1594
f 1781/1911/1594 1714/2538/2117 1712/2539/2118
f 1712/2539/2118 1592/2540/2119 1814/1910/1593
f 1814/1914/1593 1592/2541/2119 1783/2542/2120
f 1783/2543/2120 1607/2544/2121 1793/1918/1598
f 1749/2545/2122 1589/2546/2123 1827/2547/2124
f 1616/2548/2125 1678/2549/2126 1908/2550/2127
f 1790/2551/2128 1616/2548/2125 1908/2550/2127
f 1848/2552/2129 1706/2553/2130 1790/2551/2128
f 1827/2547/2124 1589/2546/2123 1805/2554/2131
f 1767/2555/2132 1884/2556/2133 1686/2557/2134
f 1824/1916/1597 1686/2557/2134 1884/2556/2133
f 1767/2558/2132 1747/2559/2135 1896/2560/2136
f 1747/2559/2135 1614/2561/2137 1906/2562/2138
f 1614/2561/2137 1618/2563/2139 1914/2564/1037
f 1914/2564/1037 1906/2562/2138 1614/2561/2137
f 1846/2565/2140 1786/2566/2141 1842/2567/2142
f 1991/323/285 1796/322/284 1926/2568/2143
f 1926/2568/2143 1699/1869/1563 1792/2569/2144
f 1924/2570/2145 1595/1870/1564 1841/2571/2146
f 1954/346/300 1959/2572/2147 1769/2573/2148
f 1774/2574/2149 1769/2573/2148 1959/2572/2147
f 1871/2575/2150 1791/1133/975 2000/1135/977
f 2000/2576/977 2071/386/335 1871/2577/2150
f 2018/2578/2151 2016/2579/2152 1721/292/262
f 2018/2578/2151 1930/2580/2153 2020/2581/2154
f 1721/292/262 1930/2580/2153 2018/2578/2151
f 1860/2582/2155 1640/290/260 2016/2579/2152
f 1957/2583/2156 1980/2584/2157 2033/2585/2158
f 2033/2585/2158 1980/2584/2157 1992/2586/2159
f 1992/2586/2159 1911/2587/2160 2005/2588/2161
f 1880/2589/2162 2064/2590/2163 2121/2591/2164
f 2090/2592/2165 1834/2593/2166 2121/2591/2164
f 2138/2594/2167 2064/2595/2163 1900/2596/2168
f 2138/2594/2167 1900/2596/2168 1851/2597/2169
f 1889/1187/1020 1920/1919/1599 2111/1186/1019
f 1928/2598/2170 2138/2599/2167 1851/2600/2169
f 2146/2601/2171 2139/2602/2172 2009/2603/2173
f 2172/2604/2174 2059/2605/2175 1976/2606/2176
f 2172/2607/2174 2239/2608/2177 2059/2609/2175
f 2171/2610/2178 2069/2611/2179 2059/2612/2175
f 2157/1957/1628 2086/2613/2180 2002/2614/2181
f 2265/1960/1631 1816/1893/1581 2036/1938/1614
f 2036/1938/1614 2104/1943/1618 2184/379/328
f 2124/1998/1619 2204/2615/2182 1982/2616/1582
f 2055/1942/1617 1982/2616/1582 2204/2615/2182
f 2204/2615/2182 2207/2617/2183 2055/1942/1617
f 2055/1942/1617 2207/2617/2183 2133/1941/1615
f 2213/1963/1634 2003/1940/1616 2133/1939/1615
f 2219/1945/1620 2003/1940/1616 2213/1963/1634
f 2183/2618/2184 1981/2619/2185 2356/2620/2186
f 1981/2619/2185 2078/2621/2187 2356/2620/2186
f 2350/2622/1082 2093/2623/2188 2200/2624/2189
f 2350/2622/1082 2196/1262/1081 2093/2623/2188
f 2214/1223/1050 2292/2625/2190 2175/1228/1055
f 2211/1214/1044 2232/1216/1046 2362/2626/2191
f 2448/2627/2192 2153/1198/1031 2150/1196/1029
f 2381/1220/1047 2153/1198/1031 2448/2627/2192
f 2381/1220/1047 2057/1199/1032 2153/1198/1031
f 2073/1202/1035 2168/1204/1034 2382/2628/2193
f 2215/1243/1066 2073/2629/1035 2382/2630/2193
f 2269/1948/1621 2426/2631/2194 2264/1949/1622
f 2439/2632/2195 2229/1192/1025 2441/2633/2196
f 2134/1190/1023 2229/1192/1025 2439/2632/2195
f 2439/2632/2195 2100/1191/1024 2134/1190/1023
f 2441/2633/2196 2229/1192/1025 2194/1950/1623
f 2463/2634/2197 2235/2635/2198 2314/2636/2199
f 2463/2637/2197 2314/2638/2199 2464/2639/2200
f 2413/2640/2201 2246/2641/2202 2584/2642/2203
f 2584/2642/2203 2246/2641/2202 2465/2643/2204
f 2313/2644/2205 2465/2645/2204 2246/2646/2202
f 2306/2647/2206 2302/2648/2207 2492/2649/2208
f 2484/2650/2209 2258/2651/2210 2160/2652/2211
f 2405/2653/2212 2258/2651/2210 2484/2650/2209
f 2524/2654/2213 2355/2655/2214 2515/2656/2215
f 2355/2657/2214 2541/2658/2216 2515/2659/2215
f 2419/2660/2217 2418/2661/2218 2573/2662/2219
f 2379/2663/2220 2419/2660/2217 2811/2664/2221
f 2811/2664/2221 2553/2665/2222 2379/2663/2220
f 2811/2664/2221 2419/2660/2217 2573/2662/2219
f 2311/2666/2223 2393/2667/2224 2621/2668/2225
f 2393/2667/2224 2443/2669/2226 2621/2668/2225
f 2362/2626/2191 2576/2670/2227 2750/2671/2228
f 2750/2671/2228 2643/2672/2229 2362/2626/2191
f 2626/2673/2230 2211/2674/1044 2527/2675/2231
f 2538/2676/2232 2211/1214/1044 2626/2677/2230
f 2429/2678/2233 2601/2679/2234 2897/2680/2235
f 2520/2681/2236 2429/2678/2233 2897/2680/2235
f 2897/2680/2235 2699/2682/2237 2520/2681/2236
f 2627/2683/2238 2520/2684/2236 2699/2685/2237
f 2629/2686/456 2531/2687/2239 2627/2688/2238
f 2755/2035/1697 2619/2034/1696 2577/2689/2240
f 2769/2690/2241 2755/2035/1697 2577/2689/2240
f 2577/2689/2240 2353/2691/2242 2769/2690/2241
f 2353/2691/2242 2529/2692/1659 2769/2690/2241
f 2796/1351/1142 2486/2693/2243 2412/2694/2244
f 2813/2695/394 2792/2696/1088 3131/1328/1128
f 2852/1308/1113 2691/1310/1114 2876/2697/2245
f 2691/1311/1114 2714/2698/1115 2885/2699/1117
f 2885/2700/1117 2876/2697/2245 2691/1310/1114
f 2885/2699/1117 2607/2701/1116 2860/2702/2246
f 2658/2703/2247 2736/2704/2248 2638/2705/2249
f 2658/2703/2247 2638/2705/2249 2759/2706/2250
f 2759/2706/2250 3115/2707/2251 3116/2708/2252
f 2762/2709/2253 2759/2706/2250 3116/2708/2252
f 2967/2710/2254 3116/2708/2252 3007/2711/2255
f 2783/2712/2256 2762/2709/2253 3116/2708/2252
f 3116/2708/2252 2967/2710/2254 2783/2712/2256
f 2664/2713/410 2783/2712/2256 2970/2714/2257
f 2991/1315/1118 2970/2714/2257 2783/2712/2256
f 2783/2712/2256 2967/2710/2254 2991/1315/1118
f 2664/2713/410 2970/2714/2257 2741/2715/411
f 2854/2716/2258 2896/2717/2259 2887/2718/2260
f 3101/2719/2261 2887/2718/2260 2896/2717/2259
f 2744/2720/2262 3168/2721/2263 3149/2722/2264
f 2816/2723/2265 3149/2724/2264 3154/2725/2266
f 2816/2726/2265 3154/2727/2266 2962/2728/2267
f 3146/2729/2268 3101/2719/2261 2962/2728/2267
f 3146/2730/2268 2962/2731/2267 3154/2732/2266
f 3153/2733/2269 2900/2019/1681 2887/2718/2260
f 2887/2718/2260 3101/2719/2261 3153/2733/2269
f 2900/2019/1681 3153/2733/2269 3244/2734/2270
f 3056/2735/2271 3021/2736/2272 3006/2737/2273
f 3027/2738/2274 3047/2739/2275 3053/2740/2276
f 3188/1386/1170 3209/1393/1177 3262/1387/1171
f 3023/1390/1174 3262/1387/1171 3209/1393/1177
f 3192/2741/2277 3188/1386/1170 3263/1388/1172
f 3064/1397/1181 3363/2742/2278 3192/2741/2277
f 3064/1397/1181 3192/2741/2277 3263/1388/1172
f 3263/1388/1172 3267/1389/1173 3003/1392/1176
f 3288/2743/2279 3156/2744/2280 3252/2745/2281
f 3287/2746/2282 3288/2743/2279 3252/2745/2281
f 3196/2747/454 2629/2686/456 3315/599/511
f 3412/2748/2283 2666/2749/455 3196/2750/454
f 2633/533/458 2666/2749/455 3412/2748/2283
f 3457/604/516 2633/533/458 3412/2748/2283
f 2820/534/459 2633/533/458 3457/604/516
f 3457/604/516 3342/603/515 2820/534/459
f 3191/2751/2284 2820/534/459 3342/603/515
f 3347/2752/2285 2571/2753/519 3191/2754/2284
f 3152/2755/1188 3289/2756/1187 3431/2757/2286
f 3284/2758/2287 3168/2721/2263 3152/1404/1188
f 3284/2758/2287 3152/1404/1188 3431/2759/2286
f 2961/2097/1707 3300/2094/1750 3320/2760/2288
f 3399/2761/2289 3398/2762/2290 3326/2763/2291
f 3399/2761/2289 3326/2763/2291 3460/635/538
f 3460/2764/538 3326/2765/2291 3333/2766/1206
f 3420/2767/540 3460/2764/538 3333/2766/1206
f 3470/2137/1786 3346/2768/2292 3386/2133/1782
f 3304/2769/2293 3346/2768/2292 3470/2137/1786
f 3304/2769/2293 3476/600/512 2627/2688/2238
f 3315/599/511 2627/2688/2238 3476/600/512
f 3496/2770/2294 3492/2771/2295 3431/2757/2286
f 3368/2772/2296 3491/1459/1231 3501/2773/2297
f 3447/2774/2298 3368/2772/2296 3501/2773/2297
f 3402/1418/1199 3174/1417/1198 3522/2775/1237
f 3535/651/551 3421/1423/1204 3526/649/549
f 3655/641/541 3421/1423/1204 3535/651/551
f 3526/649/549 3421/1423/1204 3425/650/550
f 3485/2115/1767 3426/1427/1208 3547/1492/1257
f 3483/1452/1210 3547/1492/1257 3426/1427/1208
f 3496/2776/2294 3558/2777/1242 3492/2778/2295
f 3558/1474/1242 3569/1476/1244 3492/2771/2295
f 3425/650/550 3485/2115/1767 3575/2779/2299
f 3518/1454/1226 3547/1492/1257 3483/1452/1210
f 3479/2780/2300 3477/2781/2301 3661/645/545
f 3477/2781/2301 3396/646/546 3661/645/545
f 3617/2782/2302 3614/2143/1792 3509/2142/1791
f 3617/2783/2302 3509/2784/1791 3562/2785/1213
f 3617/2783/2302 3562/2785/1213 3568/2786/2303
f 3625/2787/2304 3617/2782/2302 3568/2788/2303
f 3625/2787/2304 3568/2788/2303 3450/2789/2305
f 3625/2787/2304 3450/2789/2305 3589/2790/2306
f 3652/2791/2307 3667/2792/2308 3480/2793/2309
f 3667/2792/2308 3602/2794/2310 3480/2793/2309
f 3415/2795/2311 3652/2796/2307 3480/2797/2309
f 3604/2798/2312 3480/2793/2309 3602/2794/2310
f 3764/2799/2313 3586/2800/1785 3581/2801/1784
f 3704/2802/2314 3586/2803/1785 3764/2804/2313
f 3632/2805/2315 3640/2806/2316 3690/2807/2317
f 3677/2808/2318 3583/2809/2319 3717/2810/1290
f 3817/691/582 3818/2811/2320 3621/1475/1243
f 3721/2812/583 3817/2813/582 3621/2814/1243
f 3574/2815/2321 3691/2816/2322 3773/2817/2323
f 3766/2818/1263 3567/2819/1787 3830/2820/2324
f 3567/2138/1787 3624/2139/1788 3830/2821/2324
f 3830/2821/2324 3624/2139/1788 3782/2822/2325
f 3763/2823/2326 3626/2141/1790 3681/2144/1793
f 3709/2824/1817 3650/2825/2327 3864/727/609
f 3873/2826/2328 3864/727/609 3650/2825/2327
f 3594/2827/2329 3664/2828/2330 3873/2826/2328
f 3814/2829/2331 3768/2830/2332 3847/733/615
f 3775/2153/1801 3695/2154/1802 3780/2157/1805
f 3780/2157/1805 3891/2831/2333 3775/2153/1801
f 3901/2832/2334 3780/2157/1805 3856/2833/2335
f 3856/2833/2335 3865/2834/2336 3907/2835/2337
f 3907/2835/2337 3901/2832/2334 3856/2833/2335
f 3922/2836/2338 3865/2837/2336 3862/2838/2339
f 3922/2836/2338 3862/2838/2339 3875/2839/2340
f 3936/2840/2341 3879/2841/2342 3833/2842/2343
f 3945/2843/2344 3879/2841/2342 3936/2840/2341
f 3945/2844/2344 3754/2845/2345 3879/2846/2342
f 3945/2847/2344 3895/2848/2346 3754/2849/2345
f 3754/2845/2345 3895/2850/2346 3823/2851/2347
f 3743/2852/2348 4148/2853/2349 4022/2854/612
f 4148/2853/2349 3743/2852/2348 3762/2855/2350
f 4148/2853/2349 3762/2855/2350 3836/2856/2351
f 4025/2857/2352 3840/2858/2353 3906/2859/2354
f 3950/2860/2355 3855/2861/1271 3949/2862/2356
f 4049/1585/1312 3909/2863/1311 4097/2864/1324
f 3909/2863/1311 4121/1569/1313 3845/2865/2357
f 4121/1569/1313 3918/1568/1315 3845/2865/2357
f 4103/759/636 3998/2866/2358 3791/2163/1809
f 3791/2867/1809 3812/720/604 4083/717/601
f 4083/2868/601 4103/759/636 3791/2163/1809
f 3881/2869/2359 3930/2870/2360 4061/1573/1318
f 4064/2871/2361 4106/757/634 3890/2872/2362
f 3923/2873/1296 3960/2874/2363 4117/2875/2364
f 4131/2876/2365 3923/2873/1296 4117/2875/2364
f 3880/1537/1294 3923/1539/1296 4131/2877/2365
f 4131/2877/2365 4142/2878/2366 3880/1537/1294
f 4142/2878/2366 3948/1540/1297 3880/1537/1294
f 3948/2879/1297 4182/2880/2367 4089/2881/2368
f 4182/2882/2367 4091/2883/2369 4089/2884/2368
f 4010/2198/1830 4119/2885/617 3929/2886/619
f 4010/2203/1830 3954/2202/1834 4145/2887/2370
f 3954/2202/1834 4012/2888/2371 4145/2887/2370
f 4012/2888/2371 4013/2889/2372 4147/2890/2373
f 4147/2890/2373 4145/2887/2370 4012/2888/2371
f 4147/2891/2373 4013/2892/2372 4144/2893/2374
f 4092/2894/2375 4037/2895/2376 4166/2896/2377
f 4173/1597/1338 4263/1598/1339 4133/2244/1859
f 4053/2245/1860 4133/2244/1859 4263/1598/1339
f 4213/2897/2378 4053/2245/1860 4263/1598/1339
f 4002/2898/2379 4053/2245/1860 4213/2897/2378
f 4213/2897/2378 4226/2899/2380 4002/2898/2379
f 4226/2899/2380 4004/2900/2381 4002/2898/2379
f 4233/773/647 4004/2900/2381 4226/2899/2380
f 4032/2901/2382 4004/2900/2381 4233/773/647
f 4205/756/633 4207/2902/2383 4289/2903/2384
f 4264/2904/2385 4289/2903/2384 4207/2902/2383
f 4207/2902/2383 4151/2905/2386 4264/2904/2385
f 4322/2906/2387 4386/2907/2388 4276/2908/2389
f 4336/2909/1362 4370/2910/1361 4265/2911/2390
f 4365/2912/1358 4336/2909/1362 4219/2913/2391
f 4300/2914/1359 4365/2912/1358 4219/2913/2391
f 4265/2911/2390 4219/2913/2391 4336/2909/1362
f 4370/1622/1361 4326/2282/675 4334/2915/2392
f 4334/2916/2392 4265/2911/2390 4370/2910/1361
f 4449/1643/1382 4394/2917/2393 4302/2918/2394
f 4285/1608/1349 4302/2918/2394 4394/2917/2393
f 4410/1637/1376 4331/2919/2395 4363/2920/2396
f 4396/794/668 4431/2921/2397 4355/2922/2398
f 4363/2920/2396 4307/2923/2399 4431/2921/2397
f 4307/2923/2399 4355/2922/2398 4431/2921/2397
f 4396/794/668 4355/2922/2398 4327/795/669
f 4398/2924/2400 4289/2903/2384 4466/2925/2401
f 4466/2925/2401 4289/2903/2384 4376/2926/2402
f 4466/2925/2401 4376/2926/2402 4474/2927/2403
f 4474/2927/2403 4357/1631/1370 4439/1630/1369
f 4438/2928/2404 4294/1609/1350 4397/2929/2405
f 4397/2929/2405 4482/2930/2406 4438/2928/2404
f 4423/1616/1352 4459/2931/2407 4472/2932/2408
f 4441/792/666 4492/2933/2409 4515/2934/2410
f 4515/2934/2410 4492/2933/2409 4518/2935/2411
f 4519/827/697 4518/2935/2411 4492/2933/2409
f 4492/2933/2409 4483/2936/2412 4519/827/697
f 4484/2937/2413 4451/2938/2414 4520/2939/2415
f 4414/2940/2416 4451/2938/2414 4484/2937/2413
f 4728/2941/2417 4485/2942/2418 4484/2937/2413
f 4913/2943/2419 4485/2942/2418 4728/2941/2417
f 4913/2943/2419 4521/2944/2420 4485/2942/2418
f 4620/2945/2421 4604/2946/2422 4623/2947/2423
f 4620/2945/2421 4623/2947/2423 4577/2948/2424
f 4581/2949/2425 4623/2947/2423 4604/2946/2422
f 4587/2950/2426 4577/2948/2424 4623/2947/2423
f 4623/2947/2423 4581/2949/2425 4587/2950/2426
f 4609/2951/2427 4587/2950/2426 4581/2949/2425
f 4609/2951/2427 4581/2949/2425 4603/2952/2428
f 4887/2953/2429 4587/2950/2426 4609/2951/2427
f 4642/2954/2430 4652/869/734 4667/2955/2431
f 4917/2956/2432 4427/2957/2433 4521/2944/2420
f 4468/2958/2434 4427/2957/2433 4917/2956/2432
f 4917/2956/2432 4733/2959/731 4468/2958/2434
f 4475/2960/2435 4468/2958/2434 4733/2959/731
f 4475/2960/2435 4733/2959/731 4556/2961/733
f 4401/2338/1936 4556/2961/733 4903/2336/1934
f 4445/2962/2436 4940/2963/2437 4656/2964/2438
f 4940/2963/2437 4445/2962/2436 4671/2965/2439
f 4671/2966/2439 4491/2967/2440 4684/2968/740
f 4684/2968/740 4471/2969/2441 4655/2970/2442
f 4751/2971/2443 4746/2972/2444 4660/851/716
f 4746/2972/2444 4708/2973/2445 4836/852/717
f 4708/2973/2445 4744/877/742 4748/2974/2446
f 4748/2974/2446 4836/852/717 4708/2973/2445
f 4746/2972/2444 4836/852/717 4660/851/716
f 4836/852/717 4748/2974/2446 4873/854/719
f 4748/2974/2446 4676/858/723 4873/854/719
f 4899/881/746 4748/2974/2446 4932/879/744
f 4899/881/746 4676/858/723 4748/2974/2446
f 4910/2975/745 4655/2970/2442 4502/2976/2447
f 4957/2977/743 4910/2975/745 4502/2976/2447
f 4672/2978/2448 4957/2977/743 4502/2976/2447
f 4957/2977/743 4672/2978/2448 4930/2979/2449
f 4930/2979/2449 4672/2978/2448 4688/2980/2450
f 4924/2981/2451 4688/2982/2450 4567/1650/1389
f 4690/2983/2452 4702/2984/2453 4692/2985/2454
f 4936/2986/2455 4908/2342/1940 4920/2987/2456
f 4928/2988/2457 4936/2986/2455 4920/2987/2456
f 4908/2342/1940 4896/1678/1417 4920/2987/2456
f 4921/1680/1419 4920/2987/2456 4896/1678/1417
f 4928/2988/2457 4920/2987/2456 4912/2989/2458
f 243/2990/2459 229/2991/2460 237/2992/2461
f 243/2990/2459 237/2992/2461 55/2993/2462
f 243/2990/2459 55/2993/2462 65/2994/2463
f 65/2994/2463 253/2995/2464 243/2990/2459
f 546/62/58 136/2996/2465 173/2997/2466
f 161/2998/2467 546/62/58 173/2997/2466
f 173/2997/2466 189/2999/2468 161/2998/2467
f 161/2998/2467 189/2999/2468 391/3000/2469
f 189/2999/2468 173/2997/2466 178/3001/2470
f 204/3002/2471 210/1724/1455 19/3003/2472
f 129/3004/2473 204/3005/2471 19/3006/2472
f 19/3006/2472 34/3007/2474 129/3004/2473
f 141/1739/1454 19/3006/2472 210/3008/1455
f 119/927/788 116/3009/2475 96/920/781
f 123/904/765 510/3010/2476 512/3011/2477
f 527/919/780 510/3010/2476 123/904/765
f 119/927/788 74/926/787 167/906/767
f 167/906/767 172/907/768 119/927/788
f 379/3012/2478 338/3013/2479 534/3014/2480
f 106/3015/2481 379/3012/2478 534/3014/2480
f 534/3014/2480 108/3016/2482 106/3015/2481
f 534/3014/2480 541/3017/2483 108/3016/2482
f 534/3014/2480 338/3013/2479 389/104/98
f 541/3017/2483 534/3014/2480 389/104/98
f 132/3018/2484 108/3016/2482 541/3017/2483
f 128/3019/2485 132/3018/2484 140/2378/1976
f 132/3018/2484 541/3017/2483 114/2376/1974
f 114/2376/1974 140/2378/1976 132/3018/2484
f 404/105/99 541/3017/2483 389/104/98
f 358/2381/1979 541/3017/2483 404/105/99
f 114/2376/1974 541/3017/2483 358/2381/1979
f 394/3020/2486 278/3021/2487 786/3022/2488
f 786/3022/2488 508/36/34 337/41/39
f 697/3023/2489 619/3024/2490 302/3025/2491
f 814/3026/2492 697/3023/2489 302/3025/2491
f 814/3026/2492 302/3025/2491 394/3020/2486
f 408/3027/2493 814/3026/2492 394/3020/2486
f 304/3028/2494 784/3029/2495 408/3027/2493
f 784/3029/2495 814/3026/2492 408/3027/2493
f 304/3028/2494 408/3027/2493 320/3030/2496
f 736/3031/2497 813/938/799 820/3032/2498
f 820/3032/2498 834/3033/2499 736/3031/2497
f 418/3034/2500 723/3035/2501 720/3036/2502
f 727/3037/2503 723/3038/2501 422/3039/2504
f 1041/3040/2505 426/3041/2506 425/3042/2507
f 735/3043/2508 727/3044/2503 422/3045/2504
f 741/3046/2509 426/3041/2506 1041/3040/2505
f 741/3047/2509 422/3045/2504 426/3048/2506
f 748/3049/2510 406/3050/2511 1017/3051/2512
f 748/3049/2510 466/3052/2513 406/3050/2511
f 1142/3053/2514 893/3054/2515 293/22/22
f 582/3055/2516 919/240/210 275/3056/1446
f 585/3057/1440 288/3058/1442 608/3059/2517
f 913/3060/2518 931/3061/2519 585/3057/1440
f 313/3062/1445 931/3063/2519 885/236/212
f 328/3064/1447 275/3056/1446 919/240/210
f 926/3065/2520 328/3066/1447 919/3067/210
f 1073/3068/2521 1074/3069/2522 1058/3070/2523
f 1070/3071/2524 1073/3068/2521 1058/3070/2523
f 1080/3072/2525 1070/3071/2524 1083/3073/2526
f 785/72/68 1080/3072/2525 946/3074/2527
f 946/3075/2527 935/3076/190 785/3077/68
f 1070/3071/2524 1058/3070/2523 1083/3073/2526
f 1083/3073/2526 1058/3070/2523 1103/3078/2528
f 1112/3079/2529 1103/3078/2528 1106/3080/2530
f 1083/3073/2526 1103/3078/2528 1112/3079/2529
f 1112/3079/2529 1086/2430/2027 1083/3073/2526
f 1080/3072/2525 1083/3073/2526 1246/3081/2531
f 1246/3081/2531 1083/3073/2526 1086/2430/2027
f 990/3082/2532 1248/3083/2533 654/3084/2534
f 1026/3085/2535 990/3082/2532 654/3084/2534
f 654/3084/2534 1248/3083/2533 980/2431/2028
f 980/2431/2028 1126/2433/2030 654/3084/2534
f 1168/2440/2037 1026/3085/2535 1126/2433/2030
f 1026/3085/2535 654/3084/2534 1126/2433/2030
f 1086/2430/2027 1112/3079/2529 1071/2428/2025
f 454/1734/1463 731/1041/890 1221/1040/889
f 1036/3086/2536 1354/3087/2537 689/3088/2538
f 1036/3086/2536 454/1734/1463 1221/1040/889
f 1152/1060/909 1000/3089/2539 1272/1061/910
f 1272/3090/910 1000/3091/2539 1156/3092/2540
f 1180/2483/2074 982/3093/2541 1282/3094/2542
f 1350/1033/880 1271/1032/882 1358/1052/901
f 1236/1020/871 682/1023/874 1353/3095/2543
f 1354/3087/2537 1353/3096/2543 682/3097/874
f 1301/3098/2544 983/3099/2545 1299/3100/2546
f 696/952/813 385/951/812 1301/3101/2544
f 1379/3102/2547 1410/3103/2548 1219/3104/2549
f 1231/3105/1514 1219/3104/2549 1410/3103/2548
f 1410/3103/2548 1296/1841/1515 1231/3105/1514
f 1368/2475/2066 1409/3106/2550 1302/2473/2067
f 1178/2478/2070 1302/2473/2067 1409/3106/2550
f 1462/3107/2551 1484/3108/2552 1283/2461/2055
f 1274/2460/2054 1462/3107/2551 1283/2461/2055
f 1464/3109/2553 1283/3110/2055 1484/3111/2552
f 1485/2485/2076 1274/2460/2054 1355/2462/2056
f 1337/2484/2075 1226/974/833 1513/3112/2554
f 1513/3112/2554 1226/974/833 1428/3113/2555
f 1538/3114/2556 1267/3115/2557 1545/3116/2558
f 1475/3117/2559 1545/3118/2558 1266/1800/1519
f 1457/3119/2560 1467/1053/902 1585/3120/2561
f 1339/1051/900 1467/1053/902 1457/3119/2560
f 1314/1050/899 1303/3121/2562 1529/3122/2563
f 1581/3123/2564 1529/3124/2563 1310/3125/2565
f 1310/3125/2565 1499/3126/2566 1581/3123/2564
f 1380/3127/2567 1572/280/252 1499/3128/2566
f 1517/281/253 1572/280/252 1380/3127/2567
f 1519/285/255 1323/3129/2568 1655/286/256
f 1446/2487/2078 1374/3130/228 1588/3131/227
f 1538/3114/2556 1545/3116/2558 1757/1117/959
f 1545/3118/2558 1475/3117/2559 1693/3132/2569
f 1693/3132/2569 1757/3133/959 1545/3118/2558
f 1475/3117/2559 1629/3134/2570 1693/3132/2569
f 1489/3135/2571 1457/3119/2560 1629/3136/2570
f 1702/3137/2572 1457/3119/2560 1585/3120/2561
f 1702/3137/2572 1585/3120/2561 1704/3138/950
f 1704/1108/950 1585/3139/2561 1539/1109/951
f 1657/1088/934 1652/1090/936 1730/1892/1580
f 1677/3140/2573 1641/1076/924 1889/1187/1020
f 1641/1076/924 1555/1075/923 1743/1921/1601
f 1755/1924/1604 1763/1923/1603 1455/3141/2574
f 1743/1921/1601 1455/3141/2574 1763/1923/1603
f 1743/1921/1601 1555/1075/923 1455/3141/2574
f 1772/3142/2575 1755/3143/1604 1544/1085/931
f 1725/3144/2576 1668/1077/925 1788/3145/2577
f 1671/1082/928 1788/3146/2577 1668/1080/925
f 1599/1084/930 1772/3142/2575 1544/1085/931
f 1795/3147/2578 1706/3148/2130 1848/3149/2129
f 1634/3150/2097 1795/3151/2578 1745/3152/2579
f 1791/1133/975 1655/286/256 1801/1134/976
f 1717/3153/2580 1804/1136/978 1833/1138/980
f 1669/3154/2581 1804/1136/978 1521/3155/2582
f 1808/3156/2583 1581/3123/2564 1732/1141/983
f 1871/2577/2150 1866/3157/2584 1701/282/254
f 1897/3158/2585 1748/3159/2586 1903/3160/2587
f 1748/3159/2586 1751/3161/2588 1903/3160/2587
f 1748/3162/2586 1897/3163/2585 1901/3164/2589
f 1915/3165/2590 1718/3166/2591 1901/3167/2589
f 1487/246/220 1718/3166/2591 1915/3165/2590
f 1768/3168/2592 1487/246/220 1915/3165/2590
f 1901/3164/2589 1718/3169/2591 1748/3162/2586
f 1768/3168/2592 1932/3170/2593 1785/3171/2594
f 1859/3172/2595 1785/3173/2594 1932/3174/2593
f 1741/2535/2114 1882/3175/2596 1956/3176/2597
f 1882/3177/2596 1826/3178/2598 1966/3179/2599
f 1826/3178/2598 1835/3180/2116 1981/3181/2185
f 1981/3181/2185 1966/3179/2599 1826/3178/2598
f 1981/2619/2185 1835/2537/2116 1781/1911/1594
f 2021/3182/1595 1856/3183/1596 1824/3184/1597
f 1951/1920/1600 1743/1921/1601 2045/1221/1048
f 1810/3185/2600 1857/3186/2601 2013/3187/1013
f 1873/3188/1008 1875/1169/1005 2019/1168/1004
f 1878/1182/1016 1879/3189/1012 2095/1183/1014
f 1844/348/302 1758/351/305 2122/350/304
f 2004/3190/2602 2020/3191/2154 1930/3192/2153
f 2004/3193/2602 1861/3194/2603 2084/3195/2604
f 2084/3195/2604 1861/3194/2603 1947/3196/2605
f 2123/1209/1040 1894/1112/954 1910/1115/957
f 2123/1209/1040 1910/1115/957 2142/3197/2606
f 1910/1115/957 2008/3198/2607 2142/3197/2606
f 2236/409/353 2142/3199/2606 1890/3200/2608
f 2105/369/318 2056/347/301 2108/3201/2609
f 2066/3202/294 2279/3203/2610 1998/3204/295
f 2072/342/296 1998/3205/295 2279/3206/2610
f 2128/3207/299 2072/342/296 2279/3206/2610
f 2116/3208/2611 1993/1137/979 2223/3209/2612
f 2223/3209/2612 1993/1137/979 2015/1140/982
f 2223/3210/2612 2023/383/332 2225/382/331
f 2015/1140/982 2023/3211/332 2223/3209/2612
f 2335/3212/2613 2052/3213/2614 2270/3214/2615
f 2103/3215/2616 2052/3213/2614 2335/3212/2613
f 2180/3216/2617 2103/3217/2616 2335/3218/2613
f 2180/3216/2617 2307/3219/1064 2082/3220/2618
f 2309/1240/1063 2082/3221/2618 2307/1241/1064
f 1990/3222/2619 2082/3221/2618 2309/1240/1063
f 2208/1238/1061 1990/3222/2619 2309/1240/1063
f 2268/3223/2620 2338/3224/2621 2343/3225/2622
f 2279/3206/2610 2343/3226/2622 2344/3227/2623
f 2106/3228/2624 2128/3207/299 2365/3229/2625
f 2342/3230/2626 2106/3228/2624 2365/3229/2625
f 2379/2663/2220 2387/3231/2627 2237/376/325
f 1961/3232/2628 2311/2666/2223 2425/3233/2629
f 2068/3234/2630 2443/2669/2226 2393/2667/2224
f 2068/3234/2630 2273/3235/2631 2447/1981/1650
f 2475/3236/2632 2481/3237/2633 2252/3238/2634
f 2254/3239/2635 2252/3238/2634 2481/3237/2633
f 2481/3237/2633 2449/3240/2636 2254/3239/2635
f 2252/3238/2634 2474/3241/1070 2475/3236/2632
f 2513/406/350 2192/405/349 2509/3242/2637
f 2830/3243/2638 2325/407/351 2513/406/350
f 2536/3244/2639 2442/3245/2640 2533/490/419
f 2243/3246/2641 2442/3245/2640 2536/3244/2639
f 2371/3247/2642 2243/3246/2641 2536/3244/2639
f 2473/3248/2643 2561/3249/2644 2316/3250/2645
f 2318/3251/2646 2316/3252/2645 2561/3253/2644
f 2561/3249/2644 2777/3254/2647 2318/3255/2646
f 2576/2670/2227 2318/3251/2646 2777/3256/2647
f 2362/2626/2191 2318/3251/2646 2576/2670/2227
f 2594/3257/2648 2840/3258/2649 2837/3259/2650
f 2840/3258/2649 2614/3260/2651 2837/3259/2650
f 2837/3259/2650 2614/3260/2651 2735/3261/2652
f 2622/3262/2653 2837/3259/2650 2735/3261/2652
f 2772/3263/2654 2575/3264/2655 2800/3265/453
f 2635/3266/1671 2575/3267/2655 2772/3268/2654
f 2756/3269/2656 2481/3270/2633 2657/3271/2657
f 2449/3272/2636 2481/3270/2633 2756/3269/2656
f 2475/3236/2632 2657/3273/2657 2481/3237/2633
f 2551/1266/1084 2593/3274/2658 2676/3275/2659
f 2593/3274/2658 2348/3276/2660 2676/3275/2659
f 2348/3277/2660 2349/3278/2661 2879/3279/2662
f 2879/3280/2662 2676/3275/2659 2348/3276/2660
f 2676/3275/2659 2680/1265/1083 2551/1266/1084
f 2879/3279/2662 2349/3278/2661 2572/3281/2663
f 2440/1969/1640 2511/3282/2664 3103/3283/2665
f 3103/3283/2665 2511/3282/2664 2725/3284/2666
f 2725/3284/2666 2511/3282/2664 2530/3285/1638
f 2787/3286/1670 2772/3268/2654 2788/3287/2667
f 2635/3266/1671 2772/3268/2654 2787/3286/1670
f 2782/3288/2668 2772/3268/2654 2800/528/453
f 2809/1288/1099 2546/1242/1065 2544/1244/1067
f 2832/3289/2669 2546/1242/1065 2809/1288/1099
f 2832/3289/2669 2646/1245/1068 2546/1242/1065
f 2860/3290/2246 2692/3291/2670 2869/3292/2671
f 2914/3293/2672 2869/3292/2671 2692/3291/2670
f 2703/3294/2673 2914/3293/2672 2692/3291/2670
f 2907/1375/1159 2886/1374/1158 2703/3294/2673
f 2703/3294/2673 2712/3295/2674 2907/1375/1159
f 2935/3296/1164 2712/3297/2674 2650/3298/2675
f 2650/3298/2675 2427/3299/2676 2935/3296/1164
f 2960/3300/2677 2986/3301/2678 2916/3302/2679
f 2916/3302/2679 2986/3301/2678 2917/3303/2680
f 2938/3304/2681 2939/3305/2682 2791/3306/2683
f 2791/3306/2683 3107/3307/2684 2938/3304/2681
f 2948/3308/2685 2447/1981/1650 2611/1983/1652
f 2963/3309/2686 2611/1983/1652 2518/1984/1653
f 2963/3310/2686 2518/1986/1653 2528/1985/1654
f 2986/3311/2678 2963/3310/2686 2528/1985/1654
f 3030/2069/1726 3276/563/485 2971/2068/1725
f 2745/1285/1096 2765/1284/1095 2981/550/472
f 2996/554/476 2745/1285/1096 2981/550/472
f 3068/558/480 3010/556/478 3028/555/477
f 3062/559/481 2805/1286/1097 2996/554/476
f 2805/1286/1097 2745/1285/1096 2996/554/476
f 2780/3312/1098 2765/1284/1095 2809/3313/1099
f 2765/1284/1095 2805/1286/1097 2809/3313/1099
f 2979/2062/1720 2809/3313/1099 2805/1286/1097
f 3062/559/481 2979/2062/1720 2805/1286/1097
f 3062/559/481 3068/558/480 2657/3271/2657
f 2657/3271/2657 3068/558/480 2756/3269/2656
f 3271/560/482 3122/3314/2687 3276/563/485
f 3276/563/485 3122/3314/2687 2971/2068/1725
f 3073/562/484 3276/563/485 2772/3268/2654
f 2772/3268/2654 3276/563/485 2788/3287/2667
f 2788/3287/2667 3276/563/485 3030/2069/1726
f 3075/561/483 2756/3269/2656 3068/558/480
f 3075/561/483 3073/562/484 2985/525/450
f 2757/524/449 2756/3269/2656 3075/561/483
f 2757/524/449 3075/561/483 2985/525/450
f 3073/562/484 2772/3268/2654 2782/3288/2668
f 2782/3288/2668 2985/525/450 3073/562/484
f 2881/3315/2688 2891/2029/1691 3157/3316/2689
f 3163/3317/2690 3145/3318/2691 2868/2030/1692
f 3163/3317/2690 2868/2030/1692 2881/3315/2688
f 3157/3319/2689 3163/3320/2690 2881/3321/2688
f 2927/2027/1689 2901/2055/1713 3181/3322/2692
f 2901/2055/1713 2905/3323/2693 3181/3322/2692
f 3181/3322/2692 2905/3323/2693 3308/3324/2694
f 3181/3322/2692 3194/3325/2695 2927/2027/1689
f 3194/3326/2695 2891/3327/1691 2927/3328/1689
f 2905/3323/2693 2912/3329/2696 3308/3324/2694
f 2912/3330/2696 3282/3331/487 3308/3332/2694
f 3157/3333/2689 2891/3327/1691 3194/3326/2695
f 3145/3334/2691 2858/3335/1694 2868/3336/1692
f 2942/3337/2697 2858/3338/1694 3210/3339/2698
f 3210/3339/2698 3219/3340/2699 2942/3337/2697
f 3219/3340/2699 3289/2756/1187 2942/3337/2697
f 2961/3341/1707 3174/1417/1198 2995/3342/1708
f 3174/1417/1198 3179/1419/1200 2995/3342/1708
f 3201/3343/1203 3256/2076/1732 3345/2075/1201
f 3279/3344/2700 3275/3345/2701 3265/3346/2702
f 3265/3346/2702 3275/3345/2701 3272/3347/2703
f 3020/3348/2704 3026/3349/2705 3265/3346/2702
f 3265/3346/2702 3272/3347/2703 3020/3348/2704
f 3359/2081/1737 3026/3349/2705 3060/2082/1738
f 3058/1331/1131 3273/2083/1739 3060/2082/1738
f 3020/3348/2704 3272/3347/2703 3063/1332/1132
f 3272/3347/2703 3275/3345/2701 3067/3350/2706
f 3277/1326/1126 3067/3350/2706 3275/3345/2701
f 3272/3347/2703 3067/3350/2706 3069/3351/2707
f 3063/1332/1132 3272/3347/2703 3143/1352/1145
f 3048/3352/2708 3072/3353/2709 3141/3354/2710
f 3052/3355/2711 3072/3353/2709 3048/3352/2708
f 3162/3356/2712 3309/3357/2713 3329/3358/2714
f 3162/3356/2712 3159/3359/2715 3309/3357/2713
f 2954/3360/2716 3325/3361/2717 2968/3362/2718
f 3303/3363/2719 2968/3362/2718 3325/3361/2717
f 3318/3364/2720 3205/3365/2721 3202/3366/2722
f 3205/3365/2721 3318/3364/2720 3360/3367/2723
f 3343/3368/2724 3183/3369/2725 3201/1422/1203
f 3202/3370/2722 3183/3369/2725 3343/3368/2724
f 3362/3371/2726 3318/3364/2720 3351/1429/1209
f 3362/3371/2726 3360/3367/2723 3318/3364/2720
f 3215/3372/2727 3360/3367/2723 3362/3371/2726
f 3362/3371/2726 3351/1429/1209 3356/1431/1207
f 3301/3373/1766 3164/3374/2728 3217/3375/2729
f 3295/3376/2730 2966/569/491 3385/572/494
f 2636/570/492 3169/1323/496 3334/571/493
f 3334/571/493 3169/1323/496 3352/3377/495
f 3357/3378/499 3352/3379/495 3353/3380/497
f 3357/579/499 3290/582/500 3472/3381/2731
f 3458/2140/1789 3445/3382/509 3464/3383/1757
f 3447/2774/2298 3587/3384/2732 3325/3361/2717
f 3466/1463/1235 3527/3385/1777 3571/1461/1233
f 3653/3386/2733 3424/3387/1778 3471/3388/1775
f 3527/3385/1777 3424/3387/1778 3653/3386/2733
f 3571/1461/1233 3527/3385/1777 3579/3389/2734
f 3653/3386/2733 3579/3389/2734 3527/3385/1777
f 3574/2815/2321 3549/3390/2735 3691/2816/2322
f 3589/2790/2306 3583/3391/2319 3677/3392/2318
f 3667/3393/2308 3685/3394/2736 3751/3395/1264
f 3751/3395/1264 3602/3396/2310 3667/3393/2308
f 3685/3397/2736 3667/2792/2308 3652/2791/2307
f 3602/3396/2310 3751/3395/1264 3722/3398/592
f 3723/3399/594 3602/3396/2310 3722/3398/592
f 3723/3399/594 3550/3400/2737 3602/3396/2310
f 3723/710/594 3619/3401/2738 3550/3402/2737
f 3735/3403/2739 3559/3404/1779 3733/3405/2740
f 3736/3406/2741 3559/3404/1779 3735/3403/2739
f 3680/3407/2742 3672/3408/2743 3750/2242/1857
f 3655/641/541 3535/651/551 3668/652/552
f 3668/652/552 3700/1502/1266 3655/641/541
f 3800/1505/1269 3788/1504/1268 3643/3409/2744
f 3811/1512/1273 3572/3410/544 3788/1509/1268
f 3729/3411/542 3572/3410/544 3811/1512/1273
f 3734/3412/2745 3729/642/542 3811/3413/1273
f 3778/3414/1295 3657/3415/1239 3734/3412/2745
f 3759/2151/1799 3775/2153/1801 3891/2831/2333
f 3780/3416/1805 3785/3417/1804 3856/3418/2335
f 3865/2837/2336 3856/3418/2335 3785/3417/1804
f 3862/3419/2339 3785/2159/1804 3588/2158/1806
f 3865/2837/2336 3785/3417/1804 3862/2838/2339
f 3588/3420/1806 3663/3421/1807 3862/3422/2339
f 3862/3422/2339 3663/3421/1807 3875/3423/2340
f 3663/2161/1807 3791/2163/1809 3875/3424/2340
f 3826/3425/2746 3747/3426/1249 3601/3427/1810
f 3833/2842/2343 3879/2841/2342 3826/3428/2746
f 3879/2846/2342 3747/1484/1249 3826/3429/2746
f 3754/2845/2345 3747/1484/1249 3879/2846/2342
f 3823/3430/2347 3895/3431/2346 3904/3432/2747
f 3823/3430/2347 3904/3432/2747 3765/3433/1252
f 3932/3434/2748 3797/3435/2749 3911/3436/2750
f 3952/3437/2751 3753/3438/2752 3797/3435/2749
f 3870/3439/2753 3753/3440/2752 3952/3441/2751
f 3952/3441/2751 3980/3442/2754 3870/3439/2753
f 3842/3443/2755 3870/3444/2753 3980/3445/2754
f 3955/2243/1858 3767/3446/2756 3974/3447/2757
f 3750/2242/1857 3798/3448/2758 3955/2243/1858
f 4002/2898/2379 3680/3407/2742 3750/2242/1857
f 3601/2164/1810 3680/3407/2742 4002/2898/2379
f 3826/3449/2746 3601/3450/1810 4002/3451/2379
f 4002/2898/2379 4004/2900/2381 3826/3429/2746
f 4004/2900/2381 3833/3452/2343 3826/3429/2746
f 4038/721/605 3810/3453/1286 4000/722/606
f 3959/3454/2759 3810/3453/1286 4038/721/605
f 3937/728/610 3873/2826/2328 4008/3455/2760
f 3864/727/609 3873/2826/2328 3937/728/610
f 3873/3456/2328 3953/3457/2761 4008/3458/2760
f 3847/733/615 3953/3459/2761 3814/2829/2331
f 4031/3460/2762 3952/3437/2751 4085/3461/2763
f 3980/3445/2754 3952/3437/2751 4031/3460/2762
f 3842/3443/2755 3980/3445/2754 4031/3460/2762
f 4031/3462/2762 4139/3463/2764 3842/3464/2755
f 4042/3465/2765 3907/2835/2337 3926/3466/2766
f 4042/3467/2765 3922/3468/2338 4052/3469/2767
f 3926/3470/2766 3922/3468/2338 4042/3467/2765
f 4139/3463/2764 3956/3471/2768 3842/3464/2755
f 4041/3472/2769 3956/3471/2768 4139/3463/2764
f 4041/3473/2769 4036/3474/2770 3963/3475/2771
f 4109/3476/2772 3943/3477/2773 4039/3478/2774
f 3978/3479/2775 3943/3477/2773 4109/3476/2772
f 4126/3480/2776 3978/3479/2775 4116/3481/2777
f 3993/3482/2778 3978/3479/2775 4126/3480/2776
f 4062/3483/1307 3993/3484/2778 4126/3485/2776
f 4109/3476/2772 4116/3481/2777 3978/3479/2775
f 4103/759/636 4083/2868/601 4215/760/637
f 4215/760/637 4083/2868/601 4115/1570/1316
f 4215/760/637 4115/1570/1316 4171/761/638
f 4171/761/638 4118/1572/1317 4240/771/646
f 4240/3486/646 4235/3487/2779 4171/3488/638
f 4118/1572/1317 4178/772/645 4240/771/646
f 4342/3489/2780 4234/3490/1872 4225/3491/2781
f 4341/3492/2782 4230/3493/2783 4245/3494/2784
f 4308/3495/2785 4341/3492/2782 4245/3494/2784
f 4392/3496/2786 4262/1589/1330 4330/1587/1328
f 4392/3496/2786 4348/3497/2787 4262/1589/1330
f 4314/1590/1331 4262/1589/1330 4348/3497/2787
f 4425/1651/1390 4288/3498/664 4338/3499/2788
f 4372/2271/1881 4325/2273/1883 4364/3500/2789
f 4405/3501/2790 4375/2274/1884 4372/2271/1881
f 4465/1647/1386 4429/1652/1391 4316/3502/2791
f 4452/1644/1383 4465/1647/1386 4367/3503/2792
f 4465/1647/1386 4316/3502/2791 4367/3503/2792
f 4429/1652/1391 4425/1651/1390 4338/3499/2788
f 4542/3504/2793 4558/3505/2794 4508/3506/2795
f 4558/3505/2794 4775/3507/2796 4574/3508/2797
f 4628/3509/2798 4574/3508/2797 4573/3510/2799
f 4817/3511/2800 4571/1670/1409 4572/3512/2801
f 4572/3512/2801 4571/1670/1409 4798/3513/2802
f 4584/3514/2803 4573/3510/2799 4572/3512/2801
f 4798/3513/2802 4584/3514/2803 4572/3512/2801
f 4778/2323/1923 4800/2321/1921 4607/3515/2804
f 4527/2322/1922 4800/2321/1921 4778/2323/1923
f 4561/3516/2805 4595/3517/2806 4802/3518/2807
f 4561/3516/2805 4802/3518/2807 4810/2340/1938
f 4654/2339/1937 4561/3516/2805 4810/2340/1938
f 4802/3518/2807 4675/2341/1939 4810/2340/1938
f 4908/2342/1940 4561/3516/2805 4654/2339/1937
f 4561/3516/2805 4908/2342/1940 4645/3519/2808
f 4845/3520/2809 4839/3521/2810 4577/2948/2424
f 4845/3520/2809 4834/2326/1926 4952/3522/2811
f 4845/3520/2809 4859/2332/1931 4838/2328/1928
f 4834/2326/1926 4845/3520/2809 4838/2328/1928
f 4845/3520/2809 4577/2948/2424 4859/2332/1931
f 4838/2328/1928 4859/2332/1931 4850/2329/1929
f 4454/3523/2812 4583/849/714 4866/850/715
f 4866/850/715 4861/848/713 4881/3524/2813
f 4861/848/713 4870/3525/2814 4679/2325/1925
f 4679/2325/1925 4881/3524/2813 4861/848/713
f 4881/3524/2813 4454/3523/2812 4866/850/715
f 4596/3526/2815 4454/3523/2812 4881/3524/2813
f 4870/3525/2814 4834/2326/1926 4679/2325/1925
f 4679/2325/1925 4700/3527/2816 4881/3524/2813
f 4700/3527/2816 4596/3526/2815 4881/3524/2813
f 4700/3527/2816 4489/2330/677 4596/3526/2815
f 4700/3527/2816 4689/2327/1927 4489/2330/677
f 4935/1674/1413 4937/1673/1412 4942/1686/1425
f 4942/1686/1425 4937/1673/1412 4481/3528/2817
f 4448/2347/1945 4942/1686/1425 4481/3528/2817
f 4937/1673/1412 4644/1676/1415 4722/3529/2818
f 4937/1673/1412 4722/3529/2818 4481/3528/2817
f 4664/1688/1427 4653/2346/1944 4675/2341/1939
f 4900/1679/1418 4675/2341/1939 4522/3530/2819
f 4900/1679/1418 4522/3530/2819 4536/3531/2820
f 4900/1679/1418 4536/3531/2820 4921/1680/1419
f 4921/1680/1419 4536/3531/2820 4656/2964/2438
f 4905/3532/2821 4898/3533/2822 4895/3534/2823
f 4905/3532/2821 4895/3534/2823 4916/3535/2824
f 4916/3535/2824 4913/3536/2419 4905/3532/2821
f 4521/3537/2420 4913/3536/2419 4916/3535/2824
f 4521/3537/2420 4916/3535/2824 4917/3538/2432
f 4917/3538/2432 4916/3535/2824 4918/3539/2825
f 4955/862/727 4917/3538/2432 4918/3539/2825
f 4733/866/731 4917/3538/2432 4955/862/727
f 26/3540/2826 3/3541/2827 4/3542/2828
f 26/3540/2826 4/3542/2828 36/3543/2829
f 30/3544/2830 71/3545/2831 20/3546/2832
f 30/3544/2830 93/3547/2833 71/3545/2831
f 129/3004/2473 93/3547/2833 30/3544/2830
f 162/3548/2834 248/3549/2835 41/3550/2836
f 182/3551/2837 162/3548/2834 41/3550/2836
f 202/3552/2838 251/3553/2839 196/3554/2840
f 127/42/40 223/3555/2841 196/3554/2840
f 127/42/40 196/3554/2840 251/3553/2839
f 251/3553/2839 202/3552/2838 218/3556/2842
f 145/46/44 127/42/40 264/3557/2843
f 127/42/40 251/3553/2839 264/3557/2843
f 262/3558/2844 222/3559/2845 226/3560/2846
f 218/3556/2842 222/3559/2845 262/3558/2844
f 226/3561/2846 227/3562/2847 262/3563/2844
f 251/3553/2839 218/3556/2842 264/3557/2843
f 264/3557/2843 218/3556/2842 262/3558/2844
f 228/3564/2848 264/3557/2843 262/3558/2844
f 228/3564/2848 262/3558/2844 227/3565/2847
f 345/3566/827 292/3567/2849 78/3568/2850
f 292/3567/2849 94/3569/2851 78/3568/2850
f 620/3570/2852 69/3571/2853 131/3572/2854
f 319/3573/2855 322/3574/2856 506/3575/2857
f 349/3576/2858 506/3575/2857 322/3574/2856
f 177/908/769 155/905/766 506/3575/2857
f 177/908/769 506/3575/2857 349/3576/2858
f 349/3576/2858 88/3577/2859 177/908/769
f 351/3578/2860 124/3579/2861 88/3577/2859
f 351/3578/2860 166/3580/2862 124/3579/2861
f 339/3581/2863 93/3547/2833 152/3582/2864
f 152/3582/2864 565/3583/2865 339/3581/2863
f 395/3584/2866 339/3581/2863 565/3583/2865
f 152/3582/2864 53/887/750 565/3583/2865
f 565/3583/2865 53/887/750 159/3585/2867
f 395/3584/2866 565/3583/2865 171/3586/2868
f 781/3587/2869 614/3588/2870 279/3589/2871
f 287/3590/2872 781/3587/2869 279/3589/2871
f 801/3591/2873 614/3588/2870 781/3587/2869
f 781/3587/2869 809/3592/2874 801/3591/2873
f 636/3593/2875 801/3591/2873 809/3592/2874
f 809/3592/2874 824/3594/2876 636/3593/2875
f 318/3595/2877 809/3592/2874 781/3587/2869
f 824/3594/2876 809/3592/2874 370/3596/2878
f 795/3597/2879 824/3594/2876 305/3598/2880
f 305/3598/2880 824/3594/2876 370/3596/2878
f 23/3599/2881 365/955/815 1209/3600/2882
f 224/3601/2883 382/3602/2884 704/3603/2885
f 704/3604/2885 396/3605/2886 224/3606/2883
f 208/3607/2887 692/102/96 366/100/94
f 692/102/96 208/3607/2887 355/3608/2888
f 732/3609/2889 1134/3610/2890 710/3611/2891
f 732/3609/2889 411/3612/2892 757/3613/2893
f 737/3614/2894 762/3615/2895 1009/3616/2896
f 1009/3616/2896 762/3615/2895 1019/3617/2897
f 762/3615/2895 737/3614/2894 728/3618/2898
f 728/3618/2898 765/3619/2899 762/3615/2895
f 745/3620/2900 843/3621/2901 766/3622/2902
f 843/3621/2901 746/3623/152 766/3622/2902
f 746/3623/152 843/3621/2901 729/3624/2903
f 746/3623/152 770/3625/155 766/3622/2902
f 1069/3626/2904 1108/3627/2905 1054/3628/2906
f 884/1006/864 876/1005/862 1069/3626/2904
f 884/1006/864 1069/3626/2904 1054/3628/2906
f 884/1006/864 1054/3628/2906 1082/3629/2907
f 884/1006/864 1079/3630/2908 897/1007/863
f 924/3631/866 586/3632/2909 934/3633/867
f 924/3631/866 897/1007/863 586/3632/2909
f 897/1007/863 1107/3634/2910 586/3632/2909
f 1107/3634/2910 897/1007/863 1079/3630/2908
f 586/3632/2909 1107/3634/2910 961/3635/870
f 961/3635/870 934/3633/867 586/3632/2909
f 961/3635/870 1107/3634/2910 973/3636/2911
f 938/3637/2912 958/3638/2913 1082/3629/2907
f 884/1006/864 1082/3629/2907 1079/3630/2908
f 1079/3630/2908 1082/3629/2907 958/3638/2913
f 1079/3630/2908 958/3638/2913 1057/3639/2914
f 978/3640/2915 1079/3630/2908 1057/3639/2914
f 910/2454/2048 958/3638/2913 1240/3641/2916
f 1030/3642/2917 759/123/113 738/122/115
f 1028/3643/2918 1030/3642/2917 738/122/115
f 1030/3644/2917 730/124/116 759/119/113
f 761/127/118 467/126/117 1031/3645/2919
f 467/126/117 730/3646/116 1031/3645/2919
f 752/3647/2920 1028/3648/2918 738/3649/115
f 1163/3650/2921 881/3651/2922 596/3652/64
f 1167/3653/2084 596/3654/64 892/3655/2923
f 1167/3653/2084 1163/3656/2921 596/3654/64
f 1167/2493/2084 892/3657/2923 914/3658/2924
f 1167/2493/2084 914/3658/2924 1183/2494/2085
f 1183/3659/2085 914/3660/2924 909/3661/69
f 1183/3659/2085 909/3661/69 1195/3662/2087
f 909/3661/69 936/3663/70 1195/3662/2087
f 1247/3664/2925 877/1769/1493 972/3665/2926
f 886/3666/2927 1243/3667/2928 1247/3664/2925
f 772/3668/2929 1010/3669/2930 1212/3670/2931
f 773/3671/2932 772/3668/2929 1212/3670/2931
f 1267/3115/2557 1147/1774/1498 1161/1776/1500
f 1267/3115/2557 965/3672/2933 1266/3673/1519
f 1161/3674/1500 965/3675/2933 1267/3676/2557
f 1279/3677/2934 945/3678/2935 1280/3679/2936
f 1213/3680/2937 1280/3681/2936 945/3682/2935
f 948/3683/2938 1245/3684/2939 1293/3685/2940
f 1293/3685/2940 1213/3680/2937 948/3683/2938
f 1245/3686/2939 968/3687/2941 1229/3688/2942
f 1229/3688/2942 1293/3689/2940 1245/3686/2939
f 1229/3688/2942 971/3690/2943 1305/3691/2944
f 1308/3692/2945 1305/3691/2944 971/3690/2943
f 1177/3693/2946 1308/3694/2945 971/3695/2943
f 730/3646/116 1030/3642/2917 1306/3696/2947
f 1028/3643/2918 1306/3696/2947 1030/3642/2917
f 1384/3697/2948 761/127/118 1031/3645/2919
f 1031/3645/2919 730/3646/116 1321/3698/2949
f 1224/1026/877 1237/3699/2950 752/3700/2920
f 623/3701/2951 1336/3702/2952 898/3703/2953
f 1347/2480/2072 1180/2483/2074 1282/3094/2542
f 1282/3094/2542 982/3093/2541 1473/3704/2954
f 982/3093/2541 1215/1021/872 1422/3705/2955
f 1422/3705/2955 1215/1021/872 1396/3706/2956
f 1396/3706/2956 1215/1021/872 1236/1020/871
f 947/171/147 1290/1045/894 1393/3707/2957
f 1186/3708/2958 1300/3709/2959 1483/3710/2960
f 1558/3711/2961 1356/2467/2061 1547/3712/2962
f 1558/3711/2961 1357/2468/2062 1356/2467/2061
f 1520/1094/940 1511/1092/938 1377/3713/2963
f 1520/3714/940 1377/3715/2963 1522/3716/2964
f 1377/3713/2963 1511/1092/938 1439/1091/937
f 1333/3717/2965 1466/2534/2113 1533/2533/2112
f 1537/3718/2966 1466/2534/2113 1389/3719/2967
f 1537/3720/2966 1389/3721/2967 1397/3722/2968
f 1537/3720/2966 1397/3722/2968 1554/3723/2969
f 1714/2538/2117 1554/3724/2969 1407/3725/2970
f 1554/3724/2969 1397/3726/2968 1407/3725/2970
f 1501/3727/2971 1191/213/189 1592/3728/2119
f 1592/3728/2119 1191/213/189 1607/3729/2121
f 1459/3730/2972 1607/2544/2121 1191/3731/189
f 1460/2510/2098 1574/2507/2095 1694/3732/2973
f 1638/3733/2974 1528/3734/2975 1584/3735/2976
f 1449/3736/2977 1528/3734/2975 1638/3733/2974
f 1638/3737/2974 1578/3738/2978 1449/3739/2977
f 1532/2501/1537 1431/2500/2091 1661/3740/2979
f 1620/1104/946 1631/1105/947 1465/1809/1527
f 1624/257/231 1536/256/230 1697/1895/1583
f 1536/256/230 1495/1896/238 1697/1895/1583
f 1503/3741/2980 1223/3742/1525 1691/3743/2981
f 1630/3744/2982 1503/3745/2980 1707/1132/974
f 1576/3746/2983 1630/3744/2982 1716/3747/998
f 1596/3748/2984 1576/3749/2983 1716/1162/998
f 1740/1121/963 1636/261/233 1624/260/231
f 1760/1127/969 1644/263/235 1542/265/237
f 1754/3750/2985 1613/3751/2986 1744/3752/2987
f 1499/3753/2566 1572/3754/252 1866/3755/2584
f 1866/3157/2584 1732/3756/983 1499/3128/2566
f 1572/280/252 1701/282/254 1866/3157/2584
f 1801/1134/976 1662/3757/257 1853/3758/2988
f 1655/286/256 1662/3757/257 1801/1134/976
f 1804/1136/978 1717/3153/2580 1521/3155/2582
f 1669/3154/2581 1529/3122/2563 1808/3759/2583
f 1581/3123/2564 1808/3156/2583 1529/3124/2563
f 1760/1127/969 1542/265/237 1815/1125/967
f 1761/3760/2989 1610/3761/2990 1831/3762/2991
f 1610/3761/2990 1621/3763/2992 1831/3762/2991
f 1621/3763/2992 1515/3764/2993 1911/2587/2160
f 1854/3765/2994 1853/3766/2988 1663/289/259
f 1640/290/260 1721/292/262 2016/2579/2152
f 1884/2556/2133 1767/2555/2132 1975/3767/2995
f 1896/2560/2136 1975/3768/2995 1767/2558/2132
f 1896/2560/2136 1747/2559/2135 1906/2562/2138
f 1899/3769/2996 2069/3770/2179 1842/2567/2142
f 1846/2565/2140 1842/2567/2142 2002/2614/2181
f 1792/2569/2144 1929/1871/1565 2001/3771/2997
f 2002/2614/2181 1841/2571/2146 1846/2565/2140
f 2052/3213/2614 2103/3215/2616 1897/3158/2585
f 2103/3215/2616 1963/3772/2998 1897/3158/2585
f 2082/3220/2618 1901/3164/2589 1963/3773/2998
f 2052/3213/2614 1897/3158/2585 1903/3160/2587
f 1901/3167/2589 2082/3221/2618 1915/3165/2590
f 1990/3222/2619 1915/3165/2590 2082/3221/2618
f 1985/3774/968 1815/3775/967 2092/3776/2999
f 2106/3228/2624 2037/3777/3000 2030/340/298
f 2113/3778/3001 2046/3779/3002 2037/3780/3000
f 1959/3781/2147 2046/3779/3002 2151/3782/3003
f 2113/3778/3001 2164/3783/3004 2046/3779/3002
f 2151/3782/3003 2046/3779/3002 2164/3783/3004
f 2151/3782/3003 2169/3784/3005 1959/3781/2147
f 1891/3785/3006 1955/3786/3007 2061/3787/3008
f 1976/3788/2176 1974/3789/3009 2172/3790/2174
f 2172/2607/2174 1974/3791/3009 1967/3792/3010
f 2278/1260/1078 1892/1909/1592 1881/1908/1591
f 2278/1260/1078 2078/2621/2187 1892/1909/1592
f 2278/1258/1078 2021/1912/1595 2196/1262/1081
f 1881/1913/1591 2021/1912/1595 2278/1258/1078
f 2021/1912/1595 2093/2623/2188 2196/1262/1081
f 2175/1228/1055 2045/1221/1048 2214/1223/1050
f 2045/1221/1048 1973/1922/1602 2267/1222/1049
f 2286/3793/3011 2164/3794/3004 2193/3795/3012
f 2212/3796/3013 2164/3797/3004 2286/3798/3011
f 2061/3787/3008 2169/3799/3005 2288/3800/3014
f 2373/3801/3015 2188/3802/3016 2222/3803/3017
f 2310/3804/3018 2108/3201/2609 2056/347/301
f 2353/2691/2242 2242/3805/3019 2249/3806/3020
f 2110/3807/3021 2190/3808/3022 2367/3809/412
f 2094/3810/3023 2081/3811/3024 2376/3812/3025
f 1934/330/288 2081/3811/3024 2094/3810/3023
f 2249/3813/3020 2284/1992/1660 2353/3814/2242
f 2110/3815/3021 2446/481/413 2081/3816/3024
f 2376/3817/3025 2081/3816/3024 2446/481/413
f 2455/484/416 2556/3818/417 2094/3810/3023
f 2455/484/416 2094/3810/3023 2376/3812/3025
f 2556/491/417 2442/3245/2640 2094/3819/3023
f 2422/3820/3026 2179/3821/3027 2720/3822/3028
f 2293/3823/3029 2720/3822/3028 2179/3821/3027
f 2446/481/413 2110/3815/3021 2367/480/412
f 2547/489/418 2376/3817/3025 2446/481/413
f 2547/3824/418 2455/484/416 2376/3812/3025
f 2533/490/419 2442/3245/2640 2556/491/417
f 2601/2679/2234 2429/2678/2233 2365/3229/2625
f 2627/2688/2238 2531/2687/2239 2520/2681/2236
f 2629/3825/456 2454/3826/3030 2483/3827/3031
f 2531/3828/2239 2629/3825/456 2483/3827/3031
f 2642/3829/3032 2374/1972/389 2567/1973/1643
f 2642/3829/3032 2634/3830/390 2374/1972/389
f 2472/1977/1647 2462/3831/3033 2806/3832/3034
f 2386/3833/3035 2555/3834/3036 2771/3835/3037
f 2665/3836/3038 2557/3837/3039 2225/382/331
f 2461/457/391 2665/3836/3038 2496/1971/1642
f 2514/435/374 2186/434/373 2684/3838/3040
f 2684/3838/3040 2186/434/373 2690/3839/3041
f 2718/3840/3042 2427/3299/2676 2406/3841/3043
f 2895/3842/3044 2718/3840/3042 2201/3843/3045
f 2895/3842/3044 2201/3843/3045 2734/3844/3046
f 2630/3845/3047 2550/3846/3048 2947/3847/3049
f 2449/3272/2636 2756/3269/2656 2757/524/449
f 2449/3848/2636 2757/3849/449 2775/3850/448
f 2654/3851/3050 2453/3852/3051 2775/3850/448
f 2786/3853/451 2654/3851/3050 2775/3850/448
f 3001/3854/452 2800/3855/453 2388/3856/364
f 3001/3857/452 2388/3858/364 2487/3859/3052
f 2786/3860/451 2487/3859/3052 2654/3861/3050
f 2786/3860/451 3001/3857/452 2487/3859/3052
f 2633/533/458 2454/3826/3030 2666/2749/455
f 2632/471/403 2845/475/407 2861/3862/3053
f 2861/3862/3053 2672/472/404 2632/471/403
f 2668/3863/402 3099/3864/3054 2623/3865/400
f 2675/3866/3055 3099/3864/3054 2708/3867/3056
f 3099/3864/3054 2675/3866/3055 3106/3868/3057
f 2767/476/408 2537/477/409 3099/3864/3054
f 2537/477/409 2623/3865/400 3099/3864/3054
f 2767/476/408 3099/3864/3054 3106/3868/3057
f 3087/2025/1687 3106/3868/3057 2675/3866/3055
f 3087/2025/1687 3081/3869/3058 3104/2022/1684
f 3106/3868/3057 3087/2025/1687 2903/3870/3059
f 2767/3871/408 2845/3872/407 2534/3873/406
f 2845/475/407 2767/476/408 2871/3874/3060
f 2871/3874/3060 2767/476/408 3106/3868/3057
f 2871/3874/3060 3106/3868/3057 3138/2031/1693
f 2903/3870/3059 3138/2031/1693 3106/3868/3057
f 3087/2025/1687 3111/2026/1688 2903/3870/3059
f 2871/3874/3060 3138/2031/1693 2899/3875/3061
f 2903/3870/3059 3111/2026/1688 3138/2031/1693
f 3113/3876/3062 3138/2031/1693 2858/2032/1694
f 2596/3877/3063 2672/472/404 2861/3862/3053
f 2707/3878/3064 2596/3877/3063 2861/3862/3053
f 3071/1371/1156 2801/2008/1672 2500/3879/372
f 3071/1371/1156 2500/3879/372 2828/1372/1157
f 2790/2013/1675 3034/3880/3065 2831/3881/3066
f 2831/3882/3066 3034/3883/3065 3039/3884/3067
f 3076/3885/3068 2811/2664/2221 3039/3886/3067
f 3039/3886/3067 2573/2662/2219 2831/3887/3066
f 2573/2662/2219 3039/3886/3067 2811/2664/2221
f 2846/3888/3069 3082/3889/3070 2884/3890/3071
f 2846/3888/3069 2884/3890/3071 2843/3891/3072
f 2884/3890/3071 2742/3892/3073 2843/3891/3072
f 3017/2023/1685 2992/3893/3074 3242/2053/1711
f 2992/3893/3074 2888/2054/1712 3242/2053/1711
f 2901/2055/1713 3017/2023/1685 3242/2053/1711
f 2975/3894/3075 2743/496/422 2781/495/421
f 2983/2036/1698 2653/1994/1662 3335/606/518
f 2571/607/519 2820/534/459 3191/2751/2284
f 2529/1991/1659 2983/2036/1698 3199/3895/3076
f 3049/1366/1153 2787/3286/1670 3046/3896/3077
f 3041/2079/1735 3359/2081/1737 3273/2083/1739
f 3076/3897/3068 3034/3883/3065 3055/3898/3078
f 3213/2077/1733 3256/2076/1732 3279/3344/2700
f 3359/2081/1737 3213/2077/1733 3026/3349/2705
f 3213/2077/1733 3279/3344/2700 3026/3349/2705
f 3279/3344/2700 3265/3346/2702 3026/3349/2705
f 3293/3899/3079 3234/547/470 3160/3900/3080
f 3430/2100/1755 3293/3899/3079 3160/3900/3080
f 3167/3901/3081 3172/3902/3082 3410/3903/3083
f 3410/3903/3083 3338/3904/3084 3167/3901/3081
f 3338/3905/3084 3171/3906/3085 3167/3907/3081
f 3180/3908/1189 3338/3905/3084 3339/3909/3086
f 3298/1406/1190 3180/1405/1189 3339/3910/3086
f 2862/566/488 3281/568/490 3366/1438/1217
f 3401/3911/1196 3165/3912/1195 3317/3913/3087
f 3322/3914/1746 3310/3915/1745 3404/3916/1773
f 3405/2122/1772 3322/3917/1746 3404/2123/1773
f 3220/3918/1749 3322/3917/1746 3405/2122/1772
f 3424/3919/1778 3220/3918/1749 3405/2122/1772
f 3221/2099/1754 3220/3920/1749 3424/3921/1778
f 3424/3921/1778 3344/2096/1752 3221/2099/1754
f 3302/3922/3088 3284/3923/2287 3492/3924/2295
f 3492/3924/2295 3446/3925/3089 3302/3922/3088
f 3310/3926/1745 3400/3927/533 3451/3928/3090
f 3404/3916/1773 3310/3915/1745 3451/3929/3090
f 3454/3930/1774 3404/3916/1773 3451/3929/3090
f 3437/3931/505 3442/3932/3091 3497/3933/3092
f 3487/3934/525 3513/3935/3093 3548/3936/3094
f 3448/3937/3095 3325/3361/2717 3587/3384/2732
f 3515/3938/3096 3448/3937/3095 3671/3939/3097
f 3601/2164/1810 3401/1415/1196 3465/3940/3098
f 3601/2164/1810 3556/1483/1248 3401/1415/1196
f 3619/3401/2738 3540/3941/3099 3550/3402/2737
f 3544/2132/1781 3540/3942/3099 3619/3943/2738
f 3619/3401/2738 3644/3944/3100 3544/3945/1781
f 3560/3946/1780 3559/3404/1779 3736/3406/2741
f 3733/3405/2740 3559/3404/1779 3644/3947/3100
f 3559/2130/1779 3544/2132/1781 3644/3948/3100
f 3498/2134/1783 3560/3949/1780 3736/3950/2741
f 3736/3951/2741 3665/3952/3101 3498/3953/1783
f 3665/3954/3101 3581/2135/1784 3498/2134/1783
f 3586/3955/1785 3704/3956/2314 3470/3957/1786
f 3557/3958/3102 3470/2137/1786 3704/3959/2314
f 3304/2769/2293 3470/2137/1786 3557/3958/3102
f 3607/3960/3103 3605/3961/3104 3654/3962/3105
f 3691/3963/2322 3607/3964/3103 3654/3965/3105
f 3634/3966/3106 3574/2815/2321 3773/2817/2323
f 3711/3967/3107 3656/3968/3108 3753/3438/2752
f 3753/3969/2752 3870/3970/2753 3711/3971/3107
f 3870/3972/2753 3701/3973/3109 3711/3974/3107
f 3781/3975/3110 3713/3976/3111 3701/3977/3109
f 3646/3978/3112 3713/3976/3111 3781/3975/3110
f 3836/2856/2351 3762/2855/2350 3639/3979/3113
f 3930/2870/2360 3773/2817/2323 3852/3980/3114
f 3877/3981/3115 3827/3982/3116 3928/3983/3117
f 3909/2863/1311 3877/3984/3115 3928/3985/3117
f 4052/3469/2767 3922/3468/2338 3875/3424/2340
f 4041/3986/2769 3957/3987/3118 3956/3988/2768
f 4041/3989/2769 3963/3990/2771 3957/3991/3118
f 4036/3474/2770 3938/3992/3119 3963/3475/2771
f 4011/2253/1868 3987/3993/3120 4129/2252/1867
f 4129/2252/1867 3987/3993/3120 4095/3994/3121
f 4095/3994/3121 3987/3993/3120 3891/2831/2333
f 4095/3994/3121 3891/2831/2333 3901/2832/2334
f 3936/3995/2341 3833/3452/2343 4032/2901/2382
f 4067/3996/3122 4065/3997/624 4099/3998/623
f 4099/3999/623 4076/4000/627 4067/4001/3122
f 4101/4002/3123 3830/2821/2324 4212/2263/1874
f 4046/4003/3124 4212/2263/1874 3830/2821/2324
f 4069/4004/3125 4075/4005/3126 4125/4006/3127
f 4125/4007/3127 4075/4008/3126 4079/4009/3128
f 4079/4010/3128 4007/1563/1309 4108/1562/1310
f 4009/4011/3129 4093/4012/3130 4219/2913/2391
f 4093/4012/3130 4014/4013/3131 4179/4014/3132
f 4014/4015/3131 4088/4016/3133 4179/4017/3132
f 4152/4018/3134 4139/4019/2764 4291/4020/3135
f 4191/4021/3136 4145/2887/2370 4183/4022/3137
f 4183/4022/3137 4145/2887/2370 4147/2890/2373
f 4183/4023/3137 4147/2891/2373 4144/2893/2374
f 4185/4024/3138 4120/4025/3139 4244/4026/3140
f 4175/4027/3141 4244/4026/3140 4120/4025/3139
f 4182/4028/2367 4281/4029/3142 4141/4030/3143
f 4281/4029/3142 4175/4027/3141 4141/4030/3143
f 4093/4012/3130 4179/4014/3132 4219/2913/2391
f 4269/1627/1366 4088/4016/3133 4136/4031/3144
f 4164/4032/3145 4269/1627/1366 4136/4031/3144
f 4302/2918/2394 4285/1608/1349 4202/4033/3146
f 4302/2918/2394 4249/4034/3147 4395/4035/3148
f 4381/4036/3149 4353/1601/1342 4239/1600/1341
f 4390/4037/3150 4239/1600/1341 4295/4038/3151
f 4390/4037/3150 4381/4036/3149 4239/1600/1341
f 4272/1605/1346 4282/1604/1345 4361/4039/3152
f 4404/4040/3153 4460/4041/3154 4297/4042/3155
f 4404/4040/3153 4297/4042/3155 4377/4043/3156
f 4409/4044/3157 4404/4040/3153 4377/4043/3156
f 4409/4044/3157 4311/4045/3158 4358/4046/3159
f 4368/4047/3160 4409/4044/3157 4358/4046/3159
f 4409/4044/3157 4377/4043/3156 4311/4045/3158
f 4368/4047/3160 4340/4048/3161 4455/4049/3162
f 4402/2293/1899 4393/4050/3163 4296/4051/3164
f 4428/4052/3165 4402/2293/1899 4296/4051/3164
f 4455/4049/3162 4340/4048/3161 4393/4050/3163
f 4402/2293/1899 4455/4049/3162 4393/4050/3163
f 4425/4053/1390 4446/4054/3166 4356/788/662
f 4425/4053/1390 4356/788/662 4288/790/664
f 4403/776/650 4328/2288/1895 4464/2287/1894
f 4473/4055/3167 4403/776/650 4464/2287/1894
f 4380/4056/3168 4476/4057/3169 4385/4058/3170
f 4421/2290/1897 4385/4058/3170 4476/4057/3169
f 4451/4059/2414 4378/4060/3171 4481/4061/2817
f 4448/4062/1945 4481/4061/2817 4378/4060/3171
f 4422/4063/3172 4509/4064/3173 4387/4065/3174
f 4521/2944/2420 4427/2957/2433 4485/2942/2418
f 4475/2960/2435 4556/2961/733 4401/2338/1936
f 4562/4066/710 4421/2290/1897 4476/4057/3169
f 4496/2291/709 4421/2290/1897 4562/4066/710
f 4496/2291/709 4583/4067/714 4443/2289/1896
f 4594/4068/3175 4460/4041/3154 4593/4069/3176
f 4662/4070/3177 4710/839/705 4514/838/704
f 4662/4070/3177 4514/838/704 4525/4071/3178
f 4662/4070/3177 4762/4072/3179 4710/839/705
f 4662/4070/3177 4768/4073/3180 4762/4072/3179
f 4662/4070/3177 4525/4071/3178 4490/4074/3181
f 4545/4075/3182 4827/4076/3183 4786/4077/3184
f 4495/4078/3185 4827/4076/3183 4545/4075/3182
f 4786/4077/3184 4682/4079/3186 4545/4075/3182
f 4827/4076/3183 4800/2321/1921 4786/4077/3184
f 4786/4077/3184 4800/2321/1921 4552/2320/1920
f 4707/2305/1910 4786/4077/3184 4552/2320/1920
f 4559/4080/3187 4545/4081/3182 4682/4082/3186
f 4559/4080/3187 4682/4082/3186 4487/4083/1908
f 4682/4079/3186 4640/2303/1909 4487/2302/1908
f 4707/2305/1910 4552/2320/1920 4624/2306/1911
f 4686/4084/3188 4407/4085/3189 4578/4086/1935
f 4411/1646/1385 4407/4085/3189 4686/4084/3188
f 4686/4084/3188 4718/4087/3190 4411/1646/1385
f 4718/4087/3190 4452/1644/1383 4411/1646/1385
f 4729/4088/3191 4465/1647/1386 4597/1648/1387
f 4729/4088/3191 4610/1649/1388 4465/1647/1386
f 4750/4089/3192 4597/1648/1387 4452/1644/1383
f 4750/4089/3192 4452/1644/1383 4718/4087/3190
f 4716/4090/3193 4938/4091/3194 4905/3532/2821
f 4905/3532/2821 4938/4091/3194 4898/3533/2822
f 4728/4092/2417 4716/4090/3193 4905/3532/2821
f 4905/3532/2821 4913/3536/2419 4728/4092/2417
f 4642/2954/2430 4895/3534/2823 4784/4093/3195
f 4895/3534/2823 4642/2954/2430 4667/2955/2431
f 4667/2955/2431 4916/3535/2824 4895/3534/2823
f 4667/2955/2431 4652/869/734 4673/865/730
f 4918/3539/2825 4916/3535/2824 4667/2955/2431
f 4673/865/730 4918/3539/2825 4667/2955/2431
f 4918/3539/2825 4673/865/730 4955/862/727
f 32/4094/3196 35/4095/3197 257/4096/3198
f 35/4095/3197 32/4094/3196 60/885/748
f 35/4095/3197 60/885/748 256/884/747
f 256/884/747 200/934/795 35/4095/3197
f 377/4097/3199 63/4098/3200 66/4099/3201
f 63/4098/3200 377/4097/3199 82/4100/3202
f 85/4101/3203 63/4098/3200 82/4100/3202
f 61/4102/3204 91/4103/3205 97/4104/3206
f 140/2378/1976 31/4105/3207 128/3019/2485
f 37/4106/3208 31/4105/3207 140/2378/1976
f 140/2378/1976 146/2379/1977 37/4106/3208
f 169/1729/1459 39/4107/3209 37/4106/3208
f 37/4106/3208 258/4108/3210 169/1729/1459
f 258/4108/3210 37/4106/3208 263/4109/3211
f 146/2379/1977 263/4109/3211 37/4106/3208
f 160/2382/1980 263/4109/3211 146/2379/1977
f 415/37/35 303/4110/3212 282/1718/1450
f 325/4111/3213 303/4110/3212 278/3021/2487
f 303/4110/3212 415/37/35 508/36/34
f 278/3021/2487 303/4110/3212 508/36/34
f 500/38/36 337/41/39 508/36/34
f 118/4112/3214 134/4113/3215 332/4114/3216
f 150/4115/3217 332/4114/3216 134/4113/3215
f 332/4114/3216 150/4115/3217 705/4116/3218
f 514/4117/3219 154/4118/3220 369/4119/3221
f 165/4120/3222 154/4118/3220 514/4117/3219
f 514/4117/3219 197/4121/3223 165/4120/3222
f 705/4116/3218 150/4115/3217 165/4120/3222
f 165/4120/3222 346/4122/3224 705/4116/3218
f 102/4123/3225 346/4122/3224 165/4120/3222
f 346/4122/3224 102/4123/3225 99/4124/3226
f 514/4117/3219 369/4119/3221 373/4125/3227
f 197/4121/3223 514/4117/3219 373/4125/3227
f 197/4121/3223 373/4125/3227 106/3015/2481
f 106/3015/2481 108/3016/2482 197/4121/3223
f 379/3012/2478 106/3015/2481 373/4125/3227
f 99/4124/3226 331/4126/873 346/4122/3224
f 572/2392/1990 361/1750/1476 412/4127/3228
f 562/2394/1992 572/2392/1990 412/4127/3228
f 412/4127/3228 361/1750/1476 378/1749/1475
f 562/2394/1992 412/4127/3228 434/4128/3229
f 413/4129/3230 434/4128/3229 412/4127/3228
f 562/2394/1992 434/4128/3229 551/2395/1993
f 554/4130/3231 551/2395/1993 434/4128/3229
f 420/2411/2008 554/4130/3231 434/4128/3229
f 598/4131/3232 588/4132/3233 778/4133/3234
f 778/4133/3234 777/4134/3235 316/4135/3236
f 619/3024/2490 778/4133/3234 316/4135/3236
f 598/4131/3232 778/4133/3234 619/3024/2490
f 303/4110/3212 777/4134/3235 282/1718/1450
f 303/4110/3212 316/4135/3236 777/4134/3235
f 316/4135/3236 303/4110/3212 325/4111/3213
f 619/3024/2490 316/4135/3236 325/4111/3213
f 619/3024/2490 325/4111/3213 278/3021/2487
f 302/3025/2491 619/3024/2490 278/3021/2487
f 641/4136/3237 778/4133/3234 588/4132/3233
f 667/4137/3238 641/4136/3237 588/4132/3233
f 601/4138/3239 814/3026/2492 784/3029/2495
f 508/36/34 786/3022/2488 278/3021/2487
f 698/4139/3240 141/1723/1454 399/1039/888
f 731/1041/890 454/1734/1463 424/1736/1464
f 454/1734/1463 443/4140/1460 441/1735/1462
f 698/4139/3240 731/1041/890 141/1723/1454
f 731/1041/890 816/4141/1465 141/1723/1454
f 424/1736/1464 816/4141/1465 731/1041/890
f 753/190/166 739/189/165 402/4142/3241
f 744/191/167 753/190/166 402/4142/3241
f 851/4143/3242 839/188/164 744/191/167
f 851/4143/3242 744/191/167 755/4144/3243
f 857/4145/3244 851/4143/3242 755/4144/3243
f 755/4144/3243 744/191/167 402/4142/3241
f 393/963/822 858/117/111 446/4146/3245
f 446/4146/3245 858/117/111 455/116/110
f 755/4144/3243 402/4142/3241 446/4146/3245
f 755/4144/3243 446/4146/3245 760/4147/3246
f 760/4148/3246 446/4149/3245 456/4150/119
f 760/4148/3246 456/4150/119 761/4151/118
f 764/4152/3247 851/4143/3242 857/4145/3244
f 857/4145/3244 463/4153/3248 764/4152/3247
f 772/4154/2929 470/4155/3249 857/4156/3244
f 772/3668/2929 773/3671/2932 470/4157/3249
f 471/4158/3250 470/4157/3249 773/3671/2932
f 584/4159/65 602/4160/3251 1156/3092/2540
f 881/3651/2922 1156/4161/2540 602/4162/3251
f 602/4162/3251 596/3652/64 881/3651/2922
f 892/4163/2923 596/68/64 595/70/66
f 892/4163/2923 595/70/66 1065/4164/3252
f 892/4163/2923 1065/4164/3252 1073/3068/2521
f 914/4165/2924 892/4163/2923 1070/3071/2524
f 618/71/67 914/4165/2924 1070/3071/2524
f 914/4165/2924 618/71/67 909/73/69
f 935/214/190 936/4166/70 785/4167/68
f 877/1769/1493 1095/4168/3253 650/76/72
f 609/75/71 877/1769/1493 650/76/72
f 972/3665/2926 877/1769/1493 609/75/71
f 886/3666/2927 1247/3664/2925 972/3665/2926
f 680/4169/3254 709/4170/3255 679/4171/3256
f 822/4172/3257 709/4170/3255 680/4169/3254
f 111/4173/3258 883/2482/2019 327/4174/1469
f 742/4175/3259 717/4176/3260 1120/4177/3261
f 986/4178/3262 742/4175/3259 1120/4177/3261
f 834/3033/2499 742/4175/3259 986/4178/3262
f 986/4178/3262 712/187/163 834/3033/2499
f 739/189/165 712/187/163 986/4178/3262
f 1137/185/161 712/187/163 739/189/165
f 1120/4177/3261 726/4179/3263 838/4180/3264
f 1120/4177/3261 838/4180/3264 769/4181/3265
f 1011/4182/3266 1120/4177/3261 769/4181/3265
f 1011/4182/3266 986/4178/3262 1120/4177/3261
f 769/4181/3265 827/961/820 1011/4182/3266
f 1011/4182/3266 827/961/820 767/4183/3267
f 1164/4184/3268 871/4185/3269 879/4186/3270
f 1175/4187/3271 871/4185/3269 1164/4184/3268
f 1175/4187/3271 599/4188/3272 871/4185/3269
f 1170/4189/3273 879/4190/3270 904/1775/1499
f 1147/1774/1498 1170/4189/3273 904/1775/1499
f 883/2482/2019 967/4191/3274 1180/2483/2074
f 111/4173/3258 967/4191/3274 883/2482/2019
f 1209/3600/2882 1219/3104/2549 183/4192/3275
f 1231/3105/1514 183/4192/3275 1219/3104/2549
f 1018/4193/1516 183/4192/3275 1231/3105/1514
f 704/3603/2885 1018/1792/1516 1232/4194/3276
f 1272/1061/910 1156/4161/2540 1334/2490/2081
f 1177/3693/2946 1190/4195/897 1371/4196/896
f 1333/3717/2965 1258/209/185 1389/3719/2967
f 1397/3722/2968 1389/3721/2967 1258/4197/185
f 1397/3726/2968 1172/4198/3277 1407/3725/2970
f 1408/4199/3278 1407/3725/2970 1184/4200/3279
f 1407/3725/2970 1172/4198/3277 1184/4200/3279
f 1461/4201/3280 1392/4202/3281 1333/3717/2965
f 1291/1802/1520 1351/1803/1521 1504/4203/3282
f 1304/4204/1523 1291/1802/1520 1509/4205/3283
f 1382/4206/243 1437/4207/3284 748/3049/2510
f 1438/4208/3285 1528/3734/2975 1387/4209/3286
f 1449/4210/2977 1387/4211/3286 1528/4212/2975
f 1453/1089/935 1657/1088/934 1427/2498/2089
f 1535/308/274 1308/3692/2945 1606/4213/3287
f 1305/3691/2944 1308/3692/2945 1535/308/274
f 1308/3694/2945 1505/4214/3288 1606/4215/3287
f 1518/1833/1543 1573/2518/2093 1436/1831/1541
f 1597/4216/2105 1525/1825/1536 1590/1824/1535
f 1587/4217/3289 1590/1824/1535 1444/1823/1534
f 1600/4218/3290 1587/4217/3289 1444/1823/1534
f 1531/1830/1540 1600/4218/3290 1444/1823/1534
f 1372/1834/1544 1735/2529/2107 1518/1833/1543
f 1603/2527/2108 1372/1834/1544 1450/1836/206
f 1739/4219/3291 1280/3681/2936 1682/4220/3292
f 1280/3681/2936 1395/4221/3293 1682/4220/3292
f 1660/1881/1573 1437/4207/3284 1567/4222/244
f 1660/1885/1573 1584/3735/2976 1438/4208/3285
f 1437/4223/3284 1660/1885/1573 1438/4208/3285
f 1578/3738/2978 1665/1888/1578 1449/3739/2977
f 1667/1887/1577 1449/3739/2977 1665/1888/1578
f 1667/1887/1577 1451/4224/3294 1449/3739/2977
f 1667/1891/1577 1453/1089/935 1451/4225/3294
f 1667/1891/1577 1652/1090/936 1453/1089/935
f 1605/4226/3295 1540/2492/2083 1695/4227/3296
f 1625/332/291 1698/4228/3297 1540/2492/2083
f 1625/332/291 1548/2495/2086 1552/4229/3298
f 1623/4230/1547 1658/1860/1559 1708/4231/3299
f 1715/4232/3300 1623/4230/1547 1708/4231/3299
f 1304/4204/1523 1509/4205/3283 1728/4233/3301
f 1441/1806/1524 1304/1805/1523 1728/4234/3301
f 1673/4235/3302 1443/1804/1522 1812/4236/3303
f 1443/1804/1522 1441/1806/1524 1812/4236/3303
f 1684/2531/2110 1744/4237/2987 1563/2532/2111
f 1684/2531/2110 1566/2530/2109 1761/3760/2989
f 1610/3761/2990 1761/3760/2989 1566/2530/2109
f 1621/3763/2992 1610/3761/2990 1551/4238/3304
f 1757/3133/959 1693/3132/2569 1890/3200/2608
f 1702/3137/2572 1704/3138/950 1988/415/358
f 1988/415/358 1704/3138/950 1909/4239/3305
f 1762/4240/3306 1784/4241/3307 1888/354/308
f 1979/4242/3308 1961/3232/2628 1784/4241/3307
f 1979/4242/3308 1838/4243/3309 1984/4244/3310
f 1626/4245/3311 1838/4243/3309 1979/4242/3308
f 1838/4243/3309 1845/4246/3312 1984/4244/3310
f 2026/4247/3313 1969/4248/3314 1958/4249/3315
f 2026/4247/3313 1827/2547/2124 2007/4250/3316
f 1989/4251/3317 1983/4252/3318 1790/2551/2128
f 2063/4253/3319 1983/4254/3318 1989/4255/3317
f 1995/4256/293 1983/4254/3318 2063/4253/3319
f 2007/4250/3316 1827/2547/2124 2011/4257/3320
f 1827/2547/2124 1867/4258/3321 2011/4257/3320
f 1746/4259/3322 1999/4260/3323 2077/4261/3324
f 2159/4262/3325 2077/4263/3324 1999/4264/3323
f 1999/4264/3323 1957/2583/2156 2159/4262/3325
f 1957/2583/2156 2033/2585/2158 2159/4262/3325
f 1945/371/320 1940/1930/1609 2166/372/321
f 1902/4265/3326 2074/4266/3327 2058/4267/3328
f 2159/4262/3325 2033/2585/2158 2210/4268/3329
f 2184/379/328 2265/1960/1631 2036/1938/1614
f 2124/1944/1619 1816/1893/1581 2265/1960/1631
f 2489/1964/1635 2213/1963/1634 2133/1939/1615
f 2133/1939/1615 2207/4269/2183 2489/1964/1635
f 2273/3235/2631 2047/4270/3330 2345/1982/1651
f 2047/4270/3330 2120/4271/3331 2345/1982/1651
f 2050/4272/1655 2345/1982/1651 2120/4271/3331
f 2050/1987/1655 1905/4273/3332 2283/4274/3333
f 2377/4275/3334 2366/4276/3335 2070/4277/3336
f 2377/4278/3334 2116/4279/2611 2386/4280/3035
f 2253/4281/3337 2173/4282/3338 2479/4283/3339
f 2479/4283/3339 2173/4282/3338 2398/4284/3340
f 2248/4285/3341 2253/4281/3337 2479/4283/3339
f 2479/4283/3339 2260/1237/1060 2248/4285/3341
f 2412/4286/2244 2019/1168/1004 2387/4287/2627
f 2486/4288/2243 2019/1168/1004 2412/4286/2244
f 2257/418/361 2319/4289/3342 2417/4290/3343
f 2173/4282/3338 2098/4291/1011 2398/4284/3340
f 2420/4292/3344 2398/4284/3340 2098/4291/1011
f 2420/4292/3344 2098/4291/1011 2262/1180/1015
f 2328/4293/3345 2420/4292/3344 2262/1180/1015
f 2304/4294/3346 2228/4295/3347 2392/4296/3348
f 2392/4296/3348 2241/4297/3349 2619/2034/1696
f 2241/4297/3349 2242/3805/3019 2353/2691/2242
f 2516/4298/3350 2607/2701/1116 2205/363/313
f 2516/4298/3350 2205/363/313 2274/4299/3351
f 2516/4298/3350 2209/365/316 2523/4300/3352
f 2274/4299/3351 2209/365/316 2516/4298/3350
f 2209/365/316 2354/4301/3353 2523/4300/3352
f 2460/4302/3354 2394/4303/3355 2469/4304/3356
f 2401/4305/3357 2460/4302/3354 2469/4304/3356
f 2469/4304/3356 2402/4306/3358 2401/4305/3357
f 2653/1994/1662 2414/1995/1663 2407/4307/3359
f 2407/4307/3359 2408/1989/1657 2653/1994/1662
f 2353/3814/2242 2284/1992/1660 2529/1991/1659
f 2582/1993/1661 2284/1992/1660 2414/1995/1663
f 2383/4308/3360 2296/4309/3361 2714/2698/1115
f 2714/2698/1115 2691/1311/1114 2383/4308/3360
f 2714/1312/1115 2296/4310/3361 2607/1313/1116
f 2453/3852/3051 2449/3848/2636 2775/3850/448
f 2301/4311/3362 2453/3852/3051 2654/3851/3050
f 2800/3265/453 2575/3264/2655 2388/4312/364
f 2666/2749/455 2454/3826/3030 2629/3825/456
f 2454/4313/3030 2633/4314/458 2457/4315/1656
f 2943/2016/1678 2890/2015/1677 2595/4316/3363
f 2595/4316/3363 2890/2015/1677 2697/4317/3364
f 3086/4318/3365 2706/4319/3366 2599/4320/3367
f 2704/4321/3368 3086/4318/3365 2599/4320/3367
f 2704/4321/3368 2599/4320/3367 2615/4322/3369
f 2615/4322/3369 2739/4323/3370 2842/4324/3371
f 2615/4322/3369 2842/4324/3371 2704/4321/3368
f 2704/4321/3368 2842/4324/3371 3098/4325/3372
f 2722/2003/1668 2644/4326/3373 2620/2001/1667
f 2744/2720/2262 2842/4324/3371 2739/4323/3370
f 2842/4324/3371 2744/2720/2262 2816/2726/2265
f 2842/4324/3371 2816/2726/2265 2818/4327/3374
f 2851/4328/3375 2879/4329/2662 2572/4330/2663
f 2530/1967/1638 2545/4331/3376 2725/4332/2666
f 2680/4333/1083 2851/4328/3375 2716/4334/3377
f 2716/4334/3377 2686/4335/3378 2680/4333/1083
f 2851/4328/3375 3093/4336/3379 2716/4334/3377
f 2721/506/431 2716/4334/3377 3096/4337/3380
f 2920/4338/3381 2917/3303/2680 2986/3301/2678
f 2920/4339/3381 2603/4340/3382 2610/4341/3383
f 2929/4342/3384 2920/4339/3381 2610/4341/3383
f 2929/4343/3384 2771/4344/3037 2939/4345/2682
f 2929/4343/3384 2610/4346/3383 2771/4344/3037
f 2791/4347/2683 2939/4345/2682 2771/4344/3037
f 2949/4348/3385 2799/4349/3386 2640/4350/3387
f 2640/4350/3387 2697/4317/3364 2949/4348/3385
f 2799/4349/3386 2976/4351/3388 2804/4352/3389
f 2976/4353/3388 2602/4354/3390 2804/4355/3389
f 2976/4351/3388 2949/4348/3385 2732/4356/3391
f 2949/4348/3385 2760/4357/3392 2732/4356/3391
f 3056/2735/2271 3006/2737/2273 2773/4358/1669
f 3006/4359/2273 2665/3836/3038 2773/2004/1669
f 3006/4359/2273 3021/4360/2272 2814/4361/3393
f 2814/4361/3393 2665/3836/3038 3006/4359/2273
f 3047/4362/2275 3027/4363/2274 2642/4364/3032
f 3047/2739/2275 2649/4365/3394 3053/2740/2276
f 2649/4366/3394 2661/4367/3395 3053/4368/2276
f 3312/4369/3396 2677/4370/446 2622/4371/2653
f 2930/4372/3397 2908/4373/3398 2621/4374/2225
f 2930/4372/3397 3227/4375/3399 2908/4373/3398
f 2952/4376/3400 2969/4377/3401 2934/4378/3402
f 2952/4376/3400 3249/4379/3403 2969/4377/3401
f 2952/4376/3400 3227/4375/3399 3254/4380/3404
f 3249/4379/3403 2952/4376/3400 3255/4381/3405
f 2952/4376/3400 3254/4380/3404 3255/4381/3405
f 3227/4375/3399 2930/4372/3397 3254/4380/3404
f 3158/4382/3406 3287/2746/2282 3252/2745/2281
f 3066/1353/1146 2825/1335/1135 3065/1334/1134
f 3071/1371/1156 3049/1366/1153 3046/3896/3077
f 3071/1371/1156 3070/1364/1151 3049/1366/1153
f 3293/3899/3079 3429/594/506 3234/547/470
f 3430/2100/1755 3243/4383/3407 3358/4384/3408
f 3389/629/531 3400/628/533 3306/4385/3409
f 3319/4386/3410 3306/4385/3409 3400/628/533
f 3310/3926/1745 3319/4387/3410 3400/3927/533
f 3493/1439/1218 3381/4388/3411 3366/1438/1217
f 3471/2125/1775 3424/3919/1778 3405/2122/1772
f 3424/3921/1778 3300/2094/1750 3344/2096/1752
f 3320/2760/2288 3300/2094/1750 3466/4389/1235
f 3424/3921/1778 3466/4389/1235 3300/2094/1750
f 3432/4390/3412 3525/4391/3413 3364/4392/3414
f 3432/4393/3412 3438/4394/3415 3609/663/561
f 3692/2152/1800 3463/4395/3416 3472/3381/2731
f 3588/2158/1806 3486/4396/3417 3489/4397/3418
f 3588/2158/1806 3534/2160/1803 3486/4396/3417
f 3591/4398/3419 3588/3420/1806 3489/4399/3418
f 3595/4400/3420 3591/4401/3419 3506/4402/3421
f 3595/4400/3420 3506/4402/3421 3423/4403/3422
f 3598/4404/1808 3595/4400/3420 3423/4403/3422
f 3474/1485/1250 3296/1416/1197 3556/1483/1248
f 3640/2806/2316 3476/600/512 3523/4405/3423
f 3476/600/512 3640/2806/2316 3632/2805/2315
f 3596/4406/3424 3583/3391/2319 3519/4407/3425
f 3596/4406/3424 3441/4408/3426 3554/4409/3427
f 3759/4410/1799 3669/4411/1797 3692/4412/1800
f 3692/2152/1800 3563/4413/3428 3695/2154/1802
f 3663/3421/1807 3588/3420/1806 3591/4398/3419
f 3673/4414/574 3674/4415/3429 3841/4416/3430
f 3841/4417/3430 3742/2656/587 3673/4418/574
f 3674/4419/3429 3705/704/575 3783/705/589
f 3761/4420/567 3686/4421/559 3804/4422/3431
f 3738/4423/3432 3683/4424/556 3608/4425/555
f 3816/4426/3433 3684/658/557 3683/657/556
f 3804/4427/3431 3684/658/557 3816/4426/3433
f 3686/661/559 3684/658/557 3804/4427/3431
f 3639/4428/3113 3649/4429/3434 3840/4430/2353
f 3840/4430/2353 3836/4431/2351 3639/4428/3113
f 3796/4432/596 3764/2799/2313 3581/2801/1784
f 3704/3959/2314 3748/4433/3435 3824/4434/3436
f 3849/1536/1293 3827/3982/3116 3776/4435/3437
f 3827/3982/3116 3640/2806/2316 3776/4435/3437
f 3827/3982/3116 3690/2807/2317 3640/2806/2316
f 3910/1531/1288 3755/4436/3438 3745/4437/3439
f 3828/1510/1272 3825/4438/3440 3894/4439/3441
f 3894/4439/3441 3933/4440/3442 3828/1510/1272
f 3940/4441/3443 3832/4442/3444 3938/3992/3119
f 3940/4443/3443 3964/4444/3445 3832/4445/3444
f 3858/2165/1811 3874/4446/3446 3964/4447/3445
f 3964/4448/3445 3940/4441/3443 3943/3477/2773
f 3858/2165/1811 3964/4447/3445 3943/4449/2773
f 3943/4449/2773 3899/4450/3447 3858/2165/1811
f 3831/2166/1812 3858/2165/1811 3899/4450/3447
f 3966/4451/3448 3898/2178/1818 3819/693/584
f 3985/4452/3449 3913/4453/1819 3981/1545/1301
f 3787/668/566 3761/670/567 4086/1544/1300
f 3931/694/585 3981/1545/1301 3913/4453/1819
f 3931/694/585 3787/668/566 4086/1544/1300
f 3995/4454/3450 3966/4451/3448 3848/676/572
f 3966/4451/3448 3819/693/584 3848/676/572
f 3848/4455/572 3851/4456/586 3995/4457/3450
f 3913/2179/1819 3985/4458/3449 4021/4459/3451
f 4005/4460/1304 3995/4457/3450 3851/4456/586
f 4005/4461/1304 3985/4458/3449 3995/4462/3450
f 4005/4461/1304 4021/4459/3451 3985/4458/3449
f 4005/4461/1304 3962/4463/1303 4021/4459/3451
f 3946/4464/1306 3851/4465/586 3808/4466/573
f 4005/4467/1304 3851/4465/586 3946/4464/1306
f 3934/2180/1820 3913/2179/1819 4021/4459/3451
f 3962/4463/1303 3934/2180/1820 4021/4459/3451
f 4044/4468/3452 3887/4469/3453 3813/689/580
f 3982/4470/3454 3844/1497/1262 4047/4471/3455
f 3844/1497/1262 3766/1498/1263 4047/4471/3455
f 3830/2821/2324 4047/4471/3455 3766/1498/1263
f 4065/742/624 3908/4472/3456 3872/2231/1850
f 3917/4473/3457 3908/4472/3456 4065/742/624
f 4065/4474/624 4067/4475/3122 3917/4476/3457
f 4067/4477/3122 4001/4478/3458 3917/4479/3457
f 3900/4480/590 4003/4481/3459 4076/4000/627
f 4100/4482/3460 4046/4003/3124 3935/4483/3461
f 3935/4483/3461 3984/4484/3462 4100/4482/3460
f 3984/4484/3462 3837/4485/3463 4110/4486/3464
f 4130/4487/3465 4110/4486/3464 3837/4485/3463
f 4138/2255/1870 3837/4485/3463 3843/4488/3466
f 4138/2255/1870 4130/4487/3465 3837/4485/3463
f 3843/4488/3466 3975/4489/3467 4138/2255/1870
f 4051/739/621 4138/2255/1870 3975/4489/3467
f 4157/1576/1321 4158/1575/1320 4126/3480/2776
f 4158/4490/1320 4062/4491/1307 4126/4492/2776
f 4104/4493/1308 4062/4491/1307 4158/4490/1320
f 4097/2864/1324 4236/1586/1326 4049/1585/1312
f 4121/1566/1313 4049/1565/1312 4189/4494/1327
f 4189/1584/1327 4123/1567/1314 4121/1569/1313
f 4188/4495/3468 4024/4496/1840 4204/4497/3469
f 4029/2237/1852 4198/4498/3470 4204/4497/3469
f 4069/4004/3125 4125/4006/3127 4239/1600/1341
f 4239/1600/1341 4172/4499/3471 4069/4004/3125
f 4125/4006/3127 4227/1580/1323 4239/1600/1341
f 4131/2877/2365 4243/1603/1344 4231/1606/1347
f 4260/4500/3472 4092/2894/2375 4211/4501/3473
f 4167/4502/3474 4211/4501/3473 4166/2896/2377
f 4271/4503/3475 4183/4022/3137 4185/4024/3138
f 4242/4504/3476 4169/4505/3477 4176/4506/3478
f 4242/4507/3476 4177/4508/3479 4283/4509/3480
f 4283/4509/3480 4277/4510/3481 4339/4511/3482
f 4241/4512/3483 4272/1605/1346 4312/4513/3484
f 4297/4514/3155 4222/4515/3485 4191/4516/3136
f 4297/4042/3155 4191/4021/3136 4311/4045/3158
f 4311/4045/3158 4191/4021/3136 4278/4517/3486
f 4224/4518/3487 4228/4519/3488 4357/1631/1370
f 4360/4520/3489 4357/1631/1370 4228/4519/3488
f 4351/4521/1888 4453/4522/678 4252/4523/1877
f 4333/4524/1878 4252/4523/1877 4453/4522/678
f 4257/4525/1876 4389/4526/3490 4295/4038/3151
f 4449/1643/1382 4302/2918/2394 4395/4035/3148
f 4399/4527/1363 4336/2909/1362 4440/4528/3491
f 4336/2909/1362 4365/2912/1358 4440/4528/3491
f 4440/4529/3491 4365/1619/1358 4408/1621/1360
f 4408/1621/1360 4412/1626/1365 4469/4530/3492
f 4412/4531/1365 4274/4532/1367 4469/4533/3492
f 4442/4534/3493 4469/4530/3492 4274/1628/1367
f 4463/1634/1373 4487/4083/1908 4384/1635/1374
f 4362/2284/1891 4384/1635/1374 4487/4083/1908
f 4493/2285/1892 4362/2284/1891 4487/4083/1908
f 4406/2283/1890 4493/2285/1892 4550/2312/1916
f 4415/2286/1893 4406/2283/1890 4550/2312/1916
f 4564/860/725 4585/4535/3494 4566/859/724
f 4602/4536/3495 4585/4535/3494 4564/860/725
f 4585/4535/3494 4602/4536/3495 4604/2946/2422
f 4585/4535/3494 4604/2946/2422 4620/2945/2421
f 4743/4537/3496 4634/4538/3497 4542/3504/2793
f 4756/4539/3498 4542/3504/2793 4634/4538/3497
f 4777/4540/3499 4635/4541/3500 4546/4542/1381
f 4635/4541/3500 4777/4540/3499 4508/3506/2795
f 4508/3506/2795 4777/4540/3499 4542/3504/2793
f 4542/3504/2793 4756/4539/3498 4558/3505/2794
f 4775/3507/2796 4558/3505/2794 4756/4539/3498
f 4756/4539/3498 4809/4543/3501 4817/3511/2800
f 4756/4539/3498 4817/3511/2800 4775/3507/2796
f 4809/4543/3501 4811/4544/3502 4805/1656/1395
f 4817/3511/2800 4809/4543/3501 4571/1670/1409
f 4809/4543/3501 4805/1656/1395 4571/1670/1409
f 4775/3507/2796 4817/3511/2800 4573/3510/2799
f 4817/3511/2800 4572/3512/2801 4573/3510/2799
f 4573/3510/2799 4574/3508/2797 4775/3507/2796
f 4584/3514/2803 4798/3513/2802 4636/2343/1941
f 4723/4545/3503 4769/4546/3504 4851/1653/1392
f 4769/4546/3504 4781/4547/3505 4851/1653/1392
f 4758/1654/1393 4851/1653/1392 4781/4547/3505
f 4781/4547/3505 4576/4548/3506 4758/1654/1393
f 4758/1654/1393 4576/4548/3506 4771/1658/1397
f 4782/1663/1402 4576/4548/3506 4789/1661/1400
f 4782/1663/1402 4771/1658/1397 4576/4548/3506
f 4592/4549/3507 4741/4550/3508 4500/2292/1898
f 4719/4551/3509 4947/4552/3510 4725/841/706
f 4660/851/716 4666/853/718 4951/4553/3511
f 4947/4552/3510 4666/853/718 4681/855/720
f 4951/4553/3511 4666/853/718 4947/4552/3510
f 4953/4554/3512 4947/4552/3510 4681/855/720
f 4694/856/721 4953/4554/3512 4681/855/720
f 4953/4554/3512 4694/856/721 4697/4555/3513
f 4953/4554/3512 4697/4555/3513 4713/4556/3514
f 4676/858/723 4899/881/746 4735/857/722
f 4901/4557/3515 4735/857/722 4899/881/746
f 4680/861/726 4735/857/722 4901/4557/3515
f 23/4558/2881 56/4559/3516 42/4560/3517
f 56/4559/3516 58/4561/3518 42/4560/3517
f 78/3568/2850 94/3569/2851 238/4562/3519
f 131/3572/2854 238/4562/3519 94/3569/2851
f 69/3571/2853 80/2373/1971 131/3572/2854
f 141/1739/1454 18/889/752 19/3006/2472
f 18/889/752 141/1739/1454 254/4563/3520
f 441/1733/1462 266/4564/3521 424/1742/1464
f 266/4564/3521 441/1733/1462 164/1732/1461
f 254/4563/3520 141/1739/1454 187/1738/1466
f 187/1738/1466 32/4094/3196 254/4563/3520
f 257/4096/3198 254/4563/3520 32/4094/3196
f 17/886/749 187/1738/1466 192/1740/1467
f 207/1741/1468 424/1742/1464 266/4564/3521
f 266/4564/3521 272/4565/3522 207/1741/1468
f 17/886/749 192/1740/1467 207/1741/1468
f 504/4566/3523 517/4567/3524 502/4568/3525
f 480/4569/3526 517/4567/3524 504/4566/3523
f 502/4568/3525 85/4101/3203 87/4570/3527
f 95/4571/3528 82/4100/3202 397/4572/3529
f 87/4570/3527 179/4573/3530 502/4568/3525
f 531/4574/3531 62/4575/3532 480/4569/3526
f 176/4576/3533 62/4575/3532 531/4574/3531
f 480/4569/3526 504/4566/3523 531/4574/3531
f 176/4576/3533 531/4574/3531 544/4577/3534
f 526/918/779 176/4576/3533 544/4577/3534
f 504/4566/3523 544/4577/3534 531/4574/3531
f 504/4566/3523 568/4578/3535 544/4577/3534
f 504/4566/3523 502/4568/3525 179/4573/3530
f 179/4573/3530 483/4579/3536 504/4566/3523
f 568/4578/3535 504/4566/3523 483/4579/3536
f 501/4580/3537 568/4578/3535 483/4579/3536
f 510/3010/2476 526/918/779 544/4577/3534
f 527/919/780 526/918/779 510/3010/2476
f 510/3010/2476 544/4577/3534 568/4578/3535
f 432/120/114 559/4581/3538 438/4582/3539
f 461/4583/875 559/4581/3538 453/4584/3540
f 438/4582/3539 559/4581/3538 461/4583/875
f 603/4585/3541 780/4586/3542 624/4587/3543
f 292/4588/2849 345/968/827 647/971/830
f 1044/4589/3544 94/3569/2851 292/3567/2849
f 1044/4589/3544 131/3572/2854 94/3569/2851
f 1044/4590/3544 620/4591/2852 131/4592/2854
f 668/4593/3545 685/4594/1437 306/1692/1431
f 690/4595/3546 90/897/759 89/896/756
f 690/4596/3546 718/4597/3547 90/4598/759
f 718/4599/3547 352/4600/3548 90/4601/759
f 792/4602/3549 339/3581/2863 395/3584/2866
f 395/3584/2866 821/4603/3550 792/4602/3549
f 644/4604/3551 792/4602/3549 706/995/854
f 706/995/854 792/4602/3549 821/4603/3550
f 702/1772/1496 706/995/854 821/4603/3550
f 738/3649/115 432/4605/114 438/4606/3539
f 752/3647/2920 738/3649/115 438/4606/3539
f 438/4607/3539 461/1024/875 752/3700/2920
f 291/2375/1973 886/3666/2927 972/3665/2926
f 886/3666/2927 291/2375/1973 900/4608/3552
f 1257/4609/3553 900/4608/3552 291/2375/1973
f 594/941/802 1257/4609/3553 291/2375/1973
f 359/4610/3554 311/4611/146 947/4612/147
f 687/101/95 678/98/92 808/93/87
f 1124/4613/3555 745/3620/2900 715/4614/3556
f 1134/3610/2890 1139/4615/3557 1130/4616/3558
f 710/3611/2891 1134/3610/2890 1130/4616/3558
f 1134/3610/2890 729/3624/2903 1124/4613/3555
f 732/3609/2889 729/3624/2903 1134/3610/2890
f 992/4617/153 729/3624/2903 732/3609/2889
f 746/3623/152 729/3624/2903 992/4617/153
f 992/4617/153 732/3609/2889 757/3613/2893
f 992/4618/153 757/4619/2893 1005/2458/2052
f 737/3614/2894 1009/3616/2896 977/4620/3559
f 1019/4621/2897 762/4622/2895 1035/4623/3560
f 1039/4624/3561 765/3619/2899 728/3618/2898
f 1037/4625/3562 762/4626/2895 765/4627/2899
f 1039/4628/3561 1037/4625/3562 765/4627/2899
f 1035/4629/3560 762/4626/2895 1037/4625/3562
f 745/4630/2900 766/4631/2902 1042/4632/3563
f 1045/4633/3564 1042/4632/3563 766/4631/2902
f 1045/4633/3564 770/4634/155 998/4635/154
f 766/4631/2902 770/4634/155 1045/4633/3564
f 900/4608/3552 1243/3667/2928 886/3666/2927
f 1252/4636/3565 1243/3667/2928 900/4608/3552
f 1254/4637/3566 1244/2453/2047 1240/3641/2916
f 1244/2453/2047 1254/4637/3566 1252/4636/3565
f 900/4608/3552 1149/4638/3567 1252/4636/3565
f 1244/2453/2047 1252/4636/3565 1149/4638/3567
f 1149/4638/3567 900/4608/3552 1257/4609/3553
f 1149/4638/3567 1257/4609/3553 1151/201/177
f 1020/4639/2092 722/111/105 1217/2499/2090
f 756/4640/3568 1020/2502/2092 1222/2503/1539
f 863/4641/3569 1143/2464/2058 1329/2463/2057
f 1329/2463/2057 903/2466/2060 863/4641/3569
f 1173/4642/3570 940/4643/3571 1279/3677/2934
f 940/4643/3571 945/3678/2935 1279/3677/2934
f 984/4644/3572 695/4645/3573 1200/1786/1510
f 1200/1786/1510 1291/1802/1520 984/4644/3572
f 1223/1807/1525 1002/4646/3574 1304/1805/1523
f 1140/4647/3575 903/4648/2060 1327/4649/2059
f 1327/4649/2059 1328/4650/1549 1140/4647/3575
f 1276/4651/3576 1148/4652/3577 1275/4653/3578
f 1417/1037/886 985/1036/885 1367/276/248
f 1171/4654/3579 1185/4655/1512 1420/2508/2096
f 1181/4656/3580 1171/4654/3579 1420/2508/2096
f 1420/2508/2096 1285/4657/3581 1181/4656/3580
f 1420/2508/2096 1203/4658/3582 1285/4657/3581
f 1020/4639/2092 1217/2499/2090 1431/4659/2091
f 1566/2530/2109 1347/2480/2072 1543/4660/3583
f 1543/4660/3583 1347/2480/2072 1282/3094/2542
f 1473/3704/2954 1543/4660/3583 1282/3094/2542
f 1473/3704/2954 1422/3705/2955 1551/4238/3304
f 1551/4238/3304 1422/3705/2955 1515/3764/2993
f 1396/3706/2956 1515/3764/2993 1422/3705/2955
f 1613/3751/2986 1428/3113/2555 1563/4661/2111
f 1566/2530/2109 1543/4660/3583 1610/3761/2990
f 1466/2534/2113 1537/3718/2966 1688/2536/2115
f 1688/4662/2115 1554/3723/2969 1835/3180/2116
f 1537/3720/2966 1554/3723/2969 1688/4662/2115
f 1554/3724/2969 1714/2538/2117 1835/2537/2116
f 1712/4663/2118 1501/4664/2971 1592/4665/2119
f 1569/4666/3584 1501/4664/2971 1712/4663/2118
f 1712/2539/2118 1714/2538/2117 1569/4667/3584
f 1607/4668/2121 1783/4669/2120 1592/4670/2119
f 1755/1924/1604 1455/3141/2574 1544/4671/931
f 1749/2545/2122 1678/2549/2126 1609/4672/3585
f 1749/2545/2122 1609/4672/3585 1589/2546/2123
f 1484/3108/2552 1616/2548/2125 1790/2551/2128
f 1706/2553/2130 1484/3108/2552 1790/2551/2128
f 1589/2546/2123 1648/4673/3586 1805/2554/2131
f 1867/4258/3321 1805/2554/2131 1513/3112/2554
f 1805/2554/2131 1648/4673/3586 1513/3112/2554
f 1844/348/302 1837/4674/3587 1615/1878/1570
f 1615/1878/1570 1681/1879/1571 1844/348/302
f 1663/289/259 1720/4675/3588 1854/3765/2994
f 1854/4676/2994 1588/253/227 1860/2582/2155
f 1720/4675/3588 1588/3131/227 1854/3765/2994
f 1640/290/260 1860/2582/2155 1588/253/227
f 1758/351/305 1762/4240/3306 1888/354/308
f 1784/4241/3307 1617/4677/3589 1979/4242/3308
f 1617/4677/3589 1626/4245/3311 1979/4242/3308
f 1930/3192/2153 1653/4678/263 1800/4679/3590
f 1861/3194/2603 1672/4680/3591 1947/3196/2605
f 1672/4680/3591 1863/4681/3592 1947/3196/2605
f 1863/4681/3592 1670/4682/3593 1794/4683/3594
f 1953/4684/3595 1470/239/215 1756/4685/1021
f 1742/4686/3596 1470/239/215 1953/4684/3595
f 1901/3164/2589 1897/3163/2585 1963/3773/2998
f 1960/4687/3597 1903/3160/2587 1751/3161/2588
f 1751/3161/2588 1742/4688/3596 1960/4687/3597
f 1768/3168/2592 1915/3165/2590 1990/3222/2619
f 1990/3222/2619 1932/3170/2593 1768/3168/2592
f 2092/4689/2999 1859/3172/2595 1932/3174/2593
f 1729/4690/3598 1859/3172/2595 2092/4689/2999
f 1815/4691/967 1729/4690/3598 2092/4689/2999
f 2031/4692/3599 1819/4693/3600 2038/4694/3601
f 2047/4270/3330 2038/4694/3601 1819/4693/3600
f 1819/4693/3600 2120/4271/3331 2047/4270/3330
f 1739/4695/3291 1905/4696/3332 2050/4272/1655
f 1853/3766/2988 1854/3765/2994 2091/4697/3602
f 1860/2582/2155 2016/2579/2152 2099/4698/3603
f 1860/4699/2155 2091/4697/3602 1854/3765/2994
f 2018/2578/2151 2099/4698/3603 2016/2579/2152
f 2101/4700/3604 2027/4701/3605 1966/4702/2599
f 1966/3179/2599 1981/3181/2185 2183/4703/2184
f 1934/330/288 1753/4704/287 2081/3811/3024
f 2135/4705/3606 1830/1925/1605 2094/3819/3023
f 2048/1926/1606 1830/1925/1605 2135/4705/3606
f 2114/380/329 2184/379/328 2104/1943/1618
f 2189/436/375 2026/4247/3313 2186/434/373
f 1969/4248/3314 2026/4247/3313 2189/436/375
f 2125/4706/3607 1969/4248/3314 2189/436/375
f 2186/434/373 2026/4247/3313 2202/437/376
f 2007/4250/3316 2202/437/376 2026/4247/3313
f 1918/4707/3608 2067/4708/3609 2130/4709/3610
f 2040/1215/1045 2152/4710/3611 2232/1216/1046
f 2276/4711/3612 2123/1209/1040 2142/3197/2606
f 1987/1213/1043 1988/415/358 2247/413/356
f 2281/4712/386 2217/4713/3613 2431/4714/388
f 2011/4715/3320 2217/4713/3613 2281/4712/386
f 2339/1318/1121 2218/4716/3614 2272/4717/3615
f 2394/4718/3355 2294/4719/3616 2256/4720/3617
f 2231/4721/3618 2401/4722/3357 2317/4723/3619
f 2256/4724/3617 2259/4725/3620 2320/4726/3621
f 2323/4727/3622 2317/4723/3619 2401/4722/3357
f 2401/4728/3357 2402/4729/3358 2323/4730/3622
f 2403/4731/3623 2404/4732/1658 2415/4733/3624
f 2403/4731/3623 2327/4734/3625 2326/4735/3626
f 2327/4734/3625 2403/4731/3623 2415/4733/3624
f 2415/4733/3624 2329/4736/3627 2327/4734/3625
f 2469/4737/3356 2320/4726/3621 2330/4738/3628
f 2402/4729/3358 2469/4739/3356 2323/4730/3622
f 2469/4739/3356 2330/4740/3628 2323/4730/3622
f 2331/4741/3629 2408/4742/1657 2303/1951/1624
f 2408/4742/1657 2407/4743/3359 2238/1952/1625
f 2238/1952/1625 2303/1951/1624 2408/4742/1657
f 2414/1995/1663 2284/1992/1660 2161/4744/3630
f 2332/4745/3631 2407/4743/3359 2414/4746/1663
f 2332/4745/3631 2238/1952/1625 2407/4743/3359
f 2414/1995/1663 2161/4744/3630 2332/4747/3631
f 2404/4748/1658 2331/4741/3629 2333/4749/3632
f 2416/4750/3633 2404/4751/1658 2333/4752/3632
f 2416/4753/3633 2415/4733/3624 2404/4732/1658
f 2416/4754/3633 2333/4755/3632 2303/4756/1624
f 2416/4753/3633 2329/4736/3627 2415/4733/3624
f 2416/4757/3633 2305/1956/1626 2329/4758/3627
f 2139/2602/2172 2301/4759/3362 2654/3861/3050
f 2654/3861/3050 2487/3859/3052 2139/2602/2172
f 2294/4760/3616 2384/4761/3634 2454/4762/3030
f 2506/1281/1094 2292/4763/2190 2467/1282/1092
f 2506/1281/1094 2421/4764/1056 2292/4763/2190
f 2560/4765/3635 2293/4766/3029 2456/4767/3636
f 2560/4768/3635 2456/4769/3636 2505/4770/3637
f 2299/1227/1054 2421/1229/1056 2580/4771/3638
f 2456/4772/3636 2227/4773/3639 2505/4774/3637
f 2426/2631/2194 2269/1948/1621 2600/4775/3640
f 2269/4776/1621 2532/4777/3641 2600/4778/3640
f 2194/4779/1623 2521/4780/3642 2591/4781/3643
f 2439/2632/2195 2441/2633/2196 2708/4782/3056
f 2821/1324/1124 2304/4294/3346 2619/2034/1696
f 2619/2034/1696 2304/4294/3346 2392/4296/3348
f 2926/4783/3644 2925/4784/3645 2687/4785/3646
f 2926/4783/3644 2681/4786/3647 2925/4784/3645
f 2802/4787/3648 2602/4788/3390 2732/4356/3391
f 2760/4357/3392 2802/4787/3648 2732/4356/3391
f 2824/4789/3649 2509/3242/2637 2624/4790/3650
f 2513/406/350 2509/3242/2637 2824/4789/3649
f 2824/4789/3649 2830/3243/2638 2513/406/350
f 2774/4791/3651 2325/407/351 2830/3243/2638
f 2774/4792/3651 2346/4793/3652 2325/4794/351
f 2697/4317/3364 2702/2018/1680 2834/4795/3653
f 2702/2018/1680 2713/2021/1683 2834/4795/3653
f 2740/4796/3654 2834/4795/3653 2713/2021/1683
f 2834/4795/3653 2740/4796/3654 2839/4797/3655
f 2834/4795/3653 2839/4797/3655 2835/4798/3656
f 2864/4799/3657 2466/441/380 2514/435/374
f 3208/4800/3658 2931/4801/3659 2719/445/384
f 2525/448/385 2719/445/384 2931/4801/3659
f 2601/2679/2234 2618/4802/3660 2873/4803/3661
f 2897/2680/2235 2601/2679/2234 2873/4803/3661
f 2699/2682/2237 2897/2680/2235 3346/2768/2292
f 3127/4804/3662 2836/4805/3663 3110/4806/3664
f 3159/4807/2715 2740/4808/3654 2713/4809/1683
f 2740/4796/3654 2954/4810/2716 2749/4811/3665
f 2954/3360/2716 2968/3362/2718 2749/4812/3665
f 2994/4813/3666 2760/4357/3392 3127/4804/3662
f 3127/4804/3662 3110/4806/3664 3012/4814/3667
f 2731/4815/3668 3110/4806/3664 2836/4805/3663
f 3012/4814/3667 3110/4806/3664 3119/4816/3669
f 2950/4817/3670 3038/4818/3671 2774/4819/3651
f 3038/4818/3671 3043/4820/3672 2774/4819/3651
f 2707/3878/3064 3224/4821/3673 2909/4822/3674
f 2871/3874/3060 2899/3875/3061 2909/4822/3674
f 2959/1402/1186 3152/1404/1188 2899/3875/3061
f 3168/2721/2263 2972/4823/3675 3152/1404/1188
f 2899/3875/3061 3152/1404/1188 2972/4823/3675
f 2959/1402/1186 2942/4824/2697 3289/1403/1187
f 3169/576/496 2953/4825/1125 3170/577/498
f 3170/577/498 2953/4825/1125 3290/4826/500
f 2953/4825/1125 2957/4827/1695 3290/4826/500
f 2769/2690/2241 2529/2692/1659 3199/4828/3076
f 3171/3906/3085 3338/3905/3084 3245/4829/3676
f 3200/4830/3677 3184/4831/3678 3260/4832/3679
f 3000/4833/3680 3260/4832/3679 3269/4834/3681
f 3200/4830/3677 3260/4832/3679 3000/4833/3680
f 3132/4835/3682 3027/2738/2274 3053/2740/2276
f 3200/4830/3677 3000/4833/3680 3133/4836/3683
f 3187/1394/1178 3200/4830/3677 3133/4836/3683
f 3133/4836/3683 3008/1395/1179 3187/1394/1178
f 2794/4837/3684 3132/4835/3682 3053/2740/2276
f 3021/2736/2272 3056/2735/2271 3025/4838/3685
f 3309/3357/2713 3153/2733/2269 3285/4839/3686
f 3324/4840/3687 3163/3317/2690 3157/3316/2689
f 3350/4841/3688 3194/4842/2695 3181/4843/2692
f 3350/4844/3688 3181/3322/2692 3308/3324/2694
f 3307/4845/3689 2857/4846/3690 3379/4847/3691
f 3379/4848/3691 2889/4849/3692 3388/4850/3693
f 2857/4846/3690 2889/4851/3692 3379/4847/3691
f 3388/4850/3693 2889/4849/3692 3391/4852/3694
f 3391/4853/3694 2889/4854/3692 3295/4855/2730
f 3491/1459/1231 3368/2772/2296 3329/4856/2714
f 3299/4857/3695 3283/4858/3696 3364/4392/3414
f 3364/4392/3414 3475/4859/3697 3299/4857/3695
f 3475/4859/3697 3384/4860/3698 3299/4857/3695
f 3324/4840/3687 3392/4861/3699 3481/4862/3700
f 3422/4863/3701 3324/4864/3687 3481/4865/3700
f 3512/622/527 3452/621/526 3597/4866/3702
f 3512/622/527 3656/3968/3108 3524/624/529
f 3656/3968/3108 3555/4867/3703 3524/624/529
f 3454/2124/1774 3635/4868/3704 3646/3978/3112
f 3682/4869/3705 3554/4409/3427 3500/4870/3706
f 3500/4870/3706 3642/4871/3707 3689/4872/3708
f 3642/4871/3707 3502/2111/1764 3706/4873/3709
f 3502/2111/1764 3459/2113/1765 3706/4873/3709
f 3616/631/535 3678/630/534 3744/1496/1261
f 3778/1538/1295 3703/2145/1794 3657/2147/1239
f 3789/4874/1816 3661/4875/545 3703/4876/1794
f 3660/647/547 3703/2145/1794 3661/645/545
f 3668/652/552 3526/649/549 3807/2204/1832
f 3807/2204/1832 3641/648/548 3801/4877/3710
f 3807/2204/1832 3526/649/549 3641/648/548
f 3809/4878/3711 3575/4879/2299 3485/4880/1767
f 3801/4877/3710 3575/2779/2299 3809/4881/3711
f 3801/4877/3710 3641/648/548 3575/2779/2299
f 3485/2115/1767 3731/1495/1260 3884/4882/3712
f 3884/4882/3712 3809/4881/3711 3485/2115/1767
f 3842/4883/2755 3781/3975/3110 3701/3977/3109
f 3957/3987/3118 3646/3978/3112 3781/3975/3110
f 3957/3987/3118 3730/2170/1813 3646/3978/3112
f 3957/3987/3118 3874/4884/3446 3730/2170/1813
f 3858/4885/1811 3730/2170/1813 3874/4884/3446
f 3887/4469/3453 3822/687/578 3813/689/580
f 3902/4886/3713 3815/690/581 3741/667/565
f 3813/689/580 3815/690/581 3970/4887/3714
f 3902/4886/3713 3741/667/565 3898/2178/1818
f 3927/4888/3715 3817/691/582 3822/687/578
f 3887/4469/3453 3927/4888/3715 3822/687/578
f 3860/4889/3716 3808/4890/573 3841/4891/3430
f 3808/4890/573 3742/4892/587 3841/4891/3430
f 3860/4893/3716 3946/4894/1306 3808/4895/573
f 3946/4896/1306 3860/4897/3716 3783/705/589
f 3761/670/567 3876/4898/3717 3885/4899/3718
f 3761/4900/567 3804/4901/3431 3876/4902/3717
f 3876/4898/3717 3738/4903/3432 3885/4899/3718
f 3979/4904/3719 3924/4905/3720 3947/4906/3721
f 4027/4907/3722 3970/4887/3714 3902/4886/3713
f 4044/4468/3452 3970/4887/3714 4027/4907/3722
f 3817/691/582 3927/4888/3715 4063/4908/3723
f 3821/4909/3724 3817/691/582 4063/4908/3723
f 4035/4910/3725 4072/1543/1299 3761/670/567
f 3973/4911/1863 3846/4912/3726 4096/4913/1861
f 4098/2250/1865 4096/2246/1861 3846/4914/3726
f 3925/2251/1866 4098/2250/1865 3846/4914/3726
f 3925/2251/1866 4011/2253/1868 4107/2249/1864
f 4106/757/634 4064/2871/2361 4151/2905/2386
f 4125/4006/3127 4079/4010/3128 4108/1562/1310
f 4108/1562/1310 4227/1580/1323 4125/4006/3127
f 4180/4915/3727 4069/4004/3125 4172/4499/3471
f 4181/4916/3728 4180/4917/3727 4243/4918/1344
f 4131/4919/2365 4181/4916/3728 4243/4918/1344
f 4157/1576/1321 4126/3480/2776 4116/3481/2777
f 4308/3495/2785 4245/3494/2784 4095/3994/3121
f 4308/3495/2785 4095/3994/3121 4223/789/663
f 4042/3467/2765 4254/758/635 4223/4920/663
f 4276/2908/2389 4146/4921/3729 4322/2906/2387
f 4300/2914/1359 4219/2913/2391 4179/4014/3132
f 4350/1625/1364 4300/1620/1359 4088/4016/3133
f 4300/1620/1359 4179/4017/3132 4088/4016/3133
f 4350/1625/1364 4088/4016/3133 4269/1627/1366
f 4160/4922/3730 4222/4923/3485 4332/4924/3731
f 4297/4042/3155 4332/4924/3731 4222/4923/3485
f 4383/4925/3732 4283/4509/3480 4339/4511/3482
f 4352/4926/3733 4339/4511/3482 4277/4510/3481
f 4277/4510/3481 4160/4922/3730 4352/4926/3733
f 4352/4926/3733 4160/4922/3730 4332/4924/3731
f 4048/731/613 4201/4927/3734 4319/800/674
f 4319/800/674 4321/798/672 4048/731/613
f 4361/4039/3152 4296/4051/3164 4272/1605/1346
f 4413/4928/3735 4352/4926/3733 4332/4924/3731
f 4332/4924/3731 4297/4042/3155 4413/4928/3735
f 4390/4929/3150 4426/4930/3736 4381/4931/3149
f 4426/4930/3736 4417/4932/3737 4381/4931/3149
f 4389/4526/3490 4426/4933/3736 4390/4037/3150
f 4432/4934/3738 4416/4935/3739 4361/4039/3152
f 4261/4936/3740 4335/4937/3741 4445/4938/2436
f 4491/2967/2440 4335/4937/3741 4471/2969/2441
f 4335/4937/3741 4341/3492/2782 4471/2969/2441
f 4477/4939/3742 4471/2969/2441 4341/3492/2782
f 4341/3492/2782 4308/3495/2785 4477/4939/3742
f 4439/4940/1369 4379/4941/1368 4490/4942/3181
f 4472/2932/2408 4463/1634/1373 4366/1633/1372
f 4437/799/673 4440/4943/3491 4526/4944/3743
f 4526/4944/3743 4507/4945/3744 4437/799/673
f 4394/2917/2393 4449/1643/1382 4546/1642/1381
f 4546/1642/1381 4580/4946/3745 4394/2917/2393
f 4580/4946/3745 4397/2929/2405 4394/2917/2393
f 4505/4947/3746 4397/2929/2405 4580/4946/3745
f 4445/2962/2436 4491/4948/2440 4671/2965/2439
f 4471/2969/2441 4684/2968/740 4491/2967/2440
f 4655/2970/2442 4471/2969/2441 4477/4939/3742
f 4504/4949/3747 4568/4950/3748 4769/4546/3504
f 4781/4547/3505 4769/4546/3504 4568/4950/3748
f 4769/4546/3504 4510/4951/1379 4504/4949/3747
f 4779/4952/3749 4568/4950/3748 4538/4953/3750
f 4568/4950/3748 4779/4952/3749 4781/4547/3505
f 4576/4548/3506 4781/4547/3505 4779/4952/3749
f 4789/1661/1400 4576/4548/3506 4779/4952/3749
f 4570/4954/3751 4539/4955/3752 4818/4956/3753
f 4818/4956/3753 4669/4957/3754 4570/4954/3751
f 4696/2309/1914 4785/2307/1912 4829/2313/1917
f 4785/2307/1912 4570/4954/3751 4669/4957/3754
f 4669/4957/3754 4829/2313/1917 4785/2307/1912
f 4669/4957/3754 4818/4956/3753 4657/4958/3755
f 4739/4959/3756 4746/2972/2444 4751/2971/2443
f 4656/4960/2438 4536/4961/2820 4420/4962/3757
f 4656/4960/2438 4420/4962/3757 4445/4938/2436
f 4660/851/716 4941/4963/3758 4657/4958/3755
f 4656/2964/2438 4940/2963/2437 4921/1680/1419
f 4919/873/738 4671/2965/2439 4684/875/740
f 4708/2973/2445 4746/2972/2444 4931/876/741
f 4655/4964/2442 4744/877/742 4684/875/740
f 4744/877/742 4655/4964/2442 4910/880/745
f 4708/2973/2445 4931/876/741 4744/877/742
f 4744/877/742 4910/880/745 4932/879/744
f 4748/2974/2446 4744/877/742 4932/879/744
f 4922/867/732 4733/866/731 4955/862/727
f 4922/867/732 4955/862/727 4897/864/729
f 4922/867/732 4897/864/729 4960/4965/3759
f 4556/868/733 4922/867/732 4960/4965/3759
f 4960/4965/3759 4903/4966/1934 4556/868/733
f 482/4967/3760 20/3546/2832 492/4968/3761
f 20/3546/2832 482/4967/3760 107/4969/3762
f 20/3546/2832 107/4969/3762 30/3544/2830
f 30/3544/2830 107/4969/3762 204/3005/2471
f 129/3004/2473 30/3544/2830 204/3005/2471
f 117/4970/3763 139/4971/3764 248/3549/2835
f 208/3607/2887 216/4972/3765 117/4970/3763
f 355/3608/2888 208/3607/2887 117/4970/3763
f 117/4970/3763 214/4973/3766 355/3608/2888
f 355/3608/2888 214/4973/3766 223/3555/2841
f 223/3555/2841 214/4973/3766 196/3554/2840
f 198/4974/3767 396/4975/2886 25/4976/3768
f 44/4977/3769 25/4978/3768 396/3605/2886
f 198/4974/3767 25/4976/3768 139/4979/3764
f 25/4980/3768 248/3549/2835 139/4971/3764
f 182/3551/2837 41/3550/2836 130/4981/3770
f 79/90/84 76/86/80 307/85/81
f 76/84/80 81/4982/3771 312/88/82
f 312/88/82 81/4982/3771 95/4983/3528
f 333/89/83 120/4984/3772 79/90/84
f 120/4985/3772 333/4986/83 701/4987/3773
f 701/4987/3773 496/4988/3774 120/4985/3772
f 489/6/6 496/4988/3774 701/4987/3773
f 701/4987/3773 315/4989/139 489/6/6
f 354/4990/3775 101/892/755 381/4991/3776
f 101/892/755 532/901/762 381/4991/3776
f 381/4991/3776 532/901/762 398/4992/3777
f 203/4993/3778 110/900/761 163/902/763
f 532/901/762 110/900/761 203/4993/3778
f 532/901/762 209/4994/3779 398/4992/3777
f 381/4991/3776 398/4992/3777 353/99/93
f 398/4992/3777 209/4994/3779 436/4995/3780
f 398/4992/3777 366/100/94 353/99/93
f 545/929/790 551/2395/1993 554/4130/3231
f 552/930/791 545/929/790 554/4130/3231
f 552/930/791 554/4130/3231 417/2413/2010
f 420/2411/2008 417/2413/2010 554/4130/3231
f 465/2420/2017 364/1752/1478 543/4996/3781
f 465/2420/2017 543/4996/3781 468/2421/2018
f 437/2408/2005 840/2410/2007 566/4997/3782
f 840/2410/2007 465/2420/2017 469/2419/2016
f 469/2419/2016 205/4998/3783 840/2410/2007
f 840/2410/2007 570/4999/3784 566/4997/3782
f 205/4998/3783 570/4999/3784 840/2410/2007
f 468/2421/2018 543/4996/3781 548/5000/3785
f 468/2421/2018 548/5000/3785 191/5001/3786
f 191/5001/3786 469/2419/2016 468/2421/2018
f 205/4998/3783 469/2419/2016 191/5001/3786
f 570/4999/3784 205/4998/3783 556/5002/3787
f 308/5003/3788 61/5004/3204 898/3703/2953
f 308/5003/3788 621/5005/3789 643/5006/3790
f 658/5007/3791 329/5008/3792 643/5009/3790
f 658/5007/3791 334/5010/3793 329/5008/3792
f 957/5011/3794 342/5012/3795 360/5013/3796
f 397/5014/3529 1158/5015/3797 312/5016/82
f 401/5017/3798 898/3703/2953 61/5004/3204
f 499/26/26 623/5018/2951 401/5019/3798
f 401/5019/3798 405/5020/3799 499/26/26
f 682/1023/874 156/5021/3800 340/5022/3801
f 689/3088/2538 682/3097/874 340/5023/3801
f 689/3088/2538 340/5023/3801 344/5024/1456
f 798/5025/3802 529/5026/3803 362/5027/3804
f 362/5027/3804 392/5028/3805 798/5025/3802
f 822/4172/3257 798/5025/3802 804/5029/3806
f 804/5029/3806 798/5025/3802 392/5028/3805
f 804/5029/3806 392/5028/3805 825/5030/3807
f 392/5028/3805 537/5031/3808 410/5032/3809
f 825/5030/3807 392/5028/3805 410/5032/3809
f 885/5033/212 430/5034/1452 313/5035/1445
f 885/5033/212 878/5036/3810 430/5034/1452
f 875/5037/3811 430/5034/1452 878/5036/3810
f 902/5038/3812 430/5034/1452 875/5037/3811
f 943/5039/3813 1102/2434/2031 937/2436/2033
f 1061/5040/3814 943/5039/3813 1242/5041/3815
f 951/5042/3816 943/5039/3813 1061/5040/3814
f 1076/2438/2035 1102/2434/2031 943/5039/3813
f 943/5039/3813 1091/5043/3817 1076/2438/2035
f 1092/2437/2034 1076/2438/2035 1091/5043/3817
f 951/5042/3816 1091/5043/3817 943/5039/3813
f 1100/976/835 1091/5043/3817 951/5042/3816
f 656/2446/2042 1091/5043/3817 1100/976/835
f 1104/5044/3818 1061/5040/3814 981/988/847
f 951/5042/3816 1061/5040/3814 1104/5044/3818
f 951/5042/3816 1104/5044/3818 1001/989/848
f 1001/989/848 1104/5044/3818 981/988/847
f 1100/976/835 951/5042/3816 1001/989/848
f 656/2446/2042 1092/2437/2034 1091/5043/3817
f 656/2446/2042 631/978/837 1118/2445/2041
f 1100/976/835 631/978/837 656/2446/2042
f 1118/2445/2041 1033/5045/3819 1008/2451/2046
f 631/978/837 1033/5045/3819 1118/2445/2041
f 1033/5045/3819 631/978/837 637/982/841
f 1033/5045/3819 637/982/841 645/1748/1474
f 898/3703/2953 1262/5046/3820 308/5003/3788
f 1262/5046/3820 621/5005/3789 308/5003/3788
f 1188/1810/1528 643/5006/3790 621/5005/3789
f 971/3695/2943 662/5047/74 1177/3693/2946
f 1190/4195/897 962/5048/3821 977/5049/3559
f 962/5048/3821 1190/4195/897 1177/3693/2946
f 662/5047/74 962/5048/3821 1177/3693/2946
f 989/83/79 675/82/78 888/5050/3822
f 999/5051/3823 1024/1066/915 307/85/81
f 994/175/151 992/177/153 1211/5052/3824
f 992/4618/153 1005/2458/2052 1211/5053/3824
f 1190/5054/897 977/5055/3559 1009/5056/2896
f 1190/1048/897 1019/4621/2897 1307/1049/898
f 1009/3616/2896 1019/3617/2897 1190/5057/897
f 1019/4621/2897 1035/4623/3560 1307/1049/898
f 1037/4625/3562 1039/4628/3561 1303/5058/2562
f 1234/5059/3825 1039/4628/3561 1042/5060/3563
f 883/2422/2019 1226/974/833 610/975/834
f 1316/2488/2079 1374/254/228 1040/5061/3826
f 1006/5062/2053 1040/5061/3826 1374/254/228
f 1010/3669/2930 1043/5063/3827 1365/5064/3828
f 1365/5064/3828 1043/5063/3827 1384/5065/2948
f 1043/5066/3827 761/4151/118 1384/5067/2948
f 1046/5068/3829 1004/5069/3830 1225/5070/3831
f 1343/5071/3832 1173/4642/3570 1279/3677/2934
f 688/1756/1480 1359/5072/3833 997/5073/3834
f 1359/5072/3833 1238/5074/3835 997/5073/3834
f 1294/5075/3836 1381/5076/3837 1204/5077/3838
f 1206/5078/3839 1204/5077/3838 1381/5076/3837
f 1633/269/241 1208/5079/3840 1317/5080/3841
f 1633/269/241 1382/271/243 1208/5079/3840
f 1017/3051/2512 1208/5081/3840 1382/4206/243
f 1359/5072/3833 688/1756/1480 1411/5082/3842
f 1418/5083/3843 1294/5084/3836 1238/5085/3835
f 1418/5083/3843 1381/5086/3837 1294/5084/3836
f 1389/3719/2967 1466/2534/2113 1333/3717/2965
f 1407/3725/2970 1408/4199/3278 1569/4667/3584
f 1501/5087/2971 1569/4667/3584 1408/4199/3278
f 1408/5088/3278 1312/212/188 1501/3727/2971
f 1501/3727/2971 1312/212/188 1191/213/189
f 1380/3127/2567 1499/3128/2566 1234/5089/3825
f 1517/281/253 1380/3127/2567 1322/5090/3844
f 1517/281/253 1322/5090/3844 1519/283/255
f 1322/5091/3844 1323/3129/2568 1519/285/255
f 1452/252/226 1374/254/228 1316/2488/2079
f 1483/5092/2960 1547/5093/2962 1186/5094/2958
f 1356/2467/2061 1186/3708/2958 1547/3712/2962
f 1220/2471/2065 1357/5095/2062 1559/5096/3845
f 1368/2472/2066 1220/2471/2065 1559/5096/3845
f 1178/2478/2070 1409/3106/2550 1601/5097/3846
f 1502/5098/3847 1178/2478/2070 1601/5097/3846
f 1440/5099/3848 1321/3698/2949 1602/1100/944
f 1386/1101/943 1602/1100/944 1321/3698/2949
f 1349/1042/891 1346/1044/893 1527/304/270
f 1635/306/272 1349/1042/891 1527/304/270
f 1530/1072/920 1349/1042/891 1635/306/272
f 1608/5100/3849 1300/5101/2959 1393/5102/2957
f 1639/5103/3850 1498/278/250 1786/2566/2141
f 1651/279/251 1498/278/250 1639/5103/3850
f 1564/1866/1561 1582/5104/3851 1664/1864/1560
f 1664/1867/1560 1582/5105/3851 1526/1868/1562
f 1651/279/251 1595/1870/1564 1315/277/249
f 1647/274/246 1786/2566/2141 1498/278/250
f 1747/2559/2135 1546/5106/3852 1614/2561/2137
f 1622/5107/3853 1775/5108/3854 1480/5109/3855
f 1494/5110/3856 1480/5109/3855 1775/5108/3854
f 1622/5111/3853 1506/5112/3857 1782/1114/956
f 1782/1114/956 1506/5112/3857 1752/1116/958
f 1670/4682/3593 1512/5113/3858 1794/4683/3594
f 1798/5114/3859 1512/5115/3858 1713/5116/3860
f 1775/5108/3854 1622/5107/3853 1828/5117/955
f 1622/5111/3853 1782/1114/956 1828/1113/955
f 1789/5118/3861 1691/3743/2981 1840/1154/971
f 1776/5119/3862 1601/5097/3846 1700/5120/3863
f 1776/5119/3862 1902/4265/3326 1705/5121/3864
f 1843/5122/3865 1705/5121/3864 1902/4265/3326
f 1916/5123/3866 1496/5124/3867 1847/5125/3868
f 1885/5126/3869 1754/5127/2985 1744/5128/2987
f 1885/5126/3869 1744/5128/2987 1684/5129/2110
f 1684/5129/2110 1886/5130/3870 1885/5126/3869
f 1886/5131/3870 1684/2531/2110 1761/3760/2989
f 1816/1893/1581 1982/1894/1582 1737/1103/945
f 2055/1942/1617 1631/2515/947 1982/2616/1582
f 2003/1940/1616 1917/1898/1584 1697/1895/1583
f 1700/5120/3863 1773/5132/992 2032/5133/3871
f 2032/5133/3871 2051/5134/3872 1700/5120/3863
f 1776/5119/3862 1700/5120/3863 2051/5134/3872
f 1902/4265/3326 1776/5119/3862 2051/5134/3872
f 1902/4265/3326 2058/4267/3328 1843/5122/3865
f 1847/5135/3868 1843/5122/3865 2058/4267/3328
f 2074/4266/3327 1847/5135/3868 2058/4267/3328
f 1916/5123/3866 1847/5125/3868 2074/5136/3327
f 2087/1929/1608 1943/1880/1572 2076/5137/3873
f 1824/1916/1597 1884/2556/2133 2200/5138/2189
f 1896/2560/2136 1906/2562/2138 2118/5139/3874
f 1906/2562/2138 1914/2564/1037 2127/5140/3875
f 2028/1207/1038 1828/5117/955 2129/5141/1637
f 1894/1112/954 2129/1966/1637 1828/1113/955
f 2154/1958/1629 2143/384/333 1944/1142/984
f 1961/3232/2628 2182/5142/3876 1888/354/308
f 2170/5143/995 2049/5144/993 2368/5145/1069
f 1919/5146/972 2170/5147/995 2368/5148/1069
f 2368/5149/1069 2252/3238/2634 1919/1130/972
f 2065/5150/996 1919/1130/972 2252/3238/2634
f 2054/1161/997 2065/1160/996 2252/5151/2634
f 2062/5152/3877 2054/1161/997 2254/5153/2635
f 1973/5154/1602 2060/5155/1051 2267/5156/1049
f 2277/5157/3878 2064/2590/2163 2179/3821/3027
f 2121/2591/2164 2064/2590/2163 2277/5157/3878
f 2090/2592/2165 2277/5157/3878 2352/1226/1053
f 2179/3821/3027 2064/2590/2163 2293/3823/3029
f 2138/2594/2167 2293/4766/3029 2064/2595/2163
f 2060/1224/1051 2090/2592/2165 2352/1226/1053
f 2111/1186/1019 2175/1228/1055 2299/1227/1054
f 2541/5158/2216 1977/5159/3879 2203/5160/3880
f 2132/5161/3881 1977/5159/3879 2541/5158/2216
f 2147/1149/991 2132/5161/3881 2541/5158/2216
f 2032/5162/3871 2147/1152/991 2355/5163/2214
f 1902/4265/3326 2437/5164/3882 2378/5165/3883
f 2378/5165/3883 2074/4266/3327 1902/4265/3326
f 2395/5166/3884 2074/4266/3327 2378/5165/3883
f 2367/480/412 2190/5167/3022 2395/5166/3884
f 2395/5166/3884 2190/5167/3022 2074/4266/3327
f 2217/5168/3613 2218/4716/3614 2339/1318/1121
f 2470/430/371 2024/5169/1613 2230/375/324
f 2418/5170/2218 2024/5169/1613 2470/430/371
f 2519/466/399 2271/5171/330 2351/467/398
f 2534/5172/406 2270/3214/2615 2291/5173/3885
f 2282/5174/3886 2537/5175/409 2369/5176/3887
f 2291/5173/3885 2369/5177/3887 2534/5172/406
f 2534/5172/406 2369/5177/3887 2537/5178/409
f 2591/5179/3643 2441/2633/2196 2194/1950/1623
f 2559/1233/345 2548/5180/3888 2602/4354/3390
f 2802/5181/3648 2559/1233/345 2602/4354/3390
f 2616/5182/3889 2559/5183/345 2802/5184/3648
f 2495/399/346 2559/398/345 2616/5185/3889
f 2509/5186/2637 2495/403/346 2616/5187/3889
f 2616/5187/3889 2624/5188/3650 2509/5186/2637
f 2607/2701/1116 2516/4298/3350 2860/2702/2246
f 2516/4298/3350 2523/4300/3352 2692/5189/2670
f 2692/5189/2670 2860/2702/2246 2516/4298/3350
f 2692/5189/2670 2523/4300/3352 2703/5190/2673
f 2703/5191/2673 2290/5192/3890 2712/5193/2674
f 2523/4300/3352 2290/5194/3890 2703/5190/2673
f 2650/3298/2675 2712/3297/2674 2290/5194/3890
f 2835/4798/3656 2839/4797/3655 2731/4815/3668
f 2839/4797/3655 2740/4796/3654 2749/4811/3665
f 2749/4811/3665 2731/4815/3668 2839/4797/3655
f 2835/4798/3656 2731/4815/3668 2836/4805/3663
f 2851/4328/3375 2572/4330/2663 2723/5195/3891
f 2723/5195/3891 3093/4336/3379 2851/4328/3375
f 3093/4336/3379 2723/5195/3891 3105/5196/3892
f 2723/5195/3891 3103/5197/2665 2867/5198/3893
f 2867/5198/3893 3105/5196/3892 2723/5195/3891
f 3096/4337/3380 2716/4334/3377 3117/5199/3894
f 2709/514/439 3096/4337/3380 3084/5200/3895
f 2721/506/431 3096/4337/3380 2709/514/439
f 3096/4337/3380 3117/5199/3894 3084/5200/3895
f 3093/4336/3379 3105/5196/3892 2716/4334/3377
f 3117/5199/3894 2716/4334/3377 3105/5196/3892
f 3105/5196/3892 2867/5198/3893 2883/5201/3896
f 3117/5199/3894 3105/5196/3892 2737/5202/3897
f 3105/5196/3892 2883/5201/3896 2737/5202/3897
f 2725/5203/2666 2545/5204/3376 2778/5205/3898
f 2778/5205/3898 3103/5197/2665 2725/5203/2666
f 2867/5198/3893 3103/5197/2665 2778/5205/3898
f 2913/5206/3899 2867/5198/3893 2778/5205/3898
f 2913/5206/3899 2778/5205/3898 2803/5207/3900
f 2883/5201/3896 2913/5206/3899 2922/543/466
f 2872/1295/1104 2913/5206/3899 2803/5207/3900
f 2913/5206/3899 2919/544/467 2922/543/466
f 3084/5200/3895 3117/5199/3894 2685/5208/3901
f 2761/5209/3902 2709/514/439 3084/5200/3895
f 2938/3304/2681 3107/3307/2684 3013/5210/3903
f 3025/4838/3685 3107/3307/2684 2791/3306/2683
f 3013/5210/3903 3107/3307/2684 3037/5211/3904
f 3037/5211/3904 3107/3307/2684 3025/4838/3685
f 3037/5211/3904 2634/5212/390 3032/5213/3905
f 3037/5211/3904 3056/2735/2271 2634/5212/390
f 2634/456/390 3056/5214/2271 2773/2004/1669
f 2872/1295/1104 2877/1296/1105 3234/547/470
f 3225/1297/1106 2936/1302/1109 3241/5215/3906
f 2936/1302/1109 2937/1309/1111 3241/5215/3906
f 3241/5215/3906 2937/1309/1111 2852/1308/1113
f 3234/547/470 2877/1296/1105 3160/3900/3080
f 2877/1296/1105 3225/1297/1106 3160/3900/3080
f 3225/1297/1106 3228/5216/3907 3160/3900/3080
f 2865/1435/1214 2892/5217/3908 3291/5218/3909
f 2892/5217/3908 2915/5219/3910 3291/5218/3909
f 3203/5220/3911 2724/5221/3912 3336/5222/3913
f 3174/5223/1198 2961/2097/1707 3320/2760/2288
f 3348/5224/1205 3333/2766/1206 3192/2741/2277
f 3356/1431/1207 3348/5224/1205 3363/2742/2278
f 3348/5224/1205 3192/2741/2277 3363/2742/2278
f 3380/5225/1228 3329/3358/2714 3285/4839/3686
f 3329/3358/2714 3309/3357/2713 3285/4839/3686
f 3163/5226/2690 3324/4864/3687 3422/4863/3701
f 3194/3325/2695 3350/4844/3688 3392/4861/3699
f 3384/5227/3698 3392/4861/3699 3350/4844/3688
f 3384/5227/3698 3350/4844/3688 3308/3324/2694
f 3321/5228/3914 3288/5229/2279 3436/5230/3915
f 3441/4408/3426 3288/5229/2279 3287/5231/2282
f 3287/5231/2282 3378/5232/1761 3441/4408/3426
f 3503/5233/3916 3433/5234/3917 3388/4850/3693
f 3503/5233/3916 3388/4850/3693 3570/5235/3918
f 3388/4850/3693 3449/5236/3919 3570/5235/3918
f 3457/604/516 3412/2748/2283 3543/5237/3920
f 3467/602/514 3537/5238/3921 3469/605/517
f 3457/604/516 3543/5237/3920 3467/602/514
f 3412/2748/2283 3409/5239/513 3543/5237/3920
f 3487/619/525 3478/5240/522 3482/5241/520
f 3482/5241/520 3428/620/521 3487/619/525
f 3423/5242/3422 3335/606/518 3546/5243/3922
f 3546/5243/3922 3335/606/518 3478/610/522
f 3548/5244/3094 3478/5240/522 3487/619/525
f 3606/5245/3923 3469/5246/517 3537/5247/3921
f 3490/614/524 3469/611/517 3549/5248/2735
f 3487/619/525 3490/618/524 3513/5249/3093
f 3549/3390/2735 3513/3935/3093 3490/5250/524
f 3632/5251/2315 3453/5252/510 3476/5253/512
f 3632/5251/2315 3633/5254/3924 3453/5252/510
f 3566/5255/3925 3453/5252/510 3633/5254/3924
f 3409/601/513 3453/598/510 3566/5256/3925
f 3537/5238/3921 3467/602/514 3578/5257/3926
f 3580/5258/3927 3467/602/514 3543/5237/3920
f 3566/5259/3925 3543/5237/3920 3409/5239/513
f 3580/5258/3927 3543/5237/3920 3566/5259/3925
f 3598/2162/1808 3423/5242/3422 3546/5243/3922
f 3546/5243/3922 3478/610/522 3600/5260/3928
f 3478/5261/522 3548/5262/3094 3600/5263/3928
f 3600/5263/3928 3548/5262/3094 3603/5264/3929
f 3513/3935/3093 3603/5265/3929 3548/3936/3094
f 3537/5247/3921 3605/5266/3104 3606/5245/3923
f 3607/5267/3103 3469/5268/517 3606/5269/3923
f 3607/3964/3103 3549/5248/2735 3469/611/517
f 3574/2815/2321 3513/3935/3093 3549/3390/2735
f 3505/2121/1770 3612/2117/1769 3495/2116/1768
f 3405/2122/1772 3454/2124/1774 3627/5270/3930
f 3514/2126/1776 3405/2122/1772 3627/5270/3930
f 3653/5271/2733 3471/2125/1775 3514/2126/1776
f 3579/3389/2734 3718/5272/3931 3571/1461/1233
f 3465/3940/3098 3672/3408/2743 3680/3407/2742
f 3601/2164/1810 3465/3940/3098 3680/3407/2742
f 3514/2126/1776 3627/5270/3930 3696/5273/3932
f 3653/5271/2733 3514/2126/1776 3696/5273/3932
f 3696/5274/3932 3727/5275/3933 3653/5276/2733
f 3727/5277/3933 3718/5278/3931 3579/5279/2734
f 3653/5280/2733 3727/5277/3933 3579/5279/2734
f 3710/5281/3934 3630/5282/3935 3756/5283/3936
f 3587/5284/2732 3710/5285/3934 3767/5286/2756
f 3670/5287/3937 3587/5284/2732 3767/5286/2756
f 3671/3939/3097 3670/5288/3937 3725/5289/3938
f 3798/3448/2758 3750/2242/1857 3672/3408/2743
f 3818/2811/2320 3817/691/582 3821/4909/3724
f 3690/2807/2317 3827/3982/3116 3877/3981/3115
f 3690/5290/2317 3877/5291/3115 3702/5292/3939
f 3712/5293/3940 3702/5294/3939 3845/2865/2357
f 3845/5295/2357 3702/5292/3939 3877/5291/3115
f 3720/5296/3941 3712/5293/3940 3845/2865/2357
f 3852/3980/3114 3720/5296/3941 3845/2865/2357
f 3737/5297/3942 3634/3966/3106 3881/2869/2359
f 3691/2816/2322 3720/5296/3941 3852/3980/3114
f 3773/2817/2323 3691/2816/2322 3852/3980/3114
f 3907/2835/2337 3865/2834/2336 3926/3466/2766
f 3926/3470/2766 3865/5298/2336 3922/3468/2338
f 3781/3975/3110 3842/4883/2755 3956/3988/2768
f 3957/3987/3118 3781/3975/3110 3956/3988/2768
f 3963/3990/2771 3868/5299/3943 3957/3991/3118
f 3963/3475/2771 3938/3992/3119 3868/5300/3943
f 3938/3992/3119 3832/4442/3444 3868/5300/3943
f 3957/5301/3118 3868/5302/3943 3965/5303/3944
f 3832/5304/3444 3965/5303/3944 3868/5302/3943
f 3832/5304/3444 3964/4447/3445 3965/5303/3944
f 3874/4446/3446 3957/5301/3118 3965/5303/3944
f 3874/4446/3446 3965/5303/3944 3964/4447/3445
f 3996/5305/3945 3895/5306/2346 3945/5307/2344
f 3996/5305/3945 3986/5308/3946 3895/5306/2346
f 3986/5309/3946 3904/5310/2747 3895/2850/2346
f 3986/5309/3946 4059/5311/3947 3904/5310/2747
f 3904/5310/2747 4059/5311/3947 3765/1487/1252
f 4059/5311/3947 3911/3436/2750 3765/1487/1252
f 3932/3434/2748 3911/3436/2750 4059/5311/3947
f 3952/3437/2751 3797/3435/2749 3932/3434/2748
f 3893/5312/1829 4050/5313/3948 4057/5314/1854
f 3941/5315/1856 3893/5312/1829 4057/5314/1854
f 3944/5316/3949 4066/5317/1855 3974/5318/2757
f 3927/4888/3715 3887/4469/3453 4124/5319/3950
f 3887/4469/3453 4044/4468/3452 4124/5319/3950
f 4063/4908/3723 3927/4888/3715 4124/5319/3950
f 4165/5320/3951 4161/5321/3952 4035/4910/3725
f 4026/5322/3953 4165/5320/3951 4035/4910/3725
f 4148/5323/2349 4201/4927/3734 4022/730/612
f 4120/4025/3139 4185/4024/3138 4122/5324/3954
f 4141/4030/3143 4175/4027/3141 4020/2213/1838
f 4185/4024/3138 4143/5325/3955 4122/5324/3954
f 4153/779/653 4220/781/655 4085/3461/2763
f 4220/781/655 4193/5326/3956 4127/5327/3957
f 4221/755/632 4259/5328/3958 4162/738/620
f 4205/756/633 4306/5329/3959 4221/755/632
f 4254/758/635 4215/760/637 4288/3498/664
f 4288/3498/664 4215/760/637 4338/3499/2788
f 4303/762/639 4338/3499/2788 4215/760/637
f 4316/3502/2791 4303/762/639 4235/5330/2779
f 4303/762/639 4171/761/638 4235/5330/2779
f 4316/3502/2791 4240/771/646 4279/767/644
f 4316/3502/2791 4235/5330/2779 4240/771/646
f 4275/763/640 4347/5331/3960 4279/767/644
f 4318/5332/3961 4247/5333/1871 4344/5334/3962
f 4323/5335/3963 4248/5336/1873 4318/5337/3961
f 4378/4060/3171 4317/5338/3964 4217/5339/3965
f 4387/4065/3174 4448/4062/1945 4378/4060/3171
f 4367/3503/2792 4400/1645/1384 4452/1644/1383
f 4379/5340/1368 4383/5341/3732 4419/5342/3966
f 4424/5343/3967 4419/5344/3966 4383/4925/3732
f 4484/2937/2413 4418/5345/3968 4414/2940/2416
f 4484/2937/2413 4485/2942/2418 4418/5345/3968
f 4427/2957/2433 4392/3496/2786 4485/2942/2418
f 4475/2960/2435 4348/3497/2787 4468/2958/2434
f 4624/2306/1911 4552/2320/1920 4527/2322/1922
f 4527/2322/1922 4766/2324/1924 4624/2306/1911
f 4570/4954/3751 4624/2306/1911 4629/5346/3969
f 4766/2324/1924 4629/5346/3969 4624/2306/1911
f 4766/2324/1924 4555/5347/3970 4629/5346/3969
f 4507/5348/3744 4526/5349/3743 4757/5350/3971
f 4770/5351/3972 4757/5350/3971 4526/5349/3743
f 4538/4953/3750 4507/5348/3744 4779/4952/3749
f 4757/5350/3971 4779/4952/3749 4507/5348/3744
f 4779/4952/3749 4757/5350/3971 4789/1661/1400
f 4789/1661/1400 4757/5350/3971 4795/1664/1403
f 4757/5350/3971 4770/5351/3972 4773/5352/3973
f 4757/5350/3971 4773/5352/3973 4795/1664/1403
f 4754/5353/3974 4546/4542/1381 4635/4541/3500
f 4546/4542/1381 4754/5353/3974 4580/5354/3745
f 4951/4553/3511 4821/5355/3975 4941/4963/3758
f 4951/4553/3511 4715/5356/3976 4821/5355/3975
f 4821/5355/3975 4715/5356/3976 4828/5357/3977
f 4548/5358/3978 4473/5359/3167 4860/5360/3979
f 4548/5358/3978 4860/5360/3979 4863/5361/3980
f 4863/5361/3980 4841/846/711 4548/5358/3978
f 4562/845/710 4548/5358/3978 4841/846/711
f 4863/5361/3980 4828/5357/3977 4841/846/711
f 4828/5357/3977 4715/5356/3976 4823/843/708
f 4828/5357/3977 4823/843/708 4841/846/711
f 4719/4551/3509 4725/841/706 4715/5356/3976
f 4715/5356/3976 4725/841/706 4823/843/708
f 4894/1682/1421 4659/1681/1420 4636/2343/1941
f 4584/3514/2803 4659/1681/1420 4664/1688/1427
f 4659/5362/1420 4906/5363/1426 4664/5364/1427
f 4943/5365/3981 4578/2337/1935 4903/2336/1934
f 4714/5366/3982 4726/5367/3983 4741/5368/3508
f 4503/5369/3984 4714/5366/3982 4741/5368/3508
f 4927/872/737 4912/2989/2458 4919/873/738
f 5/2352/1950 1/2351/1949 3/3541/2827
f 236/909/770 177/908/769 88/3577/2859
f 88/3577/2859 40/911/772 236/909/770
f 252/5370/3985 59/5371/3986 49/5372/3987
f 36/3543/2829 59/5371/3986 252/5370/3985
f 166/5373/2862 49/5374/3987 124/5375/2861
f 252/5376/3985 49/5374/3987 166/5373/2862
f 166/3580/2862 154/4118/3220 252/5370/3985
f 217/5377/3988 191/5001/3786 212/5378/3989
f 191/5001/3786 217/5377/3988 205/4998/3783
f 201/5379/3990 184/5380/3991 419/5381/102
f 195/5382/3992 184/5380/3991 201/5379/3990
f 329/5383/3792 308/5003/3788 643/5006/3790
f 61/4102/3204 308/5384/3788 329/5385/3792
f 91/4103/3205 329/5385/3792 334/5386/3793
f 334/5386/3793 498/5387/3993 91/4103/3205
f 342/5388/3795 511/5389/3994 360/5390/3796
f 511/5389/3994 334/5386/3793 360/5390/3796
f 342/5012/3795 957/5011/3794 66/5391/3201
f 397/5014/3529 82/5392/3202 377/5393/3199
f 312/5394/82 95/4571/3528 397/4572/3529
f 401/5019/3798 61/4102/3204 97/4104/3206
f 405/5020/3799 401/5019/3798 97/4104/3206
f 481/31/29 499/26/26 405/5020/3799
f 117/4970/3763 248/3549/2835 162/3548/2834
f 202/3552/2838 117/4970/3763 162/3548/2834
f 214/4973/3766 117/4970/3763 202/3552/2838
f 357/5395/3995 355/3608/2888 223/3555/2841
f 202/3552/2838 196/3554/2840 214/4973/3766
f 44/4977/3769 396/3605/2886 421/1782/1506
f 130/5396/3770 44/4977/3769 421/1782/1506
f 433/5397/1511 182/5398/2837 130/5399/3770
f 182/3551/2837 222/3559/2845 162/3548/2834
f 202/3552/2838 162/3548/2834 222/3559/2845
f 202/3552/2838 222/3559/2845 218/3556/2842
f 600/5400/3996 581/5401/3997 607/5402/3998
f 607/5402/3998 601/4138/3239 784/3029/2495
f 607/5402/3998 784/3029/2495 796/5403/3999
f 600/5400/3996 607/5402/3998 796/5403/3999
f 796/5403/3999 614/3588/2870 600/5400/3996
f 788/77/73 650/76/72 824/3594/2876
f 796/5403/3999 784/3029/2495 304/3028/2494
f 286/5404/4000 279/3589/2871 796/5403/3999
f 614/3588/2870 796/5403/3999 279/3589/2871
f 821/4603/3550 395/3584/2866 171/3586/2868
f 702/1772/1496 821/4603/3550 829/5405/4001
f 829/5405/4001 821/4603/3550 171/3586/2868
f 829/5405/4001 171/3586/2868 736/3031/2497
f 736/3031/2497 171/3586/2868 813/938/799
f 829/5405/4001 736/3031/2497 749/5406/4002
f 879/5407/3270 871/5408/3269 606/5409/4003
f 871/5408/3269 599/5410/3272 597/5411/4004
f 597/5411/4004 606/5409/4003 871/5408/3269
f 606/5412/4003 904/1775/1499 879/4190/3270
f 904/5413/1499 606/5409/4003 626/5414/4005
f 1064/2425/2022 907/2424/2021 1066/5415/4006
f 674/1747/1473 664/1746/1472 1064/2425/2022
f 1064/2425/2022 642/5416/4007 674/1747/1473
f 1064/2425/2022 1066/5415/4006 1081/5417/4008
f 1081/5417/4008 642/5416/4007 1064/2425/2022
f 642/5416/4007 1081/5417/4008 583/5418/4009
f 674/1747/1473 1114/5419/4010 930/2426/2023
f 599/5410/3272 930/2426/2023 1114/5419/4010
f 1114/5419/4010 674/1747/1473 642/5416/4007
f 690/4596/3546 685/4594/1437 969/2477/2069
f 1115/5420/4011 687/101/95 692/102/96
f 1115/5420/4011 692/102/96 357/5395/3995
f 678/98/92 687/101/95 1115/5420/4011
f 856/5421/4012 678/98/92 1115/5420/4011
f 699/5422/4013 1115/5420/4011 357/5395/3995
f 396/3605/2886 704/3604/2885 979/1783/1507
f 421/1782/1506 396/3605/2886 979/1783/1507
f 421/1782/1506 1216/1784/1508 740/5423/4014
f 1004/5424/3830 771/5425/4015 471/4158/3250
f 1004/5069/3830 1046/5068/3829 771/5426/4015
f 461/1024/875 453/5427/3540 1023/1025/876
f 1146/5428/4016 870/133/122 1259/210/186
f 963/204/180 887/5429/4017 906/208/184
f 647/971/830 1185/1788/1512 292/4588/2849
f 1171/4654/3579 292/5430/2849 1185/4655/1512
f 1044/4590/3544 292/5430/2849 1171/4654/3579
f 1027/5431/4018 1012/5432/4019 1138/5433/4020
f 1138/5433/4020 1253/184/160 1027/5431/4018
f 1132/180/156 1253/184/160 1138/5433/4020
f 1181/4656/3580 620/4591/2852 1171/4654/3579
f 1285/4657/3581 620/4591/2852 1181/4656/3580
f 1303/5058/2562 1035/4629/3560 1037/4625/3562
f 1310/3125/2565 1039/4628/3561 1234/5059/3825
f 1310/3125/2565 1303/5058/2562 1039/4628/3561
f 1322/5090/3844 1045/4633/3564 998/4635/154
f 1322/5091/3844 994/175/151 1323/3129/2568
f 1322/5091/3844 998/178/154 994/175/151
f 1428/3113/2555 1226/974/833 883/2422/2019
f 1187/5434/4021 1162/5435/4022 1360/5436/4023
f 1364/5437/4024 1162/5435/4022 1169/5438/4025
f 1364/5437/4024 1360/5436/4023 1162/5435/4022
f 1196/5439/4026 1175/5440/3271 1344/5441/4027
f 1293/3685/2940 1395/4221/3293 1213/3680/2937
f 1293/3689/2940 1229/3688/2942 1472/5442/4028
f 1472/5442/4028 1229/3688/2942 1305/3691/2944
f 1308/3694/2945 1177/3693/2946 1371/4196/896
f 1278/5443/911 1273/5444/4029 1476/5445/912
f 1348/5446/4030 888/5050/3822 1269/5447/4031
f 1263/5448/4032 1469/258/232 1269/5449/4031
f 1485/2485/2076 1355/2462/2056 1145/2486/2077
f 1337/2484/2075 1493/5450/4033 1485/2485/2076
f 1419/5451/4034 1207/5452/4035 1412/5453/4036
f 1627/5454/4037 1334/2490/2081 1540/2492/2083
f 1548/2495/2086 1425/2497/2088 1552/4229/3298
f 1425/2497/2088 1335/216/192 1562/1073/921
f 1464/5455/2553 1634/3150/2097 1185/1788/1512
f 1437/4207/3284 1382/4206/243 1567/4222/244
f 1528/3734/2975 1438/4208/3285 1584/3735/2976
f 1619/297/266 1476/5445/912 1273/5444/4029
f 1273/5444/4029 1348/5446/4030 1619/297/266
f 1619/297/266 1348/5446/4030 1508/296/234
f 1579/1065/914 1646/5456/4038 1363/1067/916
f 1650/5457/4039 1363/1067/916 1646/5456/4038
f 1366/5458/919 1363/1067/916 1650/5457/4039
f 1696/1875/1569 1479/1874/1568 1680/5459/4040
f 1442/5460/4041 1672/5461/3591 1800/4679/3590
f 1670/4682/3593 1672/4680/3591 1423/5462/4042
f 1674/5463/4043 1423/5462/4042 1672/4680/3591
f 1781/1911/1594 1712/2539/2118 1814/1910/1593
f 1814/1914/1593 1783/2542/2120 1856/1915/1596
f 1793/1918/1598 1607/2544/2121 1824/1916/1597
f 1793/5464/1598 1856/1915/1596 1783/2542/2120
f 1887/1128/970 1816/1893/1581 1760/1127/969
f 1631/2515/947 2055/1942/1617 1642/268/240
f 2055/1942/1617 1787/1106/948 1642/268/240
f 1689/1863/264 1636/261/233 1921/1124/966
f 1494/5110/3856 1775/5108/3854 2028/1207/1038
f 1618/5465/2139 1494/5110/3856 2028/1207/1038
f 2008/3198/2607 1910/1115/957 1757/1117/959
f 1890/3200/2608 2008/5466/2607 1757/3133/959
f 1803/5467/4044 1715/4232/3300 2043/1197/1030
f 2028/1207/1038 1775/5108/3854 1828/5117/955
f 1618/5465/2139 2028/1207/1038 1914/1206/1037
f 2008/5466/2607 1890/3200/2608 2142/3199/2606
f 1944/5468/984 1866/3157/2584 2075/385/334
f 2075/385/334 1866/3157/2584 2071/386/335
f 2167/5469/4045 2000/1135/977 1801/1134/976
f 2167/5469/4045 1801/1134/976 2006/5470/4046
f 1993/1137/979 1804/1136/978 2015/1140/982
f 2023/383/332 1942/5471/981 1808/3156/2583
f 2023/3211/332 2015/1140/982 1942/1139/981
f 2071/386/335 1866/3157/2584 1871/2577/2150
f 2052/3213/2614 1903/3160/2587 2291/5173/3885
f 1960/4687/3597 2291/5173/3885 1903/3160/2587
f 2145/5472/4047 2092/5473/2999 1932/3170/2593
f 2114/5474/329 2092/5475/2999 2145/5476/4047
f 1985/1126/968 2092/5477/2999 2114/380/329
f 2012/5478/323 1855/5479/4048 2397/427/370
f 1862/5480/4049 1855/5479/4048 2012/5478/323
f 1875/5481/1005 1937/377/326 2088/5482/1006
f 1946/5483/4050 1876/5484/1009 2173/4282/3338
f 2109/5485/343 1923/5486/4051 2185/1231/344
f 2315/5487/347 2192/405/349 1970/5488/4052
f 1978/5489/4053 1970/5488/4052 2192/405/349
f 2192/405/349 2199/404/348 1978/5489/4053
f 2199/404/348 1986/5490/4054 1978/5489/4053
f 2199/404/348 1818/1143/985 1986/5490/4054
f 2199/404/348 2191/5491/4055 1818/1143/985
f 2088/5482/1006 1937/377/326 2237/376/325
f 2248/4285/3341 1950/1165/1001 2080/1164/1000
f 2253/4281/3337 1946/5483/4050 2173/4282/3338
f 1948/1163/999 1946/5483/4050 2253/4281/3337
f 2253/4281/3337 2080/1164/1000 1948/1163/999
f 2253/4281/3337 2248/4285/3341 2080/1164/1000
f 2165/5492/337 2167/5469/4045 2380/1975/1645
f 2235/2635/2198 2091/4697/3602 2314/2636/2199
f 2091/4697/3602 1860/4699/2155 2314/2636/2199
f 2314/2638/2199 1860/2582/2155 2464/2639/2200
f 2246/2641/2202 2413/2640/2201 2244/5493/4056
f 2246/2646/2202 2020/3191/2154 2313/2644/2205
f 2413/2640/2201 2099/4698/3603 2244/5493/4056
f 2413/2640/2201 2464/2639/2200 2099/4698/3603
f 2269/4776/1621 2111/5494/1019 2299/5495/1054
f 2372/5496/336 2165/5492/337 2380/1975/1645
f 2250/1976/1646 2380/1975/1645 2167/5469/4045
f 2235/5497/2198 2462/3831/3033 2233/5498/4057
f 2335/3218/2613 2424/5499/405 2180/3216/2617
f 2424/5499/405 2307/3219/1064 2180/3216/2617
f 2371/3247/2642 2473/5500/2643 2130/5501/3610
f 2316/3250/2645 2130/4709/3610 2473/3248/2643
f 2232/1216/1046 2318/3251/2646 2362/2626/2191
f 2273/3235/2631 2345/1982/1651 2447/1981/1650
f 2345/1982/1651 2050/4272/1655 2518/1984/1653
f 2050/1987/1655 2283/4274/3333 2528/1985/1654
f 2451/5502/4058 2528/5503/1654 2283/5504/3333
f 2451/5502/4058 2366/4276/3335 2603/4340/3382
f 2603/4340/3382 2366/4276/3335 2610/4341/3383
f 2366/4276/3335 2377/4275/3334 2610/4341/3383
f 2377/4278/3334 2386/4280/3035 2610/4346/3383
f 2595/5505/3363 2522/5506/4059 2341/5507/340
f 2595/5505/3363 2640/5508/3387 2522/5506/4059
f 2670/5509/4060 2682/5510/4061 2505/5511/3637
f 2671/5512/1073 2604/1277/1074 2838/508/433
f 2838/508/433 2696/5513/4062 2671/5512/1073
f 2443/5514/2226 2447/5515/1650 2715/5516/4063
f 2617/5517/4064 2346/5518/3652 2774/5519/3651
f 2436/5520/4065 2346/5521/3652 2617/5522/4064
f 2482/532/457 2820/534/459 2404/1990/1658
f 2653/1994/1662 2408/1989/1657 2571/607/519
f 3084/5200/3895 2685/5208/3901 3089/5523/4066
f 3089/5523/4066 2761/5209/3902 3084/5200/3895
f 2737/5202/3897 2924/546/469 2685/5208/3901
f 2685/5208/3901 2924/546/469 2904/549/465
f 2904/549/465 2898/5524/464 2685/5208/3901
f 2761/5209/3902 3089/5523/4066 2875/5525/462
f 3089/5523/4066 2685/5208/3901 2875/5525/462
f 2882/5526/461 2761/5209/3902 2875/5525/462
f 2685/5208/3901 2898/5524/464 2875/5525/462
f 2737/5202/3897 2883/5201/3896 2924/546/469
f 2883/5201/3896 2922/543/466 2924/546/469
f 2678/5527/4067 2853/1294/1100 2701/5528/4068
f 2678/5529/4067 2526/5530/1648 2853/1289/1100
f 2853/1289/1100 2526/5530/1648 2613/1290/1101
f 2701/5528/4068 2853/1294/1100 3091/1293/1103
f 3091/1293/1103 2872/1295/1104 2701/5528/4068
f 2779/5531/4069 2978/5532/4070 2476/5533/4071
f 3033/5534/1751 3022/2052/1710 2971/2068/1725
f 3033/5534/1751 2971/2068/1725 3122/3314/2687
f 3016/5535/4072 3033/5534/1751 3122/3314/2687
f 2864/4799/3657 2514/435/374 2684/3838/3040
f 2581/444/383 2864/4799/3657 3189/5536/4073
f 3337/5537/4074 3189/5536/4073 2864/4799/3657
f 3208/4800/3658 2581/447/383 3189/5538/4073
f 2719/5539/384 2581/5540/383 3208/5541/3658
f 2945/5542/4075 2617/5543/4064 2940/5544/4076
f 2940/5544/4076 2944/5545/4077 2945/5542/4075
f 2945/5542/4075 2944/5545/4077 3112/5546/4078
f 2997/5547/4079 2977/5548/4080 3247/5549/4081
f 2997/5547/4079 2984/5550/4082 2958/5551/4083
f 2984/5550/4082 2997/5547/4079 3007/2711/2255
f 3165/5552/1195 3172/5553/3082 3247/5549/4081
f 3172/5553/3082 2997/5547/4079 3247/5549/4081
f 3007/2711/2255 2997/5547/4079 3238/5554/4084
f 3167/3907/3081 3238/5554/4084 2997/5547/4079
f 3172/5553/3082 3167/3907/3081 2997/5547/4079
f 3358/4384/3408 3314/2101/1756 3430/2100/1755
f 3358/4384/3408 3155/5555/4085 3314/2101/1756
f 3331/2103/1758 3314/2101/1756 2880/5556/4086
f 3331/2103/1758 2880/5556/4086 3176/2105/1759
f 3199/3895/3076 2983/2036/1698 3423/5242/3422
f 3423/5242/3422 2983/2036/1698 3335/606/518
f 3347/5557/2285 3342/613/515 3427/612/523
f 3427/617/523 3428/616/521 3347/5558/2285
f 3295/5559/2730 3385/5560/494 3440/5561/4087
f 3440/5561/4087 3391/5562/3694 3295/5559/2730
f 3440/5561/4087 3449/5563/3919 3391/5562/3694
f 3463/4395/3416 3456/5564/4088 3352/3377/495
f 3383/5565/4089 3393/5566/4090 3506/5567/3421
f 3563/4413/3428 3472/3381/2731 3486/5568/3417
f 3563/4413/3428 3486/5568/3417 3534/2155/1803
f 3525/4391/3413 3565/5569/4091 3475/4859/3697
f 3638/5570/4092 3475/4859/3697 3565/5569/4091
f 3638/5570/4092 3599/5571/4093 3475/4859/3697
f 3599/5571/4093 3384/4860/3698 3475/4859/3697
f 3392/5572/3699 3384/4860/3698 3599/5571/4093
f 3539/5573/4094 3392/5572/3699 3599/5571/4093
f 3551/5574/4095 3504/5575/4096 3541/5576/4097
f 3417/5577/4098 3416/5578/4099 3666/688/579
f 3497/5579/3092 3505/2121/1770 3561/2120/1771
f 3719/5580/4100 3497/5579/3092 3442/5581/3091
f 3719/5582/4100 3442/5583/3091 3616/631/535
f 3718/5272/3931 3643/5584/2744 3571/1461/1233
f 3643/5584/2744 3592/1462/1234 3571/1461/1233
f 3643/5584/2744 3577/1464/1236 3592/1462/1234
f 3630/5282/3935 3622/5585/4101 3756/5283/3936
f 3630/5586/3935 3710/5587/3934 3447/2774/2298
f 3587/3384/2732 3447/2774/2298 3710/5587/3934
f 3671/3939/3097 3448/3937/3095 3670/5288/3937
f 3798/3448/2758 3671/3939/3097 3725/5289/3938
f 3798/3448/2758 3672/3408/2743 3671/3939/3097
f 3554/4409/3427 3682/4869/3705 3745/4437/3439
f 3689/5588/3708 3682/5589/3705 3500/5590/3706
f 3642/4871/3707 3706/4873/3709 3947/5591/3721
f 3947/5591/3721 3706/4873/3709 3806/5592/4102
f 3810/3453/1286 3806/5592/4102 3706/4873/3709
f 3647/1489/1254 3765/1487/1252 3911/3436/2750
f 3597/4866/3702 3647/1489/1254 3911/3436/2750
f 3797/3435/2749 3597/4866/3702 3911/3436/2750
f 3842/5593/2755 3701/3973/3109 3870/3972/2753
f 3892/5594/1291 3824/5595/3436 3889/5596/599
f 3776/5597/3437 3824/5595/3436 3892/5594/1291
f 3849/5598/1293 3776/5597/3437 3892/5594/1291
f 3910/1531/1288 3717/1533/1290 3755/4436/3438
f 3890/2872/2362 3910/1531/1288 3745/4437/3439
f 3979/5599/3719 3947/5591/3721 4038/721/605
f 4038/721/605 3947/5591/3721 3959/3454/2759
f 3941/2241/1856 4066/2240/1855 3944/5600/3949
f 3974/5318/2757 3767/5286/2756 3944/5316/3949
f 4056/5601/4103 3976/5602/4104 3968/5603/4105
f 4056/5601/4103 3983/5604/4106 3976/5602/4104
f 4084/5605/4107 3988/5606/1292 4060/5607/4108
f 4084/5608/4107 4073/5609/4109 3988/1535/1292
f 4092/2894/2375 4023/5610/4110 4025/2857/2352
f 4092/2894/2375 3906/2859/2354 4037/2895/2376
f 4054/5611/4111 4117/5612/2364 4074/5613/4112
f 4117/2875/2364 3960/2874/2363 4074/5614/4112
f 4150/5615/4113 4156/5616/4114 3902/4886/3713
f 4156/5616/4114 4027/4907/3722 3902/4886/3713
f 3902/4886/3713 3898/2178/1818 4150/5615/4113
f 4044/4468/3452 4027/4907/3722 4156/5616/4114
f 4156/5616/4114 4124/5319/3950 4044/4468/3452
f 4161/5321/3952 4072/1543/1299 4035/4910/3725
f 4057/2239/1854 4155/5617/4115 4208/1594/1335
f 4066/2240/1855 4057/2239/1854 4208/1594/1335
f 4170/1593/1334 4066/2240/1855 4208/1594/1335
f 4142/2878/2366 4131/2877/2365 4231/1606/1347
f 4182/5618/2367 4142/5619/2366 4241/5620/3483
f 4272/1605/1346 4142/2878/2366 4231/1606/1347
f 4241/5621/3483 4142/5622/2366 4272/5623/1346
f 4290/774/648 4233/773/647 4328/2288/1895
f 4368/4047/3160 4284/5624/4116 4340/4048/3161
f 4359/5625/4117 4284/5624/4116 4368/4047/3160
f 4344/5626/3962 4342/3489/2780 4414/5627/2416
f 4418/5345/3968 4344/5334/3962 4414/2940/2416
f 4323/5628/3963 4344/5334/3962 4418/5345/3968
f 4392/3496/2786 4323/5628/3963 4418/5345/3968
f 4404/4040/3153 4409/4044/3157 4458/5629/4118
f 4461/5630/4119 4409/4044/3157 4368/4047/3160
f 4368/4047/3160 4455/4049/3162 4467/5631/4120
f 4448/4062/1945 4387/4065/3174 4509/4064/3173
f 4511/871/736 4631/2299/1905 4796/5632/4121
f 4534/5633/4122 4796/5632/4121 4625/5634/4123
f 4630/5635/4124 4796/5632/4121 4631/2299/1905
f 4631/2299/1905 4632/2300/1906 4630/5635/4124
f 4796/5632/4121 4630/5635/4124 4625/5634/4123
f 4625/5634/4123 4630/5635/4124 4544/5636/4125
f 4632/2300/1906 4755/2301/1907 4549/5637/4126
f 4544/5636/4125 4632/2300/1906 4569/5638/4127
f 4630/5635/4124 4632/2300/1906 4544/5636/4125
f 4569/5638/4127 4632/2300/1906 4549/5637/4126
f 4639/5639/4128 4515/2934/2410 4650/5640/4129
f 4650/5640/4129 4515/2934/2410 4518/2935/2411
f 4703/5641/4130 4650/5640/4129 4518/2935/2411
f 4703/5641/4130 4518/2935/2411 4519/827/697
f 4761/5642/4131 4643/5643/4132 4792/5644/4133
f 4703/5645/4130 4792/5644/4133 4643/5643/4132
f 4611/5646/4134 4761/5642/4131 4803/5647/4135
f 4761/5642/4131 4792/5644/4133 4803/5647/4135
f 4703/5645/4130 4767/830/696 4792/5644/4133
f 4519/827/697 4767/826/696 4703/5641/4130
f 4722/5648/2818 4716/5649/3193 4520/5650/2415
f 4484/5651/2413 4520/5652/2415 4716/5653/3193
f 4728/2941/2417 4484/2937/2413 4716/5654/3193
f 4864/5655/4136 4840/5656/4137 4883/5657/4138
f 4840/5656/4137 4849/5658/4139 4883/5657/4138
f 4883/5657/4138 4849/5658/4139 4869/5659/4140
f 4698/5660/4141 4876/5661/4142 4858/5662/4143
f 4711/5663/4144 4698/5660/4141 4858/5662/4143
f 4858/5662/4143 4888/5664/4145 4711/5663/4144
f 4711/5663/4144 4854/5665/4146 4683/5666/4147
f 4854/5665/4146 4711/5663/4144 4884/5667/4148
f 4711/5663/4144 4888/5664/4145 4890/5668/4149
f 4890/5668/4149 4888/5664/4145 4586/5669/4150
f 4868/5670/4151 4890/5668/4149 4586/5669/4150
f 4876/5661/4142 4883/5657/4138 4893/5671/4152
f 4864/5655/4136 4883/5657/4138 4876/5661/4142
f 4876/5661/4142 4893/5671/4152 4858/5662/4143
f 4893/5671/4152 4883/5657/4138 4847/5672/4153
f 19/3006/2472 48/888/751 34/3007/2474
f 48/888/751 19/3006/2472 18/889/752
f 60/885/748 187/1738/1466 17/886/749
f 32/4094/3196 187/1738/1466 60/885/748
f 77/14/14 73/5673/4154 14/5674/4155
f 14/5674/4155 28/5675/4156 77/14/14
f 249/15/15 77/14/14 28/5675/4156
f 300/5676/4157 14/5677/4155 73/5678/4154
f 14/5674/4155 151/5679/4158 28/5675/4156
f 113/5680/4159 265/17/17 249/15/15
f 249/15/15 28/5675/4156 151/5679/4158
f 151/5679/4158 113/5680/4159 249/15/15
f 151/5679/4158 14/5674/4155 300/5681/4157
f 300/5681/4157 144/5682/4160 151/5679/4158
f 230/5683/4161 113/5680/4159 151/5679/4158
f 151/5679/4158 232/1700/1436 230/5683/4161
f 151/5679/4158 144/5682/4160 170/1698/1433
f 232/1700/1436 151/5679/4158 170/1698/1433
f 796/5403/3999 304/3028/2494 286/5404/4000
f 279/3589/2871 286/5404/4000 287/3590/2872
f 75/5684/1438 685/5685/1437 690/5686/3546
f 690/5687/3546 89/5688/756 75/5689/1438
f 354/4990/3775 241/890/753 101/892/755
f 84/894/757 75/1706/1438 89/893/756
f 512/3011/2477 155/905/766 123/904/765
f 506/3575/2857 512/3011/2477 319/3573/2855
f 155/905/766 512/3011/2477 506/3575/2857
f 383/5690/4162 227/3562/2847 226/3561/2846
f 145/46/44 264/3557/2843 228/3564/2848
f 223/3555/2841 127/42/40 403/5691/4163
f 458/44/42 403/5691/4163 127/42/40
f 779/30/28 457/1722/1453 276/24/24
f 623/5692/2951 293/22/22 893/3054/2515
f 623/5692/2951 499/28/26 293/22/22
f 776/35/33 384/34/32 519/29/27
f 800/5693/4164 319/3573/2855 540/5694/4165
f 322/3574/2856 319/3573/2855 800/5693/4164
f 800/5693/4164 540/5694/4165 323/5695/4166
f 323/5695/4166 799/5696/4167 800/5693/4164
f 322/3574/2856 800/5693/4164 799/5696/4167
f 799/5696/4167 807/5697/4168 322/3574/2856
f 818/5698/4169 387/931/792 407/928/789
f 390/933/794 818/5698/4169 407/928/789
f 427/939/800 450/940/801 717/4176/3260
f 845/5699/4170 427/939/800 717/4176/3260
f 717/4176/3260 742/4175/3259 845/5699/4170
f 213/937/798 711/5700/4171 450/940/801
f 726/4179/3263 450/940/801 711/5700/4171
f 717/4176/3260 450/940/801 726/4179/3263
f 820/3032/2498 813/938/799 427/939/800
f 820/3032/2498 427/939/800 845/5699/4170
f 834/3033/2499 820/3032/2498 845/5699/4170
f 736/3031/2497 834/3033/2499 747/181/157
f 834/3033/2499 845/5699/4170 742/4175/3259
f 747/181/157 834/3033/2499 754/182/158
f 712/187/163 754/182/158 834/3033/2499
f 1051/5701/4172 1123/5702/4173 1052/5703/4174
f 1084/5704/4175 1052/5703/4174 872/5705/4176
f 657/2397/1995 1051/5701/4172 677/2400/1998
f 677/2400/1998 1051/5701/4172 1052/5703/4174
f 1052/5703/4174 1084/5704/4175 677/2400/1998
f 964/144/126 648/67/63 673/2399/1997
f 616/145/128 964/144/126 673/2399/1997
f 649/152/132 616/145/128 673/2399/1997
f 1081/5417/4008 649/152/132 673/2399/1997
f 1081/5417/4008 673/2399/1997 1121/5706/4177
f 649/152/132 1066/5415/4006 996/150/131
f 907/2424/2021 996/150/131 1066/5415/4006
f 1066/5415/4006 649/152/132 1081/5417/4008
f 1121/5706/4177 673/2399/1997 676/2398/1996
f 676/2398/1996 1085/1757/1481 1121/5706/4177
f 1131/1760/1484 1121/5706/4177 1085/1757/1481
f 677/2400/1998 1085/1757/1481 676/2398/1996
f 1085/1757/1481 677/2400/1998 1078/1758/1482
f 1081/5417/4008 1121/5706/4177 1131/1760/1484
f 1081/5417/4008 1131/1760/1484 1105/1764/1488
f 869/5707/4178 1052/5703/4174 666/5708/4179
f 869/5707/4178 872/5705/4176 1052/5703/4174
f 1239/5709/4180 932/1761/1485 872/5705/4176
f 932/1761/1485 1084/5704/4175 872/5705/4176
f 1084/5704/4175 932/1761/1485 677/2400/1998
f 1078/1758/1482 677/2400/1998 932/1761/1485
f 863/4641/3569 576/5710/4181 1143/2464/2058
f 582/5711/2516 874/5712/4182 1148/4652/3577
f 864/5713/4183 903/4648/2060 1140/4647/3575
f 1275/4653/3578 874/5712/4182 638/5714/4184
f 1275/4653/3578 1148/4652/3577 874/5712/4182
f 1275/4653/3578 638/5714/4184 1277/5715/4185
f 937/2436/2033 1109/2435/2032 1242/5041/3815
f 954/2439/2036 956/2441/2038 1176/2443/200
f 1179/5716/4186 1176/224/200 632/2448/2040
f 1210/5717/4187 1179/5716/4186 632/2448/2040
f 632/2448/2040 995/2450/2045 1210/5717/4187
f 1266/1800/1519 965/5718/2933 1154/1027/878
f 925/1031/881 987/5719/4188 1271/1032/882
f 682/3097/874 689/3088/2538 1354/3087/2537
f 1299/3100/2546 983/3099/2545 1194/2479/2071
f 385/5720/812 983/3099/2545 1301/3098/2544
f 1209/3600/2882 696/954/813 1379/3102/2547
f 1219/3104/2549 1209/3600/2882 1379/3102/2547
f 1232/4194/3276 1018/1792/1516 1296/1791/1515
f 1261/5721/4189 1003/153/133 1330/5722/4190
f 1330/5722/4190 1218/5723/136 1332/5724/4191
f 1003/153/133 1218/5723/136 1330/5722/4190
f 1218/156/136 905/159/137 1332/5725/4191
f 921/5726/4192 579/5727/4193 1144/5728/4194
f 905/5729/137 929/5730/4195 1332/5724/4191
f 1332/5724/4191 929/5730/4195 1361/5731/4196
f 929/5730/4195 921/5726/4192 1361/5731/4196
f 1144/5728/4194 1361/5731/4196 921/5726/4192
f 1212/3670/2931 1674/5463/4043 773/3671/2932
f 1210/5717/4187 1343/5071/3832 1398/5732/4197
f 1398/5732/4197 1523/5733/224 1210/5717/4187
f 1343/5071/3832 1279/3677/2934 1406/5734/4198
f 1498/278/250 1417/1037/886 1367/276/248
f 1421/5735/4199 1354/3087/2537 1221/1040/889
f 1447/5736/4200 1354/3087/2537 1421/5735/4199
f 1455/3141/2574 1261/5721/4189 1330/5722/4190
f 1593/1081/927 1298/5737/4201 1392/5738/3281
f 1394/1086/932 1332/5739/4191 1599/1084/930
f 1361/5731/4196 1599/5740/930 1332/5724/4191
f 1461/4201/3280 1333/3717/2965 1533/2533/2112
f 1563/4661/2111 1428/3113/2555 1434/5741/2073
f 1566/2530/2109 1563/2532/2111 1434/2481/2073
f 1618/2563/2139 1614/2561/2137 1344/5441/4027
f 1344/5742/4027 1494/5110/3856 1618/5465/2139
f 1480/5109/3855 1341/5743/4202 1622/5107/3853
f 1622/5111/3853 1341/5744/4202 1506/5112/3857
f 1679/5745/4203 1488/243/217 1468/238/214
f 1416/5746/4204 1488/5747/217 1718/3166/2591
f 1859/3172/2595 1729/4690/3598 1534/5748/2101
f 1729/4690/3598 1542/5749/237 1534/5748/2101
f 1694/3732/2973 1574/2507/2095 1825/5750/4205
f 1703/5751/4206 1694/3732/2973 1769/2573/2148
f 1769/2573/2148 1774/2574/2149 1703/5751/4206
f 1701/284/254 1655/286/256 1791/1133/975
f 1663/289/259 1853/3766/2988 1662/287/257
f 1721/292/262 1653/293/263 1930/2580/2153
f 1825/5750/4205 1769/2573/2148 1694/3732/2973
f 1899/3769/2996 1786/2566/2141 1692/273/245
f 1842/2567/2142 1786/2566/2141 1899/3769/2996
f 1651/279/251 1639/5103/3850 1846/2565/2140
f 1639/5103/3850 1786/2566/2141 1846/2565/2140
f 1796/322/284 1664/1867/1560 1926/2568/2143
f 1926/2568/2143 1664/1867/1560 1699/1869/1563
f 1846/2565/2140 1841/2571/2146 1651/279/251
f 1595/1870/1564 1651/279/251 1841/2571/2146
f 1709/5752/275 1717/5753/2580 1904/5754/4207
f 1833/5755/980 1904/5754/4207 1717/5753/2580
f 1839/295/265 1689/294/264 1921/5756/966
f 1977/5159/3879 1750/5757/4208 1893/1146/988
f 1764/1148/990 1750/5757/4208 1977/5159/3879
f 1933/5758/961 1806/5759/960 2062/5152/3877
f 2009/5760/2173 1943/1880/1572 1852/5761/4209
f 1852/5762/4209 1643/1120/962 1933/1119/961
f 1933/1119/961 2009/2603/2173 1852/5762/4209
f 1817/311/277 2035/5763/4210 1822/5764/4211
f 2035/5763/4210 2044/5765/4212 1822/5764/4211
f 1777/302/269 1766/301/268 1923/5766/4051
f 1970/5767/4052 1777/302/269 1923/5766/4051
f 1978/5489/4053 1777/5768/269 1970/5488/4052
f 1986/5490/4054 1778/305/271 1978/5489/4053
f 1921/1124/966 1949/1123/965 2102/390/339
f 2114/380/329 2104/1943/1618 1985/1126/968
f 2146/5769/2171 1933/5758/961 2062/5152/3877
f 2195/5770/4213 2033/2585/2158 2107/5771/4214
f 2107/5771/4214 2005/2588/2161 2195/5770/4213
f 2005/2588/2161 1895/5772/4215 2228/4295/3347
f 2241/5773/3349 1895/5774/4215 2144/5775/4216
f 2242/5776/3019 2241/5773/3349 2144/5775/4216
f 2249/3806/3020 2242/3805/3019 2155/5777/4217
f 2242/5778/3019 2144/5779/4216 2155/5780/4217
f 2249/3806/3020 2155/5777/4217 2158/5781/4218
f 2201/3843/3045 2122/350/304 2347/5782/4219
f 2122/350/304 2136/352/306 2347/5782/4219
f 1984/4244/3310 2311/2666/2223 1961/3232/2628
f 2243/3246/2641 2371/3247/2642 2067/5783/3609
f 2371/3247/2642 2130/5501/3610 2067/5783/3609
f 2428/5784/4220 2265/1960/1631 2336/1961/1632
f 2124/1944/1619 2265/1960/1631 2428/5784/4220
f 2204/2615/2182 2450/5785/4221 2207/2617/2183
f 2480/5786/4222 2219/1945/1620 2375/1962/1633
f 2450/5787/4221 2489/1964/1635 2207/4269/2183
f 2494/5788/4223 2385/1965/1636 2219/1947/1620
f 2102/390/339 2385/1965/1636 2341/391/340
f 2462/5789/3033 2235/2635/2198 2463/2634/2197
f 2648/5790/4224 2463/2637/2197 2464/2639/2200
f 2464/2639/2200 2413/2640/2201 2648/5790/4224
f 2648/5790/4224 2413/2640/2201 2584/2642/2203
f 2655/5791/4225 2492/2649/2208 2302/2648/2207
f 2655/5792/4225 2302/5793/2207 2255/5794/4226
f 2492/2649/2208 2564/5795/1706 2306/2647/2206
f 2588/498/423 2255/5794/4226 2399/499/424
f 2523/5796/3352 2354/5797/3353 2290/5798/3890
f 2290/5194/3890 2360/5799/4227 2650/3298/2675
f 2427/3299/2676 2650/3298/2675 2360/5799/4227
f 2754/5800/4228 2536/3244/2639 2533/490/419
f 2536/3244/2639 2473/5500/2643 2371/3247/2642
f 2838/508/433 2604/1277/1074 2705/1276/1091
f 2730/505/430 2680/4333/1083 2686/4335/3378
f 2730/505/430 2686/4335/3378 2721/506/431
f 2728/512/437 2758/509/434 3097/510/435
f 2728/512/437 2694/5801/4229 2758/509/434
f 2673/515/440 2694/5801/4229 2826/518/443
f 2826/518/443 2694/5801/4229 2840/3258/2649
f 2840/3258/2649 2594/3257/2648 2826/518/443
f 2826/518/443 2594/3257/2648 2837/3259/2650
f 2793/5802/4230 2558/5803/4231 2553/2665/2222
f 2808/1339/1139 2645/5804/4232 2793/5805/4230
f 2855/5806/4233 2521/5807/3642 2669/5808/4234
f 2669/5809/4234 2600/5810/3640 2855/5811/4233
f 2866/5812/4235 2600/5810/3640 2784/5813/4236
f 2591/4781/3643 2521/4780/3642 2855/5814/4233
f 2866/5812/4235 3080/5815/4237 2855/5811/4233
f 3080/5816/4237 2591/4781/3643 2855/5814/4233
f 2866/5812/4235 2784/5813/4236 3095/5817/4238
f 2708/3867/3056 3099/3864/3054 2668/3863/402
f 3080/5815/4237 2675/3866/3055 2591/5818/3643
f 3095/5817/4238 3080/5815/4237 2866/5812/4235
f 3080/5815/4237 3095/5817/4238 3081/3869/3058
f 2675/3866/3055 3080/5815/4237 3087/2025/1687
f 3254/4380/3404 2715/5819/4063 2948/5820/2685
f 2948/3308/2685 2715/5821/4063 2447/1981/1650
f 2911/5822/4239 2960/3300/2677 2921/5823/4240
f 2741/479/411 2970/5824/2257 2748/482/414
f 2970/2714/2257 2951/1317/1120 2753/486/415
f 2748/5825/414 2970/2714/2257 2753/486/415
f 2776/493/420 2956/1316/1119 2781/495/421
f 2975/3894/3075 2754/5826/4228 2743/496/422
f 3136/2074/1731 3019/2084/1740 3018/2071/1728
f 3051/2070/1727 3019/2084/1740 2801/2008/1672
f 3136/2074/1731 3036/2073/1730 3040/5827/4241
f 3019/2084/1740 3136/2074/1731 3040/5827/4241
f 3046/3896/3077 2787/3286/1670 3139/5828/4242
f 3046/3896/3077 3139/5828/4242 2801/2008/1672
f 2787/3286/1670 3049/1366/1153 2795/1365/1152
f 3019/2084/1740 3040/5827/4241 2810/2009/1673
f 2810/2009/1673 2801/2008/1672 3019/2084/1740
f 2810/2009/1673 3040/5827/4241 3055/3898/3078
f 2801/2008/1672 3071/1371/1156 3046/3896/3077
f 2810/2009/1673 3055/3898/3078 2790/5829/1675
f 3036/2073/1730 3041/2079/1735 3144/5830/4243
f 3040/5827/4241 3036/2073/1730 3144/5830/4243
f 3041/2079/1735 3273/2083/1739 3144/5830/4243
f 3144/5830/4243 3273/2083/1739 2793/5805/4230
f 3140/1336/1136 2793/5805/4230 3273/2083/1739
f 3055/3898/3078 3040/5827/4241 3144/5830/4243
f 3055/3898/3078 3144/5830/4243 3076/3897/3068
f 3055/3898/3078 3034/3883/3065 2790/5829/1675
f 3076/3885/3068 2793/5802/4230 2553/2665/2222
f 3144/5830/4243 2793/5805/4230 3076/3897/3068
f 2808/1339/1139 2793/5805/4230 3140/1336/1136
f 3076/3885/3068 2553/2665/2222 2811/2664/2221
f 2880/5556/4086 3314/2101/1756 3155/5555/4085
f 3155/5555/4085 3233/5831/4244 2880/5556/4086
f 3261/5832/4245 2880/5556/4086 3233/5831/4244
f 3233/5831/4244 2886/1374/1158 3237/1376/1160
f 3237/1376/1160 3261/5832/4245 3233/5831/4244
f 3176/2105/1759 2880/5556/4086 2918/5833/4246
f 3176/5834/1759 2865/1435/1214 3148/1433/1212
f 3176/2105/1759 2918/5833/4246 2865/5835/1214
f 2926/4783/3644 2880/5556/4086 3261/5832/4245
f 2933/1382/1166 3261/5832/4245 3237/1376/1160
f 3177/2086/1742 3216/2085/1741 3250/551/473
f 3207/2091/1747 3218/2092/1748 3197/2088/1744
f 3250/551/473 3216/2085/1741 3264/557/479
f 3216/2085/1741 3218/2092/1748 3264/557/479
f 3250/551/473 3264/557/479 3257/552/474
f 3257/552/474 3264/557/479 3010/556/478
f 3264/557/479 3218/2092/1748 3028/555/477
f 3271/560/482 3028/555/477 3218/2092/1748
f 3220/3920/1749 3221/2099/1754 3016/5836/4072
f 3222/5837/1753 3022/2052/1710 3033/5534/1751
f 3222/5837/1753 2961/2049/1707 3022/2052/1710
f 3221/2099/1754 3033/2095/1751 3016/5836/4072
f 3207/2091/1747 3220/2093/1749 3218/2092/1748
f 3218/2092/1748 3220/2093/1749 3122/3314/2687
f 3218/2092/1748 3122/3314/2687 3271/560/482
f 3122/3314/2687 3220/2093/1749 3016/5535/4072
f 3292/5838/4247 3287/2746/2282 3158/4382/3406
f 3292/5838/4247 3158/4382/3406 3161/5839/4248
f 3292/5838/4247 3161/5839/4248 3150/5840/4249
f 3150/5840/4249 3390/2109/1762 3292/5838/4247
f 3150/5840/4249 3286/5841/4250 3390/2109/1762
f 2865/1435/1214 3291/5218/3909 3538/1436/1215
f 3291/5218/3909 2915/5219/3910 3473/5842/4251
f 2915/5219/3910 3190/5843/4252 3473/5842/4251
f 3473/5842/4251 3190/5843/4252 3436/5230/3915
f 3190/5843/4252 3321/5228/3914 3436/5230/3915
f 3415/5844/2311 2724/5845/3912 2931/4801/3659
f 3336/5846/3913 3367/5847/4253 3203/5848/3911
f 3417/5577/4098 3210/3339/2698 3416/5578/4099
f 3330/5849/4254 3419/5850/4255 3416/5578/4099
f 3419/5850/4255 3422/4863/3701 3468/5851/4256
f 3438/4394/3415 3434/5852/4257 3166/5853/486
f 3166/5853/486 3311/5854/4258 3438/4394/3415
f 3311/5854/4258 3312/4369/3396 3381/5855/3411
f 3446/5856/3089 3492/2771/2295 3569/1476/1244
f 3569/1479/1244 3623/1478/1245 3446/5857/3089
f 3573/5858/4259 3510/5859/1220 3387/5860/4260
f 3573/5861/4259 3528/1447/1223 3510/1446/1220
f 3387/5862/4260 3455/5863/4261 3573/5864/4259
f 3593/5865/4262 3530/1449/1224 3528/1451/1223
f 3593/5865/4262 3542/5866/4263 3530/1449/1224
f 3415/5844/2311 3413/5867/4264 3542/5866/4263
f 3545/5868/4265 3379/4848/3691 3433/5234/3917
f 3631/5869/4266 3503/5870/3916 3570/5871/3918
f 3575/2779/2299 3641/648/548 3425/650/550
f 3395/1453/1225 3479/2780/2300 3520/1455/1227
f 3518/1454/1226 3520/1455/1227 3715/1494/1259
f 3547/1492/1257 3518/1454/1226 3715/1494/1259
f 3520/1455/1227 3479/2780/2300 3716/2171/1815
f 3656/3968/3108 3711/3967/3107 3555/4867/3703
f 3711/3974/3107 3701/3973/3109 3555/5872/3703
f 3701/5873/3109 3564/5874/4267 3555/5875/3703
f 3564/5874/4267 3701/5873/3109 3713/5876/3111
f 3713/5876/3111 3635/5877/3704 3564/5874/4267
f 3646/3978/3112 3635/4868/3704 3713/3976/3111
f 3770/2169/1814 3646/3978/3112 3730/2170/1813
f 3613/1473/1241 3739/2188/1822 3623/1480/1245
f 3739/2188/1822 3610/1481/1246 3623/1480/1245
f 3777/5878/4268 3724/5879/4269 3615/5880/4270
f 3777/5881/4268 3726/5882/4271 3724/5883/4269
f 3777/5884/4268 3622/5885/4101 3726/5886/4271
f 3863/5887/4272 3752/5888/4273 3433/5234/3917
f 3863/5889/4272 3433/5890/3917 3688/5891/4274
f 3967/729/611 3885/4899/3718 3740/5892/4275
f 3836/2856/2351 3840/2858/2353 4025/2857/2352
f 3676/5893/4276 3758/5894/4277 3840/4430/2353
f 3778/3414/1295 3734/3412/2745 3916/5895/4278
f 3916/5896/4278 3923/1539/1296 3778/1538/1295
f 3880/1537/1294 3948/1540/1297 3882/5897/4279
f 3948/1540/1297 3920/1542/1284 3882/5897/4279
f 3958/2199/1831 3929/2886/619 3850/5898/1267
f 3850/5898/1267 3807/2200/1832 3958/2199/1831
f 3954/2202/1834 3883/2201/1833 3809/4881/3711
f 4012/2888/2371 3809/4881/3711 3884/4882/3712
f 3954/2202/1834 3809/4881/3711 4012/2888/2371
f 4012/2888/2371 3884/4882/3712 4013/2889/2372
f 3884/4882/3712 3731/1495/1260 3961/5899/4280
f 4013/2889/2372 3884/4882/3712 3961/5899/4280
f 3961/5899/4280 3731/1495/1260 4017/1523/1282
f 3975/4489/3467 3843/4488/3466 3897/1532/1289
f 4087/751/630 3792/709/593 3839/707/591
f 3968/5603/4105 3792/709/593 4087/751/630
f 3793/5900/598 3792/709/593 3968/5603/4105
f 4026/5322/3953 3885/4899/3718 3967/729/611
f 4048/731/613 4026/5322/3953 3967/729/611
f 3967/729/611 3743/5901/2348 4022/730/612
f 4069/4004/3125 3949/5902/2356 3933/4440/3442
f 4069/4004/3125 4054/5903/4111 3949/5902/2356
f 4074/5904/4112 3950/5905/2355 3949/5902/2356
f 3960/2874/2363 3950/5906/2355 4074/5614/4112
f 4074/5904/4112 3949/5902/2356 4054/5903/4111
f 3923/2873/1296 3916/5895/4278 3960/2874/2363
f 4089/5907/2368 4015/5908/1298 3948/5909/1297
f 4009/4011/3129 3999/5910/4281 4093/4012/3130
f 3999/5910/4281 4014/4013/3131 4093/4012/3130
f 4136/4031/3144 4088/4016/3133 3971/5911/4282
f 4136/4031/3144 3982/4470/3454 4164/4032/3145
f 4102/5912/4283 4056/5601/4103 4270/1592/1333
f 4163/5913/4284 4206/1591/1332 4084/5608/4107
f 4073/5609/4109 4084/5608/4107 4206/1591/1332
f 4206/1591/1332 4209/1582/1325 4073/5609/4109
f 4209/1582/1325 4097/1581/1324 4073/5609/4109
f 4028/740/622 3890/2872/2362 4106/757/634
f 4094/5914/4285 4232/5915/4286 4030/5916/4287
f 4232/5915/4286 4238/5917/4288 4030/5916/4287
f 3990/2190/1824 4030/5916/4287 4238/5917/4288
f 4068/2195/1826 3990/5918/1824 4238/5919/4288
f 4199/5920/4289 4068/2195/1826 4238/5919/4288
f 4112/732/614 4277/4510/3481 4195/5921/4290
f 4287/5922/4291 4217/5339/3965 4204/4497/3469
f 4217/5339/3965 4188/4495/3468 4204/4497/3469
f 4268/5923/4292 4198/4498/3470 4276/5924/2389
f 4268/5923/4292 4204/4497/3469 4198/4498/3470
f 4198/5925/3470 4146/4921/3729 4276/2908/2389
f 4239/1600/1341 4273/1599/1340 4172/4499/3471
f 4273/1599/1340 4180/4915/3727 4172/4499/3471
f 4243/5926/1344 4180/5927/3727 4273/5928/1340
f 4282/1604/1345 4231/1606/1347 4243/1603/1344
f 4293/787/661 4237/2254/1869 4329/793/667
f 4344/5626/3962 4234/3490/1872 4342/3489/2780
f 4318/5929/3961 4248/5930/1873 4247/5931/1871
f 4330/1587/1328 4248/2262/1873 4323/5628/3963
f 4209/1582/1325 4314/1590/1331 4343/2268/1879
f 4354/1602/1343 4353/1601/1342 4381/4036/3149
f 4381/4036/3149 4417/5932/3737 4354/1602/1343
f 4389/4526/3490 4390/4037/3150 4295/4038/3151
f 4282/1604/1345 4354/1602/1343 4417/5932/3737
f 4432/4934/3738 4282/1604/1345 4417/5932/3737
f 4361/4039/3152 4282/1604/1345 4432/4934/3738
f 4397/2929/2405 4285/1608/1349 4394/2917/2393
f 4294/5933/1350 4285/5934/1349 4397/5935/2405
f 4438/2928/2404 4382/1613/1354 4294/1609/1350
f 4438/2928/2404 4459/5936/2407 4382/1613/1354
f 4459/5936/2407 4423/1611/1352 4382/1613/1354
f 4499/5937/4293 4417/5932/3737 4462/807/681
f 4462/807/681 4588/806/680 4501/5938/1933
f 4432/4934/3738 4417/5932/3737 4499/5937/4293
f 4499/5937/4293 4503/5939/3984 4432/4934/3738
f 4416/4935/3739 4432/4934/3738 4503/5939/3984
f 4482/2930/2406 4397/2929/2405 4505/4947/3746
f 4535/5940/4294 4482/2930/2406 4528/5941/4295
f 4505/4947/3746 4528/5941/4295 4482/2930/2406
f 4459/5936/2407 4482/2930/2406 4535/5940/4294
f 4472/2932/2408 4459/2931/2407 4535/5942/4294
f 4535/5942/4294 4495/5943/3185 4472/2932/2408
f 4502/2976/2447 4446/4054/3166 4672/2978/2448
f 4567/5944/1389 4672/5945/2448 4446/5946/3166
f 4446/4054/3166 4425/4053/1390 4567/5947/1389
f 4778/2323/1923 4783/5948/4296 4766/2324/1924
f 4783/5948/4296 4651/5949/4297 4555/5347/3970
f 4766/2324/1924 4783/5948/4296 4555/5347/3970
f 4624/2306/1911 4570/4954/3751 4785/2307/1912
f 4539/4955/3752 4570/4954/3751 4629/5346/3969
f 4539/4955/3752 4629/5346/3969 4818/4956/3753
f 4783/5948/4296 4645/3519/2808 4651/5949/4297
f 4651/5949/4297 4936/2986/2455 4555/5347/3970
f 4555/5347/3970 4936/2986/2455 4699/5950/4298
f 4699/5950/4298 4629/5346/3969 4555/5347/3970
f 4629/5346/3969 4699/5950/4298 4818/4956/3753
f 4818/4956/3753 4699/5950/4298 4732/5951/4299
f 4893/5671/4152 4847/5672/4153 4842/5952/4300
f 4862/5953/4301 4888/5664/4145 4858/5662/4143
f 4858/5662/4143 4893/5671/4152 4862/5953/4301
f 4862/5953/4301 4893/5671/4152 4842/5952/4300
f 4586/5669/4150 4888/5664/4145 4862/5953/4301
f 4842/5954/4300 4586/5955/4150 4862/5956/4301
f 4842/5952/4300 4847/5672/4153 4877/5957/4302
f 4586/5669/4150 4842/5952/4300 4880/5958/4303
f 4842/5952/4300 4877/5957/4302 4880/5958/4303
f 4880/5958/4303 4877/5957/4302 4594/5959/3175
f 4911/5960/4304 4706/5961/4305 4602/4536/3495
f 4604/2946/2422 4602/4536/3495 4706/5961/4305
f 4604/2946/2422 4717/5962/4306 4581/2949/2425
f 4706/5961/4305 4717/5962/4306 4604/2946/2422
f 4856/5963/4307 4717/5962/4306 4945/5964/4308
f 4950/5965/4309 4856/5963/4307 4945/5964/4308
f 4730/5966/4310 4854/5665/4146 4712/5967/4311
f 4646/5968/4312 4705/5969/4313 4756/4539/3498
f 4756/4539/3498 4634/4538/3497 4646/5968/4312
f 4634/4538/3497 4743/4537/3496 4633/5970/4314
f 4743/4537/3496 4737/5971/4315 4633/5970/4314
f 4960/4965/3759 4897/864/729 4670/5972/4316
f 83/5973/1966 16/5974/1952 67/5975/4317
f 242/2367/1965 244/2357/1955 83/2368/1966
f 16/2354/1952 83/2368/1966 244/2357/1955
f 16/5974/1952 9/5976/1951 67/5975/4317
f 115/5977/4318 45/2355/1953 244/2357/1955
f 54/2358/1956 45/2355/1953 115/5977/4318
f 242/2367/1965 10/2371/1969 229/2991/2460
f 242/2367/1965 253/2995/2464 244/2357/1955
f 253/2995/2464 242/2367/1965 229/2991/2460
f 253/2995/2464 229/2991/2460 243/2990/2459
f 115/5977/4318 244/2357/1955 253/2995/2464
f 54/5978/1956 115/5979/4318 186/5980/4319
f 234/2363/1961 46/2360/1958 57/2356/1954
f 57/2356/1954 158/5981/4320 234/2363/1961
f 157/5982/4321 57/2356/1954 54/2358/1956
f 158/5981/4320 57/2356/1954 157/5982/4321
f 234/2363/1961 78/3568/2850 233/2364/1962
f 186/5980/4319 157/5983/4321 54/5978/1956
f 294/5984/4322 68/2372/1970 297/2374/1972
f 68/2372/1970 294/5984/4322 795/3597/2879
f 795/3597/2879 305/3598/2880 509/2366/1964
f 509/2366/1964 515/5985/4323 795/3597/2879
f 68/2372/1970 795/3597/2879 515/5985/4323
f 515/5985/4323 112/5986/4324 68/2372/1970
f 156/5987/3800 331/4126/873 99/4124/3226
f 344/5988/1456 340/5989/3801 188/5990/1457
f 537/5031/3808 392/5028/3805 362/5027/3804
f 528/5991/4325 537/5031/3808 362/5027/3804
f 537/5031/3808 528/5991/4325 347/5992/4326
f 410/5032/3809 537/5031/3808 347/5992/4326
f 429/107/101 201/5993/3990 419/108/102
f 439/5994/4327 201/5993/3990 429/107/101
f 440/110/104 201/5995/3990 439/5996/4327
f 195/5997/3992 440/110/104 444/109/103
f 440/110/104 195/5997/3992 201/5995/3990
f 451/112/106 564/5998/4328 449/113/107
f 467/125/117 456/5999/119 455/116/110
f 317/6000/4329 776/35/33 295/39/37
f 776/35/33 317/6000/4329 356/40/38
f 953/6001/4330 204/6002/2471 371/6003/4331
f 953/6001/4330 633/6004/883 204/6002/2471
f 603/4585/3541 589/944/805 324/6005/4332
f 780/4586/3542 324/6005/4332 495/6006/4333
f 603/4585/3541 324/6005/4332 780/4586/3542
f 624/4587/3543 780/4586/3542 794/6007/4334
f 665/6008/4335 780/4586/3542 341/6009/4336
f 794/6007/4334 780/4586/3542 665/6008/4335
f 693/6010/4337 665/6008/4335 341/6009/4336
f 301/6011/4338 693/6010/4337 341/6009/4336
f 719/6012/4339 728/3618/2898 737/3614/2894
f 1136/6013/4340 728/3618/2898 719/6012/4339
f 1136/6013/4340 715/4614/3556 745/3620/2900
f 1124/4613/3555 843/3621/2901 745/3620/2900
f 1124/4613/3555 729/3624/2903 843/3621/2901
f 1277/6014/4185 627/6015/4341 864/6016/4183
f 1277/6017/4185 646/6018/4342 627/6019/4341
f 579/5727/4193 577/6020/4343 895/6021/4344
f 1057/3639/2914 958/3638/2913 910/2454/2048
f 910/2454/2048 912/2455/2049 1057/3639/2914
f 973/3636/2911 1079/3630/2908 978/3640/2915
f 1107/3634/2910 1079/3630/2908 973/3636/2911
f 973/3636/2911 978/3640/2915 1110/6022/4345
f 973/3636/2911 1110/6022/4345 1000/6023/2539
f 1156/3092/2540 1000/3091/2539 584/4159/65
f 1110/6022/4345 584/69/65 1000/6023/2539
f 1110/6022/4345 595/70/66 584/69/65
f 1057/3639/2914 1117/6024/4346 978/3640/2915
f 1117/6024/4346 1057/3639/2914 912/2455/2049
f 1110/6022/4345 978/3640/2915 1117/6024/4346
f 1065/4164/3252 1110/6022/4345 1117/6024/4346
f 1117/6024/4346 912/2455/2049 880/2456/2050
f 595/70/66 1110/6022/4345 1065/4164/3252
f 1065/4164/3252 1117/6024/4346 880/2456/2050
f 1073/3068/2521 1065/4164/3252 880/2456/2050
f 983/3099/2545 122/6025/3 352/6026/3548
f 385/5720/812 122/6025/3 983/3099/2545
f 399/1039/888 1015/1038/887 698/4139/3240
f 344/1725/1456 750/1727/1458 1036/6027/2536
f 1036/3086/2536 689/3088/2538 344/5024/1456
f 750/1727/1458 443/6028/1460 1036/6027/2536
f 1036/3086/2536 443/4140/1460 454/1734/1463
f 1015/1038/887 731/1041/890 698/4139/3240
f 751/6029/108 756/4640/3568 1222/2503/1539
f 860/6030/4347 451/112/106 1038/6031/4348
f 1041/6032/2505 860/6033/4347 1038/6034/4348
f 1038/6031/4348 451/112/106 758/115/109
f 727/3044/2503 720/6035/2502 723/6036/2501
f 735/3043/2508 422/3045/2504 1048/6037/4349
f 1014/6038/4350 720/6035/2502 727/3044/2503
f 473/6039/4351 1023/1025/876 453/5427/3540
f 422/3045/2504 741/3047/2509 1048/6037/4349
f 748/6040/2510 1049/6041/4352 466/6042/2513
f 1049/6041/4352 472/6043/4353 466/6042/2513
f 724/6044/100 423/6045/4354 1050/6046/4355
f 1324/6047/4356 1050/6046/4355 423/6045/4354
f 1049/6041/4352 1324/6047/4356 472/6043/4353
f 1324/6047/4356 423/6045/4354 472/6043/4353
f 1140/6048/3575 1277/5715/4185 864/6049/4183
f 895/6021/4344 1144/5728/4194 579/5727/4193
f 620/4591/2852 1044/4590/3544 1171/4654/3579
f 1285/4657/3581 629/6050/4357 620/4591/2852
f 1285/4657/3581 1203/4658/3582 629/6050/4357
f 1173/4642/3570 1033/6051/3819 940/4643/3571
f 945/3682/2935 948/3683/2938 1213/3680/2937
f 950/984/843 968/6052/2941 1245/6053/2939
f 968/3687/2941 971/3690/2943 1229/3688/2942
f 983/3099/2545 352/6026/3548 1194/2479/2071
f 439/5994/4327 429/107/101 1235/6054/4358
f 1260/6055/4359 1142/6056/2514 902/5038/3812
f 1264/6057/4360 1142/3053/2514 1260/6058/4359
f 1264/6057/4360 893/3054/2515 1142/3053/2514
f 999/6059/3823 989/6060/79 1278/6061/911
f 1278/6062/911 989/6063/79 1273/6064/4029
f 989/83/79 888/5050/3822 1348/5446/4030
f 1273/5444/4029 989/83/79 1348/5446/4030
f 1320/1069/918 1166/163/141 944/162/140
f 1336/3702/2952 1262/5046/3820 898/3703/2953
f 621/5005/3789 1262/5046/3820 1391/1808/1526
f 1188/1810/1528 621/5005/3789 1391/1808/1526
f 873/6065/4361 1286/6066/1532 1390/259/229
f 1390/259/229 1263/5448/4032 873/6065/4361
f 1300/5101/2959 947/4612/147 1393/5102/2957
f 1186/3708/2958 1356/2467/2061 672/2469/2063
f 1220/2471/2065 974/6067/4362 1357/5095/2062
f 1433/6068/258 1211/5052/3824 1297/6069/2051
f 1460/2510/2098 1402/2512/2100 1203/4658/3582
f 1369/6070/4363 1402/2512/2100 1474/2511/2099
f 1474/2511/2099 1479/1874/1568 1369/6070/4363
f 1335/216/192 1340/217/193 1562/1073/921
f 1423/5462/4042 1384/5065/2948 1591/6071/4364
f 1384/6072/2948 1385/6073/4365 1512/6074/3858
f 1512/6075/3858 1591/6076/4364 1384/6077/2948
f 1385/6078/4365 1440/6079/3848 1512/6080/3858
f 1375/2489/2080 1225/6081/3831 1442/6082/4041
f 1423/5462/4042 1674/5463/4043 1212/3670/2931
f 1223/3742/1525 1359/5072/3833 1411/5082/3842
f 1576/3746/2983 1418/5083/3843 1503/3745/2980
f 1381/5086/3837 1418/5083/3843 1576/3746/2983
f 1596/3748/2984 1412/6083/4036 1576/3749/2983
f 1479/1874/1568 1474/2511/2099 1680/5459/4040
f 1479/1876/1568 1692/273/245 1432/275/247
f 1503/3741/2980 1359/5072/3833 1223/3742/1525
f 1630/3744/2982 1576/3746/2983 1503/3745/2980
f 1419/5451/4034 1412/5453/4036 1596/6084/2984
f 1596/6085/2984 1643/6086/962 1419/6087/4034
f 1462/3107/2551 1485/2485/2076 1678/2549/2126
f 1609/4672/3585 1678/2549/2126 1485/2485/2076
f 1609/4672/3585 1493/5450/4033 1589/2546/2123
f 1616/2548/2125 1462/3107/2551 1678/2549/2126
f 1746/4259/3322 1867/4258/3321 1513/3112/2554
f 1754/3750/2985 1746/4259/3322 1613/3751/2986
f 1746/4259/3322 1513/3112/2554 1613/3751/2986
f 1686/2557/2134 1546/6088/3852 1767/2555/2132
f 1767/2558/2132 1546/5106/3852 1747/2559/2135
f 1638/3733/2974 1584/3735/2976 1802/1886/1576
f 1726/6089/4366 1725/3144/2576 1880/2589/2162
f 1726/6089/4366 1834/2593/2166 1586/6090/4367
f 1671/1082/928 1900/2596/2168 1788/3146/2577
f 1671/1082/928 1598/1083/929 1851/2597/2169
f 1598/6091/929 1461/4201/3280 1851/2600/2169
f 1675/6092/4368 1772/6093/2575 1599/5740/930
f 1675/6092/4368 1586/6090/4367 1834/2593/2166
f 1851/2600/2169 1461/4201/3280 1533/2533/2112
f 1638/3733/2974 1802/1886/1576 1855/5479/4048
f 1862/5480/4049 1638/3733/2974 1855/5479/4048
f 1578/6094/2978 1638/3733/2974 1862/5480/4049
f 1862/6095/4049 1665/1888/1578 1578/3738/2978
f 1862/6095/4049 1868/1933/1611 1665/1888/1578
f 1874/1937/1612 1657/1088/934 1730/1892/1580
f 1431/4659/2091 1875/5481/1005 1661/6096/2979
f 1875/1169/1005 1873/3188/1008 1661/3740/2979
f 1941/1167/1003 1727/1903/1588 1654/6097/2104
f 2121/2591/2164 1726/6089/4366 1880/2589/2162
f 1834/2593/2166 1726/6089/4366 2121/2591/2164
f 1880/2589/2162 1788/3145/2577 1900/6098/2168
f 1725/3144/2576 1788/3145/2577 1880/2589/2162
f 1671/1082/928 1851/2597/2169 1900/2596/2168
f 1772/6093/2575 1675/6092/4368 1834/2593/2166
f 1920/1919/1599 1889/1187/1020 1641/1076/924
f 1741/2535/2114 1928/2598/2170 1533/2533/2112
f 1851/2600/2169 1533/2533/2112 1928/2598/2170
f 1999/6099/3323 1754/5127/2985 1885/5126/3869
f 1999/6099/3323 1885/5126/3869 1957/6100/2156
f 1755/3143/1604 1772/3142/2575 2060/5155/1051
f 1900/6098/2168 2064/2590/2163 1880/2589/2162
f 2090/2592/2165 2060/1224/1051 1772/6093/2575
f 2090/2592/2165 1772/6093/2575 1834/2593/2166
f 2027/4701/3605 1928/2598/2170 1956/3176/2597
f 2119/6101/4369 1995/6102/293 2063/6103/3319
f 2125/4706/3607 1989/4251/3317 1969/4248/3314
f 2011/4257/3320 1746/4259/3322 2218/4716/3614
f 2014/6104/4370 1931/1901/1586 2240/6105/4371
f 1936/6106/4372 2014/6104/4370 2163/6107/4373
f 2240/6105/4371 1931/1901/1586 2085/1166/1002
f 2176/1235/1058 1798/5114/3859 2163/6107/4373
f 2115/6108/1017 2194/6109/1623 1813/6110/1018
f 1738/1194/1027 1813/1185/1018 2194/1950/1623
f 1898/1189/1022 1823/1193/1026 2229/1192/1025
f 2229/1192/1025 2134/1190/1023 1898/1189/1022
f 2229/1192/1025 1738/1194/1027 2194/1950/1623
f 2042/1218/1028 2040/6111/1045 2211/1219/1044
f 2073/2629/1035 2215/1243/1066 1994/1155/994
f 2349/3278/2661 1975/3768/2995 2118/5139/3874
f 2118/5139/3874 2127/5140/3875 2289/6112/4374
f 2295/1968/1639 2028/1207/1038 2129/5141/1637
f 2295/1968/1639 2197/1205/1036 2028/1207/1038
f 2312/1970/1641 2300/1208/1039 2123/1209/1040
f 2290/5194/3890 2105/369/318 2360/5799/4227
f 2255/5794/4226 2176/6113/1058 2399/499/424
f 2178/6114/4375 2176/6113/1058 2255/5794/4226
f 2313/6115/2205 2258/2651/2210 2405/2653/2212
f 2451/5502/4058 2283/5504/3333 2287/6116/4376
f 2451/5502/4058 2287/6116/4376 2366/4276/3335
f 2679/6117/4377 2517/6118/4378 2428/5784/4220
f 2428/5784/4220 2336/1961/1632 2679/6117/4377
f 2204/2615/2182 2124/1998/1619 2711/1997/1665
f 2450/5785/4221 2204/2615/2182 2711/1997/1665
f 2480/5786/4222 2375/1962/1633 2568/6119/4379
f 2620/2000/1667 2489/6120/1635 2450/5785/4221
f 2620/2000/1667 2583/6121/4380 2489/6120/1635
f 2375/1962/1633 2489/1964/1635 2583/6122/4380
f 2494/5788/4223 2219/1947/1620 2480/6123/4222
f 2336/6124/1632 2271/5171/330 2519/466/399
f 2608/6125/4381 2343/3225/2622 2598/6126/4382
f 2601/2679/2234 2535/6127/4383 2618/4802/3660
f 2798/6128/4384 2479/4283/3339 2398/4284/3340
f 2574/6129/4385 2479/6130/3339 2798/6131/4384
f 2651/6132/4386 2823/1330/1130 2579/6133/362
f 2552/6134/4387 2579/6133/362 2823/1330/1130
f 2822/1337/1137 2651/6132/4386 2579/6133/362
f 2822/6135/1137 2579/6136/362 2562/1347/1144
f 2656/6137/1150 2324/6138/360 2552/6139/4387
f 2667/1355/1147 2398/6140/3340 2565/1356/1148
f 2565/1360/1148 2420/4292/3344 2660/1361/1149
f 2688/6141/4388 2647/6142/4389 2644/4326/3373
f 2925/4784/3645 2681/4786/3647 2717/6143/4390
f 2947/6144/3049 2550/6145/3048 2726/6146/4391
f 2726/6147/4391 2550/6148/3048 2425/6149/2629
f 2425/3233/2629 2311/2666/2223 2621/2668/2225
f 3061/6150/1180 2584/2642/2203 2639/6151/1702
f 3061/6150/1180 2797/6152/4392 2584/2642/2203
f 2797/6152/4392 2648/5790/4224 2584/2642/2203
f 3003/1392/1176 2819/6153/4393 2652/6154/4394
f 2655/6155/4225 2815/6156/1183 2652/6157/4394
f 2815/6158/1183 2655/5792/4225 2827/2037/1699
f 2833/6159/1705 2641/6160/1703 2405/2653/2212
f 2833/6159/1705 2484/2650/2209 2564/5795/1706
f 2405/2653/2212 2484/2650/2209 2833/6159/1705
f 2738/6161/4395 2761/6162/3902 2893/6163/4396
f 2893/6164/4396 2761/5209/3902 2882/5526/461
f 3147/583/501 2735/6165/2652 2738/6161/4395
f 2844/567/489 2735/6165/2652 3147/583/501
f 2602/4788/3390 2976/4351/3388 2732/4356/3391
f 2802/4787/3648 2760/4357/3392 2994/4813/3666
f 2928/6166/4397 2624/6167/3650 2616/6168/3889
f 2802/5184/3648 2928/6169/4397 2616/5182/3889
f 2624/6167/3650 2928/6166/4397 2824/6170/3649
f 2928/6166/4397 2950/4817/3670 2824/6170/3649
f 2830/3243/2638 2824/4789/3649 2950/6171/3670
f 2774/4819/3651 2830/6172/2638 2950/4817/3670
f 2697/4317/3364 2890/2015/1677 2702/2018/1680
f 3120/6173/4398 2949/4348/3385 2697/4317/3364
f 2697/4317/3364 2834/4795/3653 3120/6173/4398
f 3120/6173/4398 2834/4795/3653 2835/4798/3656
f 2760/4357/3392 2949/4348/3385 3127/4804/3662
f 2949/4348/3385 3120/6173/4398 3127/4804/3662
f 3127/4804/3662 3120/6173/4398 2836/4805/3663
f 3120/6173/4398 2835/4798/3656 2836/4805/3663
f 3225/1297/1106 3241/5215/3906 3228/5216/3907
f 3241/5215/3906 2852/1308/1113 3228/5216/3907
f 3160/3900/3080 3228/5216/3907 3430/2100/1755
f 3228/5216/3907 3243/4383/3407 3430/2100/1755
f 3258/6174/4399 3155/5555/4085 3358/4384/3408
f 3358/4384/3408 3243/4383/3407 3258/6174/4399
f 3243/4383/3407 3228/5216/3907 2852/1308/1113
f 3243/4383/3407 2852/1308/1113 3258/6174/4399
f 2852/1308/1113 2876/2697/2245 3258/6174/4399
f 2869/3292/2671 2876/2697/2245 2885/2700/1117
f 2885/2700/1117 2860/3290/2246 2869/3292/2671
f 2876/2697/2245 2869/3292/2671 2914/3293/2672
f 3258/6174/4399 2923/6175/4400 3155/5555/4085
f 3233/5831/4244 3155/5555/4085 2923/6175/4400
f 2914/3293/2672 2923/6175/4400 2876/2697/2245
f 2923/6175/4400 3258/6174/4399 2876/2697/2245
f 2923/6175/4400 2914/3293/2672 3233/5831/4244
f 3233/5831/4244 2914/3293/2672 2703/3294/2673
f 3233/5831/4244 2703/3294/2673 2886/1374/1158
f 3328/6176/4401 2873/4803/3661 3151/6177/4402
f 3173/6178/4403 2873/4803/3661 3328/6176/4401
f 3386/2133/1782 3346/2768/2292 3173/6178/4403
f 3346/2768/2292 3304/2769/2293 2627/2688/2238
f 2653/1994/1662 2571/607/519 3335/606/518
f 3342/613/515 3347/5557/2285 3191/6179/2284
f 3286/6180/4250 3370/2110/1763 3408/2112/1760
f 3370/2110/1763 3286/6180/4250 3297/6181/4404
f 3370/6182/1763 3297/6183/4404 3301/6184/1766
f 3315/6185/511 3409/5239/513 3196/2750/454
f 3412/2748/2283 3196/2750/454 3409/5239/513
f 2571/607/519 3347/6186/2285 3428/609/521
f 3364/4392/3414 3434/6187/4257 3432/4390/3412
f 3368/6188/2296 3447/6189/2298 2954/6190/2716
f 3325/3361/2717 2954/3360/2716 3447/2774/2298
f 3303/3363/2719 3325/3361/2717 3448/3937/3095
f 3515/3938/3096 3303/3363/2719 3448/3937/3095
f 3515/3938/3096 3317/6191/3087 3303/3363/2719
f 3465/3940/3098 3317/6191/3087 3515/3938/3096
f 3401/1415/1196 3317/6191/3087 3465/3940/3098
f 3502/2111/1764 3500/4870/3706 3408/2112/1760
f 3500/4870/3706 3378/5232/1761 3408/2112/1760
f 3185/6192/4405 3461/6193/4406 3488/6194/4407
f 3664/2828/2330 3399/2761/2289 3517/634/537
f 3399/2761/2289 3460/635/538 3517/634/537
f 3562/1434/1213 3538/1436/1215 3568/2788/2303
f 3589/2790/2306 3450/2789/2305 3473/5842/4251
f 3589/2790/2306 3473/5842/4251 3583/3391/2319
f 3583/3391/2319 3473/5842/4251 3519/4407/3425
f 3602/6195/2310 3540/6196/3099 3536/6197/4408
f 3602/3396/2310 3550/3400/2737 3540/6198/3099
f 3536/6199/4408 3336/5222/3913 3604/6200/2312
f 3604/6200/2312 3602/6201/2310 3536/6199/4408
f 3480/2797/2309 3604/6200/2312 3336/5222/3913
f 3376/6202/4409 3439/6203/4410 3679/6204/4411
f 3637/6205/4412 3573/6206/4259 3455/6207/4261
f 3528/1447/1223 3573/5861/4259 3637/6208/4412
f 3593/5865/4262 3528/1451/1223 3637/6209/4412
f 3652/2791/2307 3542/6210/4263 3593/6211/4262
f 3652/6212/2307 3415/5844/2311 3542/5866/4263
f 3545/5868/4265 3433/5234/3917 3659/6213/4413
f 3439/6203/4410 3545/6214/4265 3679/6204/4411
f 3581/2135/1784 3665/3954/3101 3757/6215/597
f 3764/6216/2313 3748/6217/3435 3704/6218/2314
f 3557/3958/3102 3704/3959/2314 3824/4434/3436
f 3776/4435/3437 3557/3958/3102 3824/4434/3436
f 3776/6219/3437 3523/6220/3423 3557/6221/3102
f 3523/6220/3423 3776/6219/3437 3640/6222/2316
f 3717/1533/1290 3596/4406/3424 3755/4436/3438
f 3583/3391/2319 3596/4406/3424 3717/1533/1290
f 4003/4481/3459 3900/4480/590 3722/6223/592
f 3935/4483/3461 3782/2822/2325 3626/2141/1790
f 3935/4483/3461 3626/2141/1790 3984/4484/3462
f 3626/2141/1790 3763/2823/2326 3984/4484/3462
f 4035/4910/3725 3885/4899/3718 4026/5322/3953
f 3943/3477/2773 3978/3479/2775 3899/6224/3447
f 3978/3479/2775 3993/3482/2778 3899/6224/3447
f 3784/6225/4414 3899/6226/3447 3993/6227/2778
f 4075/6228/3126 3894/6229/3441 3919/6230/4415
f 3919/6230/4415 4007/6231/1309 4075/6228/3126
f 4039/3478/2774 3940/4441/3443 4036/3474/2770
f 3943/3477/2773 3940/4441/3443 4039/3478/2774
f 4113/734/616 3847/733/615 3992/736/618
f 4047/4471/3455 4164/4032/3145 3982/4470/3454
f 4101/4002/3123 4047/4471/3455 3830/2821/2324
f 4283/4509/3480 4132/726/608 3937/728/610
f 4283/4509/3480 3937/728/610 4008/3455/2760
f 4008/3458/2760 3953/3457/2761 4195/6232/4290
f 4195/5921/4290 3953/3459/2761 4112/732/614
f 3953/3459/2761 3847/733/615 4112/732/614
f 4151/2905/2386 4064/2871/2361 4080/6233/4416
f 4131/4919/2365 4117/5612/2364 4181/4916/3728
f 4182/5618/2367 3948/6234/1297 4142/5619/2366
f 4191/4021/3136 4119/735/617 4010/2203/1830
f 4191/4021/3136 4010/2203/1830 4145/2887/2370
f 4137/6235/631 4196/750/629 4187/749/626
f 4262/1589/1330 4056/5601/4103 4200/1588/1329
f 4270/1592/1333 4056/5601/4103 4262/1589/1330
f 4163/5913/4284 4102/5912/4283 4270/1592/1333
f 4206/6236/1332 4163/6237/4284 4270/6238/1333
f 4346/6239/1886 4039/3478/2774 4250/6240/1885
f 4346/6239/1886 4109/3476/2772 4039/3478/2774
f 4267/6241/4417 4109/3476/2772 4346/6239/1886
f 4239/1600/1341 4227/1580/1323 4295/4038/3151
f 4286/6242/4418 4331/2919/2395 4218/6243/4419
f 4286/6242/4418 4194/6244/4420 4307/2923/2399
f 4307/2923/2399 4229/6245/4421 4355/2922/2398
f 4229/6245/4421 4216/6246/4422 4355/2922/2398
f 4331/2919/2395 4395/4035/3148 4249/4034/3147
f 4331/2919/2395 4286/6242/4418 4363/2920/2396
f 4363/2920/2396 4286/6242/4418 4307/2923/2399
f 4355/2922/2398 4216/6246/4422 4327/795/669
f 4337/6247/4423 4253/783/657 4447/821/691
f 4342/3489/2780 4317/5338/3964 4451/4059/2414
f 4422/4063/3172 4386/6248/2388 4430/6249/4424
f 4430/6250/4424 4322/2906/2387 4420/4962/3757
f 4488/6251/4425 4455/4049/3162 4402/2293/1899
f 4461/5630/4119 4368/4047/3160 4467/5631/4120
f 4379/5340/1368 4419/5342/3966 4490/6252/3181
f 4505/6253/3746 4580/5354/3745 4753/6254/4426
f 4580/5354/3745 4754/5353/3974 4753/6254/4426
f 4799/6255/4427 4753/6254/4426 4754/5353/3974
f 4790/6256/4428 4637/6257/4429 4528/6258/4295
f 4637/6259/4429 4535/5940/4294 4528/5941/4295
f 4528/6258/4295 4753/6254/4426 4790/6256/4428
f 4505/6253/3746 4753/6254/4426 4528/6258/4295
f 4790/6256/4428 4753/6254/4426 4799/6255/4427
f 4648/6260/4430 4790/6256/4428 4799/6255/4427
f 4648/6260/4430 4799/6255/4427 4813/6261/4431
f 4648/6260/4430 4813/6261/4431 4674/6262/4432
f 4535/6263/4294 4637/6264/4429 4827/6265/3183
f 4637/6257/4429 4674/6262/4432 4827/4076/3183
f 4827/4076/3183 4495/4078/3185 4535/6266/4294
f 4674/6262/4432 4813/6261/4431 4827/4076/3183
f 4607/3515/2804 4800/2321/1921 4813/6261/4431
f 4827/4076/3183 4813/6261/4431 4800/2321/1921
f 4687/6267/4433 4844/6268/4434 4730/5966/4310
f 4730/5966/4310 4724/6269/4435 4687/6267/4433
f 4844/6268/4434 4683/5666/4147 4854/5665/4146
f 4844/6268/4434 4854/5665/4146 4730/5966/4310
f 4804/6270/4436 4808/6271/4437 4874/6272/4438
f 4954/6273/4439 4879/6274/4440 4747/6275/4441
f 4874/6272/4438 4954/6273/4439 4804/6270/4436
f 4954/6273/4439 4874/6272/4438 4879/6274/4440
f 4879/6274/4440 4874/6272/4438 4864/5655/4136
f 4747/6275/4441 4879/6274/4440 4698/5660/4141
f 4879/6274/4440 4864/5655/4136 4876/5661/4142
f 4698/5660/4141 4879/6274/4440 4876/5661/4142
f 4808/6271/4437 4831/6276/4442 4840/5656/4137
f 4874/6272/4438 4808/6271/4437 4864/5655/4136
f 4808/6271/4437 4840/5656/4137 4864/5655/4136
f 4831/6276/4442 4762/4072/3179 4849/5658/4139
f 4831/6276/4442 4849/5658/4139 4840/5656/4137
f 4637/6257/4429 4790/6256/4428 4648/6260/4430
f 4941/4963/3758 4660/851/716 4951/4553/3511
f 4715/5356/3976 4951/4553/3511 4947/4552/3510
f 4947/4552/3510 4719/4551/3509 4715/5356/3976
f 1/2351/1949 2/2349/1947 4/3542/2828
f 1/2351/1949 4/3542/2828 3/3541/2827
f 71/3545/2831 492/4968/3761 20/3546/2832
f 132/3018/2484 239/6277/4443 108/3016/2482
f 132/3018/2484 128/3019/2485 239/6277/4443
f 17/886/749 207/1741/1468 256/884/747
f 256/884/747 207/1741/1468 260/6278/4444
f 93/3547/2833 129/3004/2473 152/3582/2864
f 152/3582/2864 129/3004/2473 34/3007/2474
f 34/3007/2474 48/888/751 152/3582/2864
f 53/887/750 152/3582/2864 48/888/751
f 53/887/750 18/889/752 254/4563/3520
f 148/6279/13 147/6280/4445 343/169/145
f 125/6281/4446 95/4571/3528 100/6282/4447
f 179/4573/3530 87/4570/3527 125/6281/4446
f 219/6283/4448 179/4573/3530 235/6284/4449
f 138/4/4 525/6285/4450 219/6283/4448
f 179/4573/3530 493/6286/4451 483/4579/3536
f 651/6287/135 865/6288/134 867/6289/4452
f 651/6290/135 867/6291/4452 671/6292/4453
f 905/6293/137 651/6290/135 613/6294/4454
f 901/6295/4455 671/6292/4453 867/6291/4452
f 921/6296/4192 683/6297/4456 579/6298/4193
f 683/6297/4456 921/6296/4192 694/6299/4457
f 630/6300/4458 921/6301/4192 929/6302/4195
f 694/6303/4457 921/6301/4192 630/6300/4458
f 895/6304/4344 577/6305/4343 578/6306/4459
f 1146/6307/4016 895/6308/4344 578/6309/4459
f 1146/6310/4016 578/6311/4459 1123/6312/4173
f 1123/5702/4173 578/6313/4459 605/6314/4460
f 1055/6315/4461 905/6293/137 613/6294/4454
f 1055/6315/4461 929/6302/4195 905/6293/137
f 630/6300/4458 929/6302/4195 1055/6315/4461
f 1055/6315/4461 1056/6316/4462 630/6300/4458
f 666/5708/4179 630/6300/4458 1056/6316/4462
f 1052/5703/4174 605/6314/4460 666/5708/4179
f 901/6295/4455 580/6317/4463 684/6318/4464
f 901/6295/4455 684/6318/4464 671/6292/4453
f 702/1772/1496 829/5405/4001 749/5406/4002
f 1128/6319/4465 702/1772/1496 749/5406/4002
f 749/5406/4002 736/3031/2497 1128/6319/4465
f 1132/180/156 1128/6319/4465 736/3031/2497
f 1132/180/156 736/3031/2497 747/181/157
f 1162/5435/4022 896/6320/2020 1169/5438/4025
f 652/6321/1471 896/6320/2020 1162/5435/4022
f 1187/5434/4021 907/6322/2021 1162/5435/4022
f 1191/6323/189 907/2424/2021 1187/6324/4021
f 907/6322/2021 652/6321/1471 1162/5435/4022
f 1196/5439/4026 1169/6325/4025 896/6326/2020
f 1196/6327/4026 930/2426/2023 1175/6328/3271
f 1196/5439/4026 896/6326/2020 930/6329/2023
f 1175/6328/3271 930/2426/2023 599/5410/3272
f 1214/6330/4466 1230/6331/4467 1013/6332/4468
f 1214/6330/4466 1025/6333/4469 1225/6081/3831
f 1013/6334/4468 1025/6335/4469 1214/6336/4466
f 1316/2488/2079 1040/5061/3826 1230/6331/4467
f 1046/5068/3829 1225/5070/3831 1025/6337/4469
f 658/5007/3791 643/5009/3790 1188/2516/1528
f 1188/2516/1528 1281/1811/1529 658/5007/3791
f 955/6338/4470 658/5007/3791 1281/1811/1529
f 873/6065/4361 957/6339/3794 1286/6066/1532
f 957/5011/3794 955/6340/4470 1287/6341/4471
f 1287/6341/4471 1286/6342/1532 957/5011/3794
f 1287/6341/4471 955/6340/4470 1281/6343/1529
f 1158/5015/3797 873/6065/4361 1263/5448/4032
f 1164/4184/3268 879/4186/3270 1341/5743/4202
f 879/4190/3270 1170/4189/3273 1341/5744/4202
f 1164/4184/3268 1344/5742/4027 1175/4187/3271
f 1445/6344/4472 1341/5744/4202 1170/4189/3273
f 1170/4189/3273 1147/1774/1498 1445/6344/4472
f 1147/1774/1498 1267/3115/2557 1445/6344/4472
f 1370/1832/1542 735/3043/2508 1372/1834/1544
f 1372/1834/1544 1048/6037/4349 1319/1835/203
f 735/3043/2508 1048/6037/4349 1372/1834/1544
f 1370/1832/1542 1436/1831/1541 1014/6038/4350
f 1436/1831/1541 1023/1025/876 1014/6038/4350
f 1436/1831/1541 1510/6345/2094 1023/1025/876
f 748/3049/2510 1017/3051/2512 1382/4206/243
f 1050/6046/4355 1324/6047/4356 1387/4209/3286
f 1325/6346/4473 1050/6046/4355 1387/4209/3286
f 1336/3702/2952 1550/264/236 1262/5046/3820
f 1391/1808/1526 1262/5046/3820 1550/264/236
f 1281/1811/1529 1188/2516/1528 1477/1812/1530
f 1424/6347/1533 1286/6342/1532 1287/6341/4471
f 1287/6341/4471 1281/6343/1529 1429/6348/1531
f 1424/6347/1533 1287/6341/4471 1429/6348/1531
f 1541/222/198 1268/223/199 1497/6349/4474
f 1497/6349/4474 1268/223/199 1507/225/201
f 1514/248/222 1523/5733/224 1516/6350/223
f 1514/248/222 1345/226/202 1523/5733/224
f 1398/5732/4197 1343/5071/3832 1565/6351/4475
f 1406/5734/4198 1565/6351/4475 1343/5071/3832
f 1739/4695/3291 1406/5734/4198 1279/3677/2934
f 1279/3677/2934 1280/3679/2936 1739/4695/3291
f 1280/3681/2936 1213/3680/2937 1395/4221/3293
f 1395/4221/3293 1293/3685/2940 1583/6352/273
f 1293/3689/2940 1472/5442/4028 1583/307/273
f 1472/5442/4028 1305/3691/2944 1535/308/274
f 1535/308/274 1583/307/273 1472/5442/4028
f 1610/3761/2990 1543/4660/3583 1473/3704/2954
f 1551/4238/3304 1610/3761/2990 1473/3704/2954
f 1621/3763/2992 1551/4238/3304 1515/3764/2993
f 1568/6353/4476 1515/3764/2993 1396/3706/2956
f 1568/6353/4476 1396/3706/2956 1575/6354/4477
f 1483/3710/2960 1608/6355/3849 1690/6356/4478
f 1483/5092/2960 1750/6357/4208 1547/5093/2962
f 1655/286/256 1577/6358/4479 1662/3757/257
f 1521/3155/2582 1717/3153/2580 1505/6359/3288
f 1521/3155/2582 1378/1046/895 1669/3154/2581
f 1732/1141/983 1581/3123/2564 1499/3126/2566
f 1753/326/287 1500/6360/4480 1916/6361/3866
f 1594/325/286 1500/6360/4480 1753/326/287
f 1414/6362/4481 1594/329/286 1759/328/289
f 1830/1925/1605 1414/6363/4481 1759/6364/289
f 1471/1853/1554 1561/1854/1545 1780/6365/4482
f 1819/4693/3600 1458/6366/225 1687/6367/4483
f 1819/4693/3600 1687/6367/4483 1565/6351/4475
f 1819/4693/3600 1565/6351/4475 2120/4271/3331
f 1739/4695/3291 2120/4271/3331 1565/6351/4475
f 1682/6368/3292 1583/307/273 1821/310/276
f 1798/6369/3859 1794/6370/3594 1512/6371/3858
f 1800/4679/3590 1672/5461/3591 1861/6372/2603
f 1672/4680/3591 1670/4682/3593 1863/4681/3592
f 1771/1873/1567 1696/1875/1569 1891/3785/3006
f 1891/3785/3006 1967/6373/3010 1771/1873/1567
f 1771/1877/1567 1899/3769/2996 1692/273/245
f 1844/348/302 1681/1879/1571 1858/6374/4484
f 1855/5479/4048 1802/1886/1576 1927/1932/1610
f 1431/4659/2091 1657/1088/934 1937/377/326
f 1657/1088/934 1874/1937/1612 1937/377/326
f 1875/5481/1005 1431/4659/2091 1937/377/326
f 1645/2517/2102 1649/2519/2103 1946/5483/4050
f 1876/5484/1009 1946/5483/4050 1649/2519/2103
f 1950/1165/1001 1645/2517/2102 1948/1163/999
f 1654/6097/2104 1645/2517/2102 1950/1165/1001
f 1950/1165/1001 1941/1167/1003 1654/6097/2104
f 1948/1163/999 1645/2517/2102 1946/5483/4050
f 1693/3132/2569 1629/3134/2570 1971/1210/1041
f 1971/1210/1041 1890/3200/2608 1693/3132/2569
f 1629/3136/2570 1829/6375/4485 1971/1211/1041
f 1829/6375/4485 1702/3137/2572 1987/1213/1043
f 1987/1213/1043 1702/3137/2572 1988/415/358
f 1909/6376/3305 1849/1107/949 1996/6377/4486
f 1704/1108/950 1849/1107/949 1909/6376/3305
f 1936/6106/4372 1864/1900/1585 2014/6104/4370
f 1931/1901/1586 1719/1902/1587 1941/1167/1003
f 1972/362/314 1695/4227/3296 2029/364/315
f 2177/1955/1627 2001/3771/2997 1924/2570/2145
f 1924/2570/2145 1841/2571/2146 2177/1955/1627
f 2070/6378/3336 1993/6379/979 2116/4279/2611
f 1839/295/265 1921/5756/966 2126/393/338
f 2126/393/338 1921/5756/966 2102/6380/339
f 1817/6381/277 1839/295/265 2140/392/341
f 2035/5763/4210 1817/311/277 2140/6382/341
f 2342/3230/2626 2113/6383/3001 2106/3228/2624
f 2113/6383/3001 2037/3777/3000 2106/3228/2624
f 2193/3795/3012 2113/6383/3001 2342/3230/2626
f 2164/3794/3004 2113/6383/3001 2193/3795/3012
f 2212/6384/3013 2151/3782/3003 2164/3783/3004
f 2212/6384/3013 2169/3784/3005 2151/3782/3003
f 2222/3803/3017 1891/3785/3006 2061/3787/3008
f 2188/6385/3016 2231/6386/3618 2172/2607/2174
f 2231/6386/3618 2239/2608/2177 2172/2607/2174
f 2222/3803/3017 2188/3802/3016 1891/3785/3006
f 2188/3802/3016 1967/6373/3010 1891/3785/3006
f 2188/6385/3016 2172/2607/2174 1967/3792/3010
f 2100/1191/1024 2282/6387/3886 1953/6388/3595
f 1960/4687/3597 1953/6388/3595 2282/6387/3886
f 2282/6387/3886 2369/5177/3887 1960/4687/3597
f 2369/5177/3887 2291/5173/3885 1960/4687/3597
f 1994/1155/994 2215/1243/1066 2049/1153/993
f 2254/3239/2635 2054/6389/997 2252/3238/2634
f 2275/6390/4487 2339/6391/1121 2272/6392/3615
f 2210/4268/3329 2195/5770/4213 2434/6393/4488
f 2304/4294/3346 2434/6393/4488 2195/5770/4213
f 2432/1306/1112 2148/6394/4489 2280/6395/4490
f 2432/1306/1112 2357/6396/1649 2148/6394/4489
f 2432/1306/1112 2280/6395/4490 2383/4308/3360
f 2112/355/309 2198/357/311 2296/4309/3361
f 2296/4309/3361 2198/357/311 2205/363/313
f 2479/4283/3339 2493/503/428 2260/1237/1060
f 2257/418/361 2417/4290/3343 2579/419/362
f 2607/2701/1116 2296/4309/3361 2205/363/313
f 2570/6397/1089 2400/6398/1087 2409/6399/4491
f 2585/6400/427 2570/1271/1089 2409/6401/4491
f 2585/6400/427 2409/6401/4491 2491/6402/1059
f 2491/1236/1059 2493/503/428 2585/502/427
f 2551/1266/1084 2337/6403/4492 2593/3274/2658
f 2530/3285/1638 2511/3282/2664 2129/5141/1637
f 2668/6404/402 2334/6405/401 2504/6406/4493
f 2600/4775/3640 2669/5808/4234 2426/2631/2194
f 2521/5807/3642 2426/2631/2194 2669/5808/4234
f 2600/4778/3640 2532/4777/3641 2784/6407/4236
f 2708/4782/3056 2441/2633/2196 2675/6408/3055
f 2439/2632/2195 2668/6404/402 2504/6406/4493
f 2439/6409/2195 2708/3867/3056 2668/3863/402
f 2628/6410/4494 2766/6411/4495 2945/5542/4075
f 2945/5542/4075 3112/5546/4078 2628/6410/4494
f 2984/5550/4082 3115/2707/2251 2628/6410/4494
f 3115/6412/2251 2515/6413/2215 2628/6414/4494
f 3115/2707/2251 2524/6415/2213 2515/6416/2215
f 2759/2706/2250 2524/6415/2213 3115/2707/2251
f 2574/6417/4385 2812/501/426 2493/503/428
f 2497/422/365 2635/2007/1671 2795/2006/1152
f 2795/2006/1152 2817/1370/1154 2497/422/365
f 2663/1369/1155 2497/422/365 2817/1370/1154
f 2566/6418/1674 2500/6419/372 2801/6420/1672
f 2790/2013/1675 2831/3881/3066 2470/430/371
f 3080/5815/4237 3081/3869/3058 3087/2025/1687
f 2848/2056/1714 2670/6421/4060 2693/6422/4496
f 2848/6423/1714 2507/6424/1071 2863/6425/1715
f 2693/6422/4496 2507/6426/1071 2848/2056/1714
f 2863/6427/1715 2507/1248/1071 2671/1250/1073
f 2427/6428/2676 3236/6429/1161 2935/6430/1164
f 2941/1381/1165 3236/1377/1161 2718/6431/3042
f 3236/1377/1161 2427/6432/2676 2718/6431/3042
f 2933/1382/1166 2964/1383/1167 3231/1385/1169
f 2941/1381/1165 2718/6431/3042 2895/6433/3044
f 2985/525/450 2782/3288/2668 2800/528/453
f 2979/2062/1720 2832/6434/2669 2809/3313/1099
f 2982/2064/1722 2832/6434/2669 2979/2062/1720
f 2646/1245/1068 2832/3289/2669 2982/6435/1722
f 2474/3241/1070 2646/6436/1068 2982/6437/1722
f 2988/2063/1721 3062/559/481 2657/3271/2657
f 2988/6438/1721 2475/3236/2632 2982/6437/1722
f 2988/6438/1721 2657/3273/2657 2475/3236/2632
f 2982/6437/1722 2475/3236/2632 2474/3241/1070
f 3139/5828/4242 2788/3287/2667 3030/2069/1726
f 3051/2070/1727 3139/5828/4242 3030/2069/1726
f 2788/3287/2667 3139/5828/4242 2787/3286/1670
f 3139/5828/4242 3051/2070/1727 2801/2008/1672
f 2867/5198/3893 2913/5206/3899 2883/5201/3896
f 2913/5206/3899 2872/1295/1104 2919/544/467
f 2919/544/467 2872/1295/1104 3234/547/470
f 2956/1316/1119 3245/4829/3676 3248/6439/4497
f 3248/6439/4497 2781/495/421 2956/1316/1119
f 3245/4829/3676 2987/6440/4498 3248/6439/4497
f 2781/495/421 3248/6439/4497 2989/6441/4499
f 2975/3894/3075 2781/495/421 2989/6441/4499
f 3125/6442/4500 3204/1410/1191 3011/6443/4501
f 3011/6443/4501 3223/1409/1193 3175/6444/4502
f 3125/6442/4500 3011/6443/4501 3050/6445/4503
f 3177/2086/1742 3011/6443/4501 3175/6444/4502
f 3011/6443/4501 3177/2086/1742 3050/6445/4503
f 2990/553/475 3050/6445/4503 3250/551/473
f 3050/6445/4503 3177/2086/1742 3250/551/473
f 2629/2686/456 2627/2688/2238 3315/599/511
f 3305/1412/1194 3175/6446/4502 3223/1413/1193
f 3306/6447/3409 3175/6448/4502 3305/6449/1194
f 3177/6450/1742 3175/6451/4502 3306/6452/3409
f 3305/1412/1194 3327/1408/1192 3316/623/528
f 3376/6202/4409 3307/4845/3689 3439/6203/4410
f 3444/6453/1221 3387/6454/4260 3443/6455/1222
f 3387/5862/4260 3337/5537/4074 3455/5863/4261
f 3444/6453/1221 3394/6456/4504 3387/6454/4260
f 3415/5844/2311 2931/4801/3659 3413/5867/4264
f 3439/6203/4410 3307/4845/3689 3545/6214/4265
f 3296/1416/1197 3401/1415/1196 3556/1483/1248
f 3451/3928/3090 3400/3927/533 3533/6457/532
f 3488/6194/4407 3461/6193/4406 3584/6458/4505
f 3594/2827/2329 3584/6459/4505 3398/2762/2290
f 3584/6459/4505 3461/6460/4406 3398/2762/2290
f 3398/2762/2290 3399/2761/2289 3594/2827/2329
f 3578/5257/3926 3467/602/514 3651/6461/4506
f 3467/602/514 3580/5258/3927 3651/6461/4506
f 3578/5257/3926 3654/6462/3105 3537/5238/3921
f 3651/6463/4506 3580/6464/3927 3728/6465/4507
f 3728/6466/4507 3580/5258/3927 3566/5259/3925
f 3546/6467/3922 3600/6468/3928 3598/6469/1808
f 3603/5265/3929 3513/3935/3093 3634/3966/3106
f 3605/6470/3104 3537/5238/3921 3654/6462/3105
f 3605/6471/3104 3607/5267/3103 3606/5269/3923
f 3691/3963/2322 3549/5248/2735 3607/3964/3103
f 3634/3966/3106 3513/3935/3093 3574/2815/2321
f 3697/6472/4508 3688/6473/4274 3631/6474/4266
f 3631/6475/4266 3582/6476/4509 3697/6477/4508
f 3582/6478/4509 3516/6479/4510 3697/6472/4508
f 3516/6479/4510 3590/2148/1796 3746/2150/1798
f 3521/1486/1251 3747/1484/1249 3754/2845/2345
f 3754/2845/2345 3823/2851/2347 3521/1486/1251
f 3765/1487/1252 3521/1486/1251 3823/2851/2347
f 3656/3968/3108 3597/4866/3702 3797/3435/2749
f 3797/3435/2749 3753/3438/2752 3656/3968/3108
f 3860/4897/3716 3841/6480/3430 3674/4419/3429
f 3674/4419/3429 3783/705/589 3860/4897/3716
f 3804/4901/3431 3816/6481/3433 3876/4902/3717
f 3876/4898/3717 3683/6482/556 3738/4903/3432
f 3683/6483/556 3876/4902/3717 3816/6481/3433
f 3886/2189/1823 3818/2811/2320 3821/4909/3724
f 3739/2188/1822 3818/2811/2320 3886/2189/1823
f 3915/2193/1827 3867/6484/4511 3854/2194/1825
f 3915/2193/1827 3777/5878/4268 3867/6484/4511
f 3893/2197/1829 3777/5878/4268 3915/2193/1827
f 3756/6485/3936 3777/5878/4268 3893/2197/1829
f 4045/6486/4512 3945/2844/2344 3936/3995/2341
f 3996/6487/3945 3945/2844/2344 4045/6486/4512
f 4045/6488/4512 3986/6489/3946 3996/6490/3945
f 4192/777/651 4059/5311/3947 3986/5309/3946
f 3932/3434/2748 4059/5311/3947 4070/6491/4513
f 4070/6491/4513 3952/3437/2751 3932/3434/2748
f 4111/6492/4514 4095/3994/3121 3901/2832/2334
f 3901/2832/2334 3907/2835/2337 4111/6492/4514
f 4111/6492/4514 3907/2835/2337 4042/3465/2765
f 4103/759/636 4052/3469/2767 3998/2866/2358
f 4045/6486/4512 3936/3995/2341 4032/2901/2382
f 4192/777/651 3986/5309/3946 4045/6486/4512
f 4164/4032/3145 4047/4471/3455 4168/6493/4515
f 4047/4471/3455 4101/4002/3123 4168/6493/4515
f 4038/721/605 4077/723/607 4169/4505/3477
f 4077/723/607 4132/724/608 4169/4505/3477
f 4176/6494/3478 4169/6495/3477 4132/6496/608
f 4132/724/608 4177/6497/3479 4176/4506/3478
f 4177/4508/3479 4132/726/608 4283/4509/3480
f 4283/4509/3480 4008/3455/2760 4195/5921/4290
f 4095/3994/3121 4111/6492/4514 4223/789/663
f 4223/789/663 4111/6492/4514 4042/3465/2765
f 4103/759/636 4254/758/635 4042/3467/2765
f 4184/6498/4516 4032/2901/2382 4233/773/647
f 4246/775/649 4184/6498/4516 4233/773/647
f 4246/775/649 4045/6486/4512 4184/6498/4516
f 4246/775/649 4192/777/651 4045/6486/4512
f 4116/3481/2777 4109/3476/2772 4267/6241/4417
f 4252/2266/1877 4116/3481/2777 4267/6241/4417
f 4252/2266/1877 4157/1576/1321 4116/3481/2777
f 4274/1628/1367 4164/4032/3145 4301/6499/4517
f 4284/5624/4116 4271/4503/3475 4244/4026/3140
f 4281/4029/3142 4241/4512/3483 4312/4513/3484
f 4359/5625/4117 4271/4503/3475 4284/5624/4116
f 4360/4520/3489 4228/4519/3488 4169/4505/3477
f 4360/4520/3489 4169/4505/3477 4242/4504/3476
f 4316/3502/2791 4279/767/644 4367/3503/2792
f 4338/3499/2788 4303/762/639 4316/3502/2791
f 4275/763/640 4315/765/642 4347/5331/3960
f 4279/767/644 4347/5331/3960 4367/3503/2792
f 4345/782/656 4255/784/658 4349/786/660
f 4329/793/667 4237/2254/1869 4391/6500/4518
f 4371/6501/4519 4391/6500/4518 4237/2254/1869
f 4475/2960/2435 4401/2338/1936 4348/3497/2787
f 4314/1590/1331 4348/3497/2787 4401/2338/1936
f 4343/2268/1879 4314/1590/1331 4401/2338/1936
f 4371/6501/4519 4306/5329/3959 4398/2924/2400
f 4398/2924/2400 4306/5329/3959 4289/2903/2384
f 4421/2290/1897 4443/2289/1896 4364/3500/2789
f 4352/4926/3733 4413/4928/3735 4434/6502/4520
f 4460/4041/3154 4413/4928/3735 4297/4042/3155
f 4426/4933/3736 4389/4526/3490 4462/807/681
f 4462/807/681 4417/5932/3737 4426/4933/3736
f 4445/4938/2436 4335/4937/3741 4491/2967/2440
f 4477/4939/3742 4308/3495/2785 4502/2976/2447
f 4446/4054/3166 4502/2976/2447 4308/3495/2785
f 4308/3495/2785 4356/788/662 4446/4054/3166
f 4512/6503/4521 4442/4534/3493 4543/6504/4522
f 4469/4530/3492 4442/4534/3493 4512/6503/4521
f 4543/6504/4522 4480/820/690 4554/822/692
f 4442/4534/3493 4480/820/690 4543/6504/4522
f 4582/6505/1930 4433/808/679 4489/6506/677
f 4588/806/680 4433/808/679 4582/6505/1930
f 4407/6507/3189 4401/2338/1936 4578/2337/1935
f 4499/5937/4293 4462/807/681 4501/5938/1933
f 4592/4549/3507 4416/4935/3739 4503/5939/3984
f 4456/2294/1900 4416/4935/3739 4592/4549/3507
f 4522/6508/2819 4430/6249/4424 4536/6509/2820
f 4497/6510/4523 4770/5351/3972 4526/5349/3743
f 4770/5351/3972 4497/6510/4523 4773/5352/3973
f 4795/1664/1403 4773/5352/3973 4797/1667/1406
f 4649/6511/4524 4773/5352/3973 4497/6510/4523
f 4773/5352/3973 4649/6511/4524 4658/6512/4525
f 4497/6510/4523 4512/6513/4521 4649/6511/4524
f 4814/6514/4526 4797/1667/1406 4773/5352/3973
f 4773/5352/3973 4658/6512/4525 4814/6514/4526
f 4814/6514/4526 4658/6512/4525 4765/6515/4527
f 4602/4536/3495 4564/860/725 4680/861/726
f 4566/859/724 4697/4555/3513 4694/856/721
f 4697/4555/3513 4566/859/724 4585/4535/3494
f 4839/3521/2810 4713/4556/3514 4697/4555/3513
f 4839/3521/2810 4697/4555/3513 4585/4535/3494
f 4839/3521/2810 4585/4535/3494 4620/2945/2421
f 4853/6516/4528 4725/841/706 4720/6517/4529
f 4948/6518/4530 4853/6516/4528 4720/6517/4529
f 4861/848/713 4725/841/706 4853/6516/4528
f 4861/848/713 4853/6516/4528 4870/3525/2814
f 4853/6516/4528 4952/3522/2811 4834/2326/1926
f 4870/3525/2814 4853/6516/4528 4834/2326/1926
f 4713/4556/3514 4839/3521/2810 4845/3520/2809
f 4952/3522/2811 4713/4556/3514 4845/3520/2809
f 4839/3521/2810 4620/2945/2421 4577/2948/2424
f 4912/2989/2458 4940/2963/2437 4919/873/738
f 4919/873/738 4940/2963/2437 4671/2965/2439
f 4928/2988/2457 4912/2989/2458 4739/4959/3756
f 4912/2989/2458 4927/872/737 4739/4959/3756
f 4669/4957/3754 4657/4958/3755 4939/6519/4531
f 4739/4959/3756 4732/5951/4299 4699/5950/4298
f 4657/4958/3755 4818/4956/3753 4732/5951/4299
f 4657/4958/3755 4732/5951/4299 4739/4959/3756
f 4746/2972/2444 4739/4959/3756 4927/872/737
f 4927/872/737 4931/876/741 4746/2972/2444
f 4939/6519/4531 4657/4958/3755 4941/4963/3758
f 4657/4958/3755 4739/4959/3756 4751/2971/2443
f 4657/4958/3755 4751/2971/2443 4660/851/716
f 52/2348/1946 2/2349/1947 47/2350/1948
f 25/4980/3768 41/3550/2836 248/3549/2835
f 41/3550/2836 25/4980/3768 44/6520/3769
f 44/6520/3769 130/4981/3770 41/3550/2836
f 67/5975/4317 27/6521/1957 98/6522/4532
f 67/5975/4317 9/5976/1951 27/6521/1957
f 27/2359/1957 46/2360/1958 98/6523/4532
f 98/6523/4532 46/2360/1958 104/6524/4533
f 46/2360/1958 7/2362/1960 104/6524/4533
f 7/2362/1960 46/2360/1958 234/2363/1961
f 7/2362/1960 70/2361/1959 104/6524/4533
f 255/6525/4534 175/6526/51 135/6527/2001
f 444/6528/103 184/5380/3991 195/5382/3992
f 290/965/824 186/5980/4319 115/5979/4318
f 593/966/825 115/5979/4318 253/6529/2464
f 290/965/824 115/5979/4318 593/966/825
f 345/3566/827 234/2363/1961 158/5981/4320
f 78/3568/2850 234/2363/1961 345/3566/827
f 157/5983/4321 186/5980/4319 659/969/828
f 659/969/828 186/5980/4319 290/965/824
f 299/973/832 65/6530/2463 55/6531/2462
f 593/966/825 253/6529/2464 65/6530/2463
f 593/966/825 65/6530/2463 299/973/832
f 349/3576/2858 336/6532/4535 88/3577/2859
f 351/3578/2860 88/3577/2859 336/6532/4535
f 351/3578/2860 154/4118/3220 166/3580/2862
f 154/4118/3220 351/3578/2860 369/4119/3221
f 388/63/59 543/4996/3781 364/1752/1478
f 388/63/59 464/60/56 546/62/58
f 546/62/58 161/2998/2467 388/63/59
f 543/4996/3781 388/63/59 161/2998/2467
f 553/57/53 546/62/58 409/56/52
f 136/2996/2465 553/57/53 374/58/54
f 546/62/58 553/57/53 136/2996/2465
f 548/5000/3785 543/4996/3781 161/2998/2467
f 435/55/50 135/6533/2001 175/53/51
f 442/6534/2004 135/6533/2001 435/55/50
f 460/2406/2000 250/48/46 255/6525/4534
f 135/2403/2001 460/2402/2000 255/6535/4534
f 374/58/54 250/48/46 460/2406/2000
f 659/969/828 158/6536/4320 157/5983/4321
f 659/969/828 345/968/827 158/6536/4320
f 590/967/826 659/969/828 290/965/824
f 147/6280/4445 143/164/142 681/167/143
f 681/167/143 343/169/145 147/6280/4445
f 695/4645/3573 222/6537/2845 182/6538/2837
f 695/4645/3573 226/3561/2846 222/6537/2845
f 984/4644/3572 226/3561/2846 695/4645/3573
f 383/5690/4162 226/3561/2846 984/4644/3572
f 725/6539/1479 227/6540/2847 383/6541/4162
f 228/6542/2848 725/6539/1479 145/6543/44
f 725/6539/1479 228/6542/2848 227/6540/2847
f 1115/5420/4011 699/5422/4013 400/6544/4536
f 400/6544/4536 812/6545/4537 1115/5420/4011
f 828/6546/4538 811/948/809 812/6545/4537
f 828/6546/4538 812/6545/4537 400/6544/4536
f 400/6544/4536 699/5422/4013 403/5691/4163
f 458/44/42 400/6544/4536 403/5691/4163
f 828/6546/4538 400/6544/4536 458/44/42
f 828/6546/4538 831/1751/1477 700/174/150
f 458/44/42 831/1751/1477 828/6546/4538
f 837/49/47 458/44/42 414/43/41
f 831/1751/1477 458/44/42 837/49/47
f 811/948/809 563/6547/4539 368/949/810
f 361/1750/1476 563/6547/4539 811/948/809
f 691/173/149 361/1750/1476 811/948/809
f 583/5418/4009 1081/5417/4008 1105/1764/1488
f 1093/6548/4540 642/5416/4007 583/5418/4009
f 1114/5419/4010 642/5416/4007 1093/6548/4540
f 1093/6548/4540 583/5418/4009 917/1777/1501
f 890/1781/1505 1093/6548/4540 917/1777/1501
f 599/5410/3272 1114/5419/4010 615/6549/4541
f 1125/6550/4542 615/6549/4541 1129/6551/4543
f 1161/6552/1500 904/5413/1499 626/5414/4005
f 615/6549/4541 1161/6552/1500 626/5414/4005
f 615/6549/4541 1125/6550/4542 1161/6552/1500
f 965/6553/2933 1161/6552/1500 1108/3627/2905
f 1129/6551/4543 1114/5419/4010 1093/6548/4540
f 615/6549/4541 1114/5419/4010 1129/6551/4543
f 1129/6551/4543 1093/6548/4540 890/1781/1505
f 890/1781/1505 899/6554/4544 1129/6551/4543
f 899/6554/4544 890/1781/1505 882/1780/1504
f 1108/3627/2905 1125/6550/4542 1129/6551/4543
f 1161/6552/1500 1125/6550/4542 1108/3627/2905
f 1108/3627/2905 1129/6551/4543 899/6554/4544
f 899/6554/4544 1054/3628/2906 1108/3627/2905
f 1054/3628/2906 899/6554/4544 1067/6555/4545
f 583/5418/4009 1105/1764/1488 917/1777/1501
f 890/1781/1505 917/1777/1501 1249/1779/1503
f 1242/5041/3815 1109/2435/2032 1061/5040/3814
f 1178/2478/2070 685/4594/1437 668/4593/3545
f 969/2477/2069 685/4594/1437 1178/2478/2070
f 969/2477/2069 718/4597/3547 690/4596/3546
f 718/4597/3547 1194/2479/2071 352/6026/3548
f 1200/1786/1510 695/4645/3573 433/1787/1511
f 1002/6556/3574 383/5690/4162 984/4644/3572
f 1002/4646/3574 1223/1807/1525 725/6539/1479
f 1157/215/191 1159/6557/4546 1270/218/194
f 1159/6557/4546 1189/220/196 1270/218/194
f 1024/1066/915 999/5051/3823 1278/1062/911
f 1029/6558/4547 1024/1066/915 1363/1067/916
f 1366/5458/919 1029/6558/4547 1363/1067/916
f 944/6559/140 1029/6558/4547 1366/5458/919
f 1346/1071/893 1166/163/141 1320/1069/918
f 1320/1069/918 944/162/140 1366/1070/919
f 1193/1043/892 1166/166/141 1346/1044/893
f 1338/6560/884 1369/6070/4363 1479/1874/1568
f 1432/275/247 1338/1035/884 1479/1876/1568
f 1049/6041/4352 748/6040/2510 1437/4223/3284
f 1437/4223/3284 1438/4208/3285 1049/6041/4352
f 1324/6047/4356 1049/6041/4352 1438/4208/3285
f 1438/4208/3285 1387/4209/3286 1324/6047/4356
f 1325/6346/4473 1387/4209/3286 1449/3736/2977
f 1451/4224/3294 1325/6561/4473 1449/3739/2977
f 1235/6054/4358 1325/6561/4473 1451/4224/3294
f 1427/2498/2089 1022/6562/4548 1453/1089/935
f 1022/6563/4548 1235/6054/4358 1451/4224/3294
f 1451/4225/3294 1453/1089/935 1022/6562/4548
f 1232/4194/3276 1296/1791/1515 1471/1853/1554
f 1362/1857/1556 1232/6564/3276 1471/1855/1554
f 1495/1896/238 1424/6347/1533 1429/6348/1531
f 1495/1896/238 1536/256/230 1424/6347/1533
f 1469/258/232 1263/5448/4032 1390/259/229
f 1469/258/232 1508/262/234 1269/5449/4031
f 1542/265/237 1550/264/236 1336/3702/2952
f 1291/1802/1520 1504/4203/3282 1509/4205/3283
f 1553/231/207 1352/233/209 1611/6565/4549
f 1463/235/211 1611/6565/4549 1352/233/209
f 1468/6566/214 1553/231/207 1679/6567/4203
f 1679/6567/4203 1553/231/207 1611/6565/4549
f 1574/2507/2095 1634/2509/2097 1685/6568/4550
f 1825/5750/4205 1574/2507/2095 1685/6568/4550
f 1460/2510/2098 1694/3732/2973 1703/5751/4206
f 1703/5751/4206 1474/2511/2099 1460/2510/2098
f 1703/5751/4206 1680/5459/4040 1474/2511/2099
f 1698/4228/3297 1695/4227/3296 1540/2492/2083
f 1625/332/291 1552/4229/3298 2053/333/292
f 2053/333/292 1552/4229/3298 1837/4674/3587
f 1552/4229/3298 1615/1878/1570 1837/4674/3587
f 1795/3147/2578 1464/3109/2553 1706/3148/2130
f 1634/3150/2097 1464/5455/2553 1795/3151/2578
f 1634/2509/2097 1745/6569/2579 1685/6568/4550
f 1656/2523/2106 1597/2522/2105 1810/6570/2600
f 1734/6571/4551 1661/3740/2979 1873/3188/1008
f 1733/6572/4552 1734/6573/4551 1873/1172/1008
f 1878/1182/1016 1656/2528/2106 1879/3189/1012
f 1603/2527/2108 1656/2528/2106 1878/1182/1016
f 1735/2529/2107 1603/2527/2108 1878/1182/1016
f 1817/311/277 1822/5764/4211 1722/299/267
f 1646/5456/4038 1722/299/267 1822/5764/4211
f 1777/5768/269 1778/305/271 1527/304/270
f 1986/5490/4054 1635/306/272 1778/305/271
f 1818/1143/985 1635/306/272 1986/5490/4054
f 1608/6355/3849 1635/306/272 1818/1143/985
f 1650/6574/4039 1923/5766/4051 1766/301/268
f 1807/1904/1589 1864/1905/1585 1936/6575/4372
f 1936/6106/4372 1877/1907/1590 1807/1906/1589
f 1955/3786/3007 1891/3785/3006 1696/1875/1569
f 1974/3791/3009 1771/6576/1567 1967/3792/3010
f 1974/3789/3009 1976/3788/2176 1771/6577/1567
f 1899/3769/2996 1771/1877/1567 1976/6578/2176
f 1844/348/302 2056/347/301 1837/4674/3587
f 1758/351/305 1844/348/302 1858/6374/4484
f 1929/1871/1565 1924/2570/2145 2001/3771/2997
f 1939/6579/4553 1870/6580/4554 2152/4710/3611
f 2040/1215/1045 1939/6579/4553 2152/4710/3611
f 1708/6581/3299 1939/6582/4553 2040/6111/1045
f 2042/1218/1028 1708/6581/3299 2040/6111/1045
f 1715/4232/3300 1708/4231/3299 2042/1195/1028
f 2042/1195/1028 2043/1197/1030 1715/4232/3300
f 2057/1199/1032 1803/5467/4044 2043/1197/1030
f 2057/1199/1032 1811/6583/4555 1803/5467/4044
f 2057/1199/1032 1938/1200/1033 1811/6583/4555
f 1994/1155/994 1938/6584/1033 2073/2629/1035
f 2148/6585/4489 1996/6586/4486 2083/2233/4556
f 2010/6587/4557 2160/2652/2211 1947/3196/2605
f 1927/1932/1610 2397/427/370 1855/5479/4048
f 1909/6376/3305 1996/6377/4486 2148/6588/4489
f 2083/6589/4556 1883/1111/953 2112/355/309
f 2280/6395/4490 2148/6394/4489 2083/6589/4556
f 2230/375/324 2012/374/323 2397/429/370
f 2088/5482/1006 2237/376/325 2387/3231/2627
f 2337/6403/4492 2187/6590/4558 2593/3274/2658
f 2348/3276/2660 2593/3274/2658 1975/3767/2995
f 2593/3274/2658 2187/6590/4558 1975/3767/2995
f 2348/3276/2660 1975/3767/2995 2349/6591/2661
f 2337/6403/4492 2350/1264/1082 2200/5138/2189
f 2200/5138/2189 2187/6590/4558 2337/6403/4492
f 2349/3278/2661 2118/5139/3874 2289/6112/4374
f 2266/6592/4559 2027/4701/3605 2503/6593/4560
f 2101/4700/3604 2503/6593/4560 2027/4701/3605
f 2101/6594/3604 2183/4703/2184 2512/1249/1072
f 2183/2618/2184 2356/2620/2186 2512/1252/1072
f 2543/1261/1080 2196/1262/1081 2350/2622/1082
f 2292/4763/2190 2214/6595/1050 2467/1282/1092
f 2378/5165/3883 2437/5164/3882 2659/6596/4561
f 2659/6596/4561 2578/6597/4562 2378/5165/3883
f 2578/6597/4562 2395/5166/3884 2378/5165/3883
f 2339/6391/1121 2468/6598/4563 2587/1322/1122
f 2462/3831/3033 2472/1977/1647 2250/1976/1646
f 2386/3833/3035 2389/6599/4564 2555/3834/3036
f 2557/6600/3039 2555/3834/3036 2389/6599/4564
f 2557/6600/3039 2389/6599/4564 2225/6601/331
f 2665/3836/3038 2225/382/331 2496/1971/1642
f 2322/1959/1630 2461/457/391 2496/1971/1642
f 2499/6602/1644 2380/1975/1645 2661/4367/3395
f 2372/5496/336 2380/1975/1645 2499/6602/1644
f 2661/4367/3395 2380/1975/1645 2472/1977/1647
f 2674/6603/4565 2595/6604/3363 2385/1965/1636
f 2595/6604/3363 2341/391/340 2385/1965/1636
f 2599/4320/3367 2519/6605/399 2606/6606/4566
f 2599/4320/3367 2336/6607/1632 2519/6605/399
f 2706/6608/3366 2679/6117/4377 2336/1961/1632
f 2706/6608/3366 2336/1961/1632 2599/6609/3367
f 2748/485/414 2455/484/416 2547/3824/418
f 2581/444/383 2466/441/380 2864/4799/3657
f 2587/1322/1122 2468/6598/4563 2966/569/491
f 2636/570/492 2966/569/491 2468/6598/4563
f 2434/6393/4488 2821/1324/1124 2636/570/492
f 3134/6610/4567 2634/3830/390 2642/3829/3032
f 2794/6611/3684 2472/1977/1647 2806/3832/3034
f 2794/6611/3684 2661/4367/3395 2472/1977/1647
f 2555/6612/3036 2791/6613/2683 2771/6614/3037
f 2555/3834/3036 2557/6600/3039 2814/6615/3393
f 2557/3837/3039 2665/3836/3038 2814/4361/3393
f 2773/2004/1669 2665/3836/3038 2461/457/391
f 2539/452/377 2631/451/387 2857/6616/3690
f 2857/4846/3690 2849/6617/4568 2539/438/377
f 2690/3839/3041 2539/438/377 2849/6617/4568
f 2889/6618/3692 2857/6616/3690 2631/451/387
f 2631/450/387 2431/454/388 2889/4851/3692
f 2339/1318/1121 2889/4851/3692 2431/454/388
f 2680/4333/1083 2676/6619/2659 2851/4328/3375
f 2933/1382/1166 2926/4783/3644 3261/5832/4245
f 2926/4783/3644 2933/1382/1166 2681/4786/3647
f 2865/5835/1214 2683/6620/4569 2892/6621/3908
f 2687/4785/3646 2683/6620/4569 2865/5835/1214
f 2918/5833/4246 2926/4783/3644 2687/4785/3646
f 2892/5217/3908 2683/6622/4569 2915/5219/3910
f 2915/6623/3910 2683/6620/4569 3190/6624/4252
f 2925/4784/3645 3190/6624/4252 2683/6620/4569
f 2724/5845/3912 2525/448/385 2931/4801/3659
f 2746/6625/4570 2608/6125/4381 2724/5221/3912
f 2750/6626/2228 2747/6627/4571 2974/6628/4572
f 2974/6629/4572 2643/2672/2229 2750/2671/2228
f 3121/6630/4573 2974/6628/4572 2747/6627/4571
f 3121/6630/4573 2764/6631/4574 2770/6632/4575
f 3121/6630/4573 2770/6632/4575 2974/6628/4572
f 2626/6633/2230 2974/6628/4572 2770/6632/4575
f 2974/6629/4572 2527/6634/2231 2643/2672/2229
f 2974/6635/4572 2626/2673/2230 2527/2675/2231
f 2751/6636/4576 3129/6637/4577 3137/6638/4578
f 2751/6636/4576 3137/6638/4578 2990/553/475
f 3005/6639/4579 2763/6640/4580 2990/553/475
f 2763/6640/4580 2751/6636/4576 2990/553/475
f 3005/6641/4579 2779/6642/4069 2763/6643/4580
f 2978/5532/4070 2765/6644/1095 2780/6645/1098
f 3005/6639/4579 2765/1284/1095 2978/6646/4070
f 2802/4787/3648 2994/4813/3666 2928/6166/4397
f 2910/1321/1123 2966/569/491 3295/3376/2730
f 3201/3343/1203 3183/6647/2725 3256/2076/1732
f 3279/3344/2700 3256/2076/1732 3183/6647/2725
f 3202/3366/2722 3205/3365/2721 3183/6647/2725
f 3275/3345/2701 3205/3365/2721 3360/3367/2723
f 3183/6647/2725 3205/3365/2721 3275/3345/2701
f 3275/3345/2701 3279/3344/2700 3183/6647/2725
f 3362/3371/2726 3356/1431/1207 2993/6648/4581
f 3356/1431/1207 3363/2742/2278 2993/6648/4581
f 3064/1397/1181 2993/6648/4581 3363/2742/2278
f 3215/3372/2727 3362/3371/2726 2993/6648/4581
f 3360/3367/2723 3215/3372/2727 3275/3345/2701
f 3275/3345/2701 3215/3372/2727 3277/1326/1126
f 3215/3372/2727 2993/6648/4581 3078/1327/1127
f 3215/3372/2727 3078/1327/1127 3277/1326/1126
f 3164/3374/2728 3230/6649/4582 3217/3375/2729
f 3230/6649/4582 3232/6650/4583 3217/3375/2729
f 3217/3375/2729 3232/6650/4583 3198/6651/4584
f 3259/6652/4585 3185/6653/4405 3217/3375/2729
f 3198/6651/4584 3259/6652/4585 3217/3375/2729
f 3376/6202/4409 2690/3839/3041 3307/4845/3689
f 2684/3838/3040 2690/3839/3041 3376/6202/4409
f 3326/2765/2291 3182/6654/4586 3184/4831/3678
f 3333/2766/1206 3326/2765/2291 3361/6655/4587
f 3326/2765/2291 3184/4831/3678 3361/6655/4587
f 3184/4831/3678 3200/4830/3677 3361/6655/4587
f 3187/1394/1178 3361/6655/4587 3200/4830/3677
f 3306/6656/3409 3305/1412/1194 3382/625/530
f 3382/625/530 3389/626/531 3306/6656/3409
f 3332/6657/4588 3179/1419/1200 3402/1418/1199
f 3437/6658/505 3414/590/504 3323/538/463
f 3403/1482/1247 3446/5856/3089 3623/1480/1245
f 3553/1458/1230 3491/1459/1231 3380/1456/1228
f 3609/663/561 3438/4394/3415 3552/664/562
f 3438/4394/3415 3493/6659/1218 3552/664/562
f 3642/4871/3707 3500/4870/3706 3502/2111/1764
f 3396/646/546 3532/2146/1795 3660/647/547
f 3676/5893/4276 3649/4429/3434 3494/6660/1219
f 3690/6661/2317 3702/5294/3939 3632/6662/2315
f 3702/5294/3939 3633/6663/3924 3632/6662/2315
f 3712/5293/3940 3633/6663/3924 3702/5294/3939
f 3566/6664/3925 3633/6665/3924 3712/6666/3940
f 3578/5257/3926 3651/6461/4506 3714/6667/4589
f 3714/6668/4589 3651/6463/4506 3728/6465/4507
f 3714/6669/4589 3720/6670/3941 3578/6671/3926
f 3720/6672/3941 3654/6673/3105 3578/6674/3926
f 3714/6675/4589 3728/6676/4507 3720/6677/3941
f 3654/6673/3105 3720/6672/3941 3691/6678/2322
f 3712/5293/3940 3728/6466/4507 3566/5259/3925
f 3812/6679/604 3598/2162/1808 3600/5260/3928
f 3600/5263/3928 3603/5264/3929 3737/6680/3942
f 3737/5297/3942 3603/5265/3929 3634/3966/3106
f 3738/4903/3432 3608/6681/555 3740/5892/4275
f 3740/5892/4275 3675/6682/4590 3743/5901/2348
f 3743/2852/2348 3675/6683/4590 3762/2855/2350
f 3740/5892/4275 3608/6681/555 3675/6682/4590
f 3762/6684/2350 3675/6685/4590 3636/6686/560
f 3636/6686/560 3639/6687/3113 3762/6684/2350
f 3682/6688/3705 3689/6689/3708 3642/6690/3707
f 3682/4869/3705 3642/4871/3707 3835/6691/4591
f 3835/6692/4591 3642/6693/3707 3947/6694/3721
f 3896/6695/4592 3890/2872/2362 3745/4437/3439
f 3896/6695/4592 3745/4437/3439 3682/4869/3705
f 3896/6695/4592 3835/6691/4591 3914/6696/4593
f 3896/6695/4592 3682/4869/3705 3835/6691/4591
f 3914/6697/4593 3835/6698/4591 3924/4905/3720
f 3924/6699/3720 3835/6700/4591 3947/6701/3721
f 3959/3454/2759 3947/5591/3721 3806/5592/4102
f 3806/5592/4102 3810/3453/1286 3959/3454/2759
f 3987/3993/3120 4011/2253/1868 3746/2150/1798
f 3891/2831/2333 3780/2157/1805 3901/2832/2334
f 3998/2866/2358 3875/3424/2340 3791/2163/1809
f 4052/3469/2767 3875/3424/2340 3998/2866/2358
f 3886/2189/1823 4030/5916/4287 3888/2187/1821
f 4128/6702/4594 3915/6703/1827 4068/6704/1826
f 4128/6705/4594 3997/2196/1828 3915/2193/1827
f 4050/6706/3948 3893/2197/1829 3997/2196/1828
f 4085/3461/2763 4070/6491/4513 4153/779/653
f 3952/3437/2751 4070/6491/4513 4085/3461/2763
f 4031/3462/2762 4085/6707/2763 4127/6708/3957
f 4127/6708/3957 4139/3463/2764 4031/3462/2762
f 4094/5914/4285 4149/6709/4595 4174/1610/1351
f 4068/6704/1826 4199/6710/4289 4128/6702/4594
f 4134/6711/4596 4128/6705/4594 4199/5920/4289
f 4134/6711/4596 4155/5617/4115 4050/6706/3948
f 4205/6712/633 4106/6713/634 4207/6714/2383
f 4207/2902/2383 4106/757/634 4151/2905/2386
f 4151/2905/2386 4080/6233/4416 4224/4518/3487
f 4080/6233/4416 4105/6715/4597 4224/4518/3487
f 4224/4518/3487 4105/6715/4597 4228/4519/3488
f 4105/6715/4597 4038/721/605 4228/4519/3488
f 4038/721/605 4169/4505/3477 4228/4519/3488
f 4203/1617/1356 4199/5920/4289 4304/1615/1353
f 4155/5617/4115 4203/1617/1356 4258/1618/1357
f 4161/5321/3952 4229/6245/4421 4197/6716/4598
f 4165/5320/3951 4327/795/669 4216/6246/4422
f 4310/6717/4599 4328/2288/1895 4233/773/647
f 4313/6718/4600 4322/2906/2387 4146/4921/3729
f 4335/4937/3741 4261/4936/3740 4098/2250/1865
f 4406/2283/1890 4213/2897/2378 4362/2284/1891
f 4415/2286/1893 4310/6717/4599 4406/2283/1890
f 4328/2288/1895 4310/6717/4599 4415/2286/1893
f 4322/2906/2387 4313/6718/4600 4420/4962/3757
f 4437/799/673 4326/801/675 4436/6719/4601
f 4436/6720/4601 4326/2282/675 4399/1624/1363
f 4399/1624/1363 4440/6721/3491 4436/6720/4601
f 4456/2294/1900 4428/4052/3165 4416/4935/3739
f 4402/2293/1899 4428/4052/3165 4456/2294/1900
f 4440/4529/3491 4408/1621/1360 4497/6722/4523
f 4469/6723/3492 4497/6724/4523 4408/6725/1360
f 4481/4061/2817 4520/6726/2415 4451/4059/2414
f 4509/4064/3173 4422/4063/3172 4522/6508/2819
f 4422/4063/3172 4430/6249/4424 4522/6508/2819
f 4593/4069/3176 4460/4041/3154 4458/5629/4118
f 4458/5629/4118 4461/5630/4119 4599/6727/4602
f 4613/6728/4603 4606/6729/4604 4467/5631/4120
f 4467/5631/4120 4488/6251/4425 4613/6728/4603
f 4614/6730/4605 4461/5630/4119 4467/5631/4120
f 4614/6730/4605 4599/6727/4602 4461/5630/4119
f 4606/6729/4604 4614/6730/4605 4467/5631/4120
f 4543/6504/4522 4649/6731/4524 4512/6503/4521
f 4772/6732/4606 4658/6512/4525 4649/6511/4524
f 4649/6511/4524 4543/6733/4522 4772/6732/4606
f 4788/6734/4607 4772/6732/4606 4543/6733/4522
f 4793/6735/4608 4788/6736/4607 4543/6737/4522
f 4554/6738/692 4793/6739/4608 4543/6733/4522
f 4837/1666/1405 4797/1667/1406 4533/6740/4609
f 4533/6740/4609 4797/1667/1406 4812/6741/4610
f 4797/1667/1406 4814/6514/4526 4812/6741/4610
f 4765/6515/4527 4812/6741/4610 4814/6514/4526
f 4533/6740/4609 4812/6741/4610 4618/6742/4611
f 4812/6741/4610 4765/6515/4527 4618/6742/4611
f 4837/1666/1405 4533/6740/4609 4855/1668/1407
f 4855/1668/1407 4533/6740/4609 4516/6743/4612
f 4762/4072/3179 4768/4073/3180 4849/5658/4139
f 4662/4070/3177 4490/4074/3181 4768/4073/3180
f 4768/4073/3180 4490/4074/3181 4591/6744/4613
f 4849/5658/4139 4768/4073/3180 4869/5659/4140
f 4591/6744/4613 4869/5659/4140 4768/4073/3180
f 4883/5657/4138 4869/5659/4140 4847/5672/4153
f 4869/5659/4140 4591/6744/4613 4598/6745/4614
f 4847/5672/4153 4869/5659/4140 4598/6745/4614
f 4847/5672/4153 4598/6745/4614 4605/6746/4615
f 4847/5672/4153 4605/6746/4615 4877/5957/4302
f 4877/5957/4302 4605/6746/4615 4594/5959/3175
f 4700/3527/2816 4679/2325/1925 4689/2327/1927
f 4706/5961/4305 4904/6747/4616 4945/5964/4308
f 4926/6748/4617 4945/5964/4308 4904/6747/4616
f 4945/5964/4308 4926/6748/4617 4950/5965/4309
f 4706/5961/4305 4945/5964/4308 4717/5962/4306
f 4929/6749/4618 4724/6269/4435 4727/6750/4619
f 4727/6750/4619 4724/6269/4435 4740/6751/4620
f 4727/6750/4619 4926/6748/4617 4929/6749/4618
f 4727/6750/4619 4950/5965/4309 4926/6748/4617
f 4727/6750/4619 4740/6751/4620 4736/6752/4621
f 4721/6753/4622 4740/6751/4620 4730/5966/4310
f 4721/6753/4622 4730/5966/4310 4712/5967/4311
f 4740/6751/4620 4721/6753/4622 4736/6752/4621
f 2/2349/1947 29/912/773 40/911/772
f 59/5371/3986 40/911/772 88/3577/2859
f 40/911/772 59/5371/3986 2/2349/1947
f 4/3542/2828 2/2349/1947 59/5371/3986
f 327/4174/1469 3/6754/2827 26/6755/2826
f 111/4173/3258 327/4174/1469 26/6755/2826
f 36/3543/2829 118/4112/3214 26/3540/2826
f 111/6756/3258 26/6757/2826 118/6758/3214
f 36/3543/2829 134/4113/3215 118/4112/3214
f 134/4113/3215 36/3543/2829 252/5370/3985
f 134/4113/3215 252/5370/3985 150/4115/3217
f 252/5370/3985 165/4120/3222 150/4115/3217
f 154/4118/3220 165/4120/3222 252/5370/3985
f 102/4123/3225 165/4120/3222 197/4121/3223
f 164/1732/1461 169/1729/1459 258/4108/3210
f 258/4108/3210 263/4109/3211 268/6759/4623
f 164/1732/1461 258/4108/3210 13/6760/4624
f 266/4564/3521 164/1732/1461 13/6760/4624
f 13/6760/4624 272/4565/3522 266/4564/3521
f 13/6760/4624 258/4108/3210 268/6759/4623
f 273/2388/1986 13/6760/4624 268/6759/4623
f 160/2382/1980 194/2384/1982 263/4109/3211
f 268/6759/4623 263/4109/3211 194/2384/1982
f 206/6761/4625 268/6759/4623 194/2384/1982
f 274/6762/4626 268/6759/4623 206/6761/4625
f 273/2388/1986 268/6759/4623 274/6762/4626
f 180/2387/1985 206/6761/4625 211/2390/1988
f 274/6762/4626 206/6761/4625 180/2387/1985
f 207/1741/1468 272/4565/3522 260/6278/4444
f 272/4565/3522 13/6760/4624 273/2388/1986
f 256/884/747 260/6278/4444 213/937/798
f 213/937/798 181/935/796 256/884/747
f 260/6278/4444 272/4565/3522 273/2388/1986
f 180/2387/1985 273/2388/1986 274/6762/4626
f 213/937/798 260/6278/4444 273/2388/1986
f 501/4580/3537 483/4579/3536 493/6286/4451
f 512/3011/2477 568/4578/3535 501/4580/3537
f 510/3010/2476 568/4578/3535 512/3011/2477
f 501/4580/3537 319/3573/2855 512/3011/2477
f 493/6286/4451 179/4573/3530 219/6283/4448
f 493/6286/4451 219/6283/4448 525/6285/4450
f 540/5694/4165 493/6286/4451 525/6285/4450
f 540/5694/4165 525/6285/4450 497/19/19
f 493/6286/4451 540/5694/4165 501/4580/3537
f 319/3573/2855 501/4580/3537 540/5694/4165
f 525/6285/4450 138/4/4 153/11/11
f 298/6763/16 148/6279/13 343/169/145
f 247/8/8 148/13/13 298/16/16
f 298/16/16 126/10/10 247/8/8
f 298/6763/16 311/170/146 77/6764/14
f 497/19/19 525/6285/4450 153/11/11
f 560/6765/4627 849/964/823 848/6766/4628
f 853/118/112 849/964/823 559/4581/3538
f 432/6767/114 853/6768/112 559/6769/3538
f 559/4581/3538 849/964/823 560/6765/4627
f 431/6770/4629 428/6771/4630 557/6772/4631
f 431/6770/4629 557/6772/4631 558/6773/4632
f 418/3034/2500 431/6770/4629 558/6773/4632
f 418/3034/2500 560/6765/4627 431/6770/4629
f 559/4581/3538 560/6765/4627 453/4584/3540
f 560/6774/4627 473/6775/4351 453/6776/3540
f 561/6777/4633 447/2418/2015 452/6778/4634
f 452/6778/4634 476/6779/4635 561/6777/4633
f 476/6779/4635 452/6778/4634 477/6780/4636
f 479/6781/4637 476/6779/4635 564/6782/4328
f 558/6773/4632 557/6772/4631 475/6783/4638
f 558/6773/4632 475/6783/4638 425/6784/2507
f 564/6782/4328 476/6779/4635 477/6780/4636
f 478/6785/4639 564/6782/4328 477/6780/4636
f 564/6782/4328 451/6786/106 479/6781/4637
f 449/6787/107 564/6782/4328 478/6785/4639
f 578/6313/4459 683/6788/4456 694/6303/4457
f 694/6303/4457 666/5708/4179 578/6313/4459
f 605/6314/4460 578/6313/4459 666/5708/4179
f 1055/6315/4461 613/6294/4454 660/6789/4640
f 630/6300/4458 666/5708/4179 694/6303/4457
f 684/6790/4464 580/6791/4463 280/6792/4641
f 684/6318/4464 280/6793/4641 283/6794/4642
f 283/6794/4642 671/6292/4453 684/6318/4464
f 671/6292/4453 283/6794/4642 830/6795/4643
f 793/6796/4644 660/6789/4640 613/6294/4454
f 671/6292/4453 830/6795/4643 793/6796/4644
f 660/6789/4640 793/6796/4644 830/6795/4643
f 660/6789/4640 830/6795/4643 617/6797/4645
f 830/6795/4643 283/6794/4642 836/6798/4646
f 284/6799/4647 777/4134/3235 283/6794/4642
f 777/4134/3235 284/6799/4647 775/6800/4648
f 836/6798/4646 283/6794/4642 777/4134/3235
f 617/6797/4645 830/6795/4643 778/4133/3234
f 830/6795/4643 836/6798/4646 778/4133/3234
f 1151/201/177 1257/4609/3553 594/941/802
f 594/941/802 628/202/178 1151/201/177
f 633/6004/883 953/6001/4330 1150/6801/4649
f 988/6802/4650 794/6007/4334 1068/6803/4651
f 1068/6803/4651 794/6007/4334 665/6008/4335
f 1075/6804/4652 1068/6803/4651 665/6008/4335
f 1109/2435/2032 988/6802/4650 1068/6803/4651
f 1068/6803/4651 1061/5040/3814 1109/2435/2032
f 1061/5040/3814 1068/6803/4651 918/6805/4653
f 1068/6803/4651 1075/6804/4652 918/6805/4653
f 1075/6804/4652 665/6008/4335 693/6010/4337
f 1075/6804/4652 1060/986/845 918/6805/4653
f 997/5073/3834 435/55/50 688/1756/1480
f 997/5073/3834 442/6534/2004 435/55/50
f 703/2404/2002 375/6806/2003 460/2402/2000
f 1014/6038/4350 473/6039/4351 720/6035/2502
f 425/6784/2507 860/6033/4347 1041/6032/2505
f 976/1768/1492 877/1769/1493 1241/1778/1502
f 1241/1778/1502 877/1769/1493 1247/3664/2925
f 1249/1779/1503 917/1777/1501 1241/1778/1502
f 1247/3664/2925 1249/1779/1503 1241/1778/1502
f 1255/6807/4654 1249/1779/1503 1247/3664/2925
f 1255/6807/4654 1247/3664/2925 1243/3667/2928
f 911/6808/4655 899/6554/4544 882/1780/1504
f 916/6809/4656 1249/1779/1503 1255/6807/4654
f 916/6809/4656 882/1780/1504 1249/1779/1503
f 911/6808/4655 882/1780/1504 916/6809/4656
f 927/6810/4657 1067/6555/4545 911/6808/4655
f 916/6809/4656 927/6810/4657 911/6808/4655
f 916/6809/4656 1255/6807/4654 1243/3667/2928
f 1254/4637/3566 927/6810/4657 916/6809/4656
f 927/6810/4657 1240/3641/2916 938/3637/2912
f 958/3638/2913 938/3637/2912 1240/3641/2916
f 1240/3641/2916 927/6810/4657 1254/4637/3566
f 1254/4637/3566 916/6809/4656 1243/3667/2928
f 1243/3667/2928 1252/4636/3565 1254/4637/3566
f 1154/1027/878 965/5718/2933 922/1028/879
f 1261/5721/4189 865/154/134 1003/153/133
f 1261/5721/4189 1141/6811/4658 865/154/134
f 1143/2464/2058 1141/6811/4658 1284/6812/4659
f 1298/6813/4201 1146/5428/4016 1259/210/186
f 1212/3670/2931 1010/3669/2930 1365/5064/3828
f 1259/210/186 1258/209/185 1333/3717/2965
f 1258/209/185 1160/211/187 1397/6814/2968
f 1160/6815/187 1172/6816/3277 1397/6817/2968
f 1408/4199/3278 1184/4200/3279 952/139/125
f 952/139/125 960/6818/127 1408/4199/3278
f 1312/212/188 1408/5088/3278 960/146/127
f 1354/3087/2537 1036/3086/2536 1221/1040/889
f 1315/277/249 1015/1038/887 1417/1037/886
f 1183/3659/2085 1195/3662/2087 1548/6819/2086
f 936/4166/70 1335/216/192 1425/2497/2088
f 1423/5462/4042 1365/5064/3828 1384/5065/2948
f 1225/5070/3831 1004/5069/3830 1442/6820/4041
f 1388/6821/4660 1442/6822/4041 1004/5424/3830
f 1212/3670/2931 1365/5064/3828 1423/5462/4042
f 1308/3694/2945 1371/4196/896 1505/4214/3288
f 1269/5447/4031 1508/296/234 1348/5446/4030
f 1455/3141/2574 1330/5722/4190 1544/4671/931
f 1544/1085/931 1330/6823/4190 1394/1086/932
f 1399/1074/922 1261/5721/4189 1555/1075/923
f 1455/3141/2574 1555/1075/923 1261/5721/4189
f 1659/1078/926 1144/5728/4194 1289/6824/4661
f 1659/1078/926 1361/5731/4196 1144/5728/4194
f 1659/1078/926 1586/6090/4367 1361/5731/4196
f 1289/6824/4661 1593/1079/927 1659/1078/926
f 1593/1081/927 1392/5738/3281 1598/1083/929
f 1598/6091/929 1392/4202/3281 1461/4201/3280
f 1675/6092/4368 1599/5740/930 1361/5731/4196
f 1675/6092/4368 1361/5731/4196 1586/6090/4367
f 1403/1087/933 1284/6812/4659 1399/1074/922
f 1426/6825/908 1272/6826/910 1627/6827/4037
f 1571/291/261 1375/2489/2080 1653/293/263
f 1375/6828/2080 1442/5460/4041 1653/4678/263
f 1452/252/226 1571/291/261 1640/290/260
f 1670/4682/3593 1591/6071/4364 1512/5113/3858
f 1653/4678/263 1442/5460/4041 1800/4679/3590
f 1442/5460/4041 1388/6829/4660 1672/5461/3591
f 1674/5463/4043 1672/4680/3591 1388/6821/4660
f 1423/5462/4042 1591/6071/4364 1670/4682/3593
f 1683/6830/4662 1558/3711/2961 1547/3712/2962
f 1773/5132/992 1700/5120/3863 1368/2475/2066
f 1601/5097/3846 1368/2475/2066 1700/5120/3863
f 1502/5098/3847 1601/5097/3846 1705/5121/3864
f 1549/2476/2068 1502/5098/3847 1705/5121/3864
f 1705/5121/3864 1496/6831/3867 1549/2476/2068
f 1666/1093/939 1511/1092/938 1710/1095/941
f 1719/1902/1587 1710/1095/941 1520/1094/940
f 1727/1903/1588 1719/1902/1587 1522/6832/2964
f 1719/6833/1587 1520/3714/940 1522/3716/2964
f 1512/6080/3858 1440/6079/3848 1713/6834/3860
f 1713/5116/3860 1602/1100/944 1724/1102/942
f 1440/5099/3848 1602/1100/944 1713/5116/3860
f 1727/1903/1588 1522/6832/2964 1448/6835/4663
f 1764/1148/990 1547/3712/2962 1750/5757/4208
f 1683/6830/4662 1547/3712/2962 1764/1148/990
f 1559/6836/3845 1558/3711/2961 1683/6830/4662
f 1559/5096/3845 1773/1150/992 1368/2472/2066
f 1705/5121/3864 1601/5097/3846 1776/5119/3862
f 1613/3751/2986 1563/4661/2111 1744/3752/2987
f 1426/1059/908 1779/6837/4664 1883/1111/953
f 1779/6837/4664 1627/5454/4037 1832/6838/4665
f 1426/6825/908 1627/6827/4037 1779/6839/4664
f 1813/1185/1018 1677/3140/2573 1889/1187/1020
f 1813/1185/1018 1738/1194/1027 1736/6840/4666
f 1823/1193/1026 1898/1189/1022 1454/1850/1552
f 1756/1188/1021 1604/1851/1553 1898/1189/1022
f 1604/1851/1553 1454/1850/1552 1898/1189/1022
f 1823/1193/1026 1676/6841/4667 1738/1194/1027
f 1836/1927/1607 1637/6842/4668 1830/1925/1605
f 1780/6843/4482 1836/1927/1607 1913/6844/4669
f 1913/6844/4669 1918/6845/3608 1780/6843/4482
f 1870/6580/4554 1780/6843/4482 1918/6845/3608
f 1872/6846/4670 1870/6580/4554 1939/6579/4553
f 1708/6581/3299 1872/6847/4670 1939/6582/4553
f 1698/4228/3297 1625/332/291 2041/331/290
f 1795/3147/2578 1848/3149/2129 1995/334/293
f 1995/334/293 1998/336/295 1795/3147/2578
f 1745/3152/2579 1795/3151/2578 1998/337/295
f 1925/339/297 1745/3152/2579 1998/337/295
f 2203/5160/3880 1893/1146/988 2034/1144/986
f 1764/1148/990 1977/5159/3879 2132/5161/3881
f 2132/5161/3881 2147/1149/991 1764/1148/990
f 2032/5162/3871 1773/1150/992 2147/1152/991
f 1923/5486/4051 2044/5765/4212 2185/1231/344
f 1944/5468/984 2075/385/334 2154/6848/1629
f 2167/5469/4045 2006/5470/4046 2233/5498/4057
f 2233/5498/4057 2250/1976/1646 2167/5469/4045
f 2227/6849/3639 2027/4701/3605 2266/6592/4559
f 2135/4705/3606 2094/3819/3023 2442/3245/2640
f 2243/3246/2641 2135/4705/3606 2442/3245/2640
f 1918/4707/3608 2130/4709/3610 2316/3250/2645
f 2079/6850/4671 1918/6845/3608 2316/3252/2645
f 2316/3252/2645 2318/3251/2646 2079/6850/4671
f 2152/4710/3611 2079/6850/4671 2318/3251/2646
f 2232/1216/1046 2152/4710/3611 2318/3251/2646
f 2391/425/368 2397/427/370 1927/1932/1610
f 1927/6851/1610 2226/6852/319 2391/6853/368
f 2024/5169/1613 2017/373/322 2230/375/324
f 2022/378/327 2024/1936/1613 2419/2660/2217
f 2438/1253/1075 2078/2621/2187 2444/1255/1076
f 2278/1260/1078 2444/1255/1076 2078/2621/2187
f 2438/1253/1075 2356/2620/2186 2078/2621/2187
f 2421/4764/1056 2175/6854/1055 2292/4763/2190
f 2344/3227/2623 2365/3229/2625 2279/3206/2610
f 2297/6855/4672 2294/4719/3616 2454/3826/3030
f 2454/4313/3030 2457/4315/1656 2297/6856/4672
f 2326/6857/3626 2297/6855/4672 2457/1988/1656
f 2394/4303/3355 2384/6858/3634 2294/6859/3616
f 2396/6860/4673 2384/6858/3634 2394/4303/3355
f 2396/6860/4673 2394/4303/3355 2460/4302/3354
f 2401/4722/3357 2231/4721/3618 2460/6861/3354
f 2256/4724/3617 2320/4726/3621 2469/4737/3356
f 2469/4737/3356 2394/6862/3355 2256/4724/3617
f 2403/6863/3623 2326/6857/3626 2482/532/457
f 2404/1990/1658 2403/6863/3623 2482/532/457
f 2457/1988/1656 2482/532/457 2326/6857/3626
f 2408/1989/1657 2331/6864/3629 2404/1990/1658
f 2434/6393/4488 2636/570/492 2210/4268/3329
f 2434/6393/4488 2304/4294/3346 2821/1324/1124
f 2619/2034/1696 2241/4297/3349 2577/2689/2240
f 2241/4297/3349 2353/2691/2242 2577/2689/2240
f 2447/1981/1650 2443/2669/2226 2068/3234/2630
f 2638/6865/2249 2355/5163/2214 2524/6866/2213
f 2298/6867/4674 2355/5163/2214 2638/6865/2249
f 2736/6868/2248 2298/6867/4674 2638/6865/2249
f 2437/5164/3882 2298/6869/4674 2736/6870/2248
f 2736/6870/2248 2658/6871/2247 2437/5164/3882
f 2659/6596/4561 2437/5164/3882 2658/6871/2247
f 2578/6872/4562 2659/6873/4561 2762/2709/2253
f 2664/478/410 2395/5166/3884 2578/6597/4562
f 2367/480/412 2395/5166/3884 2664/478/410
f 2986/6874/2678 2451/5502/4058 2920/4339/3381
f 2451/5502/4058 2603/4340/3382 2920/4339/3381
f 2610/4346/3383 2386/4280/3035 2771/4344/3037
f 2804/6875/3389 2522/5506/4059 2799/6876/3386
f 2637/6877/4675 2522/5506/4059 2804/6875/3389
f 2640/4350/3387 2595/4316/3363 2697/4317/3364
f 2799/6876/3386 2522/5506/4059 2640/5508/3387
f 2548/5180/3888 2637/6878/4675 2804/4355/3389
f 2602/4354/3390 2548/5180/3888 2804/4355/3389
f 2798/6128/4384 2398/4284/3340 2667/6879/1147
f 2812/6880/426 2574/6129/4385 2798/6131/4384
f 2822/1337/1137 3058/1331/1131 2651/6132/4386
f 2823/1330/1130 2651/6132/4386 3058/1331/1131
f 2825/6881/1135 2552/6139/4387 2823/6882/1130
f 3059/1346/1140 2822/6135/1137 2562/1347/1144
f 2829/1344/1141 2645/6883/4232 2808/6884/1139
f 2412/4286/2244 2645/6883/4232 2829/1344/1141
f 2796/1343/1142 2412/4286/2244 2829/1344/1141
f 2796/1351/1142 2563/1350/1143 2486/2693/2243
f 2656/6137/1150 2552/6139/4387 2825/6881/1135
f 2711/6885/1665 2609/6886/1664 2859/2002/1666
f 2722/2003/1668 2859/2002/1666 2870/6887/4676
f 2902/6888/4677 2480/5786/4222 2568/6119/4379
f 2906/6889/4678 2902/6888/4677 2568/6119/4379
f 2568/6119/4379 2647/6890/4389 2906/6889/4678
f 2906/6891/4678 2647/6142/4389 3229/2014/1676
f 2902/6888/4677 2494/6892/4223 2480/5786/4222
f 2902/6893/4677 2674/6603/4565 2494/5788/4223
f 2595/4316/3363 2674/6894/4565 2943/2016/1678
f 2870/6887/4676 3086/4318/3365 2854/2716/2258
f 2706/4319/3366 3086/4318/3365 2870/6887/4676
f 3086/4318/3365 2704/4321/3368 3098/4325/3372
f 2870/6887/4676 2854/2716/2258 2722/2003/1668
f 2958/5551/4083 3043/4820/3672 3057/6895/4679
f 2977/5548/4080 2958/5551/4083 3057/6895/4679
f 2968/6896/2718 2731/4815/3668 2749/4811/3665
f 2731/4815/3668 2968/6896/2718 3123/6897/4680
f 3110/4806/3664 2731/4815/3668 3119/4816/3669
f 3119/4816/3669 2731/4815/3668 3123/6897/4680
f 2973/6898/4681 3119/4816/3669 3123/6897/4680
f 3119/4816/3669 2973/6898/4681 2977/5548/4080
f 3057/6895/4679 3119/4816/3669 2977/5548/4080
f 2617/5517/4064 2774/5519/3651 2940/6899/4076
f 3079/1400/1184 3044/6900/4682 3131/1328/1128
f 3044/6901/4682 2813/6902/394 3131/6903/1128
f 3048/6904/2708 2792/1272/1088 2570/1271/1089
f 3044/6901/4682 2410/6905/392 2813/6902/394
f 3045/6906/1700 2410/6907/392 3044/6900/4682
f 3045/2039/1700 2588/498/423 2411/500/425
f 3045/6908/1700 2411/1234/425 2410/458/392
f 2570/1271/1089 2585/6400/427 3048/6904/2708
f 3052/3355/2711 3048/3352/2708 2585/6909/427
f 2812/501/426 3052/6910/2711 2585/502/427
f 2855/5811/4233 2600/5810/3640 2866/5812/4235
f 3321/6911/3914 3190/6624/4252 2925/4784/3645
f 3203/5220/3911 2746/6625/4570 2724/5221/3912
f 3203/5848/3911 2618/4802/3660 2746/6912/4570
f 3211/6913/4683 2618/4802/3660 3203/5848/3911
f 3211/6914/4683 3151/6915/4402 2618/6916/3660
f 3245/4829/3676 3338/3905/3084 2955/6917/4684
f 3338/3905/3084 3180/3908/1189 2955/6917/4684
f 3245/4829/3676 2955/6917/4684 2987/6440/4498
f 3204/1410/1191 2955/6917/4684 3180/3908/1189
f 3204/1410/1191 3009/6918/4685 2955/6917/4684
f 3009/6918/4685 3204/1410/1191 3125/6442/4500
f 3204/1410/1191 3223/1409/1193 3011/6443/4501
f 3312/4369/3396 3311/5854/4258 2677/4370/446
f 3381/4388/3411 3312/6919/3396 2862/566/488
f 3306/6920/3409 3319/6921/3410 3177/2086/1742
f 3177/2086/1742 3319/6921/3410 3193/2087/1743
f 3193/2087/1743 3319/6921/3410 3310/2089/1745
f 3162/6922/2712 3329/4856/2714 3368/2772/2296
f 2954/3360/2716 3162/6922/2712 3368/2772/2296
f 3446/5856/3089 3403/1482/1247 3302/6923/3088
f 3380/6924/1228 3374/6925/4686 3462/6926/1229
f 3462/6926/1229 3374/6925/4686 3403/1482/1247
f 3380/1456/1228 3491/1459/1231 3329/4856/2714
f 3332/6657/4588 3402/1418/1199 3529/1471/1238
f 3349/6927/4687 3532/6928/1795 3411/6929/4688
f 3441/4408/3426 3436/5230/3915 3288/5229/2279
f 3441/4408/3426 3378/5232/1761 3500/4870/3706
f 3582/6930/4509 3449/5563/3919 3440/5561/4087
f 3590/2148/1796 3516/6479/4510 3334/571/493
f 3590/2148/1796 3334/571/493 3456/5564/4088
f 3669/2149/1797 3590/2148/1796 3463/4395/3416
f 3590/2148/1796 3456/5564/4088 3463/4395/3416
f 3669/2149/1797 3463/4395/3416 3692/2152/1800
f 3612/2117/1769 3676/5893/4276 3494/6660/1219
f 3499/6931/4689 3376/6202/4409 3679/6204/4411
f 3693/6932/4690 3455/5863/4261 3373/6933/4691
f 3693/6932/4690 3637/6934/4412 3455/5863/4261
f 3693/6932/4690 3802/1516/1277 3637/6934/4412
f 3799/6935/1274 3593/5865/4262 3637/6209/4412
f 3652/2791/2307 3593/6211/4262 3685/3397/2736
f 3659/6213/4413 3433/5234/3917 3752/5888/4273
f 3650/2825/2327 3594/2827/2329 3873/2826/2328
f 3768/2830/2332 3814/2829/2331 3664/2828/2330
f 3846/4914/3726 3697/6472/4508 3925/2251/1866
f 3746/2150/1798 3759/2151/1799 3987/3993/3120
f 3873/3456/2328 3664/6936/2330 3953/3457/2761
f 3664/2828/2330 3814/2829/2331 3953/3459/2761
f 3972/2238/1853 3969/6937/1843 3829/6938/4692
f 3972/2238/1853 3752/6939/4273 3863/6940/4272
f 3863/5889/4272 3688/5891/4274 3973/4911/1863
f 3840/4430/2353 3758/5894/4277 4037/6941/2376
f 4009/4011/3129 4037/6941/2376 3758/5894/4277
f 4009/4011/3129 3758/5894/4277 3905/6942/4693
f 3890/2872/2362 3896/6695/4592 4064/2871/2361
f 3896/6695/4592 3914/6696/4593 4064/2871/2361
f 4080/6233/4416 4064/2871/2361 3914/6696/4593
f 4080/6943/4416 3914/6697/4593 3924/4905/3720
f 3979/4904/3719 4080/6943/4416 3924/4905/3720
f 4036/3474/2770 4041/3473/2769 4152/6944/3134
f 4152/6944/3134 4039/3478/2774 4036/3474/2770
f 4112/732/614 4113/734/616 4160/4922/3730
f 4146/6945/3729 3973/4911/1863 4154/6946/1862
f 4098/2250/1865 4107/2249/1864 4230/3493/2783
f 4107/2249/1864 4129/2252/1867 4230/3493/2783
f 4230/3493/2783 4129/2252/1867 4245/3494/2784
f 4095/3994/3121 4245/3494/2784 4129/2252/1867
f 4224/4518/3487 4264/2904/2385 4151/2905/2386
f 4277/4510/3481 4112/732/614 4160/4922/3730
f 4314/1590/1331 4270/1592/1333 4262/1589/1330
f 4269/1627/1366 4164/4032/3145 4274/1628/1367
f 4301/6499/4517 4168/6493/4515 4337/6247/4423
f 4168/6493/4515 4101/4002/3123 4253/783/657
f 4253/783/657 4337/6247/4423 4168/6493/4515
f 4442/4534/3493 4274/1628/1367 4337/6247/4423
f 4480/820/690 4442/4534/3493 4337/6247/4423
f 4349/786/660 4470/791/665 4457/824/694
f 4530/1655/1394 4774/1660/1399 4759/1657/1396
f 4759/1657/1396 4774/1660/1399 4677/2345/1943
f 4759/1657/1396 4798/3513/2802 4571/1670/1409
f 4798/3513/2802 4759/1657/1396 4801/6947/4694
f 4801/6947/4694 4759/1657/1396 4677/2345/1943
f 4709/2344/1942 4636/2343/1941 4798/3513/2802
f 4798/3513/2802 4801/6947/4694 4709/2344/1942
f 4663/1671/1410 4677/2345/1943 4774/1660/1399
f 4677/2345/1943 4709/2344/1942 4801/6947/4694
f 4815/1659/1398 4820/1669/1408 4774/1660/1399
f 4663/1671/1410 4774/1660/1399 4820/1669/1408
f 4855/1668/1407 4647/6948/4695 4820/1669/1408
f 4663/1671/1410 4820/1669/1408 4738/1672/1411
f 4820/1669/1408 4647/6948/4695 4738/1672/1411
f 4738/1672/1411 4647/6948/4695 4742/1675/1414
f 4742/1675/1414 4647/6948/4695 4833/1677/1416
f 4508/3506/2795 4754/5353/3974 4635/4541/3500
f 4508/3506/2795 4799/6255/4427 4754/5353/3974
f 4508/3506/2795 4506/6949/4696 4799/6255/4427
f 4508/3506/2795 4558/3505/2794 4506/6949/4696
f 4529/6950/4697 4506/6949/4696 4558/3505/2794
f 4950/5965/4309 4727/6750/4619 4856/5963/4307
f 4727/6750/4619 4736/6752/4621 4867/6951/4698
f 4867/6951/4698 4856/5963/4307 4727/6750/4619
f 4736/6752/4621 4712/5967/4311 4871/6952/4699
f 4721/6753/4622 4712/5967/4311 4736/6752/4621
f 4736/6752/4621 4871/6952/4699 4878/6953/4700
f 4878/6953/4700 4867/6951/4698 4736/6752/4621
f 4587/2950/2426 4859/2332/1931 4577/2948/2424
f 4581/2949/2425 4717/5962/4306 4856/5963/4307
f 4581/2949/2425 4856/5963/4307 4603/2952/2428
f 4887/2953/2429 4846/6954/4701 4587/2950/2426
f 4859/2332/1931 4587/2950/2426 4846/6954/4701
f 4859/2332/1931 4846/6954/4701 4843/2333/1932
f 4867/6951/4698 4603/2952/2428 4856/5963/4307
f 4867/6951/4698 4878/6953/4700 4600/6955/4702
f 4685/6956/4703 4767/830/696 4661/829/699
f 4897/864/729 4641/863/728 4796/5632/4121
f 4796/5632/4121 4670/5972/4316 4897/864/729
f 100/6282/4447 235/6284/4449 125/6281/4446
f 95/4571/3528 245/6957/4704 100/6282/4447
f 125/6281/4446 235/6284/4449 179/4573/3530
f 100/6282/4447 245/6957/4704 120/4985/3772
f 120/4985/3772 496/4988/3774 100/6282/4447
f 235/6284/4449 100/6282/4447 496/4988/3774
f 496/4988/3774 246/5/5 235/6284/4449
f 496/4988/3774 489/6/6 246/5/5
f 219/6283/4448 235/6284/4449 246/5/5
f 219/6283/4448 246/5/5 138/4/4
f 287/3590/2872 318/3595/2877 781/3587/2869
f 320/3030/2496 286/5404/4000 304/3028/2494
f 555/924/785 83/2368/1966 320/3030/2496
f 67/6958/4317 320/3030/2496 83/2368/1966
f 286/5404/4000 318/3595/2877 287/3590/2872
f 318/3595/2877 286/5404/4000 320/3030/2496
f 318/3595/2877 320/3030/2496 67/6958/4317
f 318/3595/2877 67/6958/4317 98/6523/4532
f 370/3596/2878 520/2365/1963 305/3598/2880
f 809/3592/2874 318/3595/2877 98/6523/4532
f 370/6959/2878 809/6960/2874 104/6961/4533
f 104/6524/4533 809/3592/2874 98/6523/4532
f 520/2365/1963 370/3596/2878 104/6524/4533
f 520/2365/1963 104/6524/4533 70/2361/1959
f 520/2365/1963 509/2366/1964 305/3598/2880
f 490/914/775 337/41/39 356/40/38
f 356/40/38 317/6000/4329 296/916/777
f 296/916/777 490/914/775 356/40/38
f 418/3034/2500 558/6773/4632 193/6962/4705
f 193/6962/4705 558/6773/4632 425/6784/2507
f 418/3034/2500 193/6962/4705 723/3035/2501
f 723/3035/2501 193/6962/4705 422/6963/2504
f 426/6964/2506 193/6962/4705 425/6784/2507
f 422/6963/2504 193/6962/4705 426/6964/2506
f 191/5001/3786 548/5000/3785 212/5378/3989
f 406/6965/2511 212/5378/3989 548/5000/3785
f 466/3052/2513 212/6966/3989 406/3050/2511
f 466/6967/2513 217/5377/3988 212/5378/3989
f 423/6045/4354 205/6968/3783 217/6969/3988
f 472/6043/4353 423/6045/4354 217/6969/3988
f 466/6042/2513 472/6043/4353 217/6969/3988
f 599/5410/3272 615/6549/4541 597/5411/4004
f 626/5414/4005 597/5411/4004 615/6549/4541
f 632/2444/2040 640/2442/2039 1228/2452/2044
f 653/2447/2043 1228/2452/2044 640/2442/2039
f 967/4191/3274 118/6970/3214 332/6971/3216
f 711/5700/4171 213/937/798 567/2389/1987
f 711/5700/4171 567/2389/1987 817/6972/4706
f 817/6972/4706 387/931/792 818/5698/4169
f 726/4179/3263 711/5700/4171 838/4180/3264
f 842/6973/4707 817/6972/4706 818/5698/4169
f 711/5700/4171 817/6972/4706 842/6973/4707
f 390/933/794 846/2414/2011 818/5698/4169
f 842/6973/4707 818/5698/4169 846/2414/2011
f 846/2414/2011 852/958/817 842/6973/4707
f 838/4180/3264 711/5700/4171 842/6973/4707
f 707/960/819 838/4180/3264 842/6973/4707
f 769/4181/3265 838/4180/3264 707/960/819
f 842/6973/4707 852/958/817 707/960/819
f 739/189/165 767/4183/3267 402/4142/3241
f 402/4142/3241 767/4183/3267 393/963/822
f 827/961/820 769/4181/3265 707/960/819
f 1056/6316/4462 1055/6315/4461 660/6789/4640
f 1056/6316/4462 660/6789/4640 591/6974/4708
f 666/5708/4179 1056/6316/4462 591/6974/4708
f 591/6974/4708 604/6975/4709 666/5708/4179
f 869/5707/4178 666/5708/4179 604/6975/4709
f 591/6974/4708 660/6789/4640 617/6797/4645
f 1062/6976/4710 604/6975/4709 591/6974/4708
f 1062/6976/4710 591/6974/4708 617/6797/4645
f 1062/6976/4710 617/6797/4645 778/4133/3234
f 778/4133/3234 641/4136/3237 1062/6976/4710
f 604/6975/4709 1062/6976/4710 1090/6977/4711
f 866/6978/4712 604/6975/4709 1090/6977/4711
f 869/5707/4178 604/6975/4709 866/6978/4712
f 870/6979/122 1146/6980/4016 1123/5702/4173
f 634/2396/1994 870/6979/122 1123/5702/4173
f 611/64/60 870/6979/122 634/2396/1994
f 1123/5702/4173 1051/5701/4172 634/2396/1994
f 657/2397/1995 634/2396/1994 1051/5701/4172
f 1052/5703/4174 1123/5702/4173 605/6314/4460
f 1259/210/186 870/133/122 891/129/120
f 868/131/121 625/132/62 1160/211/187
f 1160/6815/187 625/135/62 941/134/123
f 1172/6816/3277 1160/6815/187 941/134/123
f 1184/4200/3279 964/140/126 952/139/125
f 1184/4200/3279 1172/4198/3277 941/6981/123
f 941/137/123 964/144/126 1184/6982/3279
f 1197/6983/130 996/150/131 1191/6323/189
f 1191/6323/189 996/150/131 907/2424/2021
f 1014/6038/4350 727/3044/2503 1370/1832/1542
f 1023/1025/876 473/6039/4351 1014/6038/4350
f 741/3046/2509 1041/3040/2505 1318/228/204
f 1318/228/204 1319/227/203 741/3046/2509
f 1048/6037/4349 741/3047/2509 1319/1835/203
f 724/6044/100 1050/6046/4355 1325/6346/4473
f 1325/6561/4473 429/107/101 724/106/100
f 1325/6561/4473 1235/6054/4358 429/107/101
f 1022/6562/4548 439/5996/4327 1235/6984/4358
f 1176/224/200 1179/5716/4186 1345/226/202
f 1179/5716/4186 1210/5717/4187 1345/226/202
f 1345/226/202 1210/5717/4187 1523/5733/224
f 995/2450/2045 1173/4642/3570 1210/5717/4187
f 1377/3713/2963 1306/3696/2947 1028/3643/2918
f 1384/6985/2948 1031/6986/2919 1385/6987/4365
f 1385/6988/4365 1031/3645/2919 1321/3698/2949
f 730/3646/116 1306/3696/2947 1386/1101/943
f 1386/1101/943 1321/3698/2949 730/3646/116
f 1028/3648/2918 1237/6989/2950 1377/3715/2963
f 1224/1026/877 1023/1025/876 1510/6345/2094
f 1473/3704/2954 982/3093/2541 1422/3705/2955
f 1545/3116/2558 1267/3115/2557 1266/3673/1519
f 1475/3117/2559 1266/1800/1519 1405/1801/1518
f 1489/3135/2571 1475/6990/2559 1405/1799/1518
f 1489/3135/2571 1405/1799/1518 1358/1052/901
f 1489/3135/2571 1358/1052/901 1457/3119/2560
f 1447/5736/4200 1486/6991/4713 1354/3087/2537
f 1526/6992/1562 1447/6993/4200 1421/6994/4199
f 1482/244/218 1534/2513/2101 1401/6995/4714
f 1492/6996/4715 1401/6997/4714 1534/5748/2101
f 1542/5749/237 1492/6996/4715 1534/5748/2101
f 1336/6998/2952 1492/6996/4715 1542/5749/237
f 1536/256/230 1390/255/229 1424/6347/1533
f 1612/6999/4716 1541/222/198 1497/6349/4474
f 1612/6999/4716 1497/6349/4474 1507/225/201
f 1507/225/201 1514/248/222 1617/4677/3589
f 1514/248/222 1516/6350/223 1628/7000/4717
f 1628/7000/4717 1626/4245/3311 1514/248/222
f 1458/251/225 1628/7001/4717 1516/249/223
f 1586/6090/4367 1659/1078/926 1726/6089/4366
f 1726/7002/4366 1668/7003/925 1725/7004/2576
f 1726/6089/4366 1659/1078/926 1668/1077/925
f 1677/3140/2573 1403/1087/933 1641/1076/924
f 1709/5752/275 1505/4214/3288 1717/5753/2580
f 1666/1098/939 1807/1904/1589 1724/1096/942
f 1798/5114/3859 1713/5116/3860 1877/1907/1590
f 1724/1102/942 1877/1907/1590 1713/5116/3860
f 1736/6840/4666 1677/3140/2573 1813/1185/1018
f 1454/1850/1552 1676/6841/4667 1823/1193/1026
f 1560/1842/1546 1637/6842/4668 1836/1927/1607
f 1561/1840/1545 1560/1842/1546 1836/1927/1607
f 1780/6843/4482 1561/1840/1545 1836/1927/1607
f 1908/2550/2127 1678/2549/2126 1958/4249/3315
f 1827/2547/2124 1805/2554/2131 1867/4258/3321
f 1746/4259/3322 1754/3750/2985 1999/4260/3323
f 2045/1221/1048 1763/1923/1603 1973/1922/1602
f 2045/1221/1048 1743/1921/1601 1763/1923/1603
f 1928/2598/2170 1741/2535/2114 1956/3176/2597
f 1868/1933/1611 1862/6095/4049 2012/374/323
f 2093/2623/2188 1824/7005/1597 2200/2624/2189
f 1951/1920/1600 2045/1221/1048 2175/1228/1055
f 1951/1920/1600 2175/1228/1055 1920/1919/1599
f 2060/5155/1051 1973/5154/1602 1755/3143/1604
f 1977/5159/3879 1893/1146/988 2203/5160/3880
f 1905/4273/3332 2131/7006/4718 2283/4274/3333
f 2131/7007/4718 2141/7008/4719 2287/6116/4376
f 2287/6116/4376 2141/7008/4719 2366/4276/3335
f 2116/4279/2611 2377/4278/3334 2070/6378/3336
f 2034/7009/986 2191/7010/4055 2346/7011/3652
f 2305/1956/1626 2416/4757/3633 2303/7012/1624
f 2322/1959/1630 2154/1958/1629 2374/455/389
f 2429/2678/2233 2193/3795/3012 2342/3230/2626
f 2288/7013/3014 2364/7014/4720 2370/7015/4721
f 2288/7013/3014 2370/7015/4721 2471/7016/4722
f 2288/3800/3014 2471/7017/4722 2373/3801/3015
f 2361/7018/4723 2501/7019/4724 2483/7020/3031
f 2483/7021/3031 2384/7022/3634 2361/7023/4723
f 2361/7018/4723 2485/7024/4725 2501/7019/4724
f 2485/7025/4726 2390/7026/4727 2501/7027/4728
f 2485/7025/4726 2502/7028/4729 2390/7026/4727
f 2502/7029/4730 2370/7015/4721 2390/7030/4731
f 2471/7016/4722 2370/7015/4721 2502/7029/4730
f 2485/7031/4726 2501/7032/4728 2502/7033/4729
f 2501/7032/4728 2390/7034/4727 2502/7033/4729
f 2390/7030/4731 2396/6860/4673 2502/7029/4730
f 2485/7024/4725 2483/7020/3031 2501/7019/4724
f 2471/7016/4722 2502/7029/4730 2396/6860/4673
f 2471/7017/4722 2188/3802/3016 2373/3801/3015
f 2471/7016/4722 2396/6860/4673 2460/4302/3354
f 2231/4721/3618 2471/7035/4722 2460/6861/3354
f 2188/7036/3016 2471/7037/4722 2231/7038/3618
f 2334/6405/401 2100/1191/1024 2504/6406/4493
f 2521/5807/3642 2264/1949/1622 2426/2631/2194
f 2269/4776/1621 2299/5495/1054 2532/4777/3641
f 2194/1950/1623 2264/1949/1622 2521/5807/3642
f 2504/6406/4493 2100/1191/1024 2439/2632/2195
f 2527/6634/2231 2362/2626/2191 2643/2672/2229
f 2211/1214/1044 2362/2626/2191 2527/6634/2231
f 2448/7039/2192 2211/1219/1044 2538/7040/2232
f 2549/7041/4732 2448/2627/2192 2538/2676/2232
f 2381/1220/1047 2448/2627/2192 2549/7041/4732
f 2476/7042/4071 2381/1220/1047 2549/7041/4732
f 2382/2628/2193 2168/1204/1034 2476/5533/4071
f 2215/1243/1066 2382/2630/2193 2544/1244/1067
f 2539/438/377 2690/3839/3041 2186/434/373
f 2468/6598/4563 2210/4268/3329 2636/570/492
f 2925/4784/3645 2683/6620/4569 2687/4785/3646
f 2598/6126/4382 2525/7043/385 2724/5221/3912
f 2608/6125/4381 2598/6126/4382 2724/5221/3912
f 2535/6127/4383 2608/7044/4381 2746/6912/4570
f 2618/4802/3660 2535/6127/4383 2746/6912/4570
f 2538/2676/2232 2626/2677/2230 2763/6643/4580
f 2763/6643/4580 2549/7041/4732 2538/2676/2232
f 2779/6642/4069 2549/7041/4732 2763/6643/4580
f 2779/6642/4069 2476/7042/4071 2549/7041/4732
f 2978/5532/4070 2382/2628/2193 2476/5533/4071
f 2978/5532/4070 2780/6645/1098 2382/2628/2193
f 2544/1244/1067 2382/2630/2193 2780/1287/1098
f 3109/2024/1686 3092/2028/1690 2868/2030/1692
f 2881/3315/2688 2868/2030/1692 3092/2028/1690
f 2881/3315/2688 3092/2028/1690 2891/2029/1691
f 2942/4824/2697 3113/3876/3062 2858/2032/1694
f 2895/6433/3044 2894/1384/1168 2941/1381/1165
f 2933/1382/1166 3231/1385/1169 2681/4786/3647
f 2717/6143/4390 2681/4786/3647 3231/1385/1169
f 2717/6143/4390 3231/1385/1169 2946/7045/4733
f 2717/6143/4390 2946/7045/4733 3118/7046/4734
f 2969/4377/3401 3118/7046/4734 2946/7045/4733
f 2925/4784/3645 2717/6143/4390 3178/7047/4735
f 3156/2744/2280 3178/7047/4735 2717/6143/4390
f 3118/7046/4734 3156/2744/2280 2717/6143/4390
f 2726/7048/4391 2969/4377/3401 2947/7049/3049
f 2969/4377/3401 2726/7048/4391 2934/4378/3402
f 2934/4378/3402 2726/7048/4391 2908/4373/3398
f 2908/7050/3398 2726/7051/4391 2425/7052/2629
f 2908/4373/3398 2952/4376/3400 2934/4378/3402
f 3026/3349/2705 3020/3348/2704 3060/2082/1738
f 3060/2082/1738 3029/1329/1129 3058/1331/1131
f 3063/1332/1132 3060/2082/1738 3020/3348/2704
f 3060/2082/1738 3063/1332/1132 3029/1329/1129
f 3067/3350/2706 3277/1326/1126 3141/3354/2710
f 3277/1326/1126 3131/1328/1128 2792/2696/1088
f 3141/3354/2710 3277/1326/1126 2792/2696/1088
f 3067/3350/2706 3141/3354/2710 3072/3353/2709
f 3069/3351/2707 3067/3350/2706 3072/3353/2709
f 3141/3354/2710 2792/2696/1088 3048/3352/2708
f 3272/3347/2703 2667/1357/1147 3143/1352/1145
f 3272/3347/2703 3069/3351/2707 2667/1357/1147
f 2798/7053/4384 2667/1357/1147 3069/3351/2707
f 3063/1332/1132 3143/1352/1145 3130/1333/1133
f 2798/7053/4384 3069/3351/2707 3072/3353/2709
f 3072/3353/2709 3052/3355/2711 2798/7053/4384
f 2812/7054/426 2798/7053/4384 3052/3355/2711
f 3273/2083/1739 3058/1331/1131 3140/1336/1136
f 2822/1337/1137 3140/1336/1136 3058/1331/1131
f 2907/1375/1159 2712/3295/2674 3226/1378/1162
f 2935/1380/1164 3226/1378/1162 2712/3295/2674
f 3238/5554/4084 3167/3907/3081 3171/3906/3085
f 3007/2711/2255 3238/5554/4084 2967/2710/2254
f 2967/2710/2254 3238/5554/4084 3268/7055/4736
f 3238/5554/4084 3171/3906/3085 3268/7055/4736
f 3245/4829/3676 3268/7055/4736 3171/3906/3085
f 2967/2710/2254 3268/7055/4736 2991/1315/1118
f 2970/2714/2257 2991/1315/1118 2951/1317/1120
f 2956/1316/1119 2991/1315/1118 3268/7055/4736
f 3268/7055/4736 3245/4829/3676 2956/1316/1119
f 3283/4858/3696 3308/3332/2694 3282/3331/487
f 3299/4857/3695 3308/3332/2694 3283/4858/3696
f 3330/5849/4254 2858/3338/1694 3145/7056/2691
f 3210/7057/2698 2858/7058/1694 3330/7059/4254
f 3429/594/506 3293/3899/3079 3371/596/508
f 3371/596/508 3293/3899/3079 3430/2100/1755
f 3461/6460/4406 3185/7060/4405 3340/7061/4737
f 3461/6460/4406 3340/7061/4737 3398/2762/2290
f 3398/2762/2290 3340/7061/4737 3326/2763/2291
f 3305/1412/1194 3316/623/528 3524/624/529
f 3382/625/530 3305/1412/1194 3524/624/529
f 3373/6933/4691 3376/6202/4409 3499/6931/4689
f 3443/7062/1222 3387/5860/4260 3510/5859/1220
f 3373/6933/4691 3455/5863/4261 3337/5537/4074
f 3394/7063/4504 3444/1450/1221 3530/1449/1224
f 3542/5866/4263 3394/7063/4504 3530/1449/1224
f 3413/5867/4264 3394/7063/4504 3542/5866/4263
f 3379/4847/3691 3545/6214/4265 3307/4845/3689
f 3349/7064/4687 3406/7065/1240 3657/2147/1239
f 3657/2147/1239 3532/2146/1795 3349/7064/4687
f 3532/2146/1795 3396/646/546 3354/7066/4738
f 3558/7067/1242 3496/7068/2294 3621/7069/1243
f 3531/1488/1253 3410/3903/3083 3521/1486/1251
f 3484/7070/4739 3531/1488/1253 3647/1489/1254
f 3452/621/526 3484/7070/4739 3647/1489/1254
f 3597/4866/3702 3452/621/526 3647/1489/1254
f 3656/3968/3108 3512/622/527 3597/4866/3702
f 3763/2823/2326 3681/2144/1793 3707/7071/4740
f 3732/7072/4741 3707/7071/4740 3625/2787/2304
f 3739/2188/1822 3613/1473/1241 3818/2811/2320
f 3610/1481/1246 3739/2188/1822 3854/2191/1825
f 3615/5880/4270 3610/7073/1246 3854/2194/1825
f 3867/6484/4511 3615/5880/4270 3854/2194/1825
f 3777/7074/4268 3615/7075/4270 3867/7076/4511
f 3756/6485/3936 3622/7077/4101 3777/5878/4268
f 3905/6942/4693 3760/7078/4742 3999/5910/4281
f 3758/5894/4277 3760/7078/4742 3905/6942/4693
f 4014/7079/3131 3999/7080/4281 3769/5775/4743
f 3999/7080/4281 3760/7081/4742 3769/5775/4743
f 4014/4015/3131 3769/7082/4743 3971/5911/4282
f 3889/7083/599 3793/5900/598 3968/5603/4105
f 3968/5603/4105 3976/5602/4104 3889/7083/599
f 3983/5604/4106 3889/7083/599 3976/5602/4104
f 3983/5604/4106 3892/1534/1291 3889/7083/599
f 4075/6228/3126 3933/7084/3442 3894/6229/3441
f 4029/2237/1852 3969/6937/1843 3972/2238/1853
f 4033/2236/1851 3972/2238/1853 3863/6940/4272
f 3905/6942/4693 3999/5910/4281 4009/4011/3129
f 4014/4015/3131 3971/5911/4282 4088/4016/3133
f 4083/717/601 4006/719/603 4115/7085/1316
f 4118/1572/1317 3881/2869/2359 4061/1573/1318
f 4118/1572/1317 4006/1571/603 3881/2869/2359
f 4006/1571/603 3939/7086/602 3881/2869/2359
f 4140/764/641 4058/1574/1319 4135/766/643
f 4058/1574/1319 3852/3980/3114 4135/766/643
f 4148/2853/2349 4023/5610/4110 4260/4500/3472
f 4260/4500/3472 4201/7087/3734 4148/2853/2349
f 4023/5610/4110 4092/2894/2375 4260/4500/3472
f 4092/7088/2375 4166/7089/2377 4211/7090/3473
f 4166/2896/2377 4037/2895/2376 4167/4502/3474
f 4208/1594/1335 4155/5617/4115 4251/1595/1336
f 4191/4516/3136 4222/4515/3485 4119/7091/617
f 4278/4517/3486 4191/4021/3136 4183/4022/3137
f 4280/7092/4744 4183/4022/3137 4271/4503/3475
f 4280/7092/4744 4278/4517/3486 4183/4022/3137
f 4271/4503/3475 4185/4024/3138 4244/4026/3140
f 4284/5624/4116 4244/4026/3140 4175/4027/3141
f 4284/5624/4116 4175/4027/3141 4281/4029/3142
f 4281/4029/3142 4182/4028/2367 4241/4512/3483
f 4310/6717/4599 4226/2899/2380 4213/2897/2378
f 4233/773/647 4226/2899/2380 4310/6717/4599
f 4146/6945/3729 4154/6946/1862 4313/7093/4600
f 4261/4936/3740 4313/6718/4600 4154/2247/1862
f 4098/2250/1865 4230/3493/2783 4335/4937/3741
f 4335/4937/3741 4230/3493/2783 4341/3492/2782
f 4308/3495/2785 4223/789/663 4356/788/662
f 4288/790/664 4223/789/663 4254/7094/635
f 4388/7095/1355 4366/7096/1372 4258/7097/1357
f 4258/7098/1357 4366/7099/1372 4251/7100/1336
f 4251/1595/1336 4366/1633/1372 4374/1632/1371
f 4384/1635/1374 4309/1596/1337 4374/1632/1371
f 4362/2284/1891 4309/1596/1337 4384/1635/1374
f 4263/1598/1339 4309/1596/1337 4362/2284/1891
f 4368/4047/3160 4358/4046/3159 4359/5625/4117
f 4383/7101/3732 4379/7102/1368 4360/7103/3489
f 4424/5343/3967 4383/4925/3732 4339/4511/3482
f 4434/6502/4520 4424/5343/3967 4339/4511/3482
f 4339/4511/3482 4352/4926/3733 4434/6502/4520
f 4410/1637/1376 4363/2920/2396 4431/2921/2397
f 4486/1636/1375 4331/2919/2395 4410/1637/1376
f 4395/4035/3148 4331/2919/2395 4486/1636/1375
f 4449/1643/1382 4395/4035/3148 4486/1636/1375
f 4478/1639/1378 4410/1637/1376 4431/2921/2397
f 4498/1641/1380 4431/2921/2397 4396/794/668
f 4498/1641/1380 4478/1639/1378 4431/2921/2397
f 4457/824/694 4470/791/665 4531/7104/4745
f 4531/7104/4745 4608/825/695 4457/824/694
f 4470/791/665 4441/792/666 4515/2934/2410
f 4515/2934/2410 4531/7104/4745 4470/791/665
f 4563/7105/4746 4540/817/687 4621/819/689
f 4621/819/689 4553/7106/4747 4575/7107/4748
f 4563/7105/4746 4621/819/689 4590/7108/4749
f 4575/7107/4748 4590/7108/4749 4621/819/689
f 4565/7109/4750 4590/7108/4749 4601/7110/4751
f 4590/7108/4749 4575/7107/4748 4611/5646/4134
f 4764/7111/4752 4590/7108/4749 4611/5646/4134
f 4803/5647/4135 4764/7111/4752 4611/5646/4134
f 4799/6255/4427 4506/6949/4696 4537/7112/4753
f 4799/6255/4427 4537/7112/4753 4813/6261/4431
f 4659/1681/1420 4584/3514/2803 4636/2343/1941
f 4589/7113/4754 4584/3514/2803 4664/1688/1427
f 4547/7114/4755 4589/7113/4754 4802/3518/2807
f 4547/7114/4755 4802/3518/2807 4595/3517/2806
f 4802/3518/2807 4589/7113/4754 4675/2341/1939
f 4589/7113/4754 4664/1688/1427 4675/2341/1939
f 4602/7115/3495 4680/7116/726 4911/7117/4304
f 4947/4552/3510 4720/6517/4529 4725/841/706
f 4948/6518/4530 4720/6517/4529 4947/4552/3510
f 4947/4552/3510 4953/4554/3512 4948/6518/4530
f 4713/4556/3514 4948/6518/4530 4953/4554/3512
f 4948/6518/4530 4713/4556/3514 4952/3522/2811
f 4952/3522/2811 4853/6516/4528 4948/6518/4530
f 4907/7118/4756 4903/4966/1934 4960/4965/3759
f 4943/7119/3981 4903/4966/1934 4907/7118/4756
f 38/1697/1434 15/1696/1428 33/1704/1430
f 33/1704/1430 43/1699/1435 38/1697/1434
f 80/2373/1971 68/2372/1970 112/5986/4324
f 515/5985/4323 238/4562/3519 112/5986/4324
f 112/5986/4324 238/4562/3519 131/3572/2854
f 112/5986/4324 131/3572/2854 80/2373/1971
f 12/7120/2 90/4598/759 352/6026/3548
f 122/6025/3 12/7120/2 352/6026/3548
f 122/3/3 142/7121/4757 24/1/1
f 109/899/760 24/1/1 142/7121/4757
f 53/887/750 254/4563/3520 257/4096/3198
f 159/3585/2867 53/887/750 257/4096/3198
f 185/7122/4758 257/4096/3198 35/4095/3197
f 159/3585/2867 257/4096/3198 185/7122/4758
f 185/7122/4758 171/3586/2868 159/3585/2867
f 200/934/795 256/884/747 181/935/796
f 185/7122/4758 35/4095/3197 200/934/795
f 327/1743/1469 55/6531/2462 5/7123/1950
f 299/973/832 55/6531/2462 327/1743/1469
f 5/7124/1950 3/6754/2827 327/4174/1469
f 540/5694/4165 497/19/19 323/5695/4166
f 323/5695/4166 497/19/19 225/18/18
f 518/7125/4759 220/20/20 265/17/17
f 529/5026/3803 220/20/20 518/7125/4759
f 225/18/18 220/20/20 529/5026/3803
f 225/18/18 529/5026/3803 323/5695/4166
f 359/4610/3554 73/7126/4154 311/4611/146
f 73/7126/4154 77/7127/14 311/4611/146
f 375/7128/2003 136/7129/2465 374/7130/54
f 173/2997/2466 136/2996/2465 375/2405/2003
f 380/7131/4760 173/7132/2466 375/7133/2003
f 178/7134/2470 173/7132/2466 380/7131/4760
f 548/5000/3785 161/2998/2467 391/3000/2469
f 391/3000/2469 406/6965/2511 548/5000/3785
f 416/7135/4761 391/7136/2469 189/7137/2468
f 416/7135/4761 189/7137/2468 178/7138/2470
f 399/1039/888 210/1724/1455 204/3002/2471
f 582/5711/2516 275/7139/1446 874/5712/4182
f 863/4641/3569 612/7140/4762 576/5710/4181
f 612/7140/4762 285/7141/4763 576/5710/4181
f 580/7142/4463 285/7143/4763 280/7144/4641
f 576/7145/4181 285/7146/4763 580/7147/4463
f 627/7148/4341 285/7149/4763 612/7150/4762
f 284/6799/4647 285/7149/4763 627/7148/4341
f 874/5712/4182 314/7151/4764 638/5714/4184
f 638/7152/4184 314/7153/4764 646/7154/4342
f 874/5712/4182 275/7139/1446 314/7151/4764
f 782/7155/4765 646/7154/4342 314/7153/4764
f 782/7155/4765 314/7153/4764 330/1717/1449
f 627/7148/4341 646/7154/4342 782/7155/4765
f 782/7155/4765 284/6799/4647 627/7148/4341
f 284/6799/4647 782/7155/4765 775/6800/4648
f 359/7156/3554 959/7157/4766 73/5678/4154
f 300/5676/4157 73/5678/4154 959/7157/4766
f 357/5395/3995 692/102/96 355/3608/2888
f 403/5691/4163 699/5422/4013 223/3555/2841
f 699/5422/4013 357/5395/3995 223/3555/2841
f 421/1782/1506 740/5423/4014 130/5396/3770
f 743/1794/1509 130/5399/3770 740/7158/4014
f 433/5397/1511 130/5399/3770 743/1794/1509
f 844/172/148 412/4127/3228 378/1749/1475
f 844/172/148 413/4129/3230 412/4127/3228
f 413/4129/3230 844/172/148 364/1752/1478
f 434/4128/3229 413/4129/3230 833/2409/2006
f 833/2409/2006 420/2411/2008 434/4128/3229
f 833/2409/2006 413/4129/3230 364/1752/1478
f 840/2410/2007 833/2409/2006 364/1752/1478
f 581/5401/3997 866/6978/4712 607/5402/3998
f 889/7159/4767 866/6978/4712 581/5401/3997
f 607/5402/3998 866/6978/4712 1098/7160/4768
f 1053/7161/4769 889/7159/4767 581/5401/3997
f 894/1762/1486 889/7159/4767 1053/7161/4769
f 600/5400/3996 1053/7161/4769 581/5401/3997
f 1098/7160/4768 601/4138/3239 607/5402/3998
f 1061/5040/3814 918/6805/4653 1060/986/845
f 1060/986/845 981/988/847 1061/5040/3814
f 1075/6804/4652 693/6010/4337 622/7162/4770
f 1101/7163/4771 622/7162/4770 815/7164/4772
f 1060/986/845 1075/6804/4652 622/7162/4770
f 1060/986/845 622/7162/4770 923/987/846
f 923/987/846 622/7162/4770 1101/7163/4771
f 1101/7163/4771 933/994/853 923/987/846
f 644/4604/3551 1101/7163/4771 815/7164/4772
f 1101/7163/4771 644/4604/3551 706/995/854
f 1101/7163/4771 706/995/854 933/994/853
f 1070/3071/2524 892/4163/2923 1073/3068/2521
f 1070/3071/2524 1080/3072/2525 618/71/67
f 1006/2459/2053 1005/2458/2052 757/4619/2893
f 1006/5062/2053 757/7165/2893 1040/5061/3826
f 1013/6334/4468 768/7166/4773 774/7167/4774
f 1013/6334/4468 774/7167/4774 763/7168/4775
f 1230/7169/4467 768/7166/4773 1013/6334/4468
f 763/7168/4775 1025/6335/4469 1013/6334/4468
f 1025/6335/4469 763/7168/4775 764/4152/3247
f 734/7170/4776 768/7171/4773 1230/7172/4467
f 1230/6331/4467 1040/5061/3826 734/7173/4776
f 857/7174/3244 755/7175/3243 1010/7176/2930
f 1043/7177/3827 1010/7178/2930 755/7179/3243
f 1043/5066/3827 755/7180/3243 760/4148/3246
f 761/4151/118 1043/5066/3827 760/4148/3246
f 1025/6335/4469 764/4152/3247 463/4153/3248
f 1046/5068/3829 463/7181/3248 771/5426/4015
f 1046/5068/3829 1025/6337/4469 463/7181/3248
f 772/4154/2929 857/4156/3244 1010/7182/2930
f 773/3671/2932 1004/5424/3830 471/4158/3250
f 867/6289/4452 865/6288/134 1141/7183/4658
f 576/7184/4181 580/7185/4463 1143/7186/2058
f 1141/7183/4658 901/7187/4455 867/6289/4452
f 1143/2464/2058 901/7188/4455 1141/6811/4658
f 580/7189/4463 901/7188/4455 1143/2464/2058
f 895/7190/4344 1146/7191/4016 1298/7192/4201
f 1193/1043/892 681/167/143 1166/166/141
f 380/7131/4760 375/7133/2003 1204/5077/3838
f 708/7193/4777 380/7131/4760 1206/5078/3839
f 1206/5078/3839 1207/7194/4035 708/7193/4777
f 1207/5452/4035 1208/5079/3840 416/7135/4761
f 416/7135/4761 708/7195/4777 1207/5452/4035
f 919/240/210 582/3055/2516 1148/7196/3577
f 931/3061/2519 913/3060/2518 1288/7197/213
f 1288/7197/213 913/3060/2518 1165/232/208
f 875/5037/3811 878/5036/3810 1311/7198/4778
f 902/5038/3812 875/5037/3811 1311/7198/4778
f 722/111/105 1022/6562/4548 1427/2498/2089
f 1265/7199/1513 908/7200/829 1283/3110/2055
f 1337/2484/2075 1145/2486/2077 949/972/831
f 1446/2487/2078 1006/2459/2053 1374/3130/228
f 1214/6330/4466 1225/6081/3831 1375/2489/2080
f 1230/6331/4467 1214/6330/4466 1375/2489/2080
f 1316/2488/2079 1230/6331/4467 1375/2489/2080
f 1388/6821/4660 773/3671/2932 1674/5463/4043
f 1004/5424/3830 773/3671/2932 1388/6821/4660
f 1140/6048/3575 1328/1846/1549 1404/1848/1551
f 1362/1857/1556 1430/1858/1557 979/1783/1507
f 1216/1784/1508 979/1783/1507 1430/1858/1557
f 1481/1859/1558 1216/1784/1508 1430/1858/1557
f 1500/6360/4480 1299/3100/2546 1496/6831/3867
f 1301/3098/2544 1299/3100/2546 1500/6360/4480
f 1485/2485/2076 1462/3107/2551 1274/2460/2054
f 1484/3108/2552 1462/3107/2551 1616/2548/2125
f 1589/2546/2123 1493/5450/4033 1337/2484/2075
f 1589/2546/2123 1337/2484/2075 1513/3112/2554
f 1513/3112/2554 1428/3113/2555 1613/3751/2986
f 1459/3730/2972 1360/5436/4023 1686/2557/2134
f 1686/2557/2134 1360/5436/4023 1546/6088/3852
f 1360/5436/4023 1364/5437/4024 1546/6088/3852
f 1504/4203/3282 1351/1803/1521 1623/4230/1547
f 1223/1807/1525 1443/1804/1522 1673/4235/3302
f 1328/1846/1549 1677/3140/2573 1736/6840/4666
f 1736/6840/4666 1738/1194/1027 1456/1847/1550
f 1470/1852/215 1604/1851/1553 1756/1188/1021
f 1780/6843/4482 1632/1856/1555 1471/1855/1554
f 1780/6843/4482 1870/6580/4554 1632/1856/1555
f 1872/6846/4670 1632/1856/1555 1870/6580/4554
f 1658/1860/1559 1632/1856/1555 1872/6846/4670
f 1708/4231/3299 1658/1860/1559 1872/6846/4670
f 1504/4203/3282 1623/4230/1547 1715/4232/3300
f 1715/4232/3300 1803/5467/4044 1504/4203/3282
f 1803/5467/4044 1509/4205/3283 1504/4203/3282
f 1728/4233/3301 1509/4205/3283 1803/5467/4044
f 1728/4234/3301 1811/7201/4555 1441/1806/1524
f 1812/4236/3303 1441/1806/1524 1811/7201/4555
f 1741/2535/2114 1688/2536/2115 1882/3175/2596
f 1826/7202/2598 1882/3175/2596 1688/2536/2115
f 1688/4662/2115 1835/3180/2116 1826/3178/2598
f 1690/6356/4478 1820/1145/987 1893/1146/988
f 1893/1146/988 1750/5757/4208 1690/6356/4478
f 1764/1148/990 1912/1147/989 1559/6836/3845
f 1773/1150/992 1559/5096/3845 1912/1151/989
f 1853/3758/2988 2006/5470/4046 1801/1134/976
f 1804/1136/978 1669/3154/2581 1942/1139/981
f 1669/7203/2581 1808/3156/2583 1942/5471/981
f 1808/3156/2583 1732/1141/983 2023/383/332
f 1871/2575/2150 1701/284/254 1791/1133/975
f 1779/7204/4664 1832/7205/4665 1962/7206/310
f 1965/7207/312 1962/7206/310 1832/7205/4665
f 1965/358/312 1832/6838/4665 1605/4226/3295
f 1972/362/314 1965/358/312 1605/4226/3295
f 1972/362/314 1605/4226/3295 1695/4227/3296
f 1695/4227/3296 1698/4228/3297 2041/331/290
f 2041/331/290 2029/364/315 1695/4227/3296
f 2030/340/298 2037/3777/3000 1954/346/300
f 1959/2572/2147 1954/346/300 2037/3777/3000
f 1959/3781/2147 2037/3780/3000 2046/3779/3002
f 1774/2574/2149 1959/2572/2147 2169/3799/3005
f 2061/3787/3008 1774/2574/2149 2169/3799/3005
f 1955/3786/3007 1774/2574/2149 2061/3787/3008
f 2059/7208/2175 1899/3769/2996 1976/6578/2176
f 2069/2611/2179 1899/7209/2996 2059/2612/2175
f 2069/3770/2179 2089/7210/4779 1842/2567/2142
f 2002/2614/2181 1842/2567/2142 2089/7210/4779
f 1926/2568/2143 1792/2569/2144 2097/7211/4780
f 2097/7211/4780 1792/2569/2144 2001/3771/2997
f 1841/2571/2146 2002/2614/2181 2086/2613/2180
f 2107/5771/4214 2033/2585/2158 1992/2586/2159
f 2107/5771/4214 1992/2586/2159 2005/2588/2161
f 2144/7212/4216 1895/5772/4215 1968/312/278
f 1968/312/278 1907/318/281 2144/7212/4216
f 2144/7213/4216 2158/7214/4218 2155/7215/4217
f 2144/7212/4216 1907/318/281 2158/5781/4218
f 2158/5781/4218 1907/318/281 1922/320/283
f 2158/7216/4218 1922/7217/283 1991/7218/285
f 1963/3773/2998 2103/3217/2616 2180/3216/2617
f 1963/3773/2998 2180/3216/2617 2082/3220/2618
f 2145/5472/4047 1932/3170/2593 2208/1238/1061
f 1932/3170/2593 1990/3222/2619 2208/1238/1061
f 2006/7219/4046 2091/4697/3602 2235/2635/2198
f 2235/5497/2198 2233/5498/4057 2006/5470/4046
f 1860/2582/2155 2099/4698/3603 2464/2639/2200
f 2244/5493/4056 2018/2578/2151 2246/2641/2202
f 2020/2581/2154 2246/2641/2202 2018/2578/2151
f 2099/4698/3603 2018/2578/2151 2244/5493/4056
f 2010/7220/4557 2178/7221/4375 2255/7222/4226
f 2258/7223/2210 2020/3191/2154 2004/3190/2602
f 2084/3195/2604 2258/2651/2210 2004/3193/2602
f 2285/442/381 2007/4250/3316 2011/4257/3320
f 2285/442/381 2202/437/376 2007/4250/3316
f 2218/7224/3614 2077/4263/3324 2272/6392/3615
f 2301/4311/3362 2146/5769/2171 2062/5152/3877
f 2301/4759/3362 2139/2602/2172 2146/2601/2171
f 2271/381/330 2336/1961/1632 2184/379/328
f 2119/6101/4369 2181/440/379 2363/439/378
f 2014/6104/4370 2240/6105/4371 2478/459/393
f 2240/6105/4371 2321/7225/4781 2400/1269/1087
f 2409/6401/4491 2400/1273/1087 2321/7226/4781
f 2478/459/393 2240/6105/4371 2400/1269/1087
f 2176/1235/1058 2014/6104/4370 2478/459/393
f 2478/459/393 2410/458/392 2176/1235/1058
f 2399/7227/424 2176/1235/1058 2411/1234/425
f 2321/7226/4781 2260/7228/1060 2409/6401/4491
f 2491/6402/1059 2409/6401/4491 2260/7228/1060
f 2105/369/318 2108/3201/2609 2360/5799/4227
f 2360/5799/4227 2108/3201/2609 2427/3299/2676
f 2339/1318/1121 2431/454/388 2217/5168/3613
f 2337/6403/4492 2551/1266/1084 2350/1264/1082
f 2349/3278/2661 2289/6112/4374 2592/7229/4782
f 2592/7229/4782 2572/3281/2663 2349/3278/2661
f 2558/5803/4231 2379/2663/2220 2553/2665/2222
f 2558/5803/4231 2387/3231/2627 2379/2663/2220
f 2645/7230/4232 2387/3231/2627 2558/5803/4231
f 2493/503/428 2479/4283/3339 2574/6417/4385
f 2412/4286/2244 2387/4287/2627 2645/6883/4232
f 2579/419/362 2417/4290/3343 2562/7231/1144
f 2609/7232/1664 2428/5784/4220 2517/6118/4378
f 2124/1944/1619 2428/5784/4220 2609/7232/1664
f 2711/1997/1665 2620/2000/1667 2450/5785/4221
f 2644/7233/3373 2583/6121/4380 2620/2000/1667
f 2375/1962/1633 2583/6122/4380 2647/6890/4389
f 2647/6890/4389 2568/6119/4379 2375/1962/1633
f 2647/6890/4389 2583/6122/4380 2644/7234/3373
f 2674/6603/4565 2385/1965/1636 2494/5788/4223
f 2645/5804/4232 2558/7235/4231 2793/5805/4230
f 2685/5208/3901 3117/5199/3894 2737/5202/3897
f 2759/7236/2250 2638/6865/2249 2524/6866/2213
f 2759/2706/2250 2659/6873/4561 2658/2703/2247
f 2759/2706/2250 2762/2709/2253 2659/6873/4561
f 2664/2713/410 2578/6872/4562 2762/2709/2253
f 2783/2712/2256 2664/2713/410 2762/2709/2253
f 2878/7237/4783 2698/7238/396 2689/7239/4784
f 2698/7238/396 2508/7240/395 2689/7239/4784
f 2689/7239/4784 2727/7241/4785 2878/7237/4783
f 2729/7242/4786 2878/7237/4783 2727/7241/4785
f 2729/7242/4786 2698/7238/396 2878/7237/4783
f 2972/4823/3675 2909/4822/3674 2899/3875/3061
f 2707/3878/3064 2909/4822/3674 2972/4823/3675
f 3138/2031/1693 3113/3876/3062 2899/3875/3061
f 2899/3875/3061 3113/3876/3062 2959/1402/1186
f 2959/1402/1186 3113/3876/3062 2942/4824/2697
f 2739/4323/3370 2707/3878/3064 2972/4823/3675
f 2739/4323/3370 2972/4823/3675 3168/2721/2263
f 2739/4323/3370 3168/2721/2263 2744/2720/2262
f 2517/6118/4378 2679/6117/4377 2999/7243/4787
f 2999/7243/4787 2609/7232/1664 2517/6118/4378
f 2679/6117/4377 2706/6608/3366 2999/7243/4787
f 2870/6887/4676 2999/7244/4787 2706/4319/3366
f 3008/1395/1179 2806/7245/3034 2807/7246/4788
f 3031/7247/4789 3008/1395/1179 2807/7246/4788
f 3031/7247/4789 2807/7246/4788 2662/7248/4790
f 3031/7247/4789 2662/7248/4790 2797/7249/4392
f 3008/1395/1179 3061/1396/1180 3023/1390/1174
f 3008/1395/1179 3031/7247/4789 3061/1396/1180
f 2639/2041/1702 3267/1389/1173 3061/1396/1180
f 3061/1396/1180 3031/7247/4789 2797/7249/4392
f 3074/1398/1182 3064/1397/1181 3003/1392/1176
f 3074/1398/1182 2993/6648/4581 3064/1397/1181
f 3074/1398/1182 3003/1392/1176 2815/1399/1183
f 2652/6154/4394 2815/1399/1183 3003/1392/1176
f 3003/1392/1176 3077/1391/1175 2819/6153/4393
f 3077/1391/1175 3042/2045/1704 2819/6153/4393
f 2564/7250/1706 2819/7251/4393 3042/7252/1704
f 3078/1327/1127 2993/6648/4581 3074/1398/1182
f 2815/6158/1183 2827/2037/1699 3004/2038/1185
f 3078/1327/1127 3079/1400/1184 3131/1328/1128
f 3224/4821/3673 2861/3862/3053 2845/475/407
f 2871/3874/3060 3224/4821/3673 2845/475/407
f 2909/4822/3674 3224/4821/3673 2871/3874/3060
f 2707/3878/3064 2861/3862/3053 3224/4821/3673
f 3159/3359/2715 2713/2021/1683 3309/3357/2713
f 3159/4807/2715 3162/6922/2712 2740/4808/3654
f 2954/3360/2716 2740/4808/3654 3162/6922/2712
f 2928/6166/4397 2994/4813/3666 2950/4817/3670
f 2994/4813/3666 3127/4804/3662 3012/4814/3667
f 2994/4813/3666 3012/4814/3667 3038/4818/3671
f 2994/4813/3666 3038/4818/3671 2950/4817/3670
f 3038/4818/3671 3012/4814/3667 3043/4820/3672
f 3012/4814/3667 3119/4816/3669 3057/6895/4679
f 3057/6895/4679 3043/4820/3672 3012/4814/3667
f 2857/4846/3690 3307/4845/3689 2849/6617/4568
f 2690/3839/3041 2849/6617/4568 3307/4845/3689
f 2910/1320/1123 3295/7253/2730 2889/4851/3692
f 3217/7254/2729 3397/7255/4791 3301/2114/1766
f 3397/7256/4791 3217/3375/2729 3185/6653/4405
f 3326/2765/2291 3340/7257/4737 3182/6654/4586
f 3340/7257/4737 3185/6653/4405 3182/6654/4586
f 3378/5232/1761 3287/5231/2282 3292/7258/4247
f 3292/5838/4247 3390/2109/1762 3378/2108/1761
f 3390/2109/1762 3286/5841/4250 3408/2107/1760
f 3406/1470/1240 3349/7259/4687 3332/6657/4588
f 3411/7260/4688 3354/7261/4738 3355/7262/4792
f 3284/7263/2287 3431/2757/2286 3492/2771/2295
f 3466/7264/1235 3522/7265/1237 3320/7266/2288
f 3522/7267/1237 3174/5223/1198 3320/2760/2288
f 3281/568/490 3365/585/503 3494/6660/1219
f 3494/6660/1219 3365/585/503 3612/2117/1769
f 3591/7268/3419 3489/7269/3418 3383/5565/4089
f 3591/7268/3419 3383/5565/4089 3506/5567/3421
f 3506/7270/3421 3393/7271/4090 3423/7272/3422
f 3474/1485/1250 3521/1486/1251 3410/3903/3083
f 3410/3903/3083 3531/1488/1253 3339/3910/3086
f 3484/7070/4739 3339/3910/3086 3531/1488/1253
f 3452/621/526 3372/7273/4793 3484/7070/4739
f 3298/1406/1190 3372/7273/4793 3452/621/526
f 3567/2138/1787 3435/633/507 3445/3382/509
f 3567/2138/1787 3445/3382/509 3458/2140/1789
f 3458/2140/1789 3464/3383/1757 3624/2139/1788
f 3509/2142/1791 3624/2139/1788 3464/3383/1757
f 3472/3381/2731 3563/4413/3428 3692/2152/1800
f 3563/4413/3428 3534/2155/1803 3695/2154/1802
f 3591/4398/3419 3595/7274/3420 3663/3421/1807
f 3595/7274/3420 3598/7275/1808 3663/3421/1807
f 3615/5880/4270 3462/1457/1229 3610/7073/1246
f 3553/1458/1230 3615/5880/4270 3724/5879/4269
f 3724/5879/4269 3618/1460/1232 3553/1458/1230
f 3724/5879/4269 3726/7276/4271 3618/1460/1232
f 3726/7276/4271 3622/7077/4101 3618/1460/1232
f 3731/1495/1260 3485/2115/1767 3547/1492/1257
f 3758/5894/4277 3676/5893/4276 3612/2117/1769
f 3612/2117/1769 3505/2121/1770 3758/5894/4277
f 3760/7078/4742 3758/5894/4277 3505/2121/1770
f 3769/7277/4743 3760/7278/4742 3505/7279/1770
f 3505/2121/1770 3497/5579/3092 3769/7280/4743
f 3497/5579/3092 3719/5580/4100 3769/7280/4743
f 3719/5582/4100 3616/631/535 3744/1496/1261
f 3828/1510/1272 3643/5584/2744 3718/5272/3931
f 3828/7281/1272 3800/7282/1269 3643/7283/2744
f 3707/7071/4740 3837/4485/3463 3763/2823/2326
f 3707/7071/4740 3732/7072/4741 3843/4488/3466
f 3897/1532/1289 3732/7072/4741 3677/3392/2318
f 3677/3392/2318 3717/1533/1290 3897/1532/1289
f 3872/2231/1850 3869/7284/1265 3857/7285/4794
f 3869/7284/1265 3751/3395/1264 3857/7285/4794
f 3972/2238/1853 3829/6938/4692 3679/6204/4411
f 3972/2238/1853 3679/6204/4411 3752/6939/4273
f 4036/3474/2770 3940/4441/3443 3938/3992/3119
f 4053/2245/1860 4002/2898/2379 3750/2242/1857
f 4004/2900/2381 4032/2901/2382 3833/3452/2343
f 4024/7286/1840 4034/7287/1839 4040/7288/1842
f 4040/2220/1842 3969/2219/1843 4029/7289/1852
f 4190/7290/4795 4055/2221/1844 4043/2222/1845
f 3863/5889/4272 3973/4911/1863 4146/6945/3729
f 4103/759/636 4042/3467/2765 4052/3469/2767
f 4184/6498/4516 4045/6486/4512 4032/2901/2382
f 4192/777/651 4153/779/653 4059/5311/3947
f 4070/6491/4513 4059/5311/3947 4153/779/653
f 4024/4496/1840 4040/7291/1842 4204/4497/3469
f 4040/7291/1842 4029/2237/1852 4204/4497/3469
f 4217/5339/3965 4190/7290/4795 4188/4495/3468
f 3991/7292/625 4081/7293/1849 4234/7294/1872
f 4234/7295/1872 4081/7296/1849 4225/7297/2781
f 4217/5339/3965 4225/3491/2781 4190/7290/4795
f 4154/2247/1862 4096/2246/1861 4261/4936/3740
f 4261/4936/3740 4096/2246/1861 4098/2250/1865
f 4159/7298/4796 4114/7299/4797 4286/6242/4418
f 4218/6243/4419 4159/7298/4796 4286/6242/4418
f 4114/7299/4797 4186/7300/4798 4286/6242/4418
f 4186/7300/4798 4194/6244/4420 4286/6242/4418
f 4194/6244/4420 4229/6245/4421 4307/2923/2399
f 4216/6246/4422 4229/6245/4421 4161/5321/3952
f 4331/2919/2395 4249/4034/3147 4156/5616/4114
f 4225/3491/2781 4217/5339/3965 4317/5338/3964
f 4287/5922/4291 4378/4060/3171 4217/5339/3965
f 4268/5923/4292 4276/5924/2389 4386/6248/2388
f 4306/5329/3959 4371/6501/4519 4259/5328/3958
f 4447/821/691 4480/820/690 4337/6247/4423
f 4447/821/691 4345/782/656 4457/824/694
f 4457/824/694 4345/782/656 4349/786/660
f 4373/7301/4799 4403/776/650 4473/4055/3167
f 4548/7302/3978 4373/7301/4799 4473/4055/3167
f 4380/4056/3168 4373/7301/4799 4548/7302/3978
f 4476/4057/3169 4380/4056/3168 4548/7302/3978
f 4523/828/698 4519/827/697 4483/2936/2412
f 4483/2936/2412 4494/836/700 4523/828/698
f 4494/836/700 4466/2925/2401 4551/837/703
f 4466/2925/2401 4474/2927/2403 4551/837/703
f 4551/837/703 4474/2927/2403 4514/7303/704
f 4474/2927/2403 4439/1630/1369 4514/7303/704
f 4448/4062/1945 4509/4064/3173 4653/7304/1944
f 4481/3528/2817 4722/3529/2818 4520/7305/2415
f 4675/2341/1939 4653/2346/1944 4522/3530/2819
f 4522/6508/2819 4653/7304/1944 4509/4064/3173
f 4655/2970/2442 4477/4939/3742 4502/2976/2447
f 4688/7306/2450 4672/7307/2448 4567/7308/1389
f 4704/2314/1918 4829/2313/1917 4830/7309/4800
f 4816/2315/1919 4704/2314/1918 4690/2983/2452
f 4704/2314/1918 4830/7309/4800 4690/2983/2452
f 4464/2319/1894 4690/2983/2452 4692/2985/2454
f 4816/2315/1919 4690/2983/2452 4464/2319/1894
f 4702/2984/2453 4690/2983/2452 4830/7309/4800
f 4829/2313/1917 4669/4957/3754 4830/7309/4800
f 4830/7309/4800 4669/4957/3754 4939/6519/4531
f 4702/2984/2453 4830/7309/4800 4612/7310/4801
f 4692/7311/2454 4473/4055/3167 4464/2287/1894
f 4692/2985/2454 4702/2984/2453 4473/5359/3167
f 4702/2984/2453 4612/7310/4801 4860/5360/3979
f 4860/5360/3979 4473/5359/3167 4702/2984/2453
f 4612/7310/4801 4830/7309/4800 4939/6519/4531
f 4939/6519/4531 4821/5355/3975 4612/7310/4801
f 4612/7310/4801 4821/5355/3975 4828/5357/3977
f 4860/5360/3979 4612/7310/4801 4863/5361/3980
f 4863/5361/3980 4612/7310/4801 4828/5357/3977
f 4939/6519/4531 4941/4963/3758 4821/5355/3975
f 4665/7312/4802 4938/4091/3194 4644/1676/1415
f 4665/7312/4802 4763/7313/4803 4938/4091/3194
f 4938/4091/3194 4763/7313/4803 4898/3533/2822
f 4763/7313/4803 4784/4093/3195 4898/3533/2822
f 4898/3533/2822 4784/4093/3195 4895/3534/2823
f 197/4121/3223 239/6277/4443 102/4123/3225
f 197/4121/3223 108/3016/2482 239/6277/4443
f 102/4123/3225 239/6277/4443 99/4124/3226
f 99/4124/3226 239/6277/4443 22/7314/4804
f 22/7314/4804 239/6277/4443 128/3019/2485
f 99/4124/3226 22/7314/4804 156/5987/3800
f 128/3019/2485 31/4105/3207 22/7314/4804
f 340/5989/3801 156/5987/3800 22/7314/4804
f 22/7314/4804 39/4107/3209 340/5989/3801
f 340/5989/3801 39/4107/3209 188/5990/1457
f 188/5990/1457 39/4107/3209 169/1729/1459
f 485/7315/4805 482/4967/3760 492/4968/3761
f 71/3545/2831 485/7315/4805 492/4968/3761
f 485/7315/4805 523/7316/4806 341/6009/4336
f 71/3545/2831 523/7316/4806 485/7315/4805
f 341/6009/4336 523/7316/4806 301/6011/4338
f 523/7316/4806 71/3545/2831 530/7317/4807
f 530/7317/4807 71/3545/2831 93/3547/2833
f 339/3581/2863 530/7317/4807 93/3547/2833
f 365/7318/815 23/7319/2881 168/7320/816
f 203/4993/3778 209/4994/3779 532/901/762
f 533/7321/4808 436/4995/3780 209/4994/3779
f 533/7321/4808 216/4972/3765 436/4995/3780
f 366/100/94 436/4995/3780 216/4972/3765
f 215/7322/4809 216/4972/3765 533/7321/4808
f 215/7322/4809 117/4970/3763 216/4972/3765
f 224/7323/2883 396/7324/2886 221/7325/4810
f 396/7326/2886 198/7327/3767 221/7328/4810
f 139/4971/3764 215/7322/4809 58/4561/3518
f 139/4971/3764 58/4561/3518 221/7325/4810
f 139/4971/3764 117/4970/3763 215/7322/4809
f 198/7329/3767 139/4971/3764 221/7325/4810
f 208/3607/2887 366/100/94 216/4972/3765
f 1142/6056/2514 281/7330/21 902/5038/3812
f 293/22/22 281/21/21 1142/3053/2514
f 291/2375/1973 972/3665/2926 609/75/71
f 291/2375/1973 309/942/803 594/941/802
f 788/77/73 824/3594/2876 795/3597/2879
f 609/75/71 788/77/73 294/5984/4322
f 795/3597/2879 294/5984/4322 788/77/73
f 297/2374/1972 609/75/71 294/5984/4322
f 291/2375/1973 609/75/71 297/2374/1972
f 803/103/97 802/95/89 805/97/91
f 819/7331/4811 803/103/97 805/97/91
f 358/2381/1979 404/105/99 803/103/97
f 358/2381/1979 803/103/97 819/7331/4811
f 363/7332/4812 358/2381/1979 819/7331/4811
f 678/98/92 856/5421/4012 805/97/91
f 1115/5420/4011 812/6545/4537 856/5421/4012
f 363/7332/4812 819/7331/4811 367/950/811
f 812/6545/4537 805/97/91 856/5421/4012
f 819/7331/4811 805/97/91 812/6545/4537
f 367/950/811 819/7331/4811 812/6545/4537
f 367/950/811 812/6545/4537 811/948/809
f 348/2380/1978 358/2381/1979 806/2385/1983
f 363/7332/4812 806/2385/1983 358/2381/1979
f 1059/1766/1490 894/1762/1486 1053/7161/4769
f 1059/1766/1490 1095/4168/3253 970/1767/1491
f 1053/7161/4769 1096/7333/4813 1059/1766/1490
f 1096/7333/4813 1053/7161/4769 636/3593/2875
f 877/1769/1493 970/1767/1491 1095/4168/3253
f 1095/4168/3253 1059/1766/1490 1096/7333/4813
f 1096/7333/4813 650/76/72 1095/4168/3253
f 1053/7161/4769 600/5400/3996 614/3588/2870
f 614/3588/2870 801/3591/2873 1053/7161/4769
f 636/3593/2875 1053/7161/4769 801/3591/2873
f 1096/7333/4813 636/3593/2875 824/3594/2876
f 1096/7333/4813 824/3594/2876 650/76/72
f 1094/1000/859 1021/992/851 1097/998/857
f 1111/1001/860 1094/1000/859 1097/998/857
f 655/80/76 1113/985/844 1111/1001/860
f 655/80/76 1111/1001/860 977/4620/3559
f 962/7334/3821 655/80/76 977/4620/3559
f 1033/6051/3819 645/7335/1474 940/4643/3571
f 940/4643/3571 645/7335/1474 686/7336/1999
f 945/3678/2935 940/4643/3571 686/7336/1999
f 686/7337/1999 790/7338/842 948/3683/2938
f 948/3683/2938 945/3682/2935 686/7337/1999
f 790/983/842 942/981/840 1245/6053/2939
f 948/3683/2938 790/7338/842 1245/3684/2939
f 950/984/843 791/81/77 968/6052/2941
f 789/79/75 791/81/77 950/984/843
f 968/3687/2941 791/7339/77 971/3690/2943
f 717/4176/3260 726/4179/3263 1120/4177/3261
f 439/5996/4327 1022/6562/4548 440/110/104
f 722/111/105 440/110/104 1022/6562/4548
f 910/2454/2048 1240/3641/2916 1244/2453/2047
f 1152/1060/909 961/1019/870 1000/3089/2539
f 961/3635/870 973/3636/2911 1000/6023/2539
f 1135/7340/4814 1012/5432/4019 1007/997/856
f 1012/5432/4019 991/7341/4815 1007/997/856
f 1135/7340/4814 1016/1770/1494 1012/5432/4019
f 1149/4638/3567 1326/7342/4816 1244/2453/2047
f 1153/194/170 1244/2453/2047 1326/7342/4816
f 1151/201/177 1227/205/181 1149/4638/3567
f 1326/7342/4816 1149/4638/3567 1227/205/181
f 1198/195/171 1199/198/174 1174/192/168
f 1326/7342/4816 1198/195/171 1153/194/170
f 1326/7342/4816 1202/206/182 1198/195/171
f 1202/206/182 1326/7342/4816 1227/205/181
f 1169/6325/4025 1196/5439/4026 1364/7343/4024
f 1364/7343/4024 1196/5439/4026 1344/5441/4027
f 1276/4651/3576 1277/5715/4185 1454/1850/1552
f 1456/1847/1550 1454/1850/1552 1277/5715/4185
f 1331/1849/216 1276/4651/3576 1454/1850/1552
f 1277/5715/4185 1404/1848/1551 1456/1847/1550
f 1359/5072/3833 1503/3741/2980 1238/5074/3835
f 1418/5083/3843 1238/5085/3835 1503/3745/2980
f 1412/6083/4036 1381/5076/3837 1576/3749/2983
f 1496/6831/3867 1916/6361/3866 1500/6360/4480
f 1301/3098/2544 1500/6360/4480 1594/325/286
f 1414/6363/4481 1637/6842/4668 1379/3102/2547
f 1562/1073/921 1570/247/221 1681/1879/1571
f 1858/6374/4484 1570/247/221 1541/222/198
f 1617/4677/3589 1514/248/222 1626/4245/3311
f 1654/6097/2104 1727/1903/1588 1510/6345/2094
f 1727/7344/1588 1448/7345/4663 1510/7346/2094
f 1590/1824/1535 1587/4217/3289 1731/7347/4817
f 1731/7347/4817 1597/4216/2105 1590/1824/1535
f 1587/4217/3289 1600/4218/3290 1733/6572/4552
f 1733/6572/4552 1731/7347/4817 1587/4217/3289
f 1734/6571/4551 1532/2501/1537 1661/3740/2979
f 1531/1830/1540 1532/1827/1537 1734/6573/4551
f 1600/4218/3290 1531/1830/1540 1733/6572/4552
f 1733/6572/4552 1531/1830/1540 1734/6573/4551
f 1539/1839/951 1415/1054/903 1849/7348/949
f 1849/7348/949 1415/1054/903 1850/1110/952
f 1491/1058/907 1850/1110/952 1415/1054/903
f 1627/5454/4037 1605/4226/3295 1832/6838/4665
f 1692/273/245 1786/2566/2141 1647/274/246
f 1784/4241/3307 1762/4240/3306 1612/6999/4716
f 1799/7349/4818 1458/6366/225 1819/4693/3600
f 1868/1933/1611 1809/1889/1579 1665/1888/1578
f 1868/7350/1611 1874/1937/1612 1809/1890/1579
f 1730/1892/1580 1809/1890/1579 1874/1937/1612
f 1886/5130/3870 1761/7351/2989 1980/7352/2157
f 1980/7352/2157 1761/7351/2989 1831/7353/2991
f 1831/3762/2991 1621/3763/2992 1911/2587/2160
f 2005/2588/2161 1911/2587/2160 1515/3764/2993
f 2005/2588/2161 1515/3764/2993 1895/5772/4215
f 1515/3764/2993 1765/313/279 1895/5772/4215
f 1863/4681/3592 1794/4683/3594 1997/7354/4819
f 1930/3192/2153 1800/4679/3590 2004/3190/2602
f 1800/7355/3590 1861/3194/2603 2004/3193/2602
f 1947/3196/2605 1863/4681/3592 2010/6587/4557
f 1798/6369/3859 1997/7356/4819 1794/6370/3594
f 1890/3200/2608 1971/1210/1041 2236/409/353
f 1971/1211/1041 1829/6375/4485 2039/1212/1042
f 2039/1212/1042 1829/6375/4485 1987/1213/1043
f 1996/7357/4486 1849/7348/949 2083/6589/4556
f 1849/7348/949 1850/1110/952 2083/6589/4556
f 1883/1111/953 2083/6589/4556 1850/1110/952
f 1984/4244/3310 1845/4246/3312 2137/7358/4820
f 2068/7359/2630 2137/7360/4820 1845/7361/3312
f 2031/7362/3599 2068/7359/2630 1799/7363/4818
f 2089/7210/4779 2069/3770/2179 2149/7364/4821
f 2089/7210/4779 2156/7365/4822 2002/2614/2181
f 2157/1957/1628 2002/2614/2181 2156/7365/4822
f 2161/4744/3630 1991/323/285 1926/2568/2143
f 2161/7366/3630 2158/7216/4218 1991/7218/285
f 1926/2568/2143 2097/7211/4780 2161/4744/3630
f 2097/7211/4780 2001/3771/2997 2174/7367/4823
f 2086/2613/2180 2177/1955/1627 1841/2571/2146
f 2101/6594/3604 1966/3179/2599 2183/4703/2184
f 2110/3815/3021 2074/4266/3327 2190/5167/3022
f 2243/3246/2641 2048/1926/1606 2135/4705/3606
f 2067/5783/3609 2048/1926/1606 2243/3246/2641
f 2119/7368/4369 2338/7369/2621 2268/7370/2620
f 2268/3223/2620 2343/3225/2622 2066/7371/294
f 2343/3226/2622 2279/3206/2610 2066/7372/294
f 2128/3207/299 2279/3206/2610 2365/3229/2625
f 2387/4287/2627 2019/1168/1004 2088/1170/1006
f 2096/7373/4824 2019/1173/1004 2486/2693/2243
f 2319/4289/3342 2096/7373/4824 2486/2693/2243
f 2319/4289/3342 2257/418/361 2096/7373/4824
f 2257/418/361 2324/417/360 2162/7374/4825
f 2324/417/360 2328/4293/3345 2162/7374/4825
f 2328/4293/3345 2262/1180/1015 2162/7374/4825
f 2208/1238/1061 2340/463/397 2145/5472/4047
f 2114/5474/329 2145/5476/4047 2271/5171/330
f 2308/420/363 2221/7375/4826 2388/421/364
f 2419/2660/2217 2024/1936/1613 2418/2661/2218
f 2379/2663/2220 2022/378/327 2419/2660/2217
f 2237/376/325 2022/378/327 2379/2663/2220
f 2034/1144/986 2346/5521/3652 2436/5520/4065
f 2458/7376/4827 2203/5160/3880 2436/5520/4065
f 2458/7376/4827 2541/5158/2216 2203/5160/3880
f 2147/1149/991 2541/5158/2216 2355/7377/2214
f 2374/7378/389 2461/7379/391 2322/7380/1630
f 2343/3225/2622 2338/3224/2621 2598/6126/4382
f 2343/3226/2622 2608/7044/4381 2344/3227/2623
f 2525/7043/385 2598/6126/4382 2338/3224/2621
f 2608/7044/4381 2535/6127/4383 2344/3227/2623
f 2344/3227/2623 2535/6127/4383 2365/3229/2625
f 2601/2679/2234 2365/3229/2625 2535/6127/4383
f 2552/7381/4387 2324/417/360 2579/419/362
f 2417/4290/3343 2319/4289/3342 2563/1350/1143
f 2563/1348/1143 2562/1347/1144 2417/7382/3343
f 2319/4289/3342 2486/2693/2243 2563/1350/1143
f 2398/4284/3340 2420/4292/3344 2565/1360/1148
f 2420/4292/3344 2328/4293/3345 2660/1361/1149
f 2391/7383/368 2566/2010/1674 2569/2011/369
f 2526/5530/1648 2359/412/355 2613/1290/1101
f 2359/412/355 2488/414/357 2613/1290/1101
f 2613/1290/1101 2488/414/357 2542/1291/1102
f 2752/7384/1107 2542/1291/1102 2490/416/359
f 2490/1980/359 2554/1300/1108 2752/1299/1107
f 2510/1305/1110 2357/6396/1649 2432/1306/1112
f 2691/1311/1114 2432/1306/1112 2383/4308/3360
f 3047/7385/2275 2642/3829/3032 2567/1973/1643
f 3047/7385/2275 2499/1974/1644 2649/7386/3394
f 2567/1973/1643 2499/1974/1644 3047/7385/2275
f 2661/4367/3395 2649/4366/3394 2499/6602/1644
f 2462/5789/3033 2463/2634/2197 2806/7387/3034
f 2806/7387/3034 2463/2634/2197 2662/7388/4790
f 2662/7388/4790 2463/2634/2197 2648/7389/4224
f 2826/518/443 2837/3259/2650 2677/521/446
f 2677/521/446 2837/3259/2650 2622/3262/2653
f 2694/5801/4229 2728/512/437 2840/3258/2649
f 2840/3258/2649 2728/512/437 2709/514/439
f 2789/511/436 2709/514/439 2728/512/437
f 2840/3258/2649 2709/514/439 2614/3260/2651
f 2709/514/439 2738/7390/4395 2614/3260/2651
f 2709/514/439 2761/5209/3902 2738/7390/4395
f 2622/7391/2653 2735/6165/2652 2844/567/489
f 2735/3261/2652 2614/3260/2651 2738/7390/4395
f 2884/3890/3071 3082/3889/3070 2742/3892/3073
f 2612/7392/4828 2846/3888/3069 2768/7393/4829
f 2846/3888/3069 2843/3891/3072 2768/7393/4829
f 3108/7394/4830 2695/7395/4831 2768/7393/4829
f 3108/7394/4830 3124/7396/4832 2695/7395/4831
f 2843/3891/3072 3085/7397/4833 2768/7393/4829
f 2850/2060/1718 2843/3891/3072 2742/3892/3073
f 2784/5813/4236 2785/7398/4834 2992/3893/3074
f 2992/3893/3074 3095/5817/4238 2784/5813/4236
f 2992/3893/3074 2785/7398/4834 2710/7399/4835
f 3124/7396/4832 2992/3893/3074 2710/7399/4835
f 2992/3893/3074 3124/7396/4832 2888/2054/1712
f 3095/5817/4238 2992/3893/3074 3017/2023/1685
f 3081/3869/3058 3095/5817/4238 3104/2022/1684
f 3017/2023/1685 3104/2022/1684 3095/5817/4238
f 3085/7397/4833 3108/7394/4830 2768/7393/4829
f 3124/7396/4832 3108/7394/4830 2888/2054/1712
f 3108/7394/4830 3085/7397/4833 3094/519/444
f 3102/7400/4836 2888/2054/1712 3108/7394/4830
f 3108/7394/4830 3094/519/444 3102/7400/4836
f 2873/4803/3661 2618/4802/3660 3151/6177/4402
f 2873/4803/3661 3173/6178/4403 2897/2680/2235
f 3173/6178/4403 3346/2768/2292 2897/2680/2235
f 3346/2768/2292 2627/2688/2238 2699/2682/2237
f 3230/6649/4582 3239/7401/4837 3232/6650/4583
f 3239/7401/4837 2921/5823/4240 3240/7402/4838
f 3240/7403/4838 2960/7404/2677 2916/7405/2679
f 2916/3302/2679 2917/3303/2680 3235/7406/4839
f 2916/3302/2679 3235/7406/4839 3240/7402/4838
f 3232/6650/4583 3239/7401/4837 3270/7407/4840
f 3270/7407/4840 3240/7402/4838 2938/3304/2681
f 3239/7401/4837 3240/7402/4838 3270/7407/4840
f 3240/7402/4838 3235/7406/4839 2938/3304/2681
f 2938/3304/2681 3235/7406/4839 2939/3305/2682
f 2948/5820/2685 2611/7408/1652 2963/7409/2686
f 2963/7409/2686 3278/7410/4841 2948/5820/2685
f 3278/7410/4841 2963/7409/2686 2986/3301/2678
f 3039/3884/3067 3034/3883/3065 3076/3897/3068
f 2844/567/489 3147/583/501 3281/568/490
f 3317/6191/3087 3195/7411/4842 3303/3363/2719
f 3165/3912/1195 3195/7412/4842 3317/3913/3087
f 3211/6913/4683 3203/5848/3911 3367/5847/4253
f 3369/7413/4843 3151/6177/4402 3211/6913/4683
f 3369/7413/4843 3375/7414/4844 3151/6177/4402
f 3328/6176/4401 3151/6177/4402 3375/7414/4844
f 3375/7414/4844 3173/6178/4403 3328/6176/4401
f 3375/7414/4844 3386/2133/1782 3173/6178/4403
f 3379/4848/3691 3388/4850/3693 3433/5234/3917
f 3388/4850/3693 3391/4852/3694 3449/5236/3919
f 3464/3383/1757 3407/1432/1211 3509/2142/1791
f 3509/2142/1791 3407/1432/1211 3562/1434/1213
f 3554/4409/3427 3441/4408/3426 3500/4870/3706
f 3572/3410/544 3522/1465/1237 3577/1464/1236
f 3576/1468/543 3522/1467/1237 3572/7415/544
f 3631/5869/4266 3570/5871/3918 3449/7416/3919
f 3631/5869/4266 3449/7416/3919 3582/4401/4509
f 3596/4406/3424 3554/4409/3427 3755/4436/3438
f 3755/4436/3438 3554/4409/3427 3745/4437/3439
f 3712/5293/3940 3720/5296/3941 3728/6466/4507
f 3812/6679/604 3791/2163/1809 3598/2162/1808
f 3737/5297/3942 3812/6679/604 3600/5260/3928
f 3831/2168/1812 3774/7417/4845 3770/2169/1814
f 3834/7418/4846 3774/7419/4845 3831/7420/1812
f 3838/7421/4847 3779/7422/4848 3774/7417/4845
f 3774/7423/4845 3834/7424/4846 3838/7425/4847
f 3784/7426/4414 3779/7422/4848 3838/7421/4847
f 3861/7427/4849 3825/4438/3440 3790/7428/4850
f 3718/5272/3931 3825/4438/3440 3828/1510/1272
f 3861/7429/4849 3727/5275/3933 3786/7430/4851
f 3790/7431/4850 3727/7432/3933 3861/7433/4849
f 3988/1535/1292 3827/3982/3116 3849/1536/1293
f 3928/3983/3117 3827/3982/3116 3988/1535/1292
f 3847/733/615 3700/1502/1266 3992/736/618
f 3768/2830/2332 3700/1502/1266 3847/733/615
f 3992/736/618 3700/1502/1266 3929/737/619
f 3929/737/619 3700/1502/1266 3850/1503/1267
f 3949/5902/2356 3855/1508/1271 3853/1507/1270
f 3933/4440/3442 3853/1507/1270 3828/1510/1272
f 3933/4440/3442 3949/5902/2356 3853/1507/1270
f 3811/3413/1273 3855/7434/1271 3950/5906/2355
f 3950/5906/2355 3960/2874/2363 3811/3413/1273
f 3916/5895/4278 3811/3413/1273 3960/2874/2363
f 3734/3412/2745 3811/3413/1273 3916/5895/4278
f 3688/5891/4274 3846/4912/3726 3973/4911/1863
f 4011/2253/1868 3925/2251/1866 3746/2150/1798
f 4028/740/622 3897/1532/1289 3910/1531/1288
f 4028/740/622 3910/1531/1288 3890/2872/2362
f 3983/5604/4106 4060/7435/4108 3892/1534/1291
f 4060/7435/4108 3988/1535/1292 3892/1534/1291
f 4073/5609/4109 3928/3983/3117 3988/1535/1292
f 4069/4004/3125 3933/4440/3442 4075/4005/3126
f 4075/6228/3126 4007/6231/1309 4079/7436/3128
f 3975/4489/3467 4028/740/622 4051/739/621
f 4076/4000/627 4082/7437/628 3900/4480/590
f 3968/5603/4105 4087/751/630 4137/754/631
f 4200/1588/1329 3968/5603/4105 4137/754/631
f 4056/5601/4103 3968/5603/4105 4200/1588/1329
f 4057/2239/1854 4050/6706/3948 4155/5617/4115
f 3974/5318/2757 4066/5317/1855 4170/7438/1334
f 3955/2243/1858 3974/3447/2757 4170/1593/1334
f 4170/1593/1334 4173/1597/1338 3955/2243/1858
f 4133/2244/1859 3955/2243/1858 4173/1597/1338
f 4063/4908/3723 4124/5319/3950 4214/7439/4852
f 4202/4033/3146 4063/4908/3723 4214/7439/4852
f 4202/4033/3146 4149/6709/4595 4063/4908/3723
f 4124/5319/3950 4249/4034/3147 4214/7439/4852
f 4156/5616/4114 4249/4034/3147 4124/5319/3950
f 4298/1607/1348 4193/5326/3956 4220/781/655
f 4298/1607/1348 4325/2273/1883 4193/5326/3956
f 4325/2273/1883 4291/7440/3135 4193/5326/3956
f 4292/7441/1882 4152/4018/3134 4291/4020/3135
f 4292/2277/1882 4250/2276/1885 4152/7442/3134
f 4201/7087/3734 4260/4500/3472 4320/7443/1889
f 4320/7443/1889 4319/7444/674 4201/7087/3734
f 4326/801/675 4320/2281/1889 4260/7445/3472
f 4334/7446/2392 4260/4500/3472 4211/4501/3473
f 4334/7446/2392 4326/7447/675 4260/4500/3472
f 4334/7446/2392 4211/4501/3473 4167/4502/3474
f 4334/2916/2392 4167/7448/3474 4265/2911/2390
f 4362/2284/1891 4213/2897/2378 4263/1598/1339
f 4310/6717/4599 4213/2897/2378 4406/2283/1890
f 4401/2338/1936 4407/6507/3189 4343/2268/1879
f 4305/2269/1880 4343/2268/1879 4407/6507/3189
f 4407/4085/3189 4411/1646/1385 4305/2270/1880
f 4411/1646/1385 4315/765/642 4305/2270/1880
f 4400/1645/1384 4315/765/642 4411/1646/1385
f 4347/5331/3960 4315/765/642 4400/1645/1384
f 4316/3502/2791 4429/1652/1391 4338/3499/2788
f 4441/792/666 4329/793/667 4391/6500/4518
f 4414/2940/2416 4342/7449/2780 4451/2938/2414
f 4440/4943/3491 4437/799/673 4436/6719/4601
f 4404/4040/3153 4458/5629/4118 4460/4041/3154
f 4409/4044/3157 4461/5630/4119 4458/5629/4118
f 4488/6251/4425 4402/2293/1899 4500/2292/1898
f 4467/5631/4120 4455/4049/3162 4488/6251/4425
f 4529/6950/4697 4558/3505/2794 4574/3508/2797
f 4514/7303/704 4439/1630/1369 4525/7450/3178
f 4525/7451/3178 4439/4940/1369 4490/4942/3181
f 4472/2932/2408 4495/5943/3185 4545/4081/3182
f 4545/4081/3182 4463/1634/1373 4472/2932/2408
f 4559/4080/3187 4463/1634/1373 4545/4081/3182
f 4487/4083/1908 4463/1634/1373 4559/4080/3187
f 4490/6252/3181 4419/5342/3966 4591/7452/4613
f 4419/5344/3966 4424/5343/3967 4591/7453/4613
f 4598/7454/4614 4591/7453/4613 4424/5343/3967
f 4424/5343/3967 4434/6502/4520 4598/7454/4614
f 4598/7454/4614 4434/6502/4520 4605/7455/4615
f 4605/7455/4615 4434/6502/4520 4413/4928/3735
f 4605/7455/4615 4413/4928/3735 4594/4068/3175
f 4594/4068/3175 4413/4928/3735 4460/4041/3154
f 4833/1677/1416 4665/7312/4802 4644/1676/1415
f 4763/7313/4803 4517/809/682 4784/4093/3195
f 4532/811/684 4791/7456/4853 4517/809/682
f 4517/809/682 4791/7456/4853 4784/4093/3195
f 4791/7456/4853 4532/811/684 4642/2954/2430
f 4642/2954/2430 4784/4093/3195 4791/7456/4853
f 4565/7109/4750 4532/811/684 4540/817/687
f 4563/7105/4746 4565/7109/4750 4540/817/687
f 4532/811/684 4565/7109/4750 4642/2954/2430
f 4642/2954/2430 4565/7109/4750 4652/869/734
f 4565/7109/4750 4601/7110/4751 4652/869/734
f 4824/7457/693 4793/6739/4608 4554/6738/692
f 4793/6739/4608 4824/7457/693 4695/7458/4854
f 4695/7458/4854 4824/7457/693 4608/7459/695
f 4793/6739/4608 4695/7458/4854 4806/7460/4855
f 4695/7458/4854 4608/7459/695 4776/7461/4856
f 4806/7460/4855 4695/7458/4854 4616/818/688
f 4616/818/688 4695/7458/4854 4776/7461/4856
f 4678/834/702 4693/7462/4857 4760/833/701
f 4710/839/705 4693/7462/4857 4678/834/702
f 4682/4079/3186 4786/4077/3184 4707/2305/1910
f 4640/2303/1909 4682/4079/3186 4707/2305/1910
f 4731/7463/4858 4734/7464/4859 4868/5670/4151
f 4734/7464/4859 4731/7463/4858 4745/7465/4860
f 4718/7466/3190 4909/7467/4861 4923/7468/4862
f 4902/7469/4863 4909/7467/4861 4914/7470/4864
f 4909/7467/4861 4902/7469/4863 4923/7468/4862
f 4924/7471/2451 4933/7472/4865 4963/7473/4866
f 4924/7471/2451 4963/7473/4866 4958/7474/4867
f 4915/7475/4868 4963/7473/4866 4933/7472/4865
f 4963/7473/4866 4915/7475/4868 4929/6749/4618
f 4963/7473/4866 4929/6749/4618 4926/6748/4617
f 199/925/786 8/7476/4869 6/2369/1967
f 8/7476/4869 199/925/786 270/2370/1968
f 229/2991/2460 10/2371/1969 8/7476/4869
f 116/3009/2475 119/927/788 50/7477/4870
f 527/919/780 123/904/765 74/926/787
f 74/926/787 123/904/765 167/906/767
f 172/907/768 50/7477/4870 119/927/788
f 96/920/781 116/3009/2475 270/2370/1968
f 116/3009/2475 21/7478/4871 270/2370/1968
f 8/7476/4869 237/2992/2461 229/2991/2460
f 237/2992/2461 8/7476/4869 47/2350/1948
f 55/2993/2462 237/2992/2461 47/2350/1948
f 51/7479/4872 50/7477/4870 172/907/768
f 116/3009/2475 50/7477/4870 52/2348/1946
f 172/907/768 271/910/771 51/7479/4872
f 405/5020/3799 503/7480/4873 481/31/29
f 505/7481/4874 481/31/29 503/7480/4873
f 498/5387/3993 97/4104/3206 91/4103/3205
f 498/5387/3993 517/4567/3524 97/4104/3206
f 503/7480/4873 97/4104/3206 517/4567/3524
f 522/7482/4875 498/5387/3993 334/5386/3793
f 517/4567/3524 498/5387/3993 522/7482/4875
f 405/5020/3799 97/4104/3206 503/7480/4873
f 480/4569/3526 503/7480/4873 517/4567/3524
f 519/29/27 481/31/29 295/39/37
f 295/39/37 481/31/29 505/7481/4874
f 295/39/37 505/7481/4874 62/4575/3532
f 317/6000/4329 295/39/37 62/4575/3532
f 62/4575/3532 505/7481/4874 503/7480/4873
f 62/4575/3532 503/7480/4873 480/4569/3526
f 62/4575/3532 176/4576/3533 317/6000/4329
f 296/916/777 317/6000/4329 176/4576/3533
f 296/916/777 176/4576/3533 526/918/779
f 522/7482/4875 334/5386/3793 511/5389/3994
f 63/7483/3200 522/7484/4875 511/7485/3994
f 522/7482/4875 63/4098/3200 85/4101/3203
f 502/4568/3525 522/7482/4875 85/4101/3203
f 517/4567/3524 522/7482/4875 502/4568/3525
f 423/7486/4354 556/5002/3787 205/4998/3783
f 445/2416/2013 437/2408/2005 566/4997/3782
f 566/4997/3782 573/7487/4876 445/2416/2013
f 447/2418/2015 445/2416/2013 573/7487/4876
f 452/6778/4634 447/2418/2015 573/7487/4876
f 566/4997/3782 570/4999/3784 574/7488/4877
f 574/7488/4877 570/4999/3784 556/5002/3787
f 574/7488/4877 444/6528/103 566/4997/3782
f 574/7488/4877 556/5002/3787 419/5381/102
f 184/5380/3991 574/7488/4877 419/5381/102
f 184/5380/3991 444/6528/103 574/7488/4877
f 573/7487/4876 566/4997/3782 444/6528/103
f 462/7489/4878 573/7487/4876 444/6528/103
f 573/7487/4876 462/7489/4878 452/6778/4634
f 474/7490/4879 561/6777/4633 557/6772/4631
f 861/7491/4880 474/7490/4879 557/6772/4631
f 428/6771/4630 861/7491/4880 557/6772/4631
f 557/6772/4631 561/6777/4633 475/6783/4638
f 597/5411/4004 626/5414/4005 606/5409/4003
f 324/6005/4332 589/944/805 494/947/808
f 322/3574/2856 807/5697/4168 349/3576/2858
f 799/5696/4167 847/7492/4881 807/5697/4168
f 680/4169/3254 807/5697/4168 847/7492/4881
f 680/4169/3254 349/3576/2858 807/5697/4168
f 799/5696/4167 323/5695/4166 529/5026/3803
f 798/5025/3802 799/5696/4167 529/5026/3803
f 799/5696/4167 798/5025/3802 847/7492/4881
f 855/7493/4882 680/4169/3254 847/7492/4881
f 855/7493/4882 847/7492/4881 798/5025/3802
f 798/5025/3802 822/4172/3257 855/7493/4882
f 351/3578/2860 336/6532/4535 679/4171/3256
f 336/6532/4535 349/3576/2858 680/4169/3254
f 679/4171/3256 336/6532/4535 680/4169/3254
f 679/4171/3256 369/4119/3221 351/3578/2860
f 822/4172/3257 680/4169/3254 855/7493/4882
f 679/7494/3256 373/7495/3227 369/7496/3221
f 373/4125/3227 679/4171/3256 709/4170/3255
f 709/4170/3255 822/4172/3257 379/3012/2478
f 373/4125/3227 709/4170/3255 379/3012/2478
f 111/6756/3258 118/6758/3214 967/7497/3274
f 1067/6555/4545 899/6554/4544 911/6808/4655
f 1082/3629/2907 1054/3628/2906 1067/6555/4545
f 938/3637/2912 1067/6555/4545 927/6810/4657
f 1082/3629/2907 1067/6555/4545 938/3637/2912
f 965/5718/2933 587/7498/4883 922/1028/879
f 925/7499/881 922/7500/879 587/7501/4883
f 587/7501/4883 965/6553/2933 1108/3627/2905
f 587/7501/4883 1108/3627/2905 1069/3626/2904
f 925/7499/881 587/7501/4883 987/7502/4188
f 876/1005/862 987/7502/4188 587/7501/4883
f 876/1005/862 587/7501/4883 1069/3626/2904
f 1180/2483/2074 967/4191/3274 332/6971/3216
f 982/3093/2541 332/6971/3216 705/7503/3218
f 982/3093/2541 1180/2483/2074 332/6971/3216
f 1215/1021/872 982/3093/2541 705/7503/3218
f 705/7503/3218 346/7504/3224 1215/1021/872
f 346/7504/3224 331/1022/873 1215/1021/872
f 682/1023/874 331/1022/873 156/5021/3800
f 977/4620/3559 1111/1001/860 1097/998/857
f 977/4620/3559 1097/998/857 719/6012/4339
f 737/3614/2894 977/4620/3559 719/6012/4339
f 1133/7505/4884 1136/6013/4340 991/7341/4815
f 719/6012/4339 991/7341/4815 1136/6013/4340
f 715/4614/3556 1136/6013/4340 1133/7505/4884
f 745/3620/2900 728/3618/2898 1136/6013/4340
f 1042/7506/3563 728/3618/2898 745/3620/2900
f 1039/4624/3561 728/3618/2898 1042/7506/3563
f 733/7507/4885 702/1772/1496 1128/6319/4465
f 1138/5433/4020 733/7507/4885 1128/6319/4465
f 1012/5432/4019 733/7507/4885 1138/5433/4020
f 1138/5433/4020 1128/6319/4465 1132/180/156
f 1027/5431/4018 1139/4615/3557 1133/7505/4884
f 1253/184/160 1139/4615/3557 1027/5431/4018
f 1130/4616/3558 1139/4615/3557 1253/184/160
f 1253/184/160 1127/183/159 1130/4616/3558
f 710/3611/2891 1130/4616/3558 1127/183/159
f 715/4614/3556 1133/7505/4884 1139/4615/3557
f 715/4614/3556 1139/4615/3557 1134/3610/2890
f 1124/4613/3555 715/4614/3556 1134/3610/2890
f 866/6978/4712 889/7159/4767 1239/5709/4180
f 894/1762/1486 1239/5709/4180 889/7159/4767
f 442/2407/2004 997/7508/3834 1238/5085/3835
f 375/6806/2003 703/2404/2002 1204/7509/3838
f 703/2404/2002 442/2407/2004 1238/5085/3835
f 1277/5715/4185 1276/4651/3576 1275/4653/3578
f 1144/5728/4194 895/6021/4344 1289/6824/4661
f 1298/7192/4201 1289/7510/4661 895/7190/4344
f 1193/1043/892 1290/1045/894 681/167/143
f 993/168/144 681/167/143 1290/1045/894
f 947/171/147 993/168/144 1290/1045/894
f 947/4612/147 1300/5101/2959 359/4610/3554
f 1300/3709/2959 959/7157/4766 359/7156/3554
f 1186/3708/2958 959/7157/4766 1300/3709/2959
f 1323/3129/2568 994/175/151 1211/5052/3824
f 1297/6069/2051 1211/5052/3824 1005/7511/2052
f 1307/1049/898 1035/4623/3560 1314/1050/899
f 1334/2490/2081 1156/4161/2540 881/3651/2922
f 1334/2490/2081 881/3651/2922 1342/2491/2082
f 1342/2491/2082 881/3651/2922 1163/3650/2921
f 1167/2493/2084 1342/2491/2082 1163/3650/2921
f 1195/2496/2087 936/4166/70 1425/2497/2088
f 936/4166/70 935/214/190 1335/216/192
f 1303/5058/2562 1314/7512/899 1035/4629/3560
f 1234/5059/3825 1042/5060/3563 1380/7513/2567
f 1380/3127/2567 1042/4632/3563 1322/5090/3844
f 1042/4632/3563 1045/4633/3564 1322/5090/3844
f 1331/1849/216 1148/4652/3577 1276/4651/3576
f 1277/5715/4185 1140/6048/3575 1404/1848/1551
f 1412/6083/4036 1206/5078/3839 1381/5076/3837
f 1207/7194/4035 1206/5078/3839 1412/6083/4036
f 1207/5452/4035 1419/5451/4034 1317/5080/3841
f 1633/269/241 1317/5080/3841 1419/5451/4034
f 985/1036/885 1338/1035/884 1432/275/247
f 1432/275/247 1367/276/248 985/1036/885
f 1360/5436/4023 1459/3730/2972 1187/5434/4021
f 1191/3731/189 1187/5434/4021 1459/3730/2972
f 1164/4184/3268 1341/5743/4202 1480/5109/3855
f 1494/5110/3856 1344/5742/4027 1164/4184/3268
f 1494/5110/3856 1164/4184/3268 1480/5109/3855
f 1506/5112/3857 1445/6344/4472 1267/3115/2557
f 1288/7197/213 1165/232/208 1553/231/207
f 1468/6566/214 1288/7197/213 1553/231/207
f 1376/245/219 1416/5746/4204 1487/246/220
f 1421/5735/4199 1221/1040/889 1580/1872/1566
f 1221/1040/889 1315/277/249 1595/1870/1564
f 1595/1870/1564 1580/1872/1566 1221/1040/889
f 1486/6991/4713 1447/5736/4200 1582/5105/3851
f 1582/5104/3851 1564/1866/1561 1486/7514/4713
f 1582/7515/3851 1447/6993/4200 1526/6992/1562
f 1526/1868/1562 1421/5735/4199 1580/1872/1566
f 1714/2538/2117 1407/3725/2970 1569/4667/3584
f 1458/6366/225 1398/5732/4197 1687/6367/4483
f 1565/6351/4475 1687/6367/4483 1398/5732/4197
f 1565/6351/4475 1406/5734/4198 1739/4695/3291
f 1770/314/280 1556/7516/4886 1557/7517/4887
f 1557/7518/4887 1564/7519/1561 1723/321/282
f 1723/7520/282 1564/1866/1561 1796/1865/284
f 1752/1116/958 1506/5112/3857 1538/3114/2556
f 1752/1116/958 1538/3114/2556 1757/1117/959
f 1629/3136/2570 1457/3119/2560 1829/6375/4485
f 1702/3137/2572 1829/6375/4485 1457/3119/2560
f 1929/1871/1565 1792/2569/2144 1580/1872/1566
f 1699/1869/1563 1580/1872/1566 1792/2569/2144
f 1526/1868/1562 1580/1872/1566 1699/1869/1563
f 1751/3161/2588 1611/6565/4549 1742/4688/3596
f 1470/239/215 1742/4686/3596 1463/242/211
f 1729/4690/3598 1815/4691/967 1542/5749/237
f 1749/2545/2122 1958/4249/3315 1678/2549/2126
f 1797/7521/973 1789/5118/3861 1840/1154/971
f 1630/3744/2982 1707/1132/974 1919/1130/972
f 1919/1130/972 2065/5150/996 1630/3744/2982
f 1716/1162/998 1630/7522/2982 2065/1160/996
f 1895/5772/4215 1765/313/279 1968/312/278
f 1753/326/287 1916/6361/3866 2110/3815/3021
f 2070/4277/3336 1964/7523/4888 1904/7524/4207
f 2070/6378/3336 1904/5754/4207 1993/6379/979
f 1837/4674/3587 2056/347/301 2105/369/318
f 2268/7370/2620 1995/334/293 2119/7368/4369
f 2066/335/294 1995/334/293 2268/7370/2620
f 2128/3207/299 2106/3228/2624 2030/340/298
f 2013/3187/1013 1857/3186/2601 2162/7374/4825
f 2095/1179/1014 2013/1178/1013 2162/7525/4825
f 2096/7373/4824 1935/1171/1007 2019/1173/1004
f 2098/4291/1011 2173/4282/3338 1876/5484/1009
f 2025/1181/1010 2262/1180/1015 2098/4291/1011
f 1940/1930/1609 2087/1931/1608 2166/372/321
f 2056/347/301 2117/349/303 2310/3804/3018
f 2117/349/303 2122/350/304 2201/3843/3045
f 2358/7526/307 1888/7527/308 2182/7528/3876
f 2240/6105/4371 2085/1166/1002 2321/7225/4781
f 2014/6104/4370 2176/1235/1058 2163/6107/4373
f 2260/1237/1060 2085/1166/1002 1950/1165/1001
f 2321/7226/4781 2085/7529/1002 2260/7228/1060
f 2248/4285/3341 2260/1237/1060 1950/1165/1001
f 2140/392/341 1839/295/265 2126/393/338
f 2035/5763/4210 2140/6382/341 2477/1232/1057
f 2185/1231/344 2035/5763/4210 2477/1232/1057
f 2044/5765/4212 2035/5763/4210 2185/1231/344
f 2191/5491/4055 2199/404/348 2325/407/351
f 2201/7530/3045 2433/7531/4889 2117/7532/303
f 2393/2667/2224 2311/2666/2223 1984/4244/3310
f 1984/4244/3310 2137/7358/4820 2393/2667/2224
f 2137/7358/4820 2068/3234/2630 2393/2667/2224
f 2298/6867/4674 2032/5162/3871 2355/5163/2214
f 2468/6598/4563 2339/6391/1121 2275/6390/4487
f 2275/6390/4487 2210/4268/3329 2468/6598/4563
f 2522/5506/4059 2637/6877/4675 2140/392/341
f 2522/7533/4059 2435/1230/342 2341/391/340
f 2522/5506/4059 2140/392/341 2435/394/342
f 2637/6878/4675 2477/1232/1057 2140/6382/341
f 2637/6878/4675 2548/5180/3888 2477/1232/1057
f 2548/5180/3888 2559/1233/345 2477/1232/1057
f 2495/403/346 2509/5186/2637 2315/401/347
f 2192/405/349 2315/5487/347 2509/3242/2637
f 2424/5499/405 2596/7534/3063 2307/3219/1064
f 2596/7535/3063 2540/1239/1062 2307/1241/1064
f 2441/7536/2196 2591/5818/3643 2675/3866/3055
f 2503/6593/4560 2507/7537/1071 2693/7538/4496
f 2266/6592/4559 2503/6593/4560 2693/7538/4496
f 2505/5511/3637 2266/6592/4559 2670/5509/4060
f 2670/5509/4060 2266/6592/4559 2693/7538/4496
f 2528/1985/1654 2451/7539/4058 2986/3311/2678
f 2662/7388/4790 2807/7540/4788 2806/7387/3034
f 2662/7541/4790 2648/5790/4224 2797/6152/4392
f 2700/1274/1090 2605/1256/1077 3088/7542/4890
f 2625/7543/1079 3088/7544/4890 2605/7545/1077
f 2705/1276/1091 3088/7544/4890 3097/510/435
f 2700/1275/1090 3088/7544/4890 2705/1276/1091
f 3097/510/435 3088/7544/4890 3083/504/429
f 3088/7544/4890 2625/7543/1079 3083/504/429
f 3083/504/429 2625/7543/1079 2730/505/430
f 2733/7546/1093 2589/7547/1086 3100/7548/4891
f 3100/7548/4891 2589/7547/1086 2590/7549/4892
f 2695/7395/4831 3100/7548/4891 2590/7549/4892
f 2710/7399/4835 2733/7546/1093 3100/7548/4891
f 2710/7399/4835 3100/7548/4891 2695/7395/4831
f 2710/7399/4835 2695/7395/4831 3124/7396/4832
f 2720/7550/3028 3082/3889/3070 2846/3888/3069
f 2846/3888/3069 2612/7392/4828 2720/7550/3028
f 2774/4819/3651 2944/5545/4077 2940/5544/4076
f 2774/4819/3651 3043/4820/3672 2944/5545/4077
f 2958/5551/4083 2944/5545/4077 3043/4820/3672
f 2958/5551/4083 3112/5546/4078 2944/5545/4077
f 2628/6410/4494 3112/5546/4078 2984/5550/4082
f 2958/5551/4083 2984/5550/4082 3112/5546/4078
f 2766/7551/4495 2617/5522/4064 2945/7552/4075
f 2977/5548/4080 2997/5547/4079 2958/5551/4083
f 3115/2707/2251 2984/5550/4082 3007/2711/2255
f 3115/2707/2251 3007/2711/2255 3116/2708/2252
f 3282/565/487 2912/3329/2696 2874/520/445
f 2874/7553/445 2677/7554/446 3166/7555/486
f 2920/4338/3381 3235/7406/4839 2917/3303/2680
f 3235/7406/4839 2920/4338/3381 2929/7556/3384
f 2939/3305/2682 3235/7406/4839 2929/7556/3384
f 2976/4351/3388 2799/4349/3386 2949/4348/3385
f 3137/6638/4578 3050/6445/4503 2990/553/475
f 2990/553/475 2981/550/472 3005/6639/4579
f 3005/6639/4579 2981/550/472 2765/1284/1095
f 2779/7557/4069 3005/6639/4579 2978/6646/4070
f 3297/7558/4404 3164/3374/2728 3301/3373/1766
f 3286/5841/4250 3150/5840/4249 3297/7558/4404
f 3297/7558/4404 3150/5840/4249 3230/6649/4582
f 3164/3374/2728 3297/7558/4404 3230/6649/4582
f 3349/7259/4687 3212/7559/1734 3332/6657/4588
f 3212/2078/1734 3206/2066/1723 3332/7560/4588
f 3411/7561/4688 3212/7562/1734 3349/7563/4687
f 3418/7564/1202 3345/7565/1201 3213/7566/1733
f 3354/7261/4738 3418/7567/1202 3213/2077/1733
f 3213/2077/1733 3355/7262/4792 3354/7261/4738
f 3355/7262/4792 3213/2077/1733 3359/2081/1737
f 3214/2080/1736 3212/2078/1734 3411/7260/4688
f 3411/7260/4688 3355/7262/4792 3214/2080/1736
f 3355/7262/4792 3359/2081/1737 3214/2080/1736
f 2864/4799/3657 2684/3838/3040 3373/6933/4691
f 3373/6933/4691 2684/3838/3040 3376/6202/4409
f 3337/5537/4074 3387/5862/4260 3189/5536/4073
f 3394/7063/4504 3189/5538/4073 3387/7568/4260
f 3337/5537/4074 2864/4799/3657 3373/6933/4691
f 3394/7063/4504 3208/4800/3658 3189/5538/4073
f 3394/7063/4504 3413/5867/4264 3208/4800/3658
f 2931/4801/3659 3208/4800/3658 3413/5867/4264
f 3423/7272/3422 3393/7271/4090 3199/4828/3076
f 3172/3902/3082 3296/1416/1197 3474/1485/1250
f 3298/1406/1190 3339/3910/3086 3484/7070/4739
f 3484/7070/4739 3372/7273/4793 3298/1406/1190
f 3452/621/526 3316/623/528 3298/1406/1190
f 3568/2788/2303 3538/1436/1215 3450/2789/2305
f 3450/2789/2305 3291/5218/3909 3473/5842/4251
f 3519/4407/3425 3473/5842/4251 3436/5230/3915
f 3536/7569/4408 3367/7570/4253 3336/7571/3913
f 3536/7569/4408 3540/3942/3099 3367/7570/4253
f 3540/3942/3099 3544/2132/1781 3367/7570/4253
f 3560/2131/1780 3367/7570/4253 3544/2132/1781
f 3369/7413/4843 3367/5847/4253 3560/3949/1780
f 3498/2134/1783 3369/7413/4843 3560/3949/1780
f 3375/7414/4844 3369/7413/4843 3498/2134/1783
f 3451/7572/3090 3533/7573/532 3635/5877/3704
f 3635/5877/3704 3454/7574/1774 3451/7572/3090
f 3491/7575/1231 3622/7576/4101 3630/7577/3935
f 3630/5586/3935 3501/2773/2297 3491/1459/1231
f 3447/2774/2298 3501/2773/2297 3630/5586/3935
f 3448/7578/3095 3587/5284/2732 3670/5287/3937
f 3515/3938/3096 3671/3939/3097 3672/3408/2743
f 3465/3940/3098 3515/3938/3096 3672/3408/2743
f 3681/2144/1793 3614/2143/1792 3617/2782/2302
f 3707/7071/4740 3681/2144/1793 3617/2782/2302
f 3625/2787/2304 3707/7071/4740 3617/2782/2302
f 3625/2787/2304 3589/2790/2306 3732/7072/4741
f 3677/3392/2318 3732/7072/4741 3589/2790/2306
f 3697/6472/4508 3516/6479/4510 3746/2150/1798
f 3688/6473/4274 3697/6472/4508 3846/4914/3726
f 3925/2251/1866 3697/6472/4508 3746/2150/1798
f 3987/3993/3120 3759/2151/1799 3891/2831/2333
f 3845/2865/2357 3877/3984/3115 3909/2863/1311
f 3918/1568/1315 3852/3980/3114 3845/2865/2357
f 3881/2869/2359 3634/3966/3106 3930/2870/2360
f 3812/6679/604 3737/5297/3942 3939/7086/602
f 3939/7086/602 3737/5297/3942 3881/2869/2359
f 3634/3966/3106 3773/2817/2323 3930/2870/2360
f 3744/1496/1261 3844/1497/1262 3982/4470/3454
f 4001/7579/3458 4003/7580/3459 3917/7581/3457
f 4148/2853/2349 3836/2856/2351 4023/5610/4110
f 4023/5610/4110 3836/2856/2351 4025/2857/2352
f 4092/2894/2375 4025/2857/2352 3906/2859/2354
f 4037/6941/2376 3906/7582/2354 3840/4430/2353
f 4010/2198/1830 3929/2886/619 3958/2199/1831
f 4016/7583/1835 4015/5908/1298 4089/5907/2368
f 4019/2210/1837 4020/2213/1838 4018/2209/1836
f 4016/7583/1835 4089/5907/2368 4091/7584/2369
f 4091/7585/2369 4141/4030/3143 4016/2212/1835
f 4020/2213/1838 4016/2212/1835 4141/4030/3143
f 4143/7586/3955 4013/7587/2372 4017/7588/1282
f 4013/2889/2372 3961/5899/4280 4017/1523/1282
f 4018/2209/1836 4143/5325/3955 4017/1523/1282
f 4120/4025/3139 4020/2213/1838 4175/4027/3141
f 4120/4025/3139 4018/2209/1836 4020/2213/1838
f 4122/5324/3954 4018/2209/1836 4120/4025/3139
f 4182/4028/2367 4141/4030/3143 4091/7585/2369
f 4143/5325/3955 4018/2209/1836 4122/5324/3954
f 4143/7589/3955 4144/2893/2374 4013/2892/2372
f 4100/4482/3460 3984/4484/3462 4266/785/659
f 4266/785/659 3984/4484/3462 4110/4486/3464
f 4110/4486/3464 4130/4487/3465 4210/2264/1875
f 4210/2264/1875 4130/4487/3465 4138/2255/1870
f 4212/2263/1874 4046/4003/3124 4100/4482/3460
f 4210/2264/1875 4266/785/659 4110/4486/3464
f 4164/4032/3145 4168/6493/4515 4301/6499/4517
f 4256/1577/1322 4252/2266/1877 4257/2265/1876
f 4257/4525/1876 4295/4038/3151 4227/1580/1323
f 4189/1584/1327 4236/1586/1326 4305/2270/1880
f 4327/795/669 4165/5320/3951 4321/798/672
f 4165/5320/3951 4048/731/613 4321/798/672
f 4393/4050/3163 4312/4513/3484 4296/4051/3164
f 4281/4029/3142 4312/4513/3484 4393/4050/3163
f 4393/4050/3163 4284/5624/4116 4281/4029/3142
f 4393/4050/3163 4340/4048/3161 4284/5624/4116
f 4359/5625/4117 4358/4046/3159 4271/4503/3475
f 4242/4507/3476 4283/4509/3480 4383/4925/3732
f 4383/7590/3732 4360/4520/3489 4242/4504/3476
f 4337/6247/4423 4274/1628/1367 4301/6499/4517
f 4447/821/691 4253/783/657 4345/782/656
f 4400/1645/1384 4367/3503/2792 4347/5331/3960
f 4361/4039/3152 4428/4052/3165 4296/4051/3164
f 4428/4052/3165 4361/4039/3152 4416/4935/3739
f 4392/3496/2786 4418/5345/3968 4485/2942/2418
f 4427/2957/2433 4468/2958/2434 4392/3496/2786
f 4348/3497/2787 4392/3496/2786 4468/2958/2434
f 4533/6740/4609 4617/7591/4893 4516/6743/4612
f 4533/6740/4609 4618/6742/4611 4617/7591/4893
f 4617/7591/4893 4618/6742/4611 4615/810/683
f 4618/6742/4611 4765/6515/4527 4560/7592/4894
f 4765/6515/4527 4557/7593/4895 4560/7592/4894
f 4560/7592/4894 4557/7593/4895 4794/7594/4896
f 4560/7592/4894 4806/7460/4855 4618/6742/4611
f 4618/6742/4611 4806/7460/4855 4615/810/683
f 4627/815/686 4615/810/683 4806/7460/4855
f 4516/6743/4612 4617/7591/4893 4825/7595/4897
f 4617/7591/4893 4615/810/683 4517/809/682
f 4517/809/682 4825/7595/4897 4617/7591/4893
f 4517/809/682 4763/7313/4803 4825/7595/4897
f 4557/7593/4895 4658/6512/4525 4772/6732/4606
f 4557/7593/4895 4765/6515/4527 4658/6512/4525
f 4557/7593/4895 4772/6732/4606 4788/6734/4607
f 4557/7593/4895 4788/6734/4607 4794/7594/4896
f 4793/6739/4608 4794/7594/4896 4788/6734/4607
f 4794/7594/4896 4793/6739/4608 4806/7460/4855
f 4806/7460/4855 4560/7592/4894 4794/7594/4896
f 4627/815/686 4806/7460/4855 4616/818/688
f 4516/6743/4612 4647/6948/4695 4855/1668/1407
f 4647/6948/4695 4516/6743/4612 4665/7312/4802
f 4516/6743/4612 4825/7595/4897 4665/7312/4802
f 4665/7312/4802 4825/7595/4897 4763/7313/4803
f 4833/1677/1416 4647/6948/4695 4665/7312/4802
f 4734/7464/4859 4892/7596/4898 4868/5670/4151
f 4745/7465/4860 4731/7463/4858 4599/7597/4602
f 4875/7598/4899 4734/7464/4859 4745/7465/4860
f 4745/7465/4860 4614/7599/4605 4875/7598/4899
f 4745/7465/4860 4599/7597/4602 4614/7599/4605
f 4599/6727/4602 4593/4069/3176 4458/5629/4118
f 4599/7597/4602 4731/7463/4858 4593/7600/3176
f 4600/6955/4702 4878/6953/4700 4885/7601/4900
f 4885/7601/4900 4892/7596/4898 4891/7602/4901
f 4875/7598/4899 4891/7602/4901 4892/7596/4898
f 4749/7603/4902 4885/7601/4900 4891/7602/4901
f 4749/7603/4902 4891/7602/4901 4613/7604/4603
f 4891/7602/4901 4875/7598/4899 4606/7605/4604
f 4891/7602/4901 4606/7605/4604 4613/7604/4603
f 4600/6955/4702 4885/7601/4900 4749/7603/4902
f 4600/6955/4702 4749/7603/4902 4752/7606/4903
f 4752/7606/4903 4882/7607/4904 4600/6955/4702
f 4741/5368/3508 4882/7607/4904 4500/7608/1898
f 4882/7609/4904 4752/7610/4903 4500/2292/1898
f 4749/7603/4902 4613/7604/4603 4752/7606/4903
f 4488/7611/4425 4752/7606/4903 4613/7604/4603
f 4500/2292/1898 4752/7610/4903 4488/6251/4425
f 4875/7598/4899 4614/7599/4605 4606/7605/4604
f 4651/5949/4297 4645/3519/2808 4936/2986/2455
f 4936/2986/2455 4645/3519/2808 4908/2342/1940
f 4921/1680/1419 4940/2963/2437 4920/2987/2456
f 4912/2989/2458 4920/2987/2456 4940/2963/2437
f 4936/2986/2455 4928/2988/2457 4699/5950/4298
f 4699/5950/4298 4928/2988/2457 4739/4959/3756
f 59/5371/3986 36/3543/2829 4/3542/2828
f 88/3577/2859 49/5372/3987 59/5371/3986
f 124/5375/2861 49/5374/3987 88/7612/2859
f 233/2364/1962 515/5985/4323 509/2366/1964
f 515/5985/4323 233/2364/1962 78/3568/2850
f 238/4562/3519 515/5985/4323 78/3568/2850
f 23/4558/2881 42/4560/3517 168/7613/816
f 183/4192/3275 56/7614/3516 23/3599/2881
f 190/7615/4905 56/7614/3516 183/4192/3275
f 382/3602/2884 56/7616/3516 190/7617/4905
f 203/4993/3778 261/7618/4906 209/4994/3779
f 203/4993/3778 168/7613/816 261/7618/4906
f 261/7618/4906 168/7613/816 42/4560/3517
f 209/4994/3779 261/7618/4906 533/7321/4808
f 215/7322/4809 261/7618/4906 58/4561/3518
f 215/7322/4809 533/7321/4808 261/7618/4906
f 58/4561/3518 261/7618/4906 42/4560/3517
f 224/7323/2883 58/4561/3518 56/4559/3516
f 382/3602/2884 224/3601/2883 56/7616/3516
f 221/7325/4810 58/4561/3518 224/7323/2883
f 487/7619/4907 80/2373/1971 69/3571/2853
f 335/945/806 80/2373/1971 487/7619/4907
f 86/7620/4908 487/7619/4907 69/3571/2853
f 494/947/808 335/945/806 487/7619/4907
f 620/3570/2852 86/7620/4908 69/3571/2853
f 494/947/808 487/7619/4907 513/7621/4909
f 513/7621/4909 495/6006/4333 494/947/808
f 620/3570/2852 629/7622/4357 86/7620/4908
f 629/7623/4357 516/7624/4910 86/7625/4908
f 487/7619/4907 86/7620/4908 516/7626/4910
f 350/7627/4911 516/7626/4910 629/7622/4357
f 513/7621/4909 487/7619/4907 516/7626/4910
f 516/7626/4910 92/7628/4912 513/7621/4909
f 92/7628/4912 516/7626/4910 350/7627/4911
f 513/7621/4909 92/7628/4912 482/4967/3760
f 371/6003/4331 92/7629/4912 350/7630/4911
f 482/4967/3760 92/7628/4912 371/7631/4331
f 107/4969/3762 482/4967/3760 371/7631/4331
f 194/2384/1982 211/2390/1988 206/6761/4625
f 584/69/65 596/68/64 602/7632/3251
f 618/71/67 1080/3072/2525 785/72/68
f 298/6763/16 343/169/145 311/170/146
f 338/3013/2479 822/4172/3257 804/5029/3806
f 379/3012/2478 822/4172/3257 338/3013/2479
f 338/3013/2479 804/5029/3806 826/7633/4913
f 826/7633/4913 823/96/90 338/3013/2479
f 826/7633/4913 804/5029/3806 825/5030/3807
f 823/96/90 826/7633/4913 810/94/88
f 389/104/98 338/3013/2479 823/96/90
f 410/5032/3809 347/5992/4326 354/4990/3775
f 381/4991/3776 410/5032/3809 354/4990/3775
f 825/5030/3807 410/5032/3809 854/7634/4914
f 854/7634/4914 410/5032/3809 381/4991/3776
f 353/99/93 854/7634/4914 381/4991/3776
f 366/100/94 398/4992/3777 436/4995/3780
f 797/92/86 825/5030/3807 854/7634/4914
f 826/7633/4913 825/5030/3807 797/92/86
f 810/94/88 826/7633/4913 797/92/86
f 808/93/87 854/7634/4914 353/99/93
f 797/92/86 854/7634/4914 808/93/87
f 863/4641/3569 903/2466/2060 612/7140/4762
f 612/7635/4762 903/4648/2060 864/5713/4183
f 627/7636/4341 612/7635/4762 864/5713/4183
f 638/7637/4184 646/7638/4342 1277/7639/4185
f 589/944/805 603/4585/3541 1063/203/179
f 624/4587/3543 963/204/180 603/4585/3541
f 887/5429/4017 963/204/180 624/4587/3543
f 1198/195/171 1256/207/183 1089/7640/4915
f 928/200/176 1198/195/171 1089/7640/4915
f 988/6802/4650 1089/7640/4915 1256/207/183
f 1089/7640/4915 1106/3080/2530 928/200/176
f 1106/3080/2530 1071/2428/2025 1112/3079/2529
f 1071/2428/2025 1106/3080/2530 1109/2435/2032
f 1256/207/183 906/208/184 624/4587/3543
f 988/6802/4650 1256/207/183 624/4587/3543
f 624/4587/3543 906/208/184 887/5429/4017
f 624/4587/3543 794/6007/4334 988/6802/4650
f 1109/2435/2032 1089/7640/4915 988/6802/4650
f 1106/3080/2530 1089/7640/4915 1109/2435/2032
f 872/5705/4176 869/5707/4178 1239/5709/4180
f 894/1762/1486 932/1761/1485 1239/5709/4180
f 1239/5709/4180 869/5707/4178 866/6978/4712
f 950/984/843 1245/6053/2939 942/981/840
f 923/987/846 975/990/849 981/988/847
f 981/988/847 975/990/849 1001/989/848
f 933/994/853 975/990/849 923/987/846
f 1100/976/835 1001/989/848 939/977/836
f 1021/992/851 939/977/836 1001/989/848
f 933/994/853 1032/996/855 975/990/849
f 1034/993/852 1032/996/855 933/994/853
f 1007/997/856 1032/996/855 1034/993/852
f 1205/7641/197 1168/7642/2037 1268/7643/199
f 1268/223/199 954/7644/2036 1176/224/200
f 1168/7642/2037 954/7645/2036 1268/7643/199
f 1173/7646/3570 1228/2452/2044 1008/2451/2046
f 1173/7647/3570 995/7648/2045 1228/7649/2044
f 1217/2499/2090 722/111/105 1427/2498/2089
f 1313/1828/1538 1309/7650/4916 1233/7651/4917
f 1233/7651/4917 751/114/108 1313/1828/1538
f 1318/7652/204 1038/6031/4348 1309/7650/4916
f 1041/7653/2505 1038/6031/4348 1318/7652/204
f 1309/7650/4916 1038/6031/4348 1233/7651/4917
f 727/7654/2503 735/7655/2508 1370/7656/1542
f 1343/5071/3832 1210/5717/4187 1173/4642/3570
f 1304/4204/1523 984/4644/3572 1291/1802/1520
f 1002/6556/3574 984/4644/3572 1304/4204/1523
f 1411/5082/3842 725/1755/1479 1223/3742/1525
f 688/1756/1480 725/1755/1479 1411/5082/3842
f 878/7657/3810 885/236/212 1488/243/217
f 1311/7198/4778 878/5036/3810 1488/5747/217
f 1488/5747/217 1416/5746/4204 1311/7198/4778
f 1376/245/219 1482/244/218 1260/6055/4359
f 1376/245/219 1311/7198/4778 1416/5746/4204
f 1492/6996/4715 1264/6057/4360 1401/6997/4714
f 893/3054/2515 1264/6057/4360 1492/6996/4715
f 623/5692/2951 893/3054/2515 1492/6996/4715
f 1492/6996/4715 1336/6998/2952 623/5692/2951
f 1339/1051/900 1457/3119/2560 1358/1052/901
f 1413/1838/904 1467/1837/902 1155/7658/861
f 1272/1061/910 1334/2490/2081 1627/5454/4037
f 1557/7517/4887 1556/7516/4886 1353/3095/2543
f 1557/7518/4887 1486/6991/4713 1564/7519/1561
f 1353/3096/2543 1486/6991/4713 1557/7518/4887
f 1414/6362/4481 1301/3101/2544 1594/329/286
f 1379/3102/2547 1637/6842/4668 1410/3103/2548
f 1560/1842/1546 1410/3103/2548 1637/6842/4668
f 1296/1841/1515 1410/3103/2548 1560/1842/1546
f 1475/6990/2559 1489/3135/2571 1629/3136/2570
f 1585/3139/2561 1467/1837/902 1539/1109/951
f 1323/3129/2568 1577/6358/4479 1655/286/256
f 1662/3757/257 1577/6358/4479 1433/6068/258
f 1378/1046/895 1314/1050/899 1669/3154/2581
f 1529/3122/2563 1669/3154/2581 1314/1050/899
f 1607/2544/2121 1459/3730/2972 1686/2557/2134
f 1223/3742/1525 1673/7659/3302 1691/3743/2981
f 1711/1882/242 1660/1881/1573 1567/4222/244
f 1660/1885/1573 1802/1886/1576 1584/3735/2976
f 1611/6565/4549 1463/235/211 1742/4688/3596
f 1748/3159/2586 1679/6567/4203 1751/3161/2588
f 1751/3161/2588 1679/6567/4203 1611/6565/4549
f 1488/243/217 1679/5745/4203 1748/3162/2586
f 1718/3166/2591 1487/246/220 1416/5746/4204
f 1718/3169/2591 1488/243/217 1748/3162/2586
f 1785/3171/2594 1534/2513/2101 1768/3168/2592
f 1534/2513/2101 1487/246/220 1768/3168/2592
f 1785/3173/2594 1859/3172/2595 1534/5748/2101
f 1769/2573/2148 1825/5750/4205 1954/346/300
f 1774/2574/2149 1680/5459/4040 1703/5751/4206
f 1774/2574/2149 1955/3786/3007 1680/5459/4040
f 1955/3786/3007 1696/1875/1569 1680/5459/4040
f 1810/6570/2600 1597/2522/2105 1857/7660/2601
f 1731/7347/4817 1733/6572/4552 1935/1171/1007
f 1733/6572/4552 1873/1172/1008 1935/1171/1007
f 1857/3186/2601 1731/7347/4817 1935/1171/1007
f 1879/1177/1012 1810/6570/2600 2013/1178/1013
f 2025/1175/1010 1876/1174/1009 1735/7661/2107
f 1735/2529/2107 1878/1182/1016 2025/1181/1010
f 1969/4248/3314 1908/2550/2127 1958/4249/3315
f 1958/4249/3315 1749/2545/2122 2026/4247/3313
f 1749/2545/2122 1827/2547/2124 2026/4247/3313
f 1989/4251/3317 1790/2551/2128 1908/2550/2127
f 1969/4248/3314 1989/4251/3317 1908/2550/2127
f 1983/7662/3318 1848/3149/2129 1790/7663/2128
f 1995/334/293 1848/3149/2129 1983/7662/3318
f 2011/4257/3320 1867/4258/3321 1746/4259/3322
f 2027/4701/3605 1956/3176/2597 1882/3175/2596
f 1966/4702/2599 2027/4701/3605 1882/3175/2596
f 1981/2619/2185 1781/1911/1594 2078/2621/2187
f 1781/1911/1594 1892/1909/1592 2078/2621/2187
f 2021/1912/1595 1824/7005/1597 2093/2623/2188
f 1806/5759/960 1716/1162/998 2054/1161/997
f 2054/1161/997 2062/5152/3877 1806/5759/960
f 2009/5760/2173 2076/5137/3873 1943/1880/1572
f 2009/2603/2173 1933/1119/961 2146/2601/2171
f 2050/4272/1655 2120/4271/3331 1739/4695/3291
f 1905/4273/3332 1821/7664/276 2131/7006/4718
f 2141/7008/4719 2131/7007/4718 1821/310/276
f 1821/310/276 1964/7523/4888 2141/7008/4719
f 2181/440/379 1989/4251/3317 2125/4706/3607
f 2063/6103/3319 1989/4251/3317 2181/440/379
f 2119/6101/4369 2063/6103/3319 2181/440/379
f 2217/5168/3613 2011/4257/3320 2218/4716/3614
f 2218/7224/3614 1746/7665/3322 2077/4263/3324
f 2272/6392/3615 2159/4262/3325 2275/6390/4487
f 2077/4263/3324 2159/4262/3325 2272/6392/3615
f 2159/4262/3325 2210/4268/3329 2275/6390/4487
f 2210/4268/3329 2033/2585/2158 2195/5770/4213
f 2304/4294/3346 2195/5770/4213 2005/2588/2161
f 2304/4294/3346 2005/2588/2161 2228/4295/3347
f 2392/4296/3348 2228/4295/3347 1895/5772/4215
f 2241/7666/3349 2392/7667/3348 1895/7668/4215
f 2361/7023/4723 2286/3793/3011 2193/3795/3012
f 2169/7669/3005 2212/7670/3013 2364/7671/4720
f 2288/7672/3014 2169/7669/3005 2364/7671/4720
f 2370/7673/4721 2364/7674/4720 2212/7675/3013
f 2370/7676/4721 2212/3796/3013 2286/3798/3011
f 2288/3800/3014 2222/3803/3017 2061/3787/3008
f 2288/3800/3014 2373/3801/3015 2222/3803/3017
f 2384/7022/3634 2286/3793/3011 2361/7023/4723
f 2370/7676/4721 2286/3798/3011 2390/7677/4731
f 2390/7030/4731 2384/6858/3634 2396/6860/4673
f 2390/7677/4731 2286/3798/3011 2384/7678/3634
f 2406/3841/3043 2108/3201/2609 2310/3804/3018
f 2433/7679/4889 2310/3804/3018 2117/349/303
f 2214/1223/1050 2267/1222/1049 2423/1267/1085
f 2430/7680/4918 2277/5157/3878 2422/3820/3026
f 2277/5157/3878 2179/3821/3027 2422/3820/3026
f 2430/7680/4918 2352/1226/1053 2277/5157/3878
f 2430/7680/4918 2445/7681/4919 2352/1226/1053
f 2452/1225/1052 2352/1226/1053 2445/7681/4919
f 2293/4766/3029 2138/2594/2167 2456/4767/3636
f 2456/7682/3636 2138/2599/2167 2227/6849/3639
f 2358/353/307 2182/5142/3876 2550/7683/3048
f 2550/7683/3048 2182/5142/3876 2425/3233/2629
f 2484/2650/2209 2306/2647/2206 2564/5795/1706
f 2589/7684/1086 2452/7685/1052 2590/7686/4892
f 2506/1281/1094 2710/7687/4835 2421/4764/1056
f 2612/7688/4828 2452/1225/1052 2445/7681/4919
f 2612/7688/4828 2445/7681/4919 2430/7680/4918
f 2720/7689/3028 2293/4766/3029 2560/4765/3635
f 2612/7688/4828 2590/7690/4892 2452/1225/1052
f 2580/7691/3638 2532/4777/3641 2299/5495/1054
f 2710/7692/4835 2580/4771/3638 2421/1229/1056
f 2733/1283/1093 2710/7687/4835 2506/1281/1094
f 2430/7680/4918 2422/3820/3026 2720/3822/3028
f 2612/7688/4828 2430/7680/4918 2720/3822/3028
f 3082/7693/3070 2720/7689/3028 2560/4765/3635
f 3082/7693/3070 2560/4765/3635 2742/7694/3073
f 2742/3892/3073 2505/7695/3637 2682/7696/4061
f 2560/7697/3635 2505/7695/3637 2742/3892/3073
f 2768/7393/4829 2695/7395/4831 2612/7392/4828
f 2695/7395/4831 2590/7549/4892 2612/7392/4828
f 2580/7698/3638 2784/7699/4236 2532/7700/3641
f 2784/7701/4236 2580/7702/3638 2785/7703/4834
f 2580/7704/3638 2710/7399/4835 2785/7398/4834
f 2644/4326/3373 2722/2003/1668 2854/2716/2258
f 2887/2718/2260 2644/4326/3373 2854/2716/2258
f 2854/2716/2258 3086/4318/3365 3098/4325/3372
f 2854/2716/2258 3098/4325/3372 2896/2717/2259
f 2896/2717/2259 3098/4325/3372 3101/2719/2261
f 3098/4325/3372 2842/4324/3371 2818/4327/3374
f 3101/2719/2261 3098/4325/3372 2818/4327/3374
f 2744/7705/2262 3149/2724/2264 2816/2723/2265
f 2818/4327/3374 2816/2726/2265 2962/2728/2267
f 3101/2719/2261 2818/4327/3374 2962/2728/2267
f 2644/4326/3373 2887/2718/2260 3126/2020/1682
f 3126/2020/1682 2688/6141/4388 2644/4326/3373
f 3229/2014/1676 2647/6142/4389 2688/6141/4388
f 2887/2718/2260 2900/2019/1681 3126/2020/1682
f 2987/6440/4498 3114/7706/4920 3248/6439/4497
f 2989/6441/4499 3248/6439/4497 3114/7706/4920
f 2987/6440/4498 3009/6918/4685 3114/7706/4920
f 3114/7706/4920 3009/6918/4685 3128/7707/4921
f 3009/6918/4685 3125/6442/4500 3128/7707/4921
f 2989/6441/4499 3114/7706/4920 3128/7707/4921
f 2777/7708/2647 2989/6441/4499 2747/6627/4571
f 2975/3894/3075 2989/6441/4499 2777/7708/2647
f 3128/7707/4921 2747/6627/4571 2989/6441/4499
f 2747/6627/4571 3128/7707/4921 3135/7709/4922
f 3129/6637/4577 3135/7709/4922 3128/7707/4921
f 2747/6627/4571 3135/7709/4922 3121/6630/4573
f 3128/7707/4921 3125/6442/4500 3129/6637/4577
f 3129/6637/4577 3125/6442/4500 3142/7710/4923
f 3142/7710/4923 3125/6442/4500 3050/6445/4503
f 3050/6445/4503 3129/6637/4577 3142/7710/4923
f 3129/6637/4577 3121/6630/4573 3135/7709/4922
f 3121/6630/4573 3129/6637/4577 2764/6631/4574
f 3050/6445/4503 3137/6638/4578 3129/6637/4577
f 2688/6141/4388 3126/2020/1682 2856/2017/1679
f 2856/2017/1679 3229/2014/1676 2688/6141/4388
f 2890/2015/1677 3229/2014/1676 2856/2017/1679
f 2856/2017/1679 2900/2019/1681 3244/2734/2270
f 3244/2734/2270 3153/2733/2269 3309/3357/2713
f 2713/2021/1683 2856/2017/1679 3244/2734/2270
f 3244/2734/2270 3309/3357/2713 2713/2021/1683
f 3153/2733/2269 3101/2719/2261 3146/2729/2268
f 2927/2027/1689 3017/2023/1685 2901/2055/1713
f 3111/2026/1688 3109/2024/1686 2868/2030/1692
f 3001/527/452 2980/522/447 2985/525/450
f 2786/526/451 2980/522/447 3001/527/452
f 3079/1400/1184 3004/1401/1185 3044/6900/4682
f 3044/6900/4682 3004/1401/1185 3045/6906/1700
f 2893/6164/4396 2882/5526/461 3147/7711/501
f 3147/583/501 2882/536/461 3294/584/502
f 3294/584/502 2882/536/461 3313/535/460
f 3323/538/463 3313/535/460 2875/537/462
f 3186/545/468 3234/547/470 3429/594/506
f 3283/4858/3696 3282/3331/487 3434/6187/4257
f 3434/6187/4257 3364/4392/3414 3283/4858/3696
f 3282/7712/487 3166/5853/486 3434/5852/4257
f 3311/7713/4258 3166/7714/486 2677/7715/446
f 3381/4388/3411 2862/566/488 3366/1438/1217
f 3343/3368/2724 3395/1453/1225 3202/3370/2722
f 3395/1453/1225 3318/7716/2720 3202/3370/2722
f 3395/1453/1225 3483/1452/1210 3318/7716/2720
f 3343/3368/2724 3201/1422/1203 3396/646/546
f 3483/1452/1210 3351/7717/1209 3318/7716/2720
f 3450/2789/2305 3538/1436/1215 3291/5218/3909
f 3480/2797/2309 2724/5221/3912 3415/2795/2311
f 3336/5222/3913 2724/5221/3912 3480/2797/2309
f 3369/7413/4843 3211/6913/4683 3367/5847/4253
f 3416/5578/4099 3419/5850/4255 3468/5851/4256
f 3496/2770/2294 3431/2757/2286 3508/7718/4924
f 3431/2757/2286 3219/3340/2699 3508/7718/4924
f 3417/5577/4098 3508/7718/4924 3219/3340/2699
f 3504/7719/4096 3468/5851/4256 3422/4863/3701
f 3438/4394/3415 3311/5854/4258 3493/6659/1218
f 3311/5854/4258 3381/5855/3411 3493/6659/1218
f 3502/2111/1764 3370/2110/1763 3459/2113/1765
f 3525/4391/3413 3432/4390/3412 3611/7720/554
f 3608/7721/555 3611/7720/554 3432/4390/3412
f 3432/4393/3412 3609/663/561 3608/7722/555
f 3635/5877/3704 3533/7573/532 3564/5874/4267
f 3688/6473/4274 3433/5234/3917 3503/5233/3916
f 3503/5233/3916 3631/6474/4266 3688/6473/4274
f 3517/634/537 3585/636/539 3768/2830/2332
f 3768/2830/2332 3585/636/539 3700/1502/1266
f 3655/641/541 3700/1502/1266 3585/636/539
f 3643/5584/2744 3788/1509/1268 3577/1464/1236
f 3788/1509/1268 3572/3410/544 3577/1464/1236
f 3734/3412/2745 3576/643/543 3729/642/542
f 3657/3415/1239 3576/643/543 3734/3412/2745
f 3499/6931/4689 3679/6204/4411 3749/7723/4925
f 3772/1514/1275 3799/1513/1274 3637/6934/4412
f 3772/1514/1275 3637/6934/4412 3802/1516/1277
f 3802/7724/1277 3693/7725/4690 3859/7726/1280
f 3749/7723/4925 3693/6932/4690 3373/6933/4691
f 3749/7723/4925 3373/6933/4691 3499/6931/4689
f 3752/6939/4273 3545/6214/4265 3659/7727/4413
f 3679/6204/4411 3545/6214/4265 3752/6939/4273
f 3829/6938/4692 3749/7723/4925 3679/6204/4411
f 3593/5865/4262 3799/6935/1274 3903/7728/1276
f 3685/3394/2736 3593/7729/4262 3903/1515/1276
f 3903/1515/1276 3857/7285/4794 3685/3394/2736
f 3820/7730/1281 3859/7731/1280 3693/6932/4690
f 3878/7732/4926 3693/6932/4690 3749/7723/4925
f 3878/7732/4926 3820/7730/1281 3693/6932/4690
f 3738/4903/3432 3740/5892/4275 3885/4899/3718
f 3740/5892/4275 3743/5901/2348 3967/729/611
f 3838/7733/4847 3831/2166/1812 3899/4450/3447
f 3831/2166/1812 3838/7733/4847 3834/7734/4846
f 3899/4450/3447 3784/7735/4414 3838/7733/4847
f 3993/7736/2778 3786/7737/4851 3784/7426/4414
f 3894/4439/3441 3825/4438/3440 3861/7427/4849
f 3894/6229/3441 3861/7738/4849 3919/6230/4415
f 3861/7738/4849 3786/7739/4851 3919/6230/4415
f 3969/6937/1843 3878/7732/4926 3749/7723/4925
f 3969/7740/1843 3977/7741/1841 3878/7742/4926
f 3749/7723/4925 3829/6938/4692 3969/6937/1843
f 3991/743/625 3872/2231/1850 3903/1515/1276
f 3872/2231/1850 3857/7285/4794 3903/1515/1276
f 3820/7730/1281 3989/7743/1848 3942/7744/1279
f 3994/7745/1846 3878/7746/4926 3977/7645/1841
f 3989/7743/1848 3878/7732/4926 3994/2223/1846
f 3989/7743/1848 3820/7730/1281 3878/7732/4926
f 3830/2821/2324 3782/2822/2325 4046/4003/3124
f 3935/4483/3461 4046/4003/3124 3782/2822/2325
f 3981/1545/1301 4114/7299/4797 3985/4452/3449
f 3985/4452/3449 4114/7299/4797 3995/4454/3450
f 4114/7299/4797 3966/4451/3448 3995/4454/3450
f 4159/7298/4796 3966/4451/3448 4114/7299/4797
f 4150/5615/4113 3966/4451/3448 4159/7298/4796
f 3898/2178/1818 3966/4451/3448 4150/5615/4113
f 4114/7299/4797 3981/1545/1301 4186/7300/4798
f 3981/1545/1301 4078/1546/1302 4194/6244/4420
f 4194/6244/4420 4186/7300/4798 3981/1545/1301
f 4197/7747/4598 4078/7748/1302 4086/7749/1300
f 4161/5321/3952 4197/6716/4598 4072/1543/1299
f 4197/7747/4598 4086/7749/1300 4072/7750/1299
f 4160/4922/3730 4119/735/617 4222/4923/3485
f 4113/734/616 4119/735/617 4160/4922/3730
f 4039/3478/2774 4152/6944/3134 4250/6240/1885
f 4268/5923/4292 4287/5922/4291 4204/4497/3469
f 4342/3489/2780 4225/3491/2781 4317/5338/3964
f 4294/1609/1350 4382/1613/1354 4232/5915/4286
f 4387/4065/3174 4378/4060/3171 4287/5922/4291
f 4387/4065/3174 4287/5922/4291 4268/5923/4292
f 4369/7751/1887 4375/2274/1884 4405/3501/2790
f 4333/4524/1878 4453/4522/678 4433/7752/679
f 4433/7753/679 4257/2265/1876 4333/2267/1878
f 4389/4526/3490 4257/4525/1876 4433/808/679
f 4444/7754/676 4369/7755/1887 4405/7756/2790
f 4453/804/678 4369/7757/1887 4444/802/676
f 4351/4521/1888 4369/7758/1887 4453/4522/678
f 4433/808/679 4462/807/681 4389/4526/3490
f 4506/6949/4696 4529/6950/4697 4626/7759/4927
f 4537/7112/4753 4506/6949/4696 4626/7759/4927
f 4547/7114/4755 4595/3517/2806 4626/7759/4927
f 4574/3508/2797 4628/3509/2798 4529/6950/4697
f 4547/7114/4755 4626/7759/4927 4529/6950/4697
f 4529/6950/4697 4628/3509/2798 4547/7114/4755
f 4628/3509/2798 4573/3510/2799 4584/3514/2803
f 4628/3509/2798 4584/3514/2803 4589/7113/4754
f 4547/7114/4755 4628/3509/2798 4589/7113/4754
f 4607/3515/2804 4537/7112/4753 4479/7760/4928
f 4813/6261/4431 4537/7112/4753 4607/3515/2804
f 4537/7112/4753 4626/7759/4927 4479/7760/4928
f 4626/7759/4927 4595/3517/2806 4479/7760/4928
f 4553/7106/4747 4616/818/688 4776/7461/4856
f 4776/7461/4856 4608/7459/695 4787/7761/4929
f 4787/7761/4929 4608/7459/695 4531/7762/4745
f 4553/7106/4747 4776/7461/4856 4787/7761/4929
f 4787/7761/4929 4531/7762/4745 4807/7763/4930
f 4807/7763/4930 4553/7106/4747 4787/7761/4929
f 4807/7763/4930 4531/7762/4745 4515/7764/2410
f 4639/5639/4128 4807/7765/4930 4515/2934/2410
f 4621/819/689 4616/818/688 4553/7106/4747
f 4761/5642/4131 4553/7106/4747 4807/7763/4930
f 4553/7106/4747 4761/5642/4131 4575/7107/4748
f 4590/7108/4749 4565/7109/4750 4563/7105/4746
f 4601/7110/4751 4590/7108/4749 4764/7111/4752
f 4575/7107/4748 4761/5642/4131 4611/5646/4134
f 4639/7766/4128 4643/5643/4132 4807/7763/4930
f 4643/5643/4132 4761/5642/4131 4807/7763/4930
f 4603/2952/2428 4867/6951/4698 4872/7767/4931
f 4609/2951/2427 4603/2952/2428 4872/7767/4931
f 4867/6951/4698 4600/6955/4702 4872/7767/4931
f 4872/7767/4931 4600/6955/4702 4882/7607/4904
f 4882/7607/4904 4726/5367/3983 4872/7767/4931
f 4712/5967/4311 4884/5667/4148 4886/7768/4932
f 4854/5665/4146 4884/5667/4148 4712/5967/4311
f 4884/5667/4148 4711/5663/4144 4886/7768/4932
f 4712/5967/4311 4886/7768/4932 4889/7769/4933
f 4711/5663/4144 4890/5668/4149 4886/7768/4932
f 4886/7768/4932 4890/5668/4149 4892/7596/4898
f 4892/7596/4898 4890/5668/4149 4868/5670/4151
f 4886/7768/4932 4892/7596/4898 4889/7769/4933
f 4871/6952/4699 4712/5967/4311 4889/7769/4933
f 4871/6952/4699 4889/7769/4933 4885/7601/4900
f 4885/7601/4900 4878/6953/4700 4871/6952/4699
f 4892/7596/4898 4885/7601/4900 4889/7769/4933
f 4892/7596/4898 4734/7464/4859 4875/7598/4899
f 4731/7463/4858 4868/5670/4151 4586/5669/4150
f 4586/5669/4150 4880/5958/4303 4731/7463/4858
f 4731/7463/4858 4880/5958/4303 4593/7600/3176
f 4593/7600/3176 4880/5958/4303 4594/5959/3175
f 4674/6262/4432 4637/6257/4429 4648/6260/4430
f 4633/5970/4314 4646/5968/4312 4634/4538/3497
f 4638/7770/4934 4646/7771/4312 4633/7772/4314
f 4944/7773/4935 4949/7774/4936 4698/5660/4141
f 4944/7773/4935 4698/5660/4141 4711/5663/4144
f 4944/7773/4935 4683/5666/4147 4902/7469/4863
f 4944/7773/4935 4711/5663/4144 4683/5666/4147
f 10/2371/1969 6/2369/1967 8/7476/4869
f 52/2348/1946 21/7478/4871 116/3009/2475
f 270/2370/1968 21/7478/4871 8/7476/4869
f 21/7478/4871 47/2350/1948 8/7476/4869
f 47/2350/1948 21/7478/4871 52/2348/1946
f 52/2348/1946 50/7477/4870 51/7479/4872
f 271/910/771 52/2348/1946 51/7479/4872
f 271/910/771 29/912/773 52/2348/1946
f 5/2352/1950 55/2993/2462 47/2350/1948
f 87/4570/3527 85/4101/3203 82/4100/3202
f 87/4570/3527 82/4100/3202 95/4571/3528
f 95/4571/3528 125/6281/4446 87/4570/3527
f 280/6793/4641 284/6799/4647 283/6794/4642
f 204/6002/2471 107/7775/3762 371/6003/4331
f 494/947/808 495/6006/4333 324/6005/4332
f 513/7621/4909 485/7315/4805 495/6006/4333
f 780/4586/3542 495/6006/4333 341/6009/4336
f 485/7315/4805 513/7621/4909 482/4967/3760
f 341/6009/4336 495/6006/4333 485/7315/4805
f 542/2377/1975 806/2385/1983 539/2383/1981
f 806/2385/1983 550/2393/1991 539/2383/1981
f 806/2385/1983 363/7332/4812 368/949/810
f 363/7332/4812 367/950/811 368/949/810
f 563/6547/4539 806/2385/1983 368/949/810
f 550/2393/1991 806/2385/1983 563/6547/4539
f 563/6547/4539 572/2392/1990 550/2393/1991
f 572/2392/1990 563/6547/4539 361/1750/1476
f 376/7776/814 109/899/760 142/7121/4757
f 142/7777/4757 122/7778/3 385/951/812
f 385/951/812 376/953/814 142/7777/4757
f 376/7776/814 163/902/763 109/899/760
f 203/4993/3778 163/902/763 376/7776/814
f 168/7613/816 203/4993/3778 376/7776/814
f 616/145/128 649/152/132 592/141/124
f 592/141/124 639/151/129 960/142/127
f 639/151/129 592/141/124 649/152/132
f 783/7779/4937 651/6290/135 671/6292/4453
f 613/6294/4454 651/6290/135 783/7779/4937
f 793/6796/4644 783/7779/4937 671/6292/4453
f 613/6294/4454 783/7779/4937 793/6796/4644
f 683/7780/4456 577/6020/4343 579/5727/4193
f 683/6788/4456 578/6313/4459 577/7781/4343
f 959/7157/4766 672/2469/2063 300/5676/4157
f 326/7782/4938 300/5676/4157 672/2469/2063
f 354/4990/3775 347/5992/4326 535/7783/4939
f 716/2470/2064 15/1694/1428 372/7784/4940
f 133/1690/1429 15/1689/1428 716/2474/2064
f 306/1692/1431 133/1690/1429 668/4593/3545
f 817/6972/4706 567/2389/1987 387/931/792
f 724/6044/100 556/7785/3787 423/6045/4354
f 447/2418/2015 862/2417/2014 445/2416/2013
f 419/108/102 556/7786/3787 724/106/100
f 722/111/105 462/7787/4878 444/109/103
f 852/958/817 846/2414/2011 861/7491/4880
f 861/7491/4880 846/2414/2011 850/2412/2009
f 474/7490/4879 861/7491/4880 850/2412/2009
f 832/959/818 852/958/817 861/7491/4880
f 832/959/818 861/7491/4880 428/6771/4630
f 850/2412/2009 561/6777/4633 474/7490/4879
f 447/2418/2015 561/6777/4633 850/2412/2009
f 667/4137/3238 1062/6976/4710 641/4136/3237
f 667/4137/3238 588/4132/3233 598/4131/3232
f 1090/6977/4711 1062/6976/4710 667/4137/3238
f 1098/7160/4768 1090/6977/4711 667/4137/3238
f 866/6978/4712 1090/6977/4711 1098/7160/4768
f 598/4131/3232 619/3024/2490 697/3023/2489
f 598/4131/3232 697/3023/2489 667/4137/3238
f 1098/7160/4768 667/4137/3238 697/3023/2489
f 1098/7160/4768 697/3023/2489 601/4138/3239
f 601/4138/3239 697/3023/2489 814/3026/2492
f 326/7782/4938 672/2469/2063 966/7788/4941
f 121/7789/1432 326/7782/4938 966/7788/4941
f 966/7788/4941 974/7790/4362 121/7789/1432
f 372/7784/4940 121/1693/1432 974/6067/4362
f 668/4593/3545 133/1690/1429 716/2474/2064
f 182/5398/2837 433/5397/1511 695/7791/3573
f 725/6539/1479 383/6541/4162 1002/4646/3574
f 700/174/150 811/948/809 828/6546/4538
f 691/173/149 811/948/809 700/174/150
f 913/3060/2518 585/3057/1440 1165/232/208
f 585/3057/1440 608/3059/2517 1165/232/208
f 919/7792/210 608/7793/2517 926/7794/2520
f 943/5039/3813 937/2436/2033 1242/5041/3815
f 1173/4642/3570 1008/7795/2046 1033/6051/3819
f 1269/5449/4031 1158/5015/3797 1263/5448/4032
f 888/7796/3822 1158/5015/3797 1269/5449/4031
f 703/2404/2002 1238/5085/3835 1294/5084/3836
f 1204/5077/3838 703/7797/2002 1294/5075/3836
f 1204/5077/3838 1206/5078/3839 380/7131/4760
f 1208/5079/3840 1207/5452/4035 1317/5080/3841
f 1402/2512/2100 953/6001/4330 1203/4658/3582
f 1402/2512/2100 1369/6070/4363 953/6001/4330
f 1369/6070/4363 1150/6801/4649 953/6001/4330
f 1309/7650/4916 1313/1828/1538 1444/1823/1534
f 1435/1822/205 1309/7650/4916 1444/1823/1534
f 1435/1822/205 1318/7652/204 1309/7650/4916
f 1283/3110/2055 1464/3109/2553 1265/7199/1513
f 1337/2484/2075 949/972/831 1226/974/833
f 1428/3113/2555 883/2422/2019 1434/5741/2073
f 1523/5733/224 1398/5732/4197 1458/6366/225
f 1323/3129/2568 1211/5052/3824 1577/6358/4479
f 1211/5052/3824 1433/6068/258 1577/6358/4479
f 1505/6359/3288 1378/1046/895 1521/3155/2582
f 1371/1047/896 1378/1046/895 1505/6359/3288
f 1529/3124/2563 1303/5058/2562 1310/3125/2565
f 1310/3125/2565 1234/5059/3825 1499/3126/2566
f 1327/2465/2059 1329/2463/2057 1403/1087/933
f 1403/1087/933 1328/1846/1549 1327/2465/2059
f 1396/3706/2956 1236/1020/871 1575/6354/4477
f 1556/7516/4886 1575/6354/4477 1353/3095/2543
f 1575/6354/4477 1236/1020/871 1353/3095/2543
f 1483/3710/2960 1300/3709/2959 1608/6355/3849
f 1357/2468/2062 1558/3711/2961 1559/6836/3845
f 1601/5097/3846 1409/3106/2550 1368/2475/2066
f 1583/6352/273 1682/4220/3292 1395/4221/3293
f 1505/4214/3288 1709/5752/275 1606/4215/3287
f 1535/308/274 1606/4213/3287 1709/309/275
f 1681/1879/1571 1570/247/221 1858/6374/4484
f 1758/351/305 1858/6374/4484 1541/222/198
f 1762/4240/3306 1758/351/305 1541/222/198
f 1612/6999/4716 1762/4240/3306 1541/222/198
f 1784/4241/3307 1612/6999/4716 1507/225/201
f 1507/225/201 1617/4677/3589 1784/4241/3307
f 1626/4245/3311 1628/7000/4717 1845/4246/3312
f 1845/7798/3312 1838/7799/3309 1626/7800/3311
f 1845/7361/3312 1628/7001/4717 1799/7363/4818
f 1628/7001/4717 1458/251/225 1799/7363/4818
f 1686/2557/2134 1824/1916/1597 1607/2544/2121
f 1938/7801/1033 1673/4235/3302 1812/4236/3303
f 1938/6584/1033 1691/3743/2981 1673/7659/3302
f 1811/6583/4555 1728/4233/3301 1803/5467/4044
f 1812/7802/3303 1811/6583/4555 1938/1200/1033
f 1691/3743/2981 1938/6584/1033 1994/1155/994
f 1840/1154/971 1691/3743/2981 1994/1155/994
f 1821/310/276 1709/309/275 1964/7523/4888
f 1964/7803/4888 1709/5752/275 1904/5754/4207
f 1904/5754/4207 1833/5755/980 1993/6379/979
f 2315/401/347 1923/5766/4051 2109/402/343
f 2315/401/347 1970/5767/4052 1923/5766/4051
f 2034/1144/986 1818/1143/985 2191/5491/4055
f 2006/5470/4046 1853/3758/2988 2091/7804/3602
f 2010/6587/4557 1863/4681/3592 1997/7354/4819
f 1997/7356/4819 2178/6114/4375 2010/7805/4557
f 2178/6114/4375 1798/6369/3859 2176/6113/1058
f 1997/7356/4819 1798/6369/3859 2178/6114/4375
f 2084/3195/2604 1947/3196/2605 2160/2652/2211
f 1975/3767/2995 2187/6590/4558 1884/2556/2133
f 2200/5138/2189 1884/2556/2133 2187/6590/4558
f 2118/5139/3874 1975/3768/2995 1896/2560/2136
f 2127/5140/3875 2118/5139/3874 1906/2562/2138
f 2127/7806/3875 1914/1206/1037 2197/1205/1036
f 2129/1966/1637 1894/1112/954 2300/1208/1039
f 2257/418/361 2162/7374/4825 1857/3186/2601
f 1857/3186/2601 1935/1171/1007 2257/418/361
f 2257/418/361 1935/1171/1007 2096/7373/4824
f 2162/7374/4825 2262/1180/1015 2095/1183/1014
f 2221/7375/4826 2308/420/363 2076/5137/3873
f 2087/1929/1608 2076/5137/3873 2308/420/363
f 2308/420/363 2234/424/367 2087/1929/1608
f 2234/432/367 2166/372/321 2087/1931/1608
f 1927/6851/1610 1945/7807/320 2226/6852/319
f 2034/1144/986 2436/5520/4065 2203/5160/3880
f 2032/5133/3871 2298/6869/4674 2051/5134/3872
f 2437/5164/3882 2051/5134/3872 2298/6869/4674
f 2437/5164/3882 1902/4265/3326 2051/5134/3872
f 2351/464/398 2145/5472/4047 2340/463/397
f 2271/5171/330 2145/5476/4047 2351/467/398
f 2282/6387/3886 2100/1191/1024 2334/6405/401
f 2270/3214/2615 2052/3213/2614 2291/5173/3885
f 2049/1153/993 2215/1243/1066 2368/1246/1069
f 2252/3238/2634 2368/5149/1069 2474/3241/1070
f 2191/5491/4055 2325/407/351 2346/5521/3652
f 2211/1219/1044 2448/7039/2192 2150/1217/1029
f 2168/1201/1034 2381/1220/1047 2476/7042/4071
f 2429/2678/2233 2342/3230/2626 2365/3229/2625
f 2193/3795/3012 2429/2678/2233 2520/2681/2236
f 2520/2681/2236 2361/7023/4723 2193/3795/3012
f 2520/2681/2236 2531/2687/2239 2361/7023/4723
f 2454/3826/3030 2384/7808/3634 2483/3827/3031
f 2531/2687/2239 2485/7809/4725 2361/7023/4723
f 2483/3827/3031 2485/7810/4725 2531/3828/2239
f 2334/469/401 2623/468/400 2282/5174/3886
f 2632/7811/403 2270/3214/2615 2534/5172/406
f 2282/5174/3886 2623/468/400 2537/5175/409
f 2335/3212/2613 2270/3214/2615 2632/7811/403
f 2632/7811/403 2424/7812/405 2335/3212/2613
f 2597/408/352 2459/410/354 2678/7813/4067
f 2459/410/354 2526/1978/1648 2678/7813/4067
f 2678/7813/4067 2701/7814/4068 2597/408/352
f 2743/496/422 2754/5826/4228 2533/497/419
f 2473/5500/2643 2536/3244/2639 2754/5800/4228
f 2754/5826/4228 2975/3894/3075 2473/7815/2643
f 2561/3249/2644 2473/3248/2643 2975/7816/3075
f 2777/3254/2647 2561/3249/2644 2975/7816/3075
f 2576/7817/2227 2777/7708/2647 2747/6627/4571
f 2609/6886/1664 2999/7244/4787 2859/2002/1666
f 2859/2002/1666 2999/7244/4787 2870/6887/4676
f 3229/2014/1676 2902/7818/4677 2906/6891/4678
f 2902/7818/4677 2943/2016/1678 2674/6894/4565
f 2943/2016/1678 2902/7818/4677 3229/2014/1676
f 3303/3363/2719 3195/7411/4842 2968/3362/2718
f 3195/7819/4842 3123/6897/4680 2968/6896/2718
f 3195/7819/4842 2973/6898/4681 3123/6897/4680
f 3165/5552/1195 2977/5548/4080 2973/6898/4681
f 3165/5552/1195 2973/6898/4681 3195/7819/4842
f 2977/5548/4080 3165/5552/1195 3247/5549/4081
f 3185/6653/4405 3259/6652/4585 2998/7820/4942
f 3260/4832/3679 3182/6654/4586 3185/6653/4405
f 2998/7820/4942 3260/4832/3679 3185/6653/4405
f 3260/4832/3679 2998/7820/4942 3269/4834/3681
f 3198/6651/4584 3232/6650/4583 3270/7407/4840
f 3270/7407/4840 2938/3304/2681 3013/5210/3903
f 3198/6651/4584 3270/7407/4840 3274/7821/4943
f 3270/7407/4840 3013/5210/3903 3274/7821/4943
f 3274/7821/4943 3259/6652/4585 3198/6651/4584
f 3274/7821/4943 3013/5210/3903 3037/5211/3904
f 3037/5211/3904 3025/4838/3685 3056/2735/2271
f 3259/6652/4585 3274/7821/4943 2998/7820/4942
f 2998/7820/4942 3274/7821/4943 3002/7822/4944
f 3002/7822/4944 3269/4834/3681 2998/7820/4942
f 3002/7822/4944 3274/7821/4943 3032/5213/3905
f 3032/5213/3905 3274/7821/4943 3037/5211/3904
f 3260/4832/3679 3184/4831/3678 3182/6654/4586
f 3284/2758/2287 3149/2722/2264 3168/2721/2263
f 3302/7823/3088 3154/2727/2266 3149/2722/2264
f 3374/7824/4686 3146/2729/2268 3154/2727/2266
f 3285/4839/3686 3153/2733/2269 3146/2729/2268
f 3374/7824/4686 3285/4839/3686 3146/2729/2268
f 3302/7823/3088 3149/2722/2264 3284/2758/2287
f 3302/6923/3088 3403/1482/1247 3154/7825/2266
f 3403/1482/1247 3374/6925/4686 3154/7825/2266
f 3374/6925/4686 3380/6924/1228 3285/7826/3686
f 3281/568/490 3147/583/501 3365/585/503
f 3334/571/493 3352/3377/495 3456/5564/4088
f 3352/3377/495 3357/579/499 3463/4395/3416
f 3463/4395/3416 3357/579/499 3472/3381/2731
f 3377/7827/4945 3486/7828/3417 3472/7829/2731
f 3383/5565/4089 2755/7830/1697 3393/5566/4090
f 3489/7831/3418 3486/7828/3417 3377/7827/4945
f 3525/4391/3413 3475/4859/3697 3364/4392/3414
f 3481/7832/3700 3392/7833/3699 3539/7834/4094
f 3504/7719/4096 3422/4863/3701 3541/7835/4097
f 3539/7836/4094 3541/7835/4097 3481/4865/3700
f 3422/4863/3701 3481/4865/3700 3541/7835/4097
f 3497/5579/3092 3561/2120/1771 3437/6658/505
f 3561/2120/1771 3414/590/504 3437/6658/505
f 3442/5583/3091 3511/632/536 3616/631/535
f 3620/7837/558 3525/7838/3413 3611/654/554
f 3611/654/554 3629/653/553 3620/7837/558
f 3636/7839/560 3552/7840/562 3493/1439/1218
f 3636/7839/560 3493/1439/1218 3639/4428/3113
f 3649/4429/3434 3639/4428/3113 3507/1437/1216
f 3639/4428/3113 3493/1439/1218 3507/1437/1216
f 3649/4429/3434 3507/1437/1216 3494/6660/1219
f 3708/1490/1255 3547/1492/1257 3715/1494/1259
f 3789/4874/1816 3716/7841/1815 3661/4875/545
f 3479/2780/2300 3661/645/545 3716/2171/1815
f 3951/1493/1258 3520/1455/1227 3716/2171/1815
f 3810/3453/1286 3706/4873/3709 3459/2113/1765
f 3810/3453/1286 3459/2113/1765 3645/1530/1287
f 3645/1530/1287 3584/6458/4505 3709/2177/1817
f 3567/2138/1787 3766/1498/1263 3678/630/534
f 3624/2139/1788 3626/2141/1790 3782/2822/2325
f 3767/5286/2756 3725/7842/3938 3670/5287/3937
f 3710/5281/3934 3756/5283/3936 3893/7843/1829
f 3893/7843/1829 3941/7844/1856 3710/5281/3934
f 3944/5316/3949 3767/5286/2756 3710/5285/3934
f 3941/2241/1856 3944/5600/3949 3710/5587/3934
f 3767/5286/2756 3955/7845/1858 3725/7842/3938
f 3798/3448/2758 3725/5289/3938 3955/2243/1858
f 3970/4887/3714 3815/690/581 3902/4886/3713
f 4044/4468/3452 3813/689/580 3970/4887/3714
f 3761/670/567 3885/4899/3718 4035/4910/3725
f 3993/3484/2778 4062/3483/1307 3786/7846/4851
f 4007/7847/1309 3786/7846/4851 4062/3483/1307
f 3919/6230/4415 3786/7739/4851 4007/6231/1309
f 4102/5912/4283 3983/5604/4106 4056/5601/4103
f 4102/5912/4283 4163/5913/4284 3983/5604/4106
f 4163/5913/4284 4060/7435/4108 3983/5604/4106
f 4084/5605/4107 4060/5607/4108 4163/7848/4284
f 4188/4495/3468 4071/2224/1847 4024/4496/1840
f 4188/4495/3468 4043/2222/1845 4071/2224/1847
f 4190/7290/4795 4043/2222/1845 4188/4495/3468
f 4225/3491/2781 4055/2221/1844 4190/7290/4795
f 4081/2230/1849 4055/2221/1844 4225/3491/2781
f 4198/4498/3470 4029/2237/1852 4033/2236/1851
f 4198/4498/3470 4033/2236/1851 3863/6940/4272
f 4146/4921/3729 4198/5925/3470 3863/5887/4272
f 4165/5320/3951 4216/6246/4422 4161/5321/3952
f 4026/5322/3953 4048/731/613 4165/5320/3951
f 4048/731/613 4022/730/612 4201/4927/3734
f 4185/4024/3138 4183/4022/3137 4143/5325/3955
f 4144/7849/2374 4143/5325/3955 4183/4022/3137
f 4176/4506/3478 4177/6497/3479 4242/4504/3476
f 4283/4509/3480 4195/5921/4290 4277/4510/3481
f 4293/787/661 4138/2255/1870 4237/2254/1869
f 4210/2264/1875 4138/2255/1870 4293/787/661
f 4051/739/621 4162/738/620 4259/5328/3958
f 4259/5328/3958 4237/2254/1869 4051/739/621
f 4234/7850/1872 4344/5334/3962 4247/5333/1871
f 4248/7851/1873 4099/2259/623 4247/2261/1871
f 4330/1587/1328 4187/744/626 4248/2262/1873
f 4214/7439/4852 4249/4034/3147 4302/2918/2394
f 4331/2919/2395 4150/5615/4113 4218/6243/4419
f 4156/5616/4114 4150/5615/4113 4331/2919/2395
f 4302/2918/2394 4202/4033/3146 4214/7439/4852
f 4312/4513/3484 4272/1605/1346 4296/4051/3164
f 4311/4045/3158 4377/4043/3156 4297/4042/3155
f 4311/4045/3158 4278/4517/3486 4358/4046/3159
f 4280/7092/4744 4271/4503/3475 4358/4046/3159
f 4358/4046/3159 4278/4517/3486 4280/7092/4744
f 4289/2903/2384 4264/2904/2385 4376/2926/2402
f 4376/2926/2402 4264/2904/2385 4474/2927/2403
f 4474/2927/2403 4224/4518/3487 4357/1631/1370
f 4264/2904/2385 4224/4518/3487 4474/2927/2403
f 4357/1631/1370 4360/4520/3489 4379/1629/1368
f 4317/5338/3964 4378/4060/3171 4451/4059/2414
f 4387/4065/3174 4268/5923/4292 4422/4063/3172
f 4268/5923/4292 4386/6248/2388 4422/4063/3172
f 4386/2907/2388 4322/2906/2387 4430/6250/4424
f 4372/2271/1881 4364/3500/2789 4443/2289/1896
f 4454/7852/2812 4372/2271/1881 4443/2289/1896
f 4405/3501/2790 4372/2271/1881 4454/7852/2812
f 4454/7853/2812 4444/7754/676 4405/7756/2790
f 4483/2936/2412 4371/6501/4519 4398/2924/2400
f 4483/2936/2412 4398/2924/2400 4494/836/700
f 4398/2924/2400 4466/2925/2401 4494/836/700
f 4595/3517/2806 4561/3516/2805 4479/7760/4928
f 4778/2323/1923 4607/3515/2804 4479/7760/4928
f 4561/3516/2805 4778/2323/1923 4479/7760/4928
f 4778/2323/1923 4561/3516/2805 4783/5948/4296
f 4645/3519/2808 4783/5948/4296 4561/3516/2805
f 4652/869/734 4601/7110/4751 4668/870/735
f 4668/870/735 4601/7110/4751 4513/2297/1903
f 4601/7110/4751 4764/7111/4752 4513/2297/1903
f 4764/7111/4752 4803/5647/4135 4524/2295/1901
f 4764/7111/4752 4524/2295/1901 4513/2297/1903
f 4513/2297/1903 4511/871/736 4668/870/735
f 4511/871/736 4641/863/728 4673/865/730
f 4803/5647/4135 4792/5644/4133 4819/7854/4946
f 4524/2295/1901 4803/5647/4135 4579/2298/1904
f 4803/5647/4135 4819/7854/4946 4579/2298/1904
f 4792/5644/4133 4767/830/696 4685/6956/4703
f 4685/6956/4703 4819/7854/4946 4792/5644/4133
f 4579/2298/1904 4819/7854/4946 4755/2301/1907
f 4755/2301/1907 4819/7854/4946 4685/6956/4703
f 4755/2301/1907 4685/6956/4703 4760/833/701
f 4661/829/699 4760/833/701 4685/6956/4703
f 4935/1674/1413 4677/2345/1943 4663/1671/1410
f 4686/4084/3188 4578/4086/1935 4943/7855/3981
f 4943/7119/3981 4907/7118/4756 4914/7470/4864
f 4907/7118/4756 4949/7774/4936 4914/7470/4864
f 4686/7856/3188 4943/7119/3981 4909/7467/4861
f 4914/7470/4864 4909/7467/4861 4943/7119/3981
f 4718/7466/3190 4686/7856/3188 4909/7467/4861
f 4914/7470/4864 4949/7774/4936 4902/7469/4863
f 4729/7857/3191 4597/7858/1387 4934/7859/4947
f 4924/2981/2451 4567/1650/1389 4610/1649/1388
f 4610/1649/1388 4933/7860/4865 4924/2981/2451
f 4610/1649/1388 4729/4088/3191 4933/7860/4865
f 4915/7475/4868 4933/7472/4865 4729/7857/3191
f 4729/7857/3191 4934/7859/4947 4915/7475/4868
f 4934/7859/4947 4597/7858/1387 4750/7861/3192
f 4934/7859/4947 4750/7861/3192 4687/6267/4433
f 4750/7861/3192 4923/7468/4862 4687/6267/4433
f 4923/7468/4862 4750/7861/3192 4718/7466/3190
f 4687/6267/4433 4923/7468/4862 4844/6268/4434
f 4956/7862/4948 4958/7474/4867 4706/5961/4305
f 4958/7474/4867 4963/7473/4866 4904/6747/4616
f 4706/5961/4305 4958/7474/4867 4904/6747/4616
f 4706/5961/4305 4911/5960/4304 4956/7862/4948
f 4904/6747/4616 4963/7473/4866 4926/6748/4617
f 61/4102/3204 329/5385/3792 91/4103/3205
f 66/4099/3201 63/4098/3200 342/5388/3795
f 511/5389/3994 342/5388/3795 63/4098/3200
f 174/45/43 255/6525/4534 250/48/46
f 255/6525/4534 174/45/43 175/6526/51
f 285/7149/4763 284/6799/4647 280/6793/4641
f 275/1714/1446 488/1716/1448 314/7153/4764
f 488/1716/1448 330/1717/1449 314/7153/4764
f 144/7863/4160 300/7864/4157 326/7865/4938
f 326/7866/4938 121/7867/1432 144/5682/4160
f 121/7867/1432 170/1698/1433 144/5682/4160
f 230/5683/4161 265/17/17 113/5680/4159
f 518/7125/4759 265/17/17 230/5683/4161
f 518/7125/4759 528/5991/4325 529/5026/3803
f 362/5027/3804 529/5026/3803 528/5991/4325
f 230/5683/4161 535/7783/4939 518/7125/4759
f 528/5991/4325 518/7125/4759 535/7783/4939
f 232/1700/1436 535/7783/4939 230/5683/4161
f 105/1707/1439 535/7783/4939 232/1700/1436
f 535/7783/4939 347/5992/4326 528/5991/4325
f 105/1707/1439 241/890/753 535/7783/4939
f 354/4990/3775 535/7783/4939 241/890/753
f 372/7784/4940 15/1694/1428 121/1693/1432
f 393/963/822 446/4146/3245 402/4142/3241
f 446/4146/3245 455/116/110 456/5999/119
f 470/7868/3249 463/4153/3248 857/4145/3244
f 463/4153/3248 470/7868/3249 471/7869/3250
f 471/7869/3250 771/7870/4015 463/4153/3248
f 836/6798/4646 777/4134/3235 778/4133/3234
f 792/4602/3549 644/4604/3551 530/7317/4807
f 792/4602/3549 530/7317/4807 339/3581/2863
f 693/6010/4337 301/6011/4338 622/7162/4770
f 815/7164/4772 301/6011/4338 523/7316/4806
f 622/7162/4770 301/6011/4338 815/7164/4772
f 815/7164/4772 523/7316/4806 530/7317/4807
f 815/7164/4772 530/7317/4807 644/4604/3551
f 380/7131/4760 708/7193/4777 178/7134/2470
f 1017/3051/2512 391/7871/2469 1208/5081/3840
f 406/3050/2511 391/7871/2469 1017/3051/2512
f 416/7135/4761 1208/5079/3840 391/7136/2469
f 416/7135/4761 178/7138/2470 708/7195/4777
f 633/1034/883 399/1039/888 204/3002/2471
f 1127/183/159 714/186/162 710/3611/2891
f 714/186/162 774/7167/4774 710/3611/2891
f 714/186/162 763/7168/4775 774/7167/4774
f 839/188/164 851/4143/3242 714/186/162
f 763/7168/4775 714/186/162 851/4143/3242
f 732/3609/2889 710/3611/2891 411/3612/2892
f 710/3611/2891 774/7167/4774 768/7166/4773
f 411/3612/2892 710/3611/2891 768/7166/4773
f 768/7166/4773 734/7872/4776 411/3612/2892
f 734/7872/4776 757/3613/2893 411/3612/2892
f 734/7872/4776 1040/7873/3826 757/3613/2893
f 763/7168/4775 851/4143/3242 764/4152/3247
f 955/6338/4470 334/5010/3793 658/5007/3791
f 957/6339/3794 873/6065/4361 66/7874/3201
f 957/5011/3794 360/5013/3796 955/6340/4470
f 360/5013/3796 334/7875/3793 955/6340/4470
f 350/7630/4911 629/6050/4357 1203/4658/3582
f 953/6001/4330 350/7630/4911 1203/4658/3582
f 371/6003/4331 350/7630/4911 953/6001/4330
f 662/78/74 655/80/76 962/7334/3821
f 662/78/74 971/7876/2943 791/81/77
f 307/85/81 989/87/79 999/5051/3823
f 675/82/78 312/88/82 888/5050/3822
f 333/89/83 307/85/81 1024/1066/915
f 1024/1066/915 1029/6558/4547 333/89/83
f 1029/6558/4547 701/7877/3773 333/89/83
f 944/6559/140 701/7877/3773 1029/6558/4547
f 315/7878/139 701/7877/3773 944/6559/140
f 1209/3600/2882 365/955/815 696/954/813
f 23/3599/2881 1209/3600/2882 183/4192/3275
f 1018/4193/1516 190/7615/4905 183/4192/3275
f 382/7879/2884 190/7615/4905 1018/4193/1516
f 1018/1792/1516 704/3603/2885 382/3602/2884
f 986/4178/3262 767/4183/3267 739/189/165
f 986/4178/3262 1011/4182/3266 767/4183/3267
f 713/962/821 767/4183/3267 827/961/820
f 767/4183/3267 713/962/821 393/963/822
f 1034/993/852 706/995/854 1016/1770/1494
f 1007/997/856 1034/993/852 1135/7340/4814
f 1135/7340/4814 1034/993/852 1016/1770/1494
f 1007/997/856 991/7341/4815 1097/998/857
f 733/7507/4885 1122/1771/1495 721/1773/1497
f 1016/1770/1494 1122/1771/1495 733/7507/4885
f 702/1772/1496 733/7507/4885 721/1773/1497
f 1016/1770/1494 733/7507/4885 1012/5432/4019
f 991/7341/4815 1012/5432/4019 1133/7505/4884
f 1027/5431/4018 1133/7505/4884 1012/5432/4019
f 719/6012/4339 1097/998/857 991/7341/4815
f 935/3076/190 946/3075/2527 1157/7880/191
f 1080/3072/2525 1159/7881/4546 946/3074/2527
f 1159/6557/4546 1157/215/191 946/7882/2527
f 1159/7881/4546 1080/3072/2525 1246/3081/2531
f 1246/3081/2531 1248/3083/2533 1159/7881/4546
f 980/2431/2028 1246/3081/2531 1086/2430/2027
f 1248/3083/2533 1246/3081/2531 980/2431/2028
f 1159/6557/4546 990/7883/2532 1189/220/196
f 1159/7881/4546 1248/3083/2533 990/3082/2532
f 1189/220/196 1026/7884/2535 1205/221/197
f 990/7883/2532 1026/7884/2535 1189/220/196
f 1205/7641/197 1026/7885/2535 1168/7642/2037
f 1028/3648/2918 752/3647/2920 1237/6989/2950
f 1224/1026/877 752/3700/2920 461/1024/875
f 633/6004/883 1150/6801/4649 1338/6560/884
f 1357/2468/2062 966/7788/4941 672/2469/2063
f 1357/5095/2062 974/6067/4362 966/7886/4941
f 1220/7887/2065 372/7888/4940 974/7889/4362
f 668/4593/3545 716/2474/2064 1302/2473/2067
f 1178/2478/2070 668/4593/3545 1302/2473/2067
f 969/2477/2069 1194/2479/2071 718/4597/3547
f 919/240/210 1148/7196/3577 1331/241/216
f 608/3059/2517 919/234/210 1352/233/209
f 1165/232/208 608/3059/2517 1352/233/209
f 885/236/212 931/3063/2519 1288/237/213
f 1376/245/219 902/5038/3812 1311/7198/4778
f 1376/245/219 1260/6055/4359 902/5038/3812
f 1222/1829/1539 1313/1828/1538 751/114/108
f 1259/210/186 1333/3717/2965 1392/4202/3281
f 1401/6995/4714 1260/6055/4359 1482/244/218
f 1264/6057/4360 1260/6058/4359 1401/6997/4714
f 1353/3096/2543 1354/3087/2537 1486/6991/4713
f 696/952/813 1301/3101/2544 1414/6362/4481
f 1379/3102/2547 696/954/813 1414/6363/4481
f 1439/1091/937 1306/3696/2947 1377/3713/2963
f 1385/6988/4365 1321/3698/2949 1440/5099/3848
f 1386/1099/943 1306/7890/2947 1439/1097/937
f 1377/3715/2963 1237/6989/2950 1522/3716/2964
f 1237/3699/2950 1224/1026/877 1448/6835/4663
f 1448/6835/4663 1522/6832/2964 1237/3699/2950
f 1510/6345/2094 1448/6835/4663 1224/1026/877
f 1464/5455/2553 1185/1788/1512 1265/1789/1513
f 1420/2508/2096 1185/4655/1512 1634/2509/2097
f 1203/4658/3582 1420/2508/2096 1460/2510/2098
f 1393/3707/2957 1290/1045/894 1530/1072/920
f 1540/2492/2083 1605/4226/3295 1627/5454/4037
f 1540/2492/2083 1548/2495/2086 1625/332/291
f 1615/1878/1570 1552/4229/3298 1425/2497/2088
f 1425/2497/2088 1562/1073/921 1615/1878/1570
f 1663/289/259 1433/288/258 1446/2487/2078
f 1663/289/259 1446/2487/2078 1720/4675/3588
f 1446/2487/2078 1588/3131/227 1720/4675/3588
f 1677/3140/2573 1328/1846/1549 1403/1087/933
f 1456/1847/1550 1328/1846/1549 1736/6840/4666
f 1454/1850/1552 1456/1847/1550 1676/6841/4667
f 1637/6842/4668 1414/6363/4481 1830/1925/1605
f 1676/6841/4667 1456/1847/1550 1738/1194/1027
f 1765/313/279 1515/3764/2993 1568/6353/4476
f 1765/313/279 1568/6353/4476 1575/6354/4477
f 1770/314/280 1765/313/279 1556/7516/4886
f 1765/313/279 1575/6354/4477 1556/7516/4886
f 1557/7517/4887 1723/319/282 1770/314/280
f 1847/5135/3868 1705/5121/3864 1843/5122/3865
f 1496/6831/3867 1705/5121/3864 1847/5135/3868
f 1745/6569/2579 1925/341/297 1685/6568/4550
f 1825/5750/4205 1685/6568/4550 1925/341/297
f 1954/346/300 1825/5750/4205 1925/341/297
f 1865/1883/1574 1940/1930/1609 1869/1884/1575
f 1802/1886/1576 1869/1884/1575 1945/371/320
f 1945/371/320 1869/1884/1575 1940/1930/1609
f 1885/5126/3869 1886/5130/3870 1957/6100/2156
f 1957/6100/2156 1886/5130/3870 1980/7352/2157
f 1980/2584/2157 1831/3762/2991 1992/2586/2159
f 1831/3762/2991 1911/2587/2160 1992/2586/2159
f 1952/1122/964 1740/1121/963 1917/1946/1584
f 2067/5783/3609 1836/1927/1607 2048/1926/1606
f 2067/5783/3609 1913/6844/4669 1836/1927/1607
f 1918/4707/3608 1913/7891/4669 2067/4708/3609
f 1870/6580/4554 1918/6845/3608 2079/6850/4671
f 2152/4710/3611 1870/6580/4554 2079/6850/4671
f 2112/355/309 1883/1111/953 1779/6837/4664
f 1779/7204/4664 1962/7206/310 2112/7892/309
f 2029/364/315 2041/331/290 2206/7893/317
f 2053/333/292 1837/4674/3587 2105/369/318
f 2023/383/332 1944/1142/984 2143/384/333
f 2071/386/335 2000/2576/977 2165/388/337
f 2167/5469/4045 2165/5492/337 2000/1135/977
f 2090/2592/2165 2121/2591/2164 2277/5157/3878
f 2111/1186/1019 1920/1919/1599 2175/1228/1055
f 2227/6849/3639 1928/2598/2170 2027/4701/3605
f 2138/2599/2167 1928/2598/2170 2227/6849/3639
f 2221/7894/4826 2009/2603/2173 2139/2602/2172
f 2221/7375/4826 2076/5137/3873 2009/5760/2173
f 2245/7895/4949 2171/7896/2178 2256/7897/3617
f 2256/4724/3617 2171/7898/2178 2259/4725/3620
f 2171/7896/2178 2245/7895/4949 2251/7899/4950
f 2171/7900/2178 2059/2609/2175 2239/2608/2177
f 2239/2608/2177 2259/7901/3620 2171/7900/2178
f 2251/7899/4950 2261/7902/4951 2263/7903/4952
f 2263/7903/4952 2224/7904/4953 2251/7899/4950
f 2171/7896/2178 2251/7899/4950 2224/7904/4953
f 2220/7905/4954 2216/7906/4955 2224/7907/4953
f 2216/7908/4955 2171/7909/2178 2224/7910/4953
f 2220/7911/4954 2156/7365/4822 2089/7210/4779
f 2220/7905/4954 2224/7907/4953 2156/7912/4822
f 2274/4299/3351 2205/363/313 1972/362/314
f 2274/4299/3351 1972/362/314 2209/365/316
f 2209/365/316 2041/331/290 2354/4301/3353
f 2206/7893/317 2041/331/290 2209/365/316
f 2290/5194/3890 2354/4301/3353 2041/331/290
f 2041/331/290 2105/369/318 2290/5194/3890
f 2302/2648/2207 2306/2647/2206 2010/6587/4557
f 2255/5794/4226 2302/5793/2207 2010/7805/4557
f 2020/3191/2154 2258/7223/2210 2313/2644/2205
f 2160/2652/2211 2258/2651/2210 2084/3195/2604
f 2306/2647/2206 2160/2652/2211 2010/6587/4557
f 2357/1979/1649 2490/1980/359 1909/6376/3305
f 1909/6376/3305 2148/6588/4489 2357/1979/1649
f 2083/6589/4556 2383/4308/3360 2280/6395/4490
f 2083/6589/4556 2112/355/309 2383/4308/3360
f 2383/4308/3360 2112/355/309 2296/4309/3361
f 2453/3852/3051 2062/5152/3877 2254/5153/2635
f 2301/4311/3362 2062/5152/3877 2453/3852/3051
f 2388/3858/364 2221/7894/4826 2139/2602/2172
f 2108/3201/2609 2406/3841/3043 2427/3299/2676
f 2406/3841/3043 2310/3804/3018 2433/7679/4889
f 2358/353/307 2347/5782/4219 2136/352/306
f 2182/5142/3876 1961/3232/2628 2425/3233/2629
f 2306/2647/2206 2484/2650/2209 2160/2652/2211
f 2592/7229/4782 2289/6112/4374 2127/5140/3875
f 2440/1969/1640 2127/7806/3875 2197/1205/1036
f 2295/1968/1639 2129/5141/1637 2511/3282/2664
f 2440/1969/1640 2295/1968/1639 2511/3282/2664
f 2545/4331/3376 2530/1967/1638 2312/1970/1641
f 2276/4711/3612 2545/4331/3376 2312/1970/1641
f 2453/3852/3051 2254/5153/2635 2449/3848/2636
f 2635/3266/1671 2497/7913/365 2575/3267/2655
f 2497/422/365 2388/421/364 2575/7914/2655
f 2388/3858/364 2139/2602/2172 2487/3859/3052
f 2723/7915/3891 2592/7229/4782 2127/5140/3875
f 2723/7916/3891 2127/7806/3875 2440/1969/1640
f 2766/7551/4495 2436/5520/4065 2617/5522/4064
f 2458/7376/4827 2436/5520/4065 2766/7551/4495
f 2541/5158/2216 2458/7376/4827 2766/7551/4495
f 2628/7917/4494 2541/7918/2216 2766/7919/4495
f 2515/6413/2215 2541/7920/2216 2628/6414/4494
f 2660/1361/1149 2324/417/360 2656/1362/1150
f 2328/4293/3345 2324/417/360 2660/1361/1149
f 2498/423/366 2497/422/365 2663/1369/1155
f 2663/7921/1155 2828/7922/1157 2498/433/366
f 2500/6419/372 2566/6418/1674 2391/7923/368
f 2500/431/372 2498/433/366 2828/7922/1157
f 2166/372/321 2498/433/366 2500/431/372
f 2418/5170/2218 2470/430/371 2831/3881/3066
f 2831/3881/3066 2573/7924/2219 2418/5170/2218
f 2716/4334/3377 2721/506/431 2686/4335/3378
f 2723/7915/3891 2572/3281/2663 2592/7229/4782
f 2723/7916/3891 2440/1969/1640 3103/3283/2665
f 2778/7925/3898 2545/4331/3376 2276/4711/3612
f 2803/7926/3900 2597/408/352 2701/7814/4068
f 2778/7925/3898 2276/4711/3612 2803/7927/3900
f 2276/7928/3612 2597/7929/352 2803/7930/3900
f 2701/5528/4068 2872/1295/1104 2803/5207/3900
f 2750/7931/2228 2576/7932/2227 2747/7933/4571
f 2770/6632/4575 2764/6631/4574 2626/6633/2230
f 2764/6631/4574 3129/6637/4577 2751/6636/4576
f 2764/6631/4574 2751/6636/4576 2763/6640/4580
f 2763/6640/4580 2626/6633/2230 2764/6631/4574
f 3094/519/444 2843/3891/3072 2850/2060/1718
f 2850/2060/1718 2847/516/441 3094/519/444
f 3094/519/444 3085/7397/4833 2843/3891/3072
f 2888/2054/1712 3102/7400/4836 2901/2055/1713
f 2901/2055/1713 3102/7400/4836 2905/3323/2693
f 3102/7400/4836 3094/519/444 2874/520/445
f 3102/7400/4836 2912/3329/2696 2905/3323/2693
f 3102/7400/4836 2874/520/445 2912/3329/2696
f 2670/6421/4060 2848/2056/1714 2932/2058/1716
f 2932/2058/1716 2682/7696/4061 2670/6421/4060
f 2932/2058/1716 2742/3892/3073 2682/7696/4061
f 2932/2058/1716 2965/2059/1717 2696/5513/4062
f 2671/5512/1073 2965/2059/1717 2863/2057/1715
f 2965/2059/1717 2671/5512/1073 2696/5513/4062
f 2742/3892/3073 2932/2058/1716 2850/2060/1718
f 2932/2058/1716 2696/5513/4062 3014/2061/1719
f 3035/507/432 3014/2061/1719 2696/5513/4062
f 3035/507/432 2696/5513/4062 2838/508/433
f 3015/517/442 3014/2061/1719 2673/515/440
f 2694/5801/4229 3014/2061/1719 3035/507/432
f 2694/5801/4229 2673/515/440 3014/2061/1719
f 2694/5801/4229 3035/507/432 2758/509/434
f 3097/510/435 2838/508/433 2705/1276/1091
f 3097/510/435 3083/504/429 3090/513/438
f 2728/512/437 3097/510/435 3090/513/438
f 2889/4851/3692 2339/1318/1121 2910/1320/1123
f 2676/6619/2659 2879/4329/2662 2851/4328/3375
f 3252/2745/2281 2921/5823/4240 3158/4382/3406
f 3158/4382/3406 2921/5823/4240 3161/5839/4248
f 3253/7934/4956 3249/4379/3403 2911/5822/4239
f 3255/4381/3405 2911/5822/4239 3249/4379/3403
f 3255/4381/3405 3254/4380/3404 2948/5820/2685
f 3255/4381/3405 2948/5820/2685 3278/7410/4841
f 2960/3300/2677 2911/5822/4239 3255/4381/3405
f 3161/5839/4248 2921/5823/4240 3239/7401/4837
f 2921/5823/4240 2960/3300/2677 3240/7402/4838
f 3255/4381/3405 3278/7410/4841 2960/3300/2677
f 2986/3301/2678 2960/3300/2677 3278/7410/4841
f 3239/7401/4837 3150/5840/4249 3161/5839/4248
f 3239/7401/4837 3230/6649/4582 3150/5840/4249
f 3321/6911/3914 3178/7047/4735 3288/2743/2279
f 3288/2743/2279 3178/7047/4735 3156/2744/2280
f 3333/2766/1206 3361/6655/4587 3192/2741/2277
f 3361/6655/4587 3188/1386/1170 3192/2741/2277
f 3188/1386/1170 3361/6655/4587 3209/1393/1177
f 3361/6655/4587 3187/1394/1178 3209/1393/1177
f 3290/7935/500 2957/7936/1695 3377/7937/4945
f 3377/7937/4945 3472/7938/2731 3290/7935/500
f 3377/7939/4945 2957/2033/1695 2755/2035/1697
f 3377/7939/4945 2755/2035/1697 3489/7940/3418
f 3383/5565/4089 3489/7269/3418 2755/7830/1697
f 2755/2035/1697 2769/2690/2241 3393/7271/4090
f 2769/2690/2241 3199/4828/3076 3393/7271/4090
f 3474/1485/1250 3410/3903/3083 3172/3902/3082
f 3339/3909/3086 3338/3905/3084 3410/7941/3083
f 3442/3932/3091 3437/3931/505 3341/7942/471
f 3442/7943/3091 3429/594/506 3511/7944/536
f 3341/7945/471 3429/7946/506 3442/7947/3091
f 3371/596/508 3511/7944/536 3429/594/506
f 3511/7944/536 3371/596/508 3435/595/507
f 3386/2133/1782 3375/7414/4844 3498/2134/1783
f 3476/600/512 3304/2769/2293 3523/4405/3423
f 3436/5230/3915 3441/4408/3426 3519/4407/3425
f 3389/7948/531 3524/7949/529 3555/5875/3703
f 3564/5874/4267 3389/7948/531 3555/5875/3703
f 3389/7948/531 3564/5874/4267 3533/7573/532
f 3462/6926/1229 3403/1482/1247 3610/1481/1246
f 3553/1458/1230 3462/1457/1229 3615/5880/4270
f 3491/7575/1231 3618/7950/1232 3622/7576/4101
f 3645/1530/1287 3459/2113/1765 3488/6194/4407
f 3584/6458/4505 3645/1530/1287 3488/6194/4407
f 3594/2827/2329 3650/2825/2327 3584/6459/4505
f 3594/2827/2329 3399/2761/2289 3664/2828/2330
f 3608/6681/555 3609/7951/561 3675/6682/4590
f 3636/6686/560 3675/6685/4590 3609/7952/561
f 3454/2124/1774 3646/3978/3112 3770/2169/1814
f 3627/5270/3930 3454/2124/1774 3770/2169/1814
f 3584/6459/4505 3650/2825/2327 3709/2824/1817
f 3664/2828/2330 3517/634/537 3768/2830/2332
f 3649/4429/3434 3676/5893/4276 3840/4430/2353
f 3613/1473/1241 3621/1475/1243 3818/2811/2320
f 3774/7953/4845 3779/7954/4848 3770/7955/1814
f 3779/7954/4848 3627/7956/3930 3770/7955/1814
f 3779/7422/4848 3696/5273/3932 3627/5270/3930
f 3784/7426/4414 3696/5273/3932 3779/7422/4848
f 3786/7737/4851 3696/5273/3932 3784/7426/4414
f 3790/7428/4850 3825/4438/3440 3718/5272/3931
f 3790/7957/4850 3718/5278/3931 3727/5277/3933
f 3786/7430/4851 3727/5275/3933 3696/5274/3932
f 3769/7280/4743 3719/5580/4100 3971/7958/4282
f 3971/5911/4282 3719/5582/4100 3982/4470/3454
f 3719/5582/4100 3744/1496/1261 3982/4470/3454
f 3778/1538/1295 3880/1537/1294 3703/2145/1794
f 3882/5897/4279 3789/2172/1816 3703/2145/1794
f 3920/1542/1284 3789/2172/1816 3882/5897/4279
f 3703/2145/1794 3880/1537/1294 3882/5897/4279
f 3850/7959/1267 3668/7960/552 3807/7961/1832
f 3807/2204/1832 3801/4877/3710 3883/2201/1833
f 3809/4881/3711 3883/2201/1833 3801/4877/3710
f 3872/7962/1850 3908/7963/3456 3869/7964/1265
f 3917/4473/3457 3869/7284/1265 3908/4472/3456
f 3917/7965/3457 3722/7966/592 3869/7967/1265
f 3917/7965/3457 4003/7968/3459 3722/7966/592
f 3971/5911/4282 3982/4470/3454 4136/4031/3144
f 4061/1573/1318 3930/2870/2360 4058/1574/1319
f 4058/1574/1319 3930/2870/2360 3852/3980/3114
f 3852/3980/3114 3918/1568/1315 4135/766/643
f 4073/5609/4109 4097/1581/1324 3928/3983/3117
f 4097/2864/1324 3909/2863/1311 3928/3985/3117
f 3821/4909/3724 4063/4908/3723 4149/6709/4595
f 3886/2189/1823 3821/4909/3724 4149/6709/4595
f 4149/6709/4595 4094/5914/4285 3886/2189/1823
f 4030/5916/4287 3886/2189/1823 4094/5914/4285
f 3990/2190/1824 3888/2187/1821 4030/5916/4287
f 4128/6705/4594 4134/6711/4596 3997/2196/1828
f 4050/6706/3948 3997/2196/1828 4134/6711/4596
f 4127/5327/3957 4085/3461/2763 4220/781/655
f 4291/7440/3135 4127/5327/3957 4193/5326/3956
f 4291/7440/3135 4139/7969/2764 4127/5327/3957
f 4152/6944/3134 4041/3473/2769 4139/7970/2764
f 4134/6711/4596 4199/5920/4289 4203/1617/1356
f 4155/5617/4115 4134/6711/4596 4203/1617/1356
f 4218/6243/4419 4150/5615/4113 4159/7298/4796
f 4194/6244/4420 4078/1546/1302 4229/6245/4421
f 4197/6716/4598 4229/6245/4421 4078/1546/1302
f 4252/2266/1877 4256/1577/1322 4157/1576/1321
f 4257/4525/1876 4227/1580/1323 4256/1579/1322
f 4135/766/643 4189/1584/1327 4315/765/642
f 4209/1582/1325 4206/1591/1332 4314/1590/1331
f 4259/5328/3958 4221/755/632 4306/5329/3959
f 4306/5329/3959 4205/756/633 4289/2903/2384
f 4325/2273/1883 4292/2272/1882 4291/7440/3135
f 4346/6239/1886 4351/7971/1888 4267/6241/4417
f 4252/2266/1877 4267/6241/4417 4351/7971/1888
f 4371/6501/4519 4237/2254/1869 4259/5328/3958
f 4344/5334/3962 4323/5628/3963 4318/5332/3961
f 4392/3496/2786 4330/1587/1328 4323/5628/3963
f 4482/2930/2406 4459/5936/2407 4438/2928/2404
f 4388/1614/1355 4423/1616/1352 4472/2932/2408
f 4472/7972/2408 4366/7096/1372 4388/7095/1355
f 4396/794/668 4435/796/670 4510/1640/1379
f 4504/7973/3747 4510/1640/1379 4435/796/670
f 4450/797/671 4437/799/673 4538/7974/3750
f 4435/796/670 4450/797/671 4568/7975/3748
f 4568/7975/3748 4504/7973/3747 4435/796/670
f 4568/7975/3748 4450/797/671 4538/7974/3750
f 4507/4945/3744 4538/7974/3750 4437/799/673
f 4548/7302/3978 4562/4066/710 4476/4057/3169
f 4592/4549/3507 4500/2292/1898 4456/2294/1900
f 4705/5969/4313 4646/5968/4312 4478/7976/1378
f 4486/1636/1375 4541/1638/1377 4633/7772/4314
f 4633/7772/4314 4541/1638/1377 4638/7770/4934
f 4541/1638/1377 4478/1639/1378 4646/7771/4312
f 4646/7771/4312 4638/7770/4934 4541/1638/1377
f 4498/7977/1380 4510/4951/1379 4723/4545/3503
f 4723/7978/3503 4780/7979/4957 4498/1641/1380
f 4478/1639/1378 4498/1641/1380 4780/7979/4957
f 4705/5969/4313 4478/7976/1378 4780/7980/4957
f 4705/5969/4313 4780/7980/4957 4822/7981/4958
f 4780/7980/4957 4723/4545/3503 4822/7981/4958
f 4510/4951/1379 4769/4546/3504 4723/4545/3503
f 4811/4544/3502 4822/7981/4958 4723/4545/3503
f 4851/1653/1392 4811/4544/3502 4723/4545/3503
f 4705/5969/4313 4822/7981/4958 4756/4539/3498
f 4809/4543/3501 4756/4539/3498 4822/7981/4958
f 4822/7981/4958 4811/4544/3502 4809/4543/3501
f 4805/1656/1395 4811/4544/3502 4851/1653/1392
f 4633/7772/4314 4737/7982/4315 4486/1636/1375
f 4546/4542/1381 4737/5971/4315 4743/4537/3496
f 4486/1636/1375 4737/7982/4315 4546/1642/1381
f 4777/4540/3499 4546/4542/1381 4743/4537/3496
f 4542/3504/2793 4777/4540/3499 4743/4537/3496
f 4643/5643/4132 4639/7766/4128 4650/7983/4129
f 4703/5645/4130 4643/5643/4132 4650/7983/4129
f 4716/4090/3193 4722/3529/2818 4644/1676/1415
f 4716/4090/3193 4644/1676/1415 4938/4091/3194
f 4930/7984/2449 4899/881/746 4957/878/743
f 4901/4557/3515 4899/881/746 4930/7984/2449
f 4930/7984/2449 4688/7985/2450 4680/861/726
f 4680/861/726 4901/4557/3515 4930/7984/2449
f 4958/7474/4867 4688/7985/2450 4924/7471/2451
f 4688/7985/2450 4958/7474/4867 4956/7862/4948
f 31/4105/3207 37/4106/3208 39/4107/3209
f 39/4107/3209 22/7314/4804 31/4105/3207
f 81/7986/3771 76/7987/80 245/6957/4704
f 245/6957/4704 76/7987/80 79/7988/84
f 95/4571/3528 81/7986/3771 245/6957/4704
f 79/7988/84 120/4985/3772 245/6957/4704
f 137/883/138 11/9/9 315/4989/139
f 489/6/6 315/4989/139 11/9/9
f 147/7989/4445 11/9/9 143/882/142
f 147/7989/4445 148/13/13 11/9/9
f 302/3025/2491 278/3021/2487 394/3020/2486
f 337/41/39 507/913/774 786/3022/2488
f 394/3020/2486 786/3022/2488 507/913/774
f 507/913/774 337/41/39 490/914/775
f 394/3020/2486 507/913/774 536/922/783
f 408/3027/2493 394/3020/2486 538/7990/4959
f 538/7990/4959 394/3020/2486 536/922/783
f 555/924/785 408/3027/2493 538/7990/4959
f 320/3030/2496 408/3027/2493 555/924/785
f 538/7990/4959 536/922/783 549/923/784
f 555/924/785 538/7990/4959 549/923/784
f 171/3586/2868 565/3583/2865 159/3585/2867
f 171/3586/2868 185/7122/4758 813/938/799
f 813/938/799 185/7122/4758 200/934/795
f 585/3057/1440 931/3061/2519 277/7991/1441
f 931/3063/2519 313/3062/1445 277/7992/1441
f 608/7993/2517 288/7994/1442 289/7995/1444
f 926/7794/2520 608/7793/2517 289/1712/1444
f 787/7996/4960 328/1715/1447 926/7794/2520
f 787/7996/4960 330/1717/1449 328/1715/1447
f 787/7996/4960 386/1719/1451 330/1717/1449
f 782/7155/4765 330/1717/1449 386/1719/1451
f 775/6800/4648 782/7155/4765 386/1719/1451
f 386/1719/1451 282/1718/1450 775/6800/4648
f 777/4134/3235 775/6800/4648 282/1718/1450
f 787/7996/4960 926/7794/2520 289/1712/1444
f 386/1719/1451 787/7996/4960 415/37/35
f 787/7996/4960 289/1712/1444 321/32/30
f 787/7996/4960 321/32/30 415/37/35
f 430/5034/1452 902/5038/3812 281/7330/21
f 313/1713/1445 430/1720/1452 457/1722/1453
f 779/30/28 321/32/30 313/1713/1445
f 779/30/28 313/1713/1445 457/1722/1453
f 849/964/823 832/959/818 848/6766/4628
f 428/6771/4630 848/6766/4628 832/959/818
f 431/6770/4629 848/6766/4628 428/6771/4630
f 848/6766/4628 431/6770/4629 560/6765/4627
f 560/7997/4627 418/7998/2500 720/7999/2502
f 720/8000/2502 473/8001/4351 560/8002/4627
f 476/6779/4635 475/6783/4638 561/6777/4633
f 860/6033/4347 475/6783/4638 476/6779/4635
f 425/6784/2507 475/6783/4638 860/6033/4347
f 860/6033/4347 476/6779/4635 479/6781/4637
f 462/7489/4878 477/6780/4636 452/6778/4634
f 462/7489/4878 756/8003/3568 477/6780/4636
f 756/4640/3568 478/8004/4639 477/8005/4636
f 756/4640/3568 449/8006/107 478/8004/4639
f 756/4640/3568 751/6029/108 449/8006/107
f 860/6033/4347 479/6781/4637 451/6786/106
f 377/5393/3199 66/7874/3201 873/6065/4361
f 1158/5015/3797 377/5393/3199 873/6065/4361
f 397/5014/3529 377/5393/3199 1158/5015/3797
f 312/5016/82 1158/5015/3797 888/7796/3822
f 898/8007/2953 401/5019/3798 623/5018/2951
f 1251/197/173 915/196/172 880/2456/2050
f 915/196/172 1074/3069/2522 880/2456/2050
f 1073/3068/2521 880/2456/2050 1074/3069/2522
f 915/196/172 1088/199/175 1074/3069/2522
f 1058/3070/2523 1074/3069/2522 1088/199/175
f 1058/3070/2523 1088/199/175 1106/3080/2530
f 1103/3078/2528 1058/3070/2523 1106/3080/2530
f 1106/3080/2530 1088/199/175 928/200/176
f 1063/203/179 628/202/178 589/944/805
f 963/204/180 1063/203/179 603/4585/3541
f 633/8008/883 985/8009/885 399/8010/888
f 1020/4639/2092 462/7787/4878 722/111/105
f 756/4640/3568 462/8011/4878 1020/2502/2092
f 1355/2462/2056 590/967/826 1145/2486/2077
f 659/969/828 590/967/826 1355/2462/2056
f 590/967/826 949/972/831 1145/2486/2077
f 672/2469/2063 959/7157/4766 1186/3708/2958
f 716/2470/2064 372/7784/4940 1220/2471/2065
f 1233/7651/4917 758/115/109 751/114/108
f 1038/6031/4348 758/115/109 1233/7651/4917
f 1155/1002/861 1271/1032/882 876/1003/862
f 1271/1032/882 987/5719/4188 876/1003/862
f 1292/1056/905 1413/1055/904 1182/1796/865
f 1292/8012/905 1182/1013/865 1192/1014/868
f 1295/1057/906 1192/1016/868 1201/1018/869
f 1295/1057/906 1292/1056/905 1192/1016/868
f 1201/1018/869 961/1019/870 1152/1060/909
f 1150/6801/4649 1369/6070/4363 1338/6560/884
f 1232/6564/3276 1362/1857/1556 704/3604/2885
f 979/1783/1507 704/3604/2885 1362/1857/1556
f 1373/1861/1548 1216/1784/1508 1481/1859/1558
f 1200/1793/1510 1383/1795/1517 1351/1845/1521
f 740/5423/4014 1216/1784/1508 1373/1861/1548
f 1383/1795/1517 740/7158/4014 1373/1844/1548
f 743/1794/1509 740/7158/4014 1383/1795/1517
f 1394/8013/932 1330/5722/4190 1332/5724/4191
f 1141/6811/4658 1261/5721/4189 1399/1074/922
f 1284/6812/4659 1141/6811/4658 1399/1074/922
f 1289/6824/4661 1298/8014/4201 1593/1079/927
f 1392/4202/3281 1298/6813/4201 1259/210/186
f 1284/6812/4659 1403/1087/933 1143/2464/2058
f 1549/2476/2068 1178/2478/2070 1502/5098/3847
f 1496/6831/3867 1194/2479/2071 1549/2476/2068
f 1299/3100/2546 1194/2479/2071 1496/6831/3867
f 1566/2530/2109 1434/2481/2073 1347/2480/2072
f 1364/7343/4024 1344/5441/4027 1546/5106/3852
f 1546/5106/3852 1344/5441/4027 1614/2561/2137
f 1445/6344/4472 1506/5112/3857 1341/5744/4202
f 1538/3114/2556 1506/5112/3857 1267/3115/2557
f 1217/2499/2090 1657/1088/934 1431/4659/2091
f 1609/4672/3585 1485/2485/2076 1493/5450/4033
f 1464/3109/2553 1484/3111/2552 1706/3148/2130
f 1589/2546/2123 1513/3112/2554 1648/4673/3586
f 1476/1063/912 1619/300/266 1722/299/267
f 1722/299/267 1478/1064/913 1476/1063/912
f 1579/1065/914 1478/1064/913 1722/299/267
f 1646/5456/4038 1579/1065/914 1722/299/267
f 1766/301/268 1524/1068/917 1650/6574/4039
f 1524/1068/917 1366/1070/919 1650/6574/4039
f 1527/303/270 1524/1068/917 1766/301/268
f 1393/3707/2957 1530/1072/920 1635/306/272
f 1635/306/272 1608/6355/3849 1393/3707/2957
f 1690/6356/4478 1750/5757/4208 1483/3710/2960
f 1789/5118/3861 1503/3741/2980 1691/3743/2981
f 1789/5118/3861 1797/7521/973 1503/3741/2980
f 1707/1132/974 1503/3745/2980 1797/1131/973
f 1806/5759/960 1596/3748/2984 1716/1162/998
f 1643/1120/962 1596/6084/2984 1806/1118/960
f 1633/269/241 1419/5451/4034 1643/1120/962
f 1711/270/242 1633/269/241 1852/5762/4209
f 1943/8015/1572 1711/270/242 1852/5762/4209
f 1852/5762/4209 1633/269/241 1643/1120/962
f 1818/1143/985 1820/1145/987 1608/6355/3849
f 1690/8016/4478 1608/8017/3849 1820/8018/987
f 1559/6836/3845 1683/6830/4662 1764/1148/990
f 1597/4216/2105 1731/7347/4817 1857/3186/2601
f 1876/5484/1009 1649/2519/2103 1735/2529/2107
f 1810/6570/2600 1879/1177/1012 1656/2523/2106
f 1943/1880/1572 1865/1928/1574 1660/1881/1573
f 1739/4695/3291 1682/6368/3292 1905/4696/3332
f 1682/6368/3292 1821/310/276 1905/4696/3332
f 1929/1871/1565 1595/1870/1564 1924/2570/2145
f 1732/3756/983 1866/3157/2584 1944/5468/984
f 2044/5765/4212 1646/5456/4038 1822/5764/4211
f 1650/5457/4039 1646/5456/4038 2044/5765/4212
f 1923/5486/4051 1650/5457/4039 2044/5765/4212
f 1777/5768/269 1978/5489/4053 1778/305/271
f 1784/4241/3307 1961/3232/2628 1888/354/308
f 1961/3232/2628 1979/4242/3308 1984/4244/3310
f 1845/7361/3312 1799/7363/4818 2068/7359/2630
f 1799/7349/4818 1819/4693/3600 2031/4692/3599
f 2110/3815/3021 1916/6361/3866 2074/4266/3327
f 1753/326/287 2110/3815/3021 2081/3816/3024
f 1934/330/288 2094/3810/3023 1759/328/289
f 1830/1925/1605 1759/6364/289 2094/3819/3023
f 2014/6104/4370 1864/1900/1585 1931/1901/1586
f 2085/1166/1002 1931/1901/1586 1941/1167/1003
f 2163/6107/4373 1798/5114/3859 1877/1907/1590
f 1877/1907/1590 1936/6106/4372 2163/6107/4373
f 1953/4684/3595 1756/4685/1021 2100/8019/1024
f 1953/6388/3595 1960/4687/3597 1742/4688/3596
f 2141/7008/4719 1964/7523/4888 2366/4276/3335
f 1964/7523/4888 2070/4277/3336 2366/4276/3335
f 2216/8020/4955 2149/8021/4821 2171/8022/2178
f 2149/8023/4821 2069/8024/2179 2171/8025/2178
f 2149/7364/4821 2220/7911/4954 2089/7210/4779
f 2249/8026/3020 2158/8027/4218 2161/1551/3630
f 2174/7367/4823 2161/4744/3630 2097/7211/4780
f 2174/7367/4823 2001/3771/2997 2238/1954/1625
f 2177/1955/1627 2086/2613/2180 2157/1957/1628
f 2177/1955/1627 2238/1954/1625 2001/3771/2997
f 2273/8028/2631 2068/7359/2630 2031/7362/3599
f 2273/3235/2631 2031/4692/3599 2038/4694/3601
f 2273/3235/2631 2038/4694/3601 2047/4270/3330
f 2283/5504/3333 2131/7007/4718 2287/6116/4376
f 2297/6855/4672 2245/8029/4949 2294/4719/3616
f 2297/6855/4672 2251/8030/4950 2245/8029/4949
f 2231/4721/3618 2317/4723/3619 2239/8031/2177
f 2294/4719/3616 2245/8029/4949 2256/4720/3617
f 2239/8031/2177 2317/4723/3619 2323/4727/3622
f 2323/8032/3622 2259/8033/3620 2239/8034/2177
f 2297/6855/4672 2326/6857/3626 2251/8030/4950
f 2261/8035/4951 2251/8030/4950 2326/6857/3626
f 2327/8036/3625 2261/8037/4951 2326/8038/3626
f 2263/8039/4952 2261/8040/4951 2327/8041/3625
f 2327/8041/3625 2224/8042/4953 2263/8039/4952
f 2329/8043/3627 2157/8044/1628 2327/8045/3625
f 2330/4738/3628 2320/4726/3621 2220/8046/4954
f 2320/4726/3621 2216/8047/4955 2220/8046/4954
f 2320/4726/3621 2259/4725/3620 2216/8047/4955
f 2323/8032/3622 2216/8048/4955 2259/8033/3620
f 2323/4730/3622 2330/4740/3628 2216/8049/4955
f 2330/8050/3628 2149/8021/4821 2216/8020/4955
f 2220/8046/4954 2149/8051/4821 2330/4738/3628
f 2327/8052/3625 2156/8053/4822 2224/8054/4953
f 2157/1957/1628 2156/7365/4822 2327/8055/3625
f 2249/8056/3020 2161/8057/3630 2284/8058/1660
f 2332/4747/3631 2174/7367/4823 2238/1954/1625
f 2332/4747/3631 2161/4744/3630 2174/7367/4823
f 2331/4741/3629 2303/1951/1624 2333/4749/3632
f 2305/1956/1626 2157/1957/1628 2329/4758/3627
f 2276/4711/3612 2312/1970/1641 2123/1209/1040
f 2276/4711/3612 2142/3197/2606 2597/8059/352
f 2142/3199/2606 2236/409/353 2597/408/352
f 2490/416/359 1988/415/358 1909/4239/3305
f 2374/1972/389 2154/6848/1629 2075/385/334
f 2250/1976/1646 2233/5498/4057 2462/3831/3033
f 2386/3833/3035 2223/3209/2612 2389/6599/4564
f 2116/3208/2611 2223/3209/2612 2386/3833/3035
f 2389/6599/4564 2223/3209/2612 2225/6601/331
f 2225/382/331 2143/384/333 2322/1959/1630
f 2374/1972/389 2075/385/334 2372/387/336
f 2466/441/380 2125/4706/3607 2189/436/375
f 2181/440/379 2125/4706/3607 2466/441/380
f 2525/448/385 2119/8060/4369 2363/446/378
f 2338/3224/2621 2119/8061/4369 2525/7043/385
f 2586/443/382 2011/4257/3320 2281/449/386
f 2285/442/381 2011/4257/3320 2586/443/382
f 2505/5511/3637 2227/6849/3639 2266/6592/4559
f 2507/7537/1071 2503/6593/4560 2101/4700/3604
f 2507/1248/1071 2101/6594/3604 2512/1249/1072
f 2356/2620/2186 2438/1253/1075 2512/1252/1072
f 2278/1258/1078 2196/1262/1081 2625/1259/1079
f 2350/2622/1082 2730/1278/430 2543/1261/1080
f 2267/1222/1049 2452/1225/1052 2423/1267/1085
f 2467/1279/1092 2214/1223/1050 2423/1267/1085
f 2406/3841/3043 2433/7679/4889 2718/3840/3042
f 2718/8062/3042 2433/7531/4889 2201/7530/3045
f 2201/3843/3045 2347/5782/4219 2734/3844/3046
f 2734/3844/3046 2347/5782/4219 2630/8063/3047
f 2347/5782/4219 2358/353/307 2630/8063/3047
f 2358/353/307 2550/7683/3048 2630/8063/3047
f 2584/2642/2203 2465/2643/2204 2639/6151/1702
f 2465/2645/2204 2313/2644/2205 2641/2044/1703
f 2641/2044/1703 2639/2043/1702 2465/2645/2204
f 2652/8064/4394 2492/8065/2208 2655/8066/4225
f 2652/8067/4394 2819/8068/4393 2492/8069/2208
f 2564/7250/1706 2492/8070/2208 2819/7251/4393
f 2827/2037/1699 2655/5792/4225 2255/5794/4226
f 2827/2037/1699 2255/5794/4226 2588/498/423
f 2313/2644/2205 2405/8071/2212 2641/2044/1703
f 2672/8072/404 2596/7534/3063 2424/5499/405
f 2689/8073/4784 2508/461/395 2540/1239/1062
f 2689/8074/4784 2540/8075/1062 2727/8076/4785
f 2727/7241/4785 2540/8077/1062 2596/3877/3063
f 2841/8078/4961 2727/7241/4785 2596/3877/3063
f 2707/3878/3064 2841/8078/4961 2596/3877/3063
f 2729/7242/4786 2727/7241/4785 2841/8078/4961
f 2606/8079/4566 2519/466/399 2698/465/396
f 2698/7238/396 2729/7242/4786 2606/6606/4566
f 2599/4320/3367 2606/6606/4566 2729/7242/4786
f 2841/8078/4961 2707/3878/3064 2739/4323/3370
f 2729/7242/4786 2841/8078/4961 2599/4320/3367
f 2599/4320/3367 2841/8078/4961 2615/4322/3369
f 2615/4322/3369 2841/8078/4961 2739/4323/3370
f 2622/7391/2653 2844/567/489 3312/6919/3396
f 3312/6919/3396 2844/567/489 2862/566/488
f 2865/5835/1214 2918/5833/4246 2687/4785/3646
f 2926/4783/3644 2918/5833/4246 2880/5556/4086
f 2908/8080/3398 2425/3233/2629 2621/2668/2225
f 2930/8081/3397 2621/2668/2225 2443/2669/2226
f 2930/4372/3397 2715/5819/4063 3254/4380/3404
f 2930/8082/3397 2443/8083/2226 2715/8084/4063
f 3253/7934/4956 2911/5822/4239 3252/2745/2281
f 3252/2745/2281 2911/5822/4239 2921/5823/4240
f 2987/6440/4498 2955/6917/4684 3009/6918/4685
f 3269/4834/3681 3002/7822/4944 3000/4833/3680
f 3132/4835/3682 3000/4833/3680 3002/7822/4944
f 3132/4835/3682 3133/4836/3683 3000/4833/3680
f 3002/7822/4944 3032/5213/3905 3134/8085/4567
f 3032/5213/3905 2634/5212/390 3134/8085/4567
f 3134/8085/4567 2642/8086/3032 3027/2738/2274
f 3002/7822/4944 3134/8085/4567 3132/4835/3682
f 3027/2738/2274 3132/4835/3682 3134/8085/4567
f 3132/4835/3682 2794/4837/3684 3133/4836/3683
f 3053/4368/2276 2661/4367/3395 2794/6611/3684
f 3133/4836/3683 2794/4837/3684 2806/7245/3034
f 3133/4836/3683 2806/7245/3034 3008/1395/1179
f 3025/8087/3685 2791/8088/2683 2555/3834/3036
f 3025/8087/3685 2555/3834/3036 3021/8089/2272
f 3021/8089/2272 2555/3834/3036 2814/6615/3393
f 2738/6161/4395 2893/6163/4396 3147/583/501
f 2895/6433/3044 2734/8090/3046 2894/1384/1168
f 2894/1384/1168 2734/8090/3046 2630/8091/3047
f 3231/1385/1169 2894/1384/1168 2947/7049/3049
f 2947/7049/3049 2894/1384/1168 2630/8091/3047
f 3231/1385/1169 2947/7049/3049 2946/7045/4733
f 2946/7045/4733 2947/7049/3049 2969/4377/3401
f 3178/7047/4735 3321/6911/3914 2925/4784/3645
f 3156/2744/2280 3118/7046/4734 3249/4379/3403
f 3118/7046/4734 2969/4377/3401 3249/4379/3403
f 3156/2744/2280 3249/4379/3403 3253/7934/4956
f 3253/7934/4956 3252/2745/2281 3156/2744/2280
f 3227/4375/3399 2952/4376/3400 2908/4373/3398
f 3077/1391/1175 3267/1389/1173 3024/2040/1701
f 3042/2045/1704 3077/1391/1175 3024/2040/1701
f 2833/2046/1705 3042/2045/1704 3024/2040/1701
f 3022/2052/1710 3266/2051/1709 3251/2067/1724
f 3165/1414/1195 3296/1416/1197 3172/3902/3082
f 3206/8092/1723 3179/1419/1200 3332/6657/4588
f 3299/4857/3695 3384/4860/3698 3308/3332/2694
f 3392/4861/3699 3157/3316/2689 3194/3325/2695
f 3157/3316/2689 3392/4861/3699 3324/4840/3687
f 3210/7057/2698 3330/7059/4254 3416/8093/4099
f 3145/7056/2691 3163/5226/2690 3419/5850/4255
f 3419/5850/4255 3330/5849/4254 3145/7056/2691
f 3163/5226/2690 3422/4863/3701 3419/5850/4255
f 3289/2756/1187 3219/3340/2699 3431/2757/2286
f 3219/3340/2699 3210/3339/2698 3417/5577/4098
f 3395/1453/1225 3343/3368/2724 3479/2780/2300
f 3477/2781/2301 3479/2780/2300 3343/3368/2724
f 3477/2781/2301 3343/3368/2724 3396/646/546
f 3459/2113/1765 3301/2114/1766 3488/6194/4407
f 3397/7255/4791 3488/6194/4407 3301/2114/1766
f 3397/7255/4791 3185/6192/4405 3488/6194/4407
f 3438/4394/3415 3432/4393/3412 3434/5852/4257
f 3440/5561/4087 3385/5560/494 3582/6930/4509
f 3582/6478/4509 3385/572/494 3516/6479/4510
f 3385/572/494 3334/571/493 3516/6479/4510
f 3592/1462/1234 3522/1465/1237 3466/1463/1235
f 3522/2775/1237 3529/1471/1238 3402/1418/1199
f 3529/1471/1238 3406/1470/1240 3332/6657/4588
f 3411/8094/4688 3532/2146/1795 3354/7066/4738
f 3418/1421/1202 3354/7066/4738 3396/646/546
f 3523/4405/3423 3304/2769/2293 3557/3958/3102
f 3596/4406/3424 3519/4407/3425 3441/4408/3426
f 3628/665/563 3504/7719/4096 3687/666/564
f 3504/7719/4096 3551/8095/4095 3687/666/564
f 3620/8096/558 3565/8097/4091 3525/8098/3413
f 3638/5570/4092 3648/8099/4962 3599/5571/4093
f 3648/8099/4962 3539/5573/4094 3599/5571/4093
f 3551/8100/4095 3541/8101/4097 3658/8102/571
f 3539/8103/4094 3648/8104/4962 3541/8105/4097
f 3658/8102/571 3541/8101/4097 3674/8106/3429
f 3648/8107/4962 3662/8108/4963 3541/8109/4097
f 3662/8110/4963 3674/4419/3429 3541/8111/4097
f 3468/5851/4256 3504/7719/4096 3628/665/563
f 3628/665/563 3416/5578/4099 3468/5851/4256
f 3666/688/579 3416/5578/4099 3628/665/563
f 3496/2770/2294 3508/7718/4924 3721/692/583
f 3666/688/579 3508/7718/4924 3417/5577/4098
f 3666/688/579 3721/692/583 3508/7718/4924
f 3694/8112/568 3638/8113/4092 3565/8114/4091
f 3686/8115/559 3565/8097/4091 3620/8096/558
f 3686/8116/559 3694/8112/568 3565/8114/4091
f 3694/8112/568 3698/8117/570 3638/8113/4092
f 3648/8099/4962 3638/5570/4092 3699/8118/576
f 3699/8119/576 3662/8108/4963 3648/8107/4962
f 3658/675/571 3687/666/564 3551/8095/4095
f 3673/4414/574 3658/8120/571 3674/4415/3429
f 3699/684/576 3705/683/575 3662/8121/4963
f 3674/4419/3429 3662/8110/4963 3705/704/575
f 3698/8117/570 3699/8122/576 3638/8113/4092
f 3496/7068/2294 3721/8123/583 3621/7069/1243
f 3751/3395/1264 3685/3394/2736 3857/7285/4794
f 3723/710/594 3792/709/593 3619/3401/2738
f 3793/5900/598 3619/3401/2738 3792/709/593
f 3644/3944/3100 3619/3401/2738 3793/5900/598
f 3733/3405/2740 3644/3947/3100 3793/8124/598
f 3793/8125/598 3794/8126/600 3733/8127/2740
f 3735/3403/2739 3733/3405/2740 3794/8128/600
f 3665/3952/3101 3736/3951/2741 3795/8129/595
f 3795/8130/595 3735/8131/2739 3796/8132/596
f 3736/8133/2741 3735/8131/2739 3795/8130/595
f 3794/8134/600 3748/4433/3435 3735/8135/2739
f 3735/8131/2739 3764/8136/2313 3796/8132/596
f 3748/6217/3435 3764/6216/2313 3735/8137/2739
f 3723/3399/594 3722/3398/592 3839/8138/591
f 3757/6215/597 3665/3954/3101 3795/8139/595
f 3794/8134/600 3889/7083/599 3748/4433/3435
f 3889/7083/599 3824/4434/3436 3748/4433/3435
f 3796/8140/596 3581/8141/1784 3757/8142/597
f 3837/4485/3463 3707/7071/4740 3843/4488/3466
f 3843/4488/3466 3732/7072/4741 3897/1532/1289
f 3837/4485/3463 3984/4484/3462 3763/2823/2326
f 4028/740/622 3975/4489/3467 3897/1532/1289
f 4076/4000/627 4001/8143/3458 4067/4001/3122
f 4003/4481/3459 4001/8143/3458 4076/4000/627
f 3839/707/591 3900/706/590 4082/752/628
f 4087/751/630 3839/707/591 4082/752/628
f 4080/6943/4416 3979/4904/3719 4105/8144/4597
f 3979/5599/3719 4038/721/605 4105/6715/4597
f 4180/4917/3727 4054/5611/4111 4069/8145/3125
f 4117/5612/2364 4054/5611/4111 4180/4917/3727
f 4180/4917/3727 4181/4916/3728 4117/5612/2364
f 4167/7448/3474 4009/4011/3129 4265/2911/2390
f 4037/6941/2376 4009/4011/3129 4167/7448/3474
f 4265/2911/2390 4009/4011/3129 4219/2913/2391
f 4101/4002/3123 4212/2263/1874 4253/783/657
f 4212/2263/1874 4100/4482/3460 4255/784/658
f 4255/784/658 4100/4482/3460 4266/785/659
f 4202/4033/3146 4285/1608/1349 4149/6709/4595
f 4285/1608/1349 4174/1610/1351 4149/6709/4595
f 4174/1610/1351 4294/1609/1350 4094/5914/4285
f 4232/5915/4286 4094/5914/4285 4294/1609/1350
f 4232/5915/4286 4382/1613/1354 4238/5917/4288
f 4199/5920/4289 4238/5919/4288 4304/1615/1353
f 4382/8146/1354 4304/1615/1353 4238/5919/4288
f 4155/5617/4115 4258/1618/1357 4251/1595/1336
f 4309/1596/1337 4251/1595/1336 4374/1632/1371
f 4328/2288/1895 4403/776/650 4290/774/648
f 4299/778/652 4403/776/650 4373/7301/4799
f 4380/4056/3168 4299/778/652 4373/7301/4799
f 4380/4056/3168 4385/4058/3170 4299/778/652
f 4385/4058/3170 4324/780/654 4299/778/652
f 4421/2290/1897 4324/780/654 4385/4058/3170
f 4421/2290/1897 4298/1607/1348 4324/780/654
f 4364/3500/2789 4298/1607/1348 4421/2290/1897
f 4325/2273/1883 4298/1607/1348 4364/3500/2789
f 4445/4938/2436 4420/4962/3757 4261/4936/3740
f 4420/4962/3757 4313/6718/4600 4261/4936/3740
f 4492/2933/2409 4441/792/666 4391/6500/4518
f 4492/2933/2409 4391/6500/4518 4371/6501/4519
f 4492/2933/2409 4371/6501/4519 4483/2936/2412
f 4430/6250/4424 4420/4962/3757 4536/4961/2820
f 4440/4529/3491 4497/6722/4523 4526/8147/3743
f 4497/6722/4523 4469/4530/3492 4512/6503/4521
f 4583/4067/714 4454/7852/2812 4443/2289/1896
f 4454/8148/2812 4596/8149/2815 4444/802/676
f 4596/8149/2815 4489/803/677 4444/802/676
f 4641/863/728 4511/871/736 4796/5632/4121
f 4670/5972/4316 4796/5632/4121 4534/5633/4122
f 4670/8150/4316 4534/8151/4122 4946/8152/4964
f 4946/8153/4964 4534/5633/4122 4625/5634/4123
f 4804/6270/4436 4946/8153/4964 4625/5634/4123
f 4625/5634/4123 4544/5636/4125 4804/6270/4436
f 4808/6271/4437 4804/6270/4436 4544/5636/4125
f 4755/2301/1907 4760/833/701 4693/7462/4857
f 4755/2301/1907 4693/7462/4857 4710/839/705
f 4710/839/705 4549/5637/4126 4755/2301/1907
f 4808/6271/4437 4569/5638/4127 4831/6276/4442
f 4544/5636/4125 4569/5638/4127 4808/6271/4437
f 4549/5637/4126 4710/839/705 4762/4072/3179
f 4762/4072/3179 4569/5638/4127 4549/5637/4126
f 4831/6276/4442 4569/5638/4127 4762/4072/3179
f 4843/2333/1932 4846/6954/4701 4848/8154/4965
f 4857/8155/4966 4848/8154/4965 4846/6954/4701
f 4843/2333/1932 4848/8154/4965 4501/2335/1933
f 4501/2335/1933 4865/8156/4967 4499/8157/4293
f 4848/8154/4965 4865/8156/4967 4501/2335/1933
f 4846/6954/4701 4887/2953/2429 4857/8155/4966
f 4887/2953/2429 4609/2951/2427 4857/8155/4966
f 4609/2951/2427 4872/7767/4931 4857/8155/4966
f 4848/8154/4965 4857/8155/4966 4865/8156/4967
f 4857/8155/4966 4872/7767/4931 4714/5366/3982
f 4872/7767/4931 4726/5367/3983 4714/5366/3982
f 4714/5366/3982 4865/8156/4967 4857/8155/4966
f 4503/5369/3984 4865/8156/4967 4714/5366/3982
f 4499/8157/4293 4865/8156/4967 4503/5369/3984
f 4726/5367/3983 4882/7607/4904 4741/5368/3508
f 4741/4550/3508 4592/4549/3507 4503/5939/3984
f 4691/2308/1913 4696/2309/1914 4704/2314/1918
f 4701/2310/1915 4691/2308/1913 4704/2314/1918
f 4923/7468/4862 4902/7469/4863 4683/5666/4147
f 4915/7475/4868 4934/7859/4947 4724/6269/4435
f 4934/7859/4947 4687/6267/4433 4724/6269/4435
f 4724/6269/4435 4929/6749/4618 4915/7475/4868
f 4724/6269/4435 4730/5966/4310 4740/6751/4620
f 4844/6268/4434 4923/7468/4862 4683/5666/4147
f 4907/7118/4756 4670/5972/4316 4954/6273/4439
f 4960/4965/3759 4670/5972/4316 4907/7118/4756
f 4670/5972/4316 4946/8153/4964 4954/6273/4439
f 4949/7774/4936 4954/6273/4439 4747/6275/4441
f 4907/7118/4756 4954/6273/4439 4949/7774/4936
f 4954/6273/4439 4946/8153/4964 4804/6270/4436
f 4949/7774/4936 4944/7773/4935 4902/7469/4863
f 4949/7774/4936 4747/6275/4441 4698/5660/4141
f 4680/861/726 4688/7985/2450 4956/7862/4948
f 4911/5960/4304 4680/861/726 4956/7862/4948
