# Blender 4.3.2
# www.blender.org
mtllib fused_model.mtl
o bar-4mm_mesh
v -0.026169 -0.001156 0.001180
v -0.007775 -0.001113 0.001364
v 0.002641 -0.001125 0.001379
v -0.022137 -0.001071 0.001404
v -0.004930 -0.001116 0.001349
v -0.011929 -0.001092 0.001411
v -0.015491 -0.001137 0.001313
v -0.011315 -0.001108 0.001332
v -0.014955 -0.001119 0.001417
v -0.014255 -0.001148 0.001297
v 0.024311 -0.001091 0.001382
v -0.024887 -0.001109 -0.001251
v -0.010783 -0.001132 -0.001272
v -0.021578 -0.001099 -0.001232
v -0.020589 -0.001122 -0.001204
v -0.025891 -0.001104 0.001360
v 0.014730 -0.001111 0.001372
v -0.024492 -0.001125 0.001323
v 0.010202 -0.001107 0.001411
v -0.014389 -0.001099 -0.001230
v -0.018915 -0.001121 0.001346
v -0.017910 -0.001111 0.001318
v -0.000606 -0.001127 -0.001285
v -0.003321 -0.001111 -0.001161
v -0.002699 -0.001138 -0.001292
v -0.007604 -0.001151 -0.001133
v -0.006154 -0.001096 0.001391
v -0.021601 -0.001117 0.001321
v -0.003194 -0.001116 0.001353
v -0.020992 -0.001093 0.001374
v -0.002750 -0.001119 0.001405
v 0.020514 -0.001119 0.001358
v 0.020980 -0.001117 0.001323
v 0.007706 -0.001118 0.001352
v -0.002005 -0.001116 0.001386
v -0.021129 -0.001132 -0.001288
v -0.024034 -0.001113 -0.001209
v 0.017557 -0.001090 0.001374
v -0.017549 -0.001109 -0.001155
v -0.009910 -0.001122 -0.001256
v 0.003140 -0.001123 0.001343
v 0.018228 -0.001117 0.001340
v -0.000735 -0.001115 0.001382
v 0.021967 -0.001124 0.001381
v -0.023411 -0.001197 -0.001023
v 0.000136 -0.001112 -0.001249
v -0.006635 -0.001116 -0.001236
v -0.023160 -0.001107 -0.001216
v 0.001020 -0.001110 -0.001243
v -0.020024 -0.001114 0.001340
v -0.026369 -0.001137 0.000493
v 0.011162 -0.001112 0.001343
v 0.004463 -0.001114 0.001331
v -0.009074 -0.001103 0.001330
v -0.019750 -0.001117 -0.001147
v 0.025700 -0.001119 0.001401
v -0.022128 -0.001106 -0.001223
v -0.017388 -0.001072 0.001411
v -0.013641 -0.001123 -0.001147
v 0.002610 -0.001156 -0.001305
v -0.005181 -0.001111 -0.001187
v -0.018756 -0.001114 -0.001197
v 0.003065 -0.001099 -0.001230
v 0.012003 -0.001114 0.001375
v -0.026177 -0.001047 -0.000064
v -0.008960 -0.001180 -0.001085
v 0.006689 -0.001118 -0.001270
v -0.001675 -0.001121 -0.001253
v -0.025973 -0.001120 0.000098
v 0.004644 -0.001112 -0.001215
v 0.019289 -0.001159 0.001272
v 0.009308 -0.001113 0.001378
v -0.016457 -0.001117 0.001361
v -0.012955 -0.001118 0.001394
v 0.013218 -0.001115 0.001381
v 0.006340 -0.001112 0.001378
v -0.016795 -0.001185 -0.001079
v -0.004538 -0.001164 -0.001093
v 0.000892 -0.001115 0.001357
v 0.001599 -0.001136 -0.001287
v -0.003903 -0.001121 -0.001191
v -0.008271 -0.001117 -0.001191
v 0.017000 -0.001149 -0.001312
v 0.013950 -0.001110 -0.001188
v 0.019831 -0.001124 0.001364
v 0.020869 -0.001120 -0.001265
v 0.002100 -0.001118 -0.001257
v 0.011064 -0.001118 -0.001242
v 0.017480 -0.001113 -0.001253
v -0.008589 -0.001118 0.001375
v 0.015294 -0.001119 -0.001255
v 0.023065 -0.001071 0.001425
v 0.018185 -0.001119 -0.001174
v 0.011635 -0.001118 -0.001254
v 0.026060 -0.001139 0.001164
v 0.016372 -0.001103 0.001373
v -0.012582 -0.001113 -0.001222
v -0.016410 -0.001106 -0.001266
v 0.023461 -0.001181 0.001287
v 0.021999 -0.001131 -0.001273
v 0.019098 -0.001095 -0.001239
v 0.015871 -0.001153 -0.001304
v -0.001132 -0.001117 -0.001197
v 0.019486 -0.001113 -0.001162
v 0.012461 -0.001108 -0.001232
v -0.015461 -0.001123 -0.001181
v 0.026274 -0.001105 0.000205
v 0.008229 -0.001109 -0.001221
v 0.016591 -0.001125 -0.001279
v 0.005345 -0.001118 -0.001161
v -0.023301 -0.001111 0.001342
v 0.024782 -0.001117 -0.001250
v 0.012855 -0.001109 -0.001177
v -0.011727 -0.001102 -0.001236
v -0.026215 -0.001119 -0.000338
v 0.020334 -0.001115 -0.001170
v 0.026085 -0.001123 -0.000685
v 0.025118 -0.001199 -0.001012
v 0.025629 -0.001133 -0.001084
v 0.023371 -0.001102 -0.001228
v 0.009292 -0.001127 -0.001261
v 0.023883 -0.001123 -0.001283
v -0.026266 -0.001137 -0.000740
v -0.025812 -0.001072 -0.000118
v 0.010143 -0.001111 -0.001232
v -0.025754 -0.001250 -0.000369
v -0.026089 -0.001128 -0.001130
v -0.025910 -0.001239 0.001177
v -0.014710 -0.001223 0.001224
v -0.007780 -0.001228 0.001230
v -0.001062 -0.001235 0.001226
v -0.003621 -0.001246 0.000189
v -0.000448 -0.001279 0.001217
v -0.021363 -0.001256 0.001213
v -0.003495 -0.001272 -0.000342
v -0.004426 -0.001240 0.001178
v -0.003036 -0.001249 0.000034
v -0.025076 -0.001261 0.000011
v 0.006752 -0.001225 0.001232
v 0.020641 -0.001324 0.001218
v 0.021020 -0.001238 0.001201
v 0.009946 -0.001279 0.001199
v 0.010934 -0.001254 0.001196
v -0.021651 -0.001294 0.000996
v 0.014401 -0.001218 0.001222
v -0.015302 -0.001234 0.000861
v -0.018752 -0.001273 0.001217
v -0.017917 -0.001266 0.000241
v 0.002608 -0.001298 0.001228
v -0.017821 -0.001187 0.001225
v -0.007817 -0.001245 0.000955
v -0.000330 -0.001247 0.000064
v 0.003044 -0.001266 0.001190
v 0.017951 -0.001280 0.001213
v -0.009624 -0.001265 0.000116
v 0.000521 -0.001272 -0.000131
v 0.024081 -0.001266 0.001183
v -0.021264 -0.001251 -0.000294
v -0.002475 -0.001273 0.000316
v -0.014279 -0.001232 -0.000361
v 0.024516 -0.001246 0.000955
v -0.024356 -0.001253 0.001196
v -0.020749 -0.001261 0.000303
v 0.014653 -0.001251 0.000980
v -0.017849 -0.001241 0.000935
v 0.017373 -0.001292 0.000927
v -0.013427 -0.001247 -0.000184
v -0.009727 -0.001231 -0.000552
v -0.009078 -0.001225 0.001162
v 0.000328 -0.001252 0.000799
v -0.010076 -0.001254 0.001215
v -0.020139 -0.001238 0.001208
v -0.001147 -0.001271 0.000858
v -0.014403 -0.001252 0.000948
v -0.024066 -0.001263 0.000113
v 0.006485 -0.001251 0.000886
v -0.019958 -0.001267 0.000329
v -0.019348 -0.001253 0.000913
v -0.003083 -0.001249 0.001187
v -0.008466 -0.001257 0.001204
v -0.023390 -0.001267 0.000962
v 0.025719 -0.001235 0.001225
v 0.021698 -0.001228 0.001200
v -0.008462 -0.001248 0.000241
v -0.005657 -0.001235 0.001192
v 0.025214 -0.001269 0.000918
v 0.001849 -0.001251 0.001200
v 0.008978 -0.001251 0.001220
v -0.023369 -0.001235 0.000569
v 0.002537 -0.001241 0.000770
v -0.012543 -0.001253 0.000520
v -0.020563 -0.001251 -0.000482
v -0.011523 -0.001250 0.000950
v 0.009248 -0.001241 0.000745
v 0.012424 -0.001250 0.000759
v -0.021902 -0.001221 -0.000960
v -0.016182 -0.001237 0.001212
v -0.010836 -0.001259 -0.000981
v -0.002110 -0.001251 0.000847
v -0.010045 -0.001253 -0.000955
v 0.012987 -0.001259 0.000983
v 0.019712 -0.001278 0.000937
v 0.002182 -0.001258 0.000275
v 0.001034 -0.001260 0.000116
v -0.025816 -0.001234 0.000322
v -0.017251 -0.001258 -0.000705
v -0.014140 -0.001232 -0.000953
v 0.023190 -0.001246 0.000892
v -0.021137 -0.001233 -0.001019
v -0.006612 -0.001245 -0.001019
v -0.002621 -0.001230 -0.000989
v -0.025239 -0.001260 0.000511
v 0.000859 -0.001272 -0.000709
v 0.005069 -0.001257 0.000558
v -0.006338 -0.001281 0.000079
v -0.024319 -0.001247 -0.000766
v 0.009202 -0.001276 0.000202
v -0.000186 -0.001260 -0.000688
v -0.005432 -0.001240 0.000165
v 0.020173 -0.001261 0.000355
v -0.022487 -0.001256 0.000600
v 0.009749 -0.001245 0.000004
v -0.004598 -0.001269 0.000387
v -0.018582 -0.001232 0.000406
v 0.012625 -0.001269 0.000306
v -0.025733 -0.001242 0.000091
v -0.007384 -0.001252 -0.000759
v 0.020262 -0.001260 0.000918
v 0.024309 -0.001268 0.000187
v 0.003221 -0.001266 0.000483
v -0.019669 -0.001260 -0.000378
v 0.013611 -0.001259 0.000677
v 0.010867 -0.001243 0.000601
v -0.001611 -0.001252 0.000122
v 0.010413 -0.001261 0.000215
v -0.013386 -0.001214 -0.000982
v 0.016889 -0.001257 -0.000192
v -0.022436 -0.001242 -0.000301
v 0.023585 -0.001272 0.000040
v 0.003204 -0.001246 -0.000208
v -0.023367 -0.001246 -0.000296
v -0.015168 -0.001268 -0.000122
v -0.023335 -0.001233 0.001220
v -0.020165 -0.001224 -0.000993
v 0.001908 -0.001271 -0.000229
v -0.016928 -0.001251 0.001215
v 0.013271 -0.001263 -0.000279
v 0.004630 -0.001224 0.001218
v -0.012207 -0.001244 -0.000362
v -0.012858 -0.001253 -0.000811
v -0.016635 -0.001255 0.000102
v -0.006487 -0.001230 0.000663
v 0.001532 -0.001253 -0.000995
v -0.006889 -0.001245 0.000434
v 0.004439 -0.001260 0.000965
v -0.021053 -0.001234 0.000544
v -0.021717 -0.001271 0.000129
v -0.011184 -0.001259 -0.000032
v -0.008520 -0.001259 -0.000707
v 0.021018 -0.001276 0.000299
v -0.007950 -0.001266 0.000236
v -0.003286 -0.001203 -0.001017
v 0.005396 -0.001258 0.000031
v 0.011865 -0.001268 0.000985
v 0.024683 -0.001259 0.000000
v 0.012051 -0.001248 0.001232
v 0.017716 -0.001260 0.000252
v 0.021782 -0.001286 0.000175
v -0.016393 -0.001250 -0.000671
v 0.000420 -0.001228 -0.001026
v 0.018003 -0.001243 0.000508
v -0.023291 -0.001260 -0.000716
v 0.014584 -0.001241 0.000718
v -0.023809 -0.001245 0.000357
v -0.006422 -0.001274 0.001225
v 0.006664 -0.001274 0.000299
v -0.005784 -0.001256 -0.000689
v 0.014239 -0.001271 0.000044
v 0.022430 -0.001296 0.001204
v -0.001566 -0.001215 -0.001022
v 0.005361 -0.001273 0.001016
v 0.000876 -0.001240 0.001205
v -0.000951 -0.001259 -0.000694
v -0.020640 -0.001211 0.001178
v 0.014897 -0.001261 0.001230
v -0.020993 -0.001260 0.000949
v -0.023884 -0.001199 -0.001019
v -0.002438 -0.001265 0.001220
v 0.012769 -0.001261 0.001223
v 0.004040 -0.001279 -0.000158
v -0.018880 -0.001259 -0.000745
v 0.004059 -0.001259 0.000244
v 0.007785 -0.001236 0.000718
v -0.019681 -0.001203 0.001227
v 0.018896 -0.001261 0.001009
v 0.002102 -0.001231 -0.000987
v -0.017445 -0.001213 -0.001024
v 0.016614 -0.001298 0.001216
v 0.011687 -0.001269 0.000124
v 0.004539 -0.001231 -0.001009
v -0.012547 -0.001212 -0.001034
v -0.016985 -0.001236 0.000495
v 0.002547 -0.001255 -0.001015
v 0.026003 -0.001223 0.000202
v -0.013703 -0.001274 0.000948
v 0.001027 -0.001237 0.000743
v -0.005393 -0.001202 -0.001019
v -0.018121 -0.001238 -0.000335
v 0.022351 -0.001264 0.000292
v 0.003024 -0.001235 -0.000923
v 0.016168 -0.001245 0.000639
v -0.013077 -0.001241 0.001219
v 0.020213 -0.001251 0.001231
v 0.015339 -0.001267 0.000427
v -0.004914 -0.001261 -0.000687
v 0.008252 -0.001265 0.000945
v 0.014785 -0.001260 -0.000228
v -0.015433 -0.001239 -0.000435
v 0.018486 -0.001273 0.000010
v 0.005234 -0.001235 -0.000956
v -0.010025 -0.001234 0.000614
v -0.025985 -0.001198 -0.000971
v -0.018699 -0.001206 -0.001033
v 0.007461 -0.001285 0.000079
v -0.015463 -0.001237 -0.000970
v -0.007696 -0.001245 -0.000376
v -0.011464 -0.001232 -0.000980
v -0.000669 -0.001236 -0.001045
v 0.018974 -0.001252 -0.000016
v -0.013872 -0.001228 0.000366
v -0.011269 -0.001227 -0.000666
v 0.010857 -0.001251 -0.000438
v 0.015796 -0.001285 0.000164
v 0.021774 -0.001244 -0.000475
v 0.007456 -0.001250 -0.000482
v 0.018223 -0.001243 -0.000958
v 0.011499 -0.001260 -0.000670
v 0.025919 -0.001233 -0.000490
v 0.015800 -0.001246 -0.000285
v 0.022975 -0.001265 -0.000118
v 0.024800 -0.001242 -0.000784
v 0.013953 -0.001258 -0.000806
v 0.008871 -0.001250 -0.000312
v 0.014929 -0.001262 -0.000771
v -0.004074 -0.001264 -0.000772
v 0.007992 -0.001239 -0.000968
v 0.025574 -0.001286 -0.000797
v 0.005874 -0.001269 -0.000711
v 0.019038 -0.001288 -0.000582
v 0.006343 -0.001245 -0.000322
v 0.021898 -0.001231 -0.001030
v 0.012340 -0.001253 -0.000984
v 0.022429 -0.001292 -0.000583
v 0.015753 -0.001277 -0.000974
v 0.019624 -0.001258 -0.000252
v 0.016275 -0.001259 -0.001007
v 0.011126 -0.001232 -0.001024
v 0.014701 -0.001217 -0.001018
v 0.019245 -0.001222 -0.001019
v 0.023175 -0.001226 -0.000457
v -0.011529 -0.001208 0.001214
v 0.008576 -0.001272 -0.000967
v 0.019991 -0.001226 -0.001030
v 0.019947 -0.001286 -0.000697
v 0.020574 -0.001257 -0.000388
v 0.023437 -0.001224 -0.001008
v 0.012856 -0.001201 -0.001019
v 0.006670 -0.001222 -0.001050
v 0.009222 -0.001235 -0.001024
v 0.017261 -0.001286 -0.000734
v 0.009948 -0.001245 -0.000937
v 0.020988 -0.001277 -0.000963
v 0.017185 -0.001264 -0.001038
v 0.023640 -0.001265 -0.000695
v -0.026005 -0.000877 0.001425
v 0.013906 -0.000849 0.001410
v -0.014892 -0.000946 -0.001268
v -0.011661 -0.000880 -0.001291
v -0.008390 -0.000945 -0.001279
v -0.000253 -0.000849 0.001389
v -0.022360 -0.000872 -0.001303
v -0.021226 -0.000900 -0.001348
v 0.024452 -0.000838 0.001386
v 0.010812 -0.000856 0.001385
v 0.020761 -0.000867 0.001385
v -0.018732 -0.000920 -0.001260
v -0.017724 -0.000873 -0.001236
v 0.017355 -0.000866 0.001406
v -0.011064 -0.000902 0.001383
v 0.002670 -0.000892 0.001398
v -0.026399 -0.000833 0.001224
v -0.026488 -0.000967 0.000953
v 0.004072 -0.000867 0.001387
v -0.018295 -0.000835 0.001375
v 0.004706 -0.000819 0.001407
v -0.003597 -0.000853 0.001413
v -0.002767 -0.000889 -0.001338
v -0.001531 -0.000885 0.001407
v 0.006295 -0.000900 0.001420
v -0.008024 -0.000868 0.001408
v 0.002927 -0.000905 -0.001309
v 0.022040 -0.000847 0.001410
v 0.000698 -0.000866 0.001392
v -0.009230 -0.000809 0.001387
v -0.016868 -0.000827 -0.001226
v 0.000100 -0.000839 -0.001366
v -0.025904 -0.000948 -0.001242
v -0.007157 -0.000835 -0.001242
v -0.001976 -0.000742 -0.001252
v 0.018588 -0.000883 0.001376
v -0.006740 -0.000870 0.001380
v 0.025669 -0.000883 0.001434
v -0.024881 -0.000884 -0.001340
v 0.004270 -0.000905 -0.001267
v 0.008014 -0.000863 0.001381
v -0.025195 -0.000868 0.001384
v -0.015164 -0.000912 0.001438
v -0.013864 -0.000869 -0.001252
v -0.021700 -0.000804 0.001382
v 0.005398 -0.000846 0.001373
v -0.020639 -0.000859 -0.001247
v -0.006691 -0.000920 -0.001278
v -0.016372 -0.000891 -0.001307
v -0.010816 -0.000893 -0.001323
v -0.020183 -0.000920 -0.001270
v -0.001079 -0.000847 -0.001248
v -0.019619 -0.000853 -0.001230
v 0.001035 -0.000895 -0.001300
v 0.005618 -0.000870 -0.001241
v 0.019686 -0.000876 0.001392
v 0.026093 -0.000875 0.001312
v 0.023594 -0.000828 0.001384
v 0.008992 -0.000874 0.001405
v -0.015552 -0.000898 -0.001254
v -0.026522 -0.000861 0.000133
v 0.006498 -0.000862 -0.001292
v 0.015610 -0.000823 0.001388
v -0.020780 -0.000874 0.001431
v 0.002086 -0.000883 -0.001320
v -0.006209 -0.000834 -0.001240
v -0.016308 -0.000906 0.001388
v -0.004878 -0.000891 0.001389
v 0.026321 -0.000909 0.001031
v -0.010182 -0.000853 -0.001305
v 0.009949 -0.000774 -0.001315
v -0.019665 -0.000860 0.001384
v 0.026447 -0.000905 0.000418
v 0.012662 -0.000841 0.001388
v 0.007181 -0.000999 -0.001266
v -0.014300 -0.000866 0.001392
v -0.001523 -0.000877 -0.001302
v -0.005624 -0.000933 -0.001276
v 0.016930 -0.000890 -0.001323
v -0.026440 -0.000944 -0.000296
v -0.024322 -0.000860 -0.001279
v -0.023567 -0.000916 -0.001254
v 0.025103 -0.000922 -0.001278
v 0.014186 -0.000942 -0.001270
v -0.026441 -0.000957 -0.000764
v -0.023576 -0.000870 0.001391
v -0.009160 -0.000941 -0.001263
v 0.026318 -0.000999 -0.000540
v -0.004843 -0.000874 -0.001248
v -0.026432 -0.000855 -0.000930
v 0.008103 -0.000935 -0.001275
v -0.026190 -0.000868 -0.001166
v 0.008613 -0.000924 -0.001252
v -0.003505 -0.000922 -0.001237
v 0.020922 -0.000907 -0.001306
v 0.014764 -0.000886 -0.001314
v 0.018091 -0.000879 -0.001239
v 0.010560 -0.000925 -0.001301
v -0.022773 -0.000754 0.001382
v -0.022807 -0.000840 -0.001306
v 0.015569 -0.000871 -0.001314
v 0.025489 -0.000940 -0.001263
v 0.021915 -0.000872 -0.001365
v 0.026084 -0.000787 -0.001063
v 0.009282 -0.000904 -0.001292
v 0.011773 -0.000903 -0.001279
v 0.022545 -0.000882 -0.001346
v -0.012903 -0.000774 0.001403
v -0.012623 -0.000856 -0.001256
v 0.023058 -0.000863 -0.001284
v 0.019517 -0.000931 -0.001223
v 0.012583 -0.000880 -0.001293
v 0.024220 -0.000892 -0.001375
v 0.013628 -0.000888 -0.001238
v -0.012424 -0.000540 0.001369
v -0.014052 -0.000621 -0.001240
v -0.006591 -0.000599 -0.001248
v 0.009384 -0.000365 0.001378
v 0.017208 -0.000300 0.001378
v 0.014492 -0.000345 -0.001250
v -0.018697 -0.000047 0.001396
v -0.021664 -0.000459 -0.001258
v 0.001715 -0.000067 0.001379
v -0.026593 -0.000446 0.000995
v 0.002877 -0.000111 0.001376
v -0.011667 -0.000207 0.001397
v -0.025849 -0.000203 0.001370
v 0.007936 -0.000504 -0.001248
v -0.010962 -0.000280 0.001384
v -0.024463 -0.000240 0.001386
v 0.011049 -0.000327 0.001374
v -0.009400 -0.000077 0.001383
v -0.017354 -0.000372 0.001371
v 0.012381 -0.000355 0.001370
v -0.002334 -0.000767 0.001390
v 0.020823 -0.000445 0.001375
v 0.026333 -0.000572 0.001147
v -0.001518 -0.000525 0.001378
v -0.018623 -0.000265 -0.001228
v 0.002701 -0.000409 -0.001254
v 0.017613 -0.000556 -0.001227
v 0.023019 -0.000474 0.001366
v 0.003735 -0.000341 -0.001235
v -0.003210 -0.000460 -0.001259
v -0.015022 -0.000605 0.001386
v -0.011140 -0.000563 -0.001235
v -0.021415 -0.000576 0.001396
v -0.013758 -0.000430 0.001377
v -0.016295 -0.000548 -0.001240
v 0.004096 -0.000655 -0.001257
v -0.015133 -0.000566 -0.001219
v 0.018601 -0.000115 -0.001244
v 0.004748 -0.000666 -0.001256
v -0.025426 -0.000630 -0.001246
v 0.019052 -0.000379 -0.001223
v 0.024755 -0.000385 -0.001252
v -0.007621 -0.000520 0.001366
v 0.006926 -0.000470 0.001369
v -0.020570 -0.000458 0.001389
v -0.023865 -0.000667 -0.001244
v 0.025439 -0.000559 -0.001239
v -0.010338 -0.000364 -0.001257
v 0.020574 -0.000832 -0.001266
v 0.026446 -0.000492 -0.000806
v -0.001398 -0.000472 -0.001255
v -0.009292 -0.000553 -0.001232
v -0.000957 -0.000219 -0.001237
v -0.022349 -0.000597 -0.001264
v 0.012630 -0.000540 -0.001240
v -0.008670 -0.000518 -0.001276
v -0.000566 -0.000653 -0.001252
v -0.007827 -0.000379 -0.001229
v 0.013774 -0.000619 -0.001233
v -0.026441 -0.000398 0.001233
v -0.019292 -0.000189 0.001380
v -0.026186 -0.000357 0.001304
v 0.016204 -0.000197 0.001378
v -0.013462 -0.000418 -0.001224
v -0.020827 -0.000605 -0.001254
v -0.011878 -0.000446 -0.001235
v 0.010416 -0.000033 0.001393
v 0.021728 -0.000338 -0.001238
v 0.000675 -0.000411 -0.001235
v 0.001889 -0.000502 -0.001237
v -0.025338 -0.000108 0.001366
v -0.005490 0.000168 0.001377
v 0.014846 -0.000527 -0.001242
v 0.022184 -0.000036 -0.001225
v 0.025397 0.000021 0.001364
v -0.023174 0.000401 0.001363
v -0.004620 -0.000343 0.001370
v -0.019633 -0.000277 -0.001231
v 0.009061 -0.000452 -0.001219
v 0.013986 -0.000302 0.001368
v 0.022796 -0.000224 -0.001239
v 0.009863 -0.000254 -0.001264
v 0.019803 -0.000193 0.001366
v 0.015697 -0.000517 -0.001244
v 0.016663 -0.000589 -0.001245
v 0.025837 -0.000264 0.001342
v 0.011372 -0.000561 -0.001238
v 0.014834 -0.000166 0.001384
v 0.022011 -0.000271 0.001376
v -0.024827 -0.000317 -0.001238
v 0.024293 -0.000443 -0.001247
v -0.015892 -0.000427 0.001373
v 0.005127 -0.000230 0.001396
v 0.006910 -0.000413 -0.001234
v 0.020753 -0.000264 -0.001226
v -0.014349 0.000026 0.001362
v 0.026233 -0.000291 -0.001128
v -0.022775 -0.000254 -0.001234
v 0.000590 -0.000251 0.001380
v -0.026718 -0.000444 0.000541
v -0.026739 -0.000420 -0.000159
v 0.026669 -0.000453 0.000354
v 0.026705 -0.000271 -0.000349
v -0.006682 -0.000173 -0.001262
v -0.000177 -0.000296 -0.001236
v -0.014001 0.000086 -0.001241
v -0.021778 0.000082 -0.001218
v 0.017338 0.000317 0.001373
v 0.009398 0.000467 -0.001235
v -0.017287 0.000284 0.001386
v 0.009840 0.000007 -0.001262
v 0.024253 -0.000153 -0.001217
v 0.011247 0.000283 -0.001225
v 0.015259 -0.000209 -0.001259
v 0.024409 0.000245 0.001382
v 0.019221 0.000024 0.001388
v -0.012788 0.000349 -0.001229
v -0.020664 -0.000117 -0.001212
v -0.003394 0.000192 0.001363
v -0.005423 0.000589 -0.001230
v -0.002561 0.000370 0.001375
v -0.004180 0.000063 -0.001225
v -0.001453 0.000028 0.001390
v -0.025926 0.000527 -0.001232
v -0.012896 -0.000013 0.001378
v -0.000805 0.000236 0.001369
v 0.008004 -0.000099 0.001393
v 0.004867 -0.000156 -0.001235
v 0.025490 0.000292 -0.001233
v -0.025260 0.000269 -0.001255
v -0.010778 -0.000065 -0.001265
v -0.022020 0.000388 0.001374
v 0.006167 0.000028 -0.001251
v -0.002569 -0.000291 -0.001237
v 0.019638 -0.000261 -0.001242
v -0.001469 -0.000037 -0.001255
v -0.010074 -0.000037 -0.001263
v -0.007958 0.000073 0.001383
v -0.024132 -0.000309 -0.001230
v -0.017540 0.000588 -0.001238
v -0.009381 0.000209 -0.001233
v -0.008689 -0.000230 -0.001258
v -0.007064 -0.000138 0.001391
v -0.016701 0.000750 -0.001245
v -0.015868 0.000021 -0.001244
v 0.015310 0.000574 0.001389
v -0.006021 0.000045 0.001361
v -0.019344 0.000466 0.001372
v -0.026398 0.000111 0.001194
v 0.023177 0.000844 0.001380
v -0.020983 0.000529 -0.001237
v 0.007784 -0.000100 -0.001252
v 0.003786 0.000509 0.001376
v 0.006791 0.000212 -0.001261
v 0.010137 0.000419 0.001366
v 0.004598 0.000358 0.001359
v 0.008567 0.000147 -0.001245
v 0.006338 0.000239 0.001372
v 0.020775 0.000354 0.001391
v -0.011381 0.000474 -0.001231
v 0.011601 0.000374 0.001390
v 0.010061 0.000305 -0.001233
v 0.000710 0.000014 -0.001254
v 0.007534 0.000484 0.001367
v 0.015971 0.000248 -0.001239
v 0.012660 0.000566 0.001372
v 0.026282 0.000516 0.001240
v 0.002424 0.000226 -0.001235
v 0.003313 0.000432 -0.001245
v -0.015472 0.000448 0.001379
v -0.024393 0.000397 0.001386
v 0.012566 -0.000077 -0.001252
v 0.026501 0.000458 0.000973
v -0.026116 0.000913 -0.001217
v 0.026558 0.000347 -0.000779
v 0.021654 0.000442 -0.001251
v -0.024814 0.000242 -0.001237
v -0.001980 0.000592 -0.001234
v -0.007887 0.000230 -0.001236
v -0.020965 0.000362 0.001383
v 0.026330 0.000322 -0.001067
v -0.026785 0.000269 0.000499
v -0.026816 0.000015 -0.000181
v 0.026751 0.000005 0.000350
v -0.026627 0.000321 -0.000765
v 0.014704 0.000555 -0.001245
v 0.002010 0.000474 0.001377
v -0.006092 0.000317 -0.001229
v -0.004501 0.000824 0.001397
v 0.008925 0.000885 0.001373
v 0.016655 0.000508 0.001367
v -0.000261 0.000773 -0.001266
v 0.023589 0.000534 -0.001226
v -0.011843 0.000444 0.001363
v 0.024811 0.000362 -0.001248
v 0.014829 0.000299 -0.001229
v 0.024326 0.000897 0.001392
v 0.011064 0.000783 0.001368
v 0.000865 0.000408 -0.001234
v -0.003911 0.000698 -0.001243
v 0.018195 0.000324 0.001364
v -0.017999 0.000466 0.001361
v 0.016726 0.000278 -0.001220
v 0.025975 0.000886 -0.001243
v 0.012482 0.000506 -0.001229
v -0.023546 0.000871 0.001374
v -0.001610 0.000243 -0.001245
v 0.013152 0.000806 0.001379
v 0.001119 0.000481 0.001367
v 0.017684 0.000634 -0.001239
v -0.009966 0.000307 -0.001246
v 0.013806 0.000858 0.001378
v 0.021508 0.000824 0.001385
v 0.019231 0.000547 -0.001221
v 0.019646 0.000899 -0.001248
v 0.013655 0.000374 -0.001217
v 0.022146 0.000448 0.001380
v -0.015150 0.000448 -0.001226
v 0.020390 0.000872 -0.001234
v -0.013265 0.000428 0.001367
v 0.003909 0.000673 -0.001225
v 0.005156 0.000847 -0.001257
v 0.006200 0.000502 -0.001231
v -0.024052 0.000306 -0.001236
v -0.023340 0.000637 -0.001237
v -0.026131 0.001119 0.001357
v -0.026442 0.000743 0.001164
v -0.016638 0.000443 0.001369
v 0.007430 0.000869 -0.001236
v -0.010408 0.000580 0.001378
v 0.008280 0.000917 -0.001268
v 0.001803 0.000589 -0.001229
v -0.008775 0.000520 0.001369
v 0.002971 0.000857 0.001402
v 0.022858 0.000532 -0.001248
v -0.007168 0.000595 0.001371
v -0.019626 0.000863 -0.001223
v 0.006411 0.001118 0.001361
v 0.011650 0.000828 -0.001248
v -0.001858 0.000883 0.001388
v 0.024230 0.000885 -0.001287
v -0.000674 0.000891 0.001387
v -0.009099 0.000813 -0.001266
v -0.008639 0.000957 -0.001237
v -0.007677 0.000653 -0.001243
v 0.008253 0.000854 0.001396
v -0.002797 0.000556 -0.001259
v 0.025744 0.001074 0.001411
v 0.026053 0.000880 0.001352
v 0.019042 0.000918 0.001375
v 0.006957 0.000593 -0.001246
v -0.026785 0.000438 -0.000110
v 0.026701 0.000475 0.000371
v 0.026677 0.000461 -0.000351
v 0.016386 0.001107 0.001375
v -0.020612 0.000836 -0.001247
v -0.021937 0.000860 -0.001305
v 0.010547 0.000902 0.001393
v -0.005579 0.000911 -0.001240
v 0.018090 0.000870 0.001381
v -0.014521 0.000872 -0.001234
v 0.022369 0.000887 -0.001326
v -0.012776 0.001116 -0.001224
v -0.025121 0.000846 0.001397
v 0.016317 0.000890 -0.001244
v -0.012634 0.000925 -0.001262
v 0.000724 0.000778 -0.001263
v 0.017332 0.001121 -0.001227
v 0.020288 0.000866 0.001386
v 0.001543 0.001125 -0.001250
v 0.020989 0.001096 0.001408
v -0.005679 0.001110 0.001350
v 0.024689 0.000898 -0.001323
v 0.018257 0.000807 -0.001263
v -0.002250 0.000894 -0.001275
v -0.022855 0.000904 0.001401
v -0.000585 0.000759 -0.001249
v 0.004928 0.000890 0.001375
v 0.005715 0.001096 0.001389
v -0.021193 0.001104 0.001398
v -0.018340 0.000914 -0.001227
v 0.025380 0.000901 -0.001307
v 0.007568 0.001116 0.001376
v -0.003448 0.000907 0.001389
v -0.019191 0.001111 0.001367
v 0.026278 0.000927 -0.000988
v -0.010922 0.001131 0.001397
v -0.009653 0.000836 -0.001282
v -0.002796 0.001126 0.001393
v 0.021119 0.000912 -0.001286
v 0.001011 0.001108 0.001375
v -0.025033 0.000927 -0.001249
v -0.015020 0.001108 0.001397
v -0.013787 0.000941 0.001402
v -0.006500 0.001110 0.001411
v -0.024610 0.000627 -0.001257
v -0.024427 0.000904 -0.001324
v -0.019804 0.001105 0.001384
v -0.012403 0.001113 0.001377
v -0.026527 0.000920 0.000852
v -0.011695 0.001110 0.001388
v 0.001544 0.001119 0.001409
v 0.002358 0.001126 0.001403
v 0.017303 0.001116 0.001416
v -0.021552 0.001074 -0.001234
v -0.017861 0.000941 0.001390
v 0.004115 0.001107 0.001400
v -0.024411 0.001117 0.001407
v -0.010127 0.001125 0.001423
v -0.009167 0.000912 0.001398
v -0.017212 0.001120 0.001397
v 0.015161 0.001089 -0.001201
v -0.015995 0.000900 0.001386
v 0.000484 0.001127 -0.001318
v 0.023310 0.000931 -0.001229
v -0.007512 0.001104 0.001386
v 0.014695 0.001123 -0.001300
v 0.012551 0.001120 0.001430
v 0.009521 0.000909 -0.001251
v -0.011228 0.001124 -0.001234
v -0.010401 0.001105 -0.001220
v 0.002467 0.000893 -0.001292
v 0.003297 0.000942 -0.001254
v -0.004437 0.000902 -0.001248
v 0.022202 0.001135 0.001401
v 0.010386 0.000889 -0.001275
v -0.020476 0.001101 0.001373
v 0.023871 0.001134 -0.001292
v -0.003364 0.000945 -0.001271
v 0.000261 0.001123 0.001402
v -0.017332 0.000975 -0.001274
v 0.017952 0.000912 -0.001255
v 0.026277 0.000973 0.001193
v -0.002884 0.000925 -0.001339
v 0.012342 0.001118 -0.001230
v -0.007663 0.000944 -0.001259
v 0.013050 0.001112 -0.001263
v 0.013971 0.000864 -0.001257
v 0.004338 0.001112 -0.001196
v 0.018832 0.000934 -0.001260
v -0.002151 0.001134 -0.001252
v -0.015806 0.000853 -0.001260
v -0.025623 0.000927 -0.001317
v -0.023635 0.000950 -0.001259
v 0.014813 0.001113 0.001434
v 0.006580 0.000925 -0.001292
v -0.022704 0.000845 -0.001264
v -0.026607 0.000873 0.000229
v 0.026494 0.000867 0.000559
v 0.026497 0.000866 -0.000312
v -0.026557 0.000883 -0.000480
v -0.026308 0.000918 -0.001034
v -0.026247 0.001163 0.001258
v 0.010520 0.001138 0.001358
v -0.017912 0.001144 0.001359
v -0.026412 0.001133 0.000731
v -0.022120 0.001139 0.001361
v -0.003399 0.001138 0.001357
v 0.003095 0.001136 0.001360
v -0.025488 0.001157 -0.001113
v -0.017784 0.001131 -0.001207
v -0.024610 0.001215 -0.001110
v -0.013773 0.001125 0.001368
v -0.025145 0.001137 0.001329
v 0.017993 0.001134 0.001333
v 0.011212 0.001207 0.001274
v -0.003157 0.001121 -0.001216
v -0.017207 0.001149 -0.001264
v 0.011763 0.001143 0.001396
v -0.007283 0.001136 -0.001201
v 0.018929 0.001132 0.001348
v 0.024759 0.001137 0.001330
v -0.016169 0.001131 0.001365
v 0.001061 0.001135 -0.001196
v 0.002488 0.001162 -0.001286
v 0.005114 0.001135 0.001339
v -0.002750 0.001166 -0.001337
v -0.024440 0.001144 -0.001263
v -0.014368 0.001131 -0.001165
v -0.023676 0.001119 -0.001178
v 0.021623 0.001224 0.001266
v 0.002131 0.001115 -0.001254
v 0.008805 0.001130 0.001357
v -0.023248 0.001136 -0.001257
v -0.001347 0.001102 -0.001241
v 0.006467 0.001141 -0.001278
v -0.022482 0.001148 -0.001261
v 0.013817 0.001141 0.001333
v -0.000975 0.001140 0.001363
v 0.015515 0.001140 0.001376
v 0.026183 0.001161 0.001227
v -0.016693 0.001117 -0.001229
v 0.003224 0.001120 -0.001215
v -0.005596 0.001131 -0.001174
v -0.016073 0.001144 -0.001276
v 0.014289 0.001145 -0.001259
v -0.008885 0.001133 0.001368
v 0.018037 0.001184 -0.001126
v 0.021090 0.001146 -0.001274
v -0.023527 0.001165 0.001299
v 0.023354 0.001144 0.001335
v 0.020266 0.001135 0.001345
v -0.015354 0.001146 -0.001213
v 0.021492 0.001127 -0.001236
v 0.022364 0.001132 -0.001249
v 0.011029 0.001135 -0.001175
v -0.009848 0.001124 -0.001244
v 0.026302 0.001146 -0.000009
v -0.000219 0.001139 -0.001232
v 0.007311 0.001138 -0.001197
v -0.021085 0.001127 -0.001241
v 0.005448 0.001128 -0.001241
v 0.023140 0.001138 -0.001172
v 0.008114 0.001124 -0.001239
v 0.019082 0.001135 -0.001223
v 0.011897 0.001102 -0.001259
v 0.018638 0.001140 -0.001258
v -0.009012 0.001132 -0.001220
v -0.023124 0.001134 0.001392
v 0.026109 0.001187 -0.000895
v 0.025326 0.001099 -0.001227
v -0.009504 0.001175 -0.001312
v 0.026049 0.001152 -0.001065
v 0.008900 0.001136 -0.001179
v -0.026356 0.001153 -0.000516
v -0.004144 0.001139 -0.001178
v -0.026169 0.001140 -0.000983
v 0.013630 0.001136 -0.001187
v 0.016181 0.001140 -0.001211
v 0.020554 0.001137 -0.001175
v -0.019630 0.001134 -0.001150
v 0.009872 0.001143 -0.001259
v -0.025917 0.001175 -0.001169
v 0.024412 0.001139 -0.001175
v 0.024736 0.001137 -0.001251
v -0.022498 0.001333 0.001227
v -0.026186 0.001248 0.000972
v -0.003319 0.001286 0.001229
v -0.011363 0.001277 0.001199
v -0.018324 0.001274 0.001221
v 0.024186 0.001267 0.001189
v -0.024917 0.001302 0.000009
v 0.002627 0.001314 0.001199
v 0.020857 0.001277 0.001228
v -0.021826 0.001329 0.000966
v -0.021351 0.001284 0.001230
v 0.009904 0.001310 0.001209
v 0.016864 0.001274 0.001221
v -0.021460 0.001293 0.000326
v 0.017815 0.001241 0.001224
v -0.000253 0.001307 0.001208
v 0.000464 0.001289 0.000002
v -0.014973 0.001316 0.001220
v 0.017517 0.001288 0.000940
v -0.010477 0.001312 -0.000045
v -0.004745 0.001301 0.000997
v 0.003247 0.001271 0.001223
v -0.010789 0.001285 -0.000483
v -0.007320 0.001282 0.000983
v 0.024948 0.001307 0.000977
v -0.023384 0.001323 0.000845
v -0.023023 0.001291 0.001224
v -0.018125 0.001317 0.000973
v 0.013971 0.001247 0.001227
v -0.010337 0.001314 0.001001
v 0.020974 0.001323 0.000997
v 0.014019 0.001315 0.000965
v -0.025929 0.001271 0.001207
v 0.011091 0.001288 0.000977
v 0.003302 0.001302 0.001017
v -0.012141 0.001294 0.001220
v 0.016378 0.001291 0.000942
v -0.001525 0.001309 0.001019
v 0.006993 0.001289 0.000759
v -0.017631 0.001298 -0.000729
v -0.003230 0.001324 0.001009
v -0.012268 0.001282 0.000628
v -0.008512 0.001306 0.000978
v -0.001203 0.001290 0.000621
v -0.020535 0.001301 0.000148
v -0.002679 0.001284 -0.000930
v -0.000337 0.001284 -0.001022
v -0.014316 0.001246 0.001221
v 0.014703 0.001288 0.001240
v -0.002578 0.001293 -0.000080
v 0.021505 0.001290 0.000968
v -0.009809 0.001292 -0.000634
v -0.022725 0.001297 0.000634
v 0.019824 0.001320 0.000974
v 0.023504 0.001288 0.000379
v -0.023368 0.001282 0.000183
v -0.019240 0.001304 0.001008
v 0.007082 0.001281 0.001225
v -0.025452 0.001297 0.000962
v -0.005045 0.001280 0.000617
v -0.016348 0.001295 0.000969
v -0.001800 0.001299 0.000057
v 0.016868 0.001314 0.000363
v -0.006308 0.001285 0.000051
v 0.000788 0.001296 -0.000707
v 0.013123 0.001325 0.001208
v 0.007690 0.001305 0.000961
v -0.024695 0.001291 -0.000764
v -0.021650 0.001290 -0.000644
v 0.002215 0.001292 0.000623
v -0.006195 0.001309 -0.000760
v 0.006167 0.001330 0.001223
v 0.020237 0.001283 0.000261
v -0.008288 0.001307 0.000451
v -0.010308 0.001323 -0.001010
v -0.003870 0.001287 0.000181
v 0.016135 0.001295 0.000126
v -0.016717 0.001299 0.000016
v 0.001602 0.001303 0.000119
v -0.011759 0.001319 0.000128
v -0.021212 0.001285 -0.001017
v -0.020261 0.001268 -0.001012
v -0.023537 0.001292 -0.000393
v -0.025166 0.001281 0.000539
v 0.017136 0.001277 -0.000140
v -0.005819 0.001301 0.000424
v -0.015673 0.001305 0.000226
v -0.013957 0.001295 -0.000101
v 0.014090 0.001279 0.000565
v -0.011092 0.001290 0.000408
v -0.009098 0.001278 -0.000764
v 0.010083 0.001286 0.000637
v -0.004111 0.001293 -0.000737
v 0.013251 0.001289 -0.000011
v -0.025789 0.001288 -0.000630
v -0.019612 0.001291 -0.000002
v 0.009132 0.001304 0.000063
v -0.009612 0.001288 0.001222
v -0.012989 0.001293 -0.000721
v -0.014486 0.001290 -0.000801
v 0.001471 0.001271 -0.000388
v 0.024780 0.001298 -0.000016
v -0.018623 0.001298 -0.000192
v 0.005835 0.001287 0.000348
v -0.024372 0.001264 0.001239
v -0.007429 0.001295 0.000002
v 0.010177 0.001297 0.000160
v -0.014368 0.001285 0.000676
v -0.005712 0.001257 -0.000983
v 0.017727 0.001301 0.000303
v -0.023678 0.001259 -0.000972
v -0.009596 0.001259 -0.001045
v -0.000748 0.001289 -0.000092
v -0.017850 0.001305 0.000494
v 0.003058 0.001282 0.000138
v -0.006446 0.001281 0.001226
v 0.001550 0.001304 -0.001017
v -0.024223 0.001306 0.001024
v 0.002100 0.001288 -0.000556
v -0.012622 0.001300 0.000103
v 0.010860 0.001287 -0.000049
v -0.021739 0.001233 -0.001028
v 0.026013 0.001250 0.001224
v -0.003088 0.001230 -0.001026
v -0.006103 0.001315 0.001002
v -0.006939 0.001279 -0.001027
v -0.014583 0.001289 0.000065
v -0.020441 0.001273 0.001227
v 0.022143 0.001305 0.001229
v 0.000495 0.001247 -0.001057
v -0.020566 0.001306 0.000922
v -0.005174 0.001271 0.001225
v 0.025773 0.001291 0.000964
v -0.002724 0.001349 0.001230
v 0.022914 0.001326 0.001000
v 0.018731 0.001269 0.001228
v 0.018924 0.001295 0.001019
v -0.008140 0.001289 0.001223
v -0.023123 0.001287 -0.001013
v 0.000466 0.001315 0.001211
v -0.013719 0.001311 0.000982
v -0.016132 0.001258 -0.001026
v -0.019267 0.001299 -0.000746
v -0.001725 0.001280 0.001225
v -0.017057 0.001289 -0.001004
v 0.014505 0.001299 0.000072
v -0.010041 0.001279 0.000435
v -0.022948 0.001303 -0.000130
v -0.012843 0.001344 0.001215
v 0.023158 0.001269 0.001215
v 0.019728 0.001297 0.001225
v -0.004858 0.001306 -0.000731
v -0.002661 0.001288 0.000653
v -0.016943 0.001336 0.000988
v -0.009666 0.001299 0.000626
v 0.001828 0.001280 0.001226
v 0.011761 0.001316 0.001214
v -0.016346 0.001288 0.001226
v 0.012388 0.001283 0.001212
v -0.014336 0.001251 -0.001018
v 0.014984 0.001284 0.000910
v -0.022392 0.001279 -0.000300
v 0.000808 0.001302 0.000941
v -0.001163 0.001275 -0.000958
v -0.015365 0.001292 -0.001015
v 0.015212 0.001243 0.001229
v 0.018754 0.001295 0.000034
v 0.022160 0.001296 0.000551
v 0.004335 0.001255 0.001225
v -0.012949 0.001253 -0.001021
v 0.004404 0.001302 0.000867
v 0.015940 0.001319 0.001187
v 0.004096 0.001286 0.000204
v 0.026020 0.001274 -0.000071
v 0.003166 0.001289 -0.000754
v 0.005053 0.001277 0.001196
v 0.012159 0.001281 0.000440
v 0.008360 0.001314 0.001207
v -0.013114 0.001295 0.000556
v -0.017115 0.001285 0.000367
v 0.005351 0.001244 0.001231
v -0.018781 0.001256 -0.001025
v 0.022764 0.001291 -0.000007
v 0.007757 0.001295 0.000140
v -0.011672 0.001285 -0.000724
v 0.011884 0.001299 -0.000039
v 0.019732 0.001291 0.000358
v 0.004215 0.001299 -0.000993
v 0.017822 0.001280 -0.000688
v -0.022153 0.001329 -0.000645
v -0.004844 0.001256 -0.001029
v 0.007608 0.001281 -0.000810
v -0.011218 0.001270 -0.001032
v 0.008908 0.001264 0.001225
v 0.021304 0.001296 -0.000130
v -0.007652 0.001269 -0.000972
v 0.014821 0.001283 -0.000995
v 0.008468 0.001299 -0.000455
v 0.021583 0.001269 -0.000970
v 0.002435 0.001253 -0.001043
v 0.015612 0.001288 -0.000377
v 0.025227 0.001289 -0.000727
v 0.011727 0.001290 -0.000767
v -0.022498 0.001273 -0.001037
v 0.018684 0.001265 -0.001018
v 0.005185 0.001279 -0.000953
v 0.022547 0.001266 -0.000986
v 0.019459 0.001283 -0.000991
v 0.015844 0.001344 -0.001021
v 0.008816 0.001285 0.000753
v 0.006450 0.001291 -0.000191
v 0.020386 0.001283 -0.000957
v 0.009068 0.001262 -0.000975
v 0.023789 0.001262 -0.000997
v 0.006411 0.001260 -0.001021
v 0.008309 0.001269 -0.001022
v 0.014112 0.001265 -0.000997
v 0.011296 0.001260 -0.001021
v 0.010032 0.001283 -0.000693
v 0.012921 0.001264 -0.001035
v 0.021042 0.001286 -0.001031
v 0.016450 0.001298 -0.001014
v 0.017200 0.001313 -0.001002
v 0.009913 0.001246 -0.001042
v 0.013465 0.001289 -0.000659
v 0.025149 0.001234 -0.001022
vn -0.0076 1.0000 -0.0048
vn 0.0241 0.9994 -0.0239
vn -0.0003 0.9996 0.0283
vn -0.0064 0.9743 0.2253
vn 0.0322 0.9785 0.2038
vn 0.0095 0.9996 0.0264
vn 0.0075 0.9998 0.0209
vn -0.0071 1.0000 -0.0031
vn -0.0082 0.9629 0.2698
vn -0.0272 0.7935 0.6080
vn 0.0482 0.5899 0.8060
vn 0.0814 0.6663 0.7413
vn -0.0124 0.5230 0.8522
vn 0.0051 0.9965 0.0840
vn 0.0127 0.9994 -0.0329
vn 0.0035 1.0000 -0.0000
vn 0.0150 0.9998 -0.0122
vn -0.0111 0.9998 0.0178
vn 0.0008 0.9972 0.0745
vn 0.0278 0.9417 0.3354
vn 0.0113 0.5607 0.8279
vn 0.0175 0.5714 0.8205
vn -0.1121 0.6066 0.7870
vn 0.1053 0.6188 0.7785
vn 0.0339 0.0729 0.9968
vn 0.0506 -0.0261 0.9984
vn -0.0511 0.4932 0.8684
vn -0.0052 0.0083 1.0000
vn 0.0089 0.8529 0.5219
vn 0.0279 0.2541 0.9668
vn 0.0212 0.2523 0.9674
vn -0.0850 0.6468 0.7579
vn 0.0118 0.7200 0.6938
vn 0.0511 0.0961 0.9941
vn -0.0227 0.3469 -0.9376
vn -0.1173 -0.0137 -0.9930
vn -0.0143 -0.0218 -0.9997
vn -0.0167 0.1196 -0.9927
vn -0.0017 0.0006 -1.0000
vn -0.0193 -0.0017 -0.9998
vn 0.0374 0.0781 -0.9962
vn 0.0022 0.3374 -0.9414
vn 0.0168 0.0038 -0.9999
vn 0.0233 0.0155 -0.9996
vn -0.0063 -0.0157 -0.9999
vn 0.0063 -0.0350 -0.9994
vn -0.0060 0.0019 1.0000
vn -0.0145 -0.0227 0.9996
vn 0.0108 0.0117 0.9999
vn 0.0013 -0.0609 0.9981
vn 0.0029 -0.0000 1.0000
vn 0.0273 -0.1145 0.9931
vn 0.0318 0.0030 0.9995
vn 0.0099 -0.0095 0.9999
vn -0.0204 -0.0354 0.9992
vn 0.0098 0.0075 0.9999
vn 0.0035 -0.0349 0.9994
vn -0.0111 -0.0247 0.9996
vn -0.0061 -0.0106 0.9999
vn 0.0032 -0.0034 -1.0000
vn 0.0043 -0.0179 -0.9998
vn -0.0091 0.0135 -0.9999
vn 0.0089 0.0301 -0.9995
vn -0.0051 -0.0111 -0.9999
vn -0.0002 -0.0152 -0.9999
vn -0.0044 0.0177 -0.9998
vn -0.0022 -0.0033 -1.0000
vn -0.0080 -0.0153 -0.9999
vn 0.0106 0.0131 -0.9999
vn 0.0101 -0.0113 -0.9999
vn 0.0194 -0.0166 0.9997
vn -0.0054 0.0050 1.0000
vn -0.0175 0.0005 0.9998
vn 0.0145 0.0160 0.9998
vn 0.0293 0.0170 0.9994
vn 0.0154 0.0346 0.9993
vn 0.0263 -0.0403 0.9988
vn -0.0010 -0.0164 0.9999
vn 0.0022 0.0173 0.9998
vn 0.0140 -0.0204 0.9997
vn 0.0871 -0.0540 0.9947
vn 0.0394 -0.4929 0.8692
vn -0.0075 -0.4636 0.8860
vn 0.0459 -0.3487 0.9361
vn -0.0010 -0.0165 0.9999
vn 0.0111 0.0239 0.9997
vn 0.0036 -0.0812 0.9967
vn 0.0054 0.0256 0.9997
vn -0.0203 -0.1084 0.9939
vn 0.0572 -0.5135 0.8562
vn 0.0669 -0.4632 0.8837
vn 0.0046 -0.5096 0.8604
vn 0.1068 -0.4388 0.8922
vn -0.0108 0.0056 0.9999
vn 0.0137 -0.6574 0.7534
vn 0.0127 -0.5504 0.8348
vn 0.0097 -0.0649 0.9978
vn 0.0530 -0.4587 -0.8870
vn -0.0349 -0.3891 -0.9205
vn -0.0241 -0.8839 -0.4670
vn -0.0006 -0.9979 -0.0647
vn 0.0200 -0.9976 -0.0663
vn -0.0128 -0.9991 -0.0400
vn 0.0022 -1.0000 0.0070
vn -0.0052 -0.9999 0.0112
vn 0.0032 -1.0000 -0.0033
vn 0.0006 -0.9998 0.0217
vn 0.0129 -0.3876 -0.9218
vn -0.0176 -0.9987 -0.0479
vn 0.0146 -0.8677 -0.4968
vn 0.0198 -0.3949 -0.9185
vn -0.0177 -0.9998 -0.0068
vn -0.0069 -0.9998 0.0194
vn 0.0110 -0.9999 -0.0005
vn -0.0268 -0.9127 -0.4077
vn 0.0025 -0.3194 -0.9476
vn 0.0099 -0.9385 0.3453
vn 0.0006 -0.9999 0.0116
vn 0.0079 -0.9995 0.0300
vn 0.0081 -0.9990 -0.0450
vn 0.0085 -0.9999 0.0127
vn -0.0089 -0.9776 0.2101
vn 0.0037 -0.9999 0.0112
vn 0.0042 -0.9727 0.2320
vn 0.0012 -1.0000 0.0096
vn 0.0075 -0.9991 0.0416
vn 0.1010 0.5843 -0.8052
vn 0.0224 0.9507 -0.3093
vn 0.0050 0.5757 -0.8177
vn 0.0464 0.9439 -0.3271
vn -0.0449 0.9438 -0.3274
vn -0.0068 0.9998 -0.0175
vn 0.0116 0.9996 -0.0270
vn 0.0004 0.9999 -0.0166
vn 0.0228 0.9562 -0.2917
vn 0.0115 0.4762 -0.8793
vn 0.0131 0.4453 -0.8953
vn 0.0114 0.9998 0.0164
vn 0.0104 0.9997 -0.0208
vn 0.0048 1.0000 -0.0046
vn 0.0041 1.0000 0.0029
vn 0.0046 0.9999 0.0129
vn 0.0129 0.3856 -0.9226
vn 0.0944 0.9271 -0.3629
vn 0.0024 1.0000 0.0036
vn -0.0011 0.9999 0.0146
vn 0.0077 0.9992 0.0385
vn 0.0027 0.9997 -0.0259
vn -0.0272 0.9996 0.0053
vn 0.0106 0.9737 0.2274
vn 0.0077 0.9661 0.2580
vn -0.0279 0.9368 0.3487
vn 0.0653 0.6195 0.7823
vn 0.0146 0.3280 0.9446
vn 0.0027 0.9701 0.2426
vn 0.0621 0.5490 0.8335
vn 0.0051 0.9999 0.0152
vn -0.0011 0.9812 0.1928
vn -0.0004 1.0000 0.0064
vn 0.0086 0.9997 0.0232
vn 0.1159 0.7342 0.6690
vn 0.0252 0.9589 0.2827
vn -0.0127 0.0790 -0.9968
vn 0.0145 0.0829 -0.9965
vn -0.0133 -0.0058 -0.9999
vn -0.0000 0.0035 -1.0000
vn -0.0016 0.0940 -0.9956
vn -0.0086 0.0765 -0.9970
vn -0.0023 -0.0131 -0.9999
vn 0.0080 -0.0044 -1.0000
vn 0.0541 0.4134 -0.9089
vn -0.0167 0.0904 -0.9958
vn 0.0383 0.0804 -0.9960
vn 0.0068 -0.0284 -0.9996
vn -0.0094 -0.0808 -0.9967
vn -0.0064 0.1259 -0.9920
vn 0.2903 -0.0680 -0.9545
vn 0.6031 -0.1403 -0.7853
vn 0.5837 0.0424 -0.8109
vn 0.9126 0.0585 -0.4047
vn 0.0079 0.0181 -0.9998
vn 0.0082 -0.0111 -0.9999
vn -0.0115 0.0134 -0.9998
vn 0.0101 0.0096 -0.9999
vn 0.0037 0.0196 -0.9998
vn 0.0112 0.0697 -0.9975
vn -0.0038 0.0009 -1.0000
vn 0.0299 -0.0163 -0.9994
vn 0.0211 -0.0071 -0.9998
vn -0.0124 -0.0484 -0.9987
vn 0.0016 -0.0043 -1.0000
vn -0.0025 0.0046 -1.0000
vn 0.0020 -0.0641 -0.9979
vn -0.0027 0.0168 -0.9999
vn 0.0058 0.0129 -0.9999
vn -0.0219 -0.0897 -0.9957
vn -0.0146 -0.0033 0.9999
vn -0.0212 -0.0704 0.9973
vn 0.0392 -0.0185 0.9991
vn -0.0068 -0.0090 0.9999
vn 0.0169 0.0283 0.9995
vn -0.9653 -0.1829 0.1862
vn -0.9837 0.0360 -0.1761
vn -0.9472 -0.3019 -0.1076
vn -0.9604 0.2241 0.1653
vn -0.9182 -0.0616 0.3912
vn 0.0074 -0.0499 -0.9987
vn 0.0201 -0.0181 -0.9996
vn -0.0374 -0.3584 -0.9328
vn 0.0021 -0.0006 -1.0000
vn 0.0026 -0.0364 -0.9993
vn 0.0115 0.0081 -0.9999
vn 0.0047 -0.2964 -0.9551
vn -0.0102 -0.0211 -0.9997
vn 0.0117 -0.0094 -0.9999
vn -0.0031 0.0033 -1.0000
vn -0.0264 0.0290 0.9992
vn 0.0106 0.0135 0.9999
vn -0.0126 -0.0720 0.9973
vn -0.0112 -0.0064 0.9999
vn -0.0090 0.0100 0.9999
vn -0.0062 -0.0560 0.9984
vn -0.0005 0.0074 1.0000
vn 0.0020 0.0101 0.9999
vn 0.0467 -0.0650 0.9968
vn -0.0177 0.0327 0.9993
vn 0.0175 -0.3896 -0.9208
vn -0.0173 -0.4312 -0.9021
vn 0.1267 -0.5011 0.8560
vn 0.0038 -0.0242 0.9997
vn -0.0509 -0.7229 0.6891
vn -0.0056 -0.0658 0.9978
vn 0.0346 -0.7254 0.6874
vn 0.0263 -0.0847 0.9961
vn 0.0759 -0.6189 0.7818
vn 0.0566 -0.5645 0.8235
vn -0.0298 -0.0735 0.9969
vn -0.0145 -0.7680 0.6403
vn 0.0224 -0.7932 0.6085
vn 0.0090 -0.9999 0.0124
vn 0.0027 -1.0000 0.0026
vn 0.0080 -0.9924 0.1232
vn -0.0059 -0.9549 0.2968
vn 0.0945 -0.8900 0.4461
vn 0.1198 -0.9863 0.1130
vn -0.0307 -0.8460 0.5324
vn -0.0245 -0.6503 0.7593
vn 0.0078 -0.7038 0.7104
vn 0.0522 -0.9621 0.2675
vn -0.0070 -0.9999 -0.0091
vn 0.0020 -1.0000 0.0097
vn 0.0124 -0.9997 -0.0215
vn 0.0063 -0.9996 0.0260
vn 0.0024 -0.9987 0.0511
vn 0.0011 -0.9998 0.0207
vn -0.0463 -0.9988 -0.0167
vn -0.0188 -0.5769 0.8166
vn 0.1837 -0.4846 0.8552
vn -0.0583 -0.9345 0.3512
vn -0.0212 -0.9270 0.3744
vn 0.0047 -0.5550 0.8319
vn -0.0058 0.9411 -0.3380
vn -0.0540 0.9462 -0.3191
vn -0.1007 0.4149 -0.9043
vn -0.0654 0.5040 -0.8612
vn 0.0181 0.9997 0.0162
vn -0.0114 0.9998 -0.0177
vn -0.0203 0.9440 -0.3293
vn 0.0086 0.9996 -0.0265
vn 0.0049 1.0000 0.0064
vn 0.0141 0.9998 0.0115
vn 0.0795 0.9023 -0.4238
vn -0.0635 0.4575 -0.8870
vn 0.0027 0.9988 -0.0482
vn 0.0055 0.9955 -0.0945
vn 0.0407 0.5495 -0.8345
vn 0.0156 0.9996 -0.0217
vn -0.0007 1.0000 0.0046
vn 0.0351 0.9494 -0.3120
vn 0.0071 1.0000 -0.0005
vn 0.0183 0.9991 0.0372
vn -0.0011 1.0000 -0.0081
vn -0.0288 0.9668 0.2540
vn 0.1156 0.5420 0.8324
vn 0.1328 0.5712 0.8100
vn 0.0476 0.6059 0.7941
vn 0.0074 0.9997 0.0242
vn -0.0091 0.9480 0.3183
vn 0.0129 0.9927 0.1199
vn -0.0154 0.9999 -0.0037
vn -0.0086 1.0000 0.0044
vn 0.0302 0.6429 0.7654
vn 0.0548 0.6104 0.7902
vn 0.0262 0.9524 0.3036
vn -0.0130 0.0131 0.9998
vn -0.0027 -0.0193 0.9998
vn -0.0154 0.0584 0.9982
vn 0.0071 0.0164 0.9998
vn 0.0132 -0.0908 0.9958
vn -0.0073 -0.0014 1.0000
vn -0.0141 -0.0325 0.9994
vn 0.0039 0.0747 -0.9972
vn -0.0168 -0.0447 -0.9989
vn 0.0077 -0.1098 -0.9939
vn -0.0150 0.0124 -0.9998
vn -0.0253 0.0157 0.9996
vn -0.0198 -0.0424 0.9989
vn 0.0010 0.0557 0.9984
vn 0.0093 -0.0530 0.9985
vn -0.0098 0.0425 0.9990
vn 0.0237 0.0260 0.9994
vn -0.0162 -0.1196 0.9927
vn 0.0052 -0.0180 0.9998
vn 0.0292 -0.0791 0.9964
vn 0.0146 0.0296 0.9995
vn -0.0007 0.0053 1.0000
vn -0.0129 0.0234 0.9996
vn -0.0237 -0.1003 0.9947
vn 0.0385 -0.3975 -0.9168
vn 0.0402 -0.0220 0.9989
vn 0.0480 -0.4924 0.8690
vn 0.0994 -0.5415 0.8348
vn -0.0073 -0.5719 0.8203
vn 0.0745 -0.6642 0.7438
vn 0.0066 -0.5358 0.8443
vn 0.0212 -0.5633 0.8260
vn 0.0169 -0.8296 -0.5581
vn 0.0525 -0.4347 -0.8990
vn -0.0029 -1.0000 0.0046
vn 0.0102 -0.9996 0.0269
vn -0.0059 -1.0000 -0.0038
vn 0.0348 -0.9985 -0.0432
vn 0.0139 -0.9046 -0.4260
vn 0.0038 -0.3322 -0.9432
vn 0.0046 -1.0000 0.0021
vn 0.0011 -0.9996 0.0274
vn -0.0157 -0.9999 -0.0067
vn 0.0047 -1.0000 -0.0046
vn -0.0247 -0.9168 -0.3986
vn 0.0155 -0.4091 -0.9123
vn 0.0233 -0.9390 -0.3433
vn 0.0094 -0.9999 0.0060
vn -0.0050 -0.9997 0.0257
vn -0.0291 -0.9577 0.2863
vn 0.0004 -1.0000 0.0028
vn -0.0501 -0.9454 0.3220
vn -0.0120 -0.5661 0.8242
vn 0.0246 -0.6054 0.7955
vn -0.0107 -0.9999 -0.0040
vn 0.0062 -0.9987 0.0507
vn 0.0077 -1.0000 0.0014
vn 0.0089 -0.9981 0.0614
vn 0.0012 -0.9497 0.3133
vn -0.1016 -0.5944 0.7977
vn 0.0173 -0.9321 0.3619
vn 0.0537 -0.5336 0.8440
vn 0.0002 1.0000 0.0019
vn 0.0097 1.0000 0.0012
vn -0.0085 0.9995 0.0316
vn 0.0328 0.9772 0.2098
vn -0.0083 0.9908 0.1350
vn 0.0140 0.9998 -0.0119
vn 0.0083 0.9952 0.0974
vn 0.0058 1.0000 -0.0072
vn -0.0155 0.9999 0.0065
vn 0.0049 0.9956 0.0932
vn -0.0059 0.4324 -0.9016
vn 0.0287 0.0276 -0.9992
vn 0.0219 0.0456 -0.9987
vn 0.0234 0.0389 -0.9990
vn 0.0681 0.5070 -0.8593
vn 0.0266 0.4348 -0.9001
vn -0.0007 0.1190 0.9929
vn -0.0066 -0.0039 1.0000
vn -0.0072 0.1041 0.9945
vn 0.0165 0.0845 0.9963
vn 0.1066 0.1703 0.9796
vn 0.0090 -0.1002 0.9949
vn -0.0440 0.0305 0.9986
vn -0.0940 -0.0914 0.9914
vn -0.0500 0.0230 0.9985
vn -0.0345 0.1315 0.9907
vn -0.0298 0.1205 0.9923
vn -0.0304 0.1190 0.9924
vn 0.0465 0.1477 0.9879
vn 0.0206 -0.0085 0.9998
vn 0.0011 0.0971 0.9953
vn 0.0285 0.1058 0.9940
vn 0.0241 -0.0417 0.9988
vn -0.0322 0.1023 0.9942
vn 0.0018 0.0013 1.0000
vn -0.0112 -0.0718 0.9974
vn -0.0005 0.1041 0.9946
vn 0.0124 0.0140 0.9998
vn -0.0038 -0.0292 0.9996
vn -0.0305 -0.0337 0.9990
vn -0.0052 -0.0146 0.9999
vn 0.0401 -0.0177 0.9990
vn -0.8623 -0.4839 0.1491
vn -0.7849 -0.3390 0.5187
vn 0.0097 -0.7362 0.6766
vn 0.0791 -0.0405 0.9960
vn -0.0036 0.1317 0.9913
vn -0.0056 -0.3769 0.9263
vn 0.0987 -0.5407 0.8354
vn -0.0310 -0.0138 0.9994
vn 0.0060 -0.5574 0.8302
vn 0.0032 -0.0707 0.9975
vn 0.0107 -0.1014 0.9948
vn 0.0889 -0.5789 0.8105
vn -0.0128 0.9999 0.0069
vn -0.0229 0.9941 -0.1059
vn 0.0193 0.9996 0.0198
vn 0.0382 0.9652 0.2587
vn -0.0324 0.9751 0.2192
vn 0.0030 0.9999 0.0165
vn 0.0104 0.9965 0.0827
vn -0.0410 0.6655 0.7453
vn 0.0478 0.6159 0.7864
vn -0.0042 0.9622 0.2724
vn 0.0739 0.6339 0.7699
vn -0.0083 1.0000 -0.0024
vn 0.0321 0.9725 0.2306
vn -0.0184 0.9992 0.0364
vn -0.0305 0.3630 -0.9313
vn -0.0414 0.3519 -0.9351
vn 0.0219 0.5290 -0.8483
vn 0.0094 0.1070 -0.9942
vn -0.0431 0.4400 -0.8970
vn -0.0222 0.3710 -0.9283
vn -0.1550 0.6048 0.7811
vn -0.0294 0.6333 0.7734
vn -0.0461 0.0688 0.9966
vn -0.0617 0.5528 0.8310
vn -0.0287 0.0408 0.9988
vn -0.0487 0.6158 0.7864
vn 0.0418 0.1313 0.9905
vn 0.0275 0.5004 0.8654
vn 0.0678 -0.0512 0.9964
vn -0.0005 -0.0128 -0.9999
vn -0.0435 0.0280 -0.9987
vn -0.0174 -0.0053 -0.9998
vn 0.0123 -0.0028 -0.9999
vn 0.2488 0.1415 -0.9582
vn 0.6455 0.2557 -0.7197
vn 0.0812 -0.0189 -0.9965
vn 0.0015 0.0090 -1.0000
vn -0.0025 0.0772 -0.9970
vn 0.0005 0.0946 -0.9955
vn 0.0010 -0.0067 1.0000
vn -0.0016 0.0176 0.9998
vn 0.0414 -0.0428 0.9982
vn -0.0457 0.1151 0.9923
vn 0.0459 0.0058 0.9989
vn 0.0280 -0.0505 0.9983
vn 0.0006 0.0300 0.9996
vn 0.0050 -0.0794 0.9968
vn -0.0073 -0.0592 0.9982
vn -0.0016 -0.0222 0.9998
vn 0.0141 -0.0314 0.9994
vn 0.0004 -0.0037 1.0000
vn -0.0071 0.1398 0.9902
vn 0.0164 0.0106 0.9998
vn -0.0159 0.1889 0.9819
vn -0.0369 -0.0558 0.9978
vn -0.0243 -0.0478 0.9986
vn 0.0361 -0.1271 0.9912
vn 0.0378 -0.0726 0.9966
vn 0.0043 0.0974 -0.9952
vn -0.0028 -0.0056 -1.0000
vn -0.0151 0.0234 -0.9996
vn -0.0012 0.0004 -1.0000
vn 0.0037 0.1165 -0.9932
vn -0.0048 -0.0168 -0.9998
vn -0.0041 0.0033 -1.0000
vn 0.0032 0.0524 -0.9986
vn 0.0046 -0.0449 -0.9990
vn 0.0104 0.0018 -0.9999
vn 0.0209 0.0023 -0.9998
vn 0.9649 -0.1116 -0.2377
vn 0.7961 -0.1214 -0.5928
vn 0.9886 0.0418 0.1446
vn 0.9759 -0.2143 0.0405
vn 0.2432 -0.3800 -0.8924
vn 0.0333 -0.0775 -0.9964
vn -0.0058 0.0059 -1.0000
vn -0.0393 -0.3511 -0.9355
vn -0.0293 0.0260 0.9992
vn 0.0301 -0.4284 0.9031
vn -0.0648 -0.1106 0.9918
vn -0.0222 -0.0098 0.9997
vn 0.0395 -0.4920 -0.8697
vn -0.0242 -0.4835 -0.8750
vn -0.0735 -0.3468 -0.9351
vn -0.2863 0.0710 -0.9555
vn -0.6555 -0.5399 -0.5280
vn -0.7879 -0.1477 -0.5979
vn -0.8564 -0.4847 -0.1781
vn -0.6704 -0.7413 -0.0320
vn 0.8703 -0.4924 0.0052
vn 0.5764 -0.8079 0.1226
vn 0.7383 -0.6745 0.0009
vn 0.8824 -0.4310 0.1886
vn 0.7516 -0.3787 0.5401
vn 0.4935 -0.8102 0.3163
vn 0.2306 -0.7534 0.6157
vn 0.2409 -0.2407 0.9402
vn 0.0294 -0.2929 0.9557
vn -0.0013 -0.9864 0.1645
vn 0.0003 -0.9999 0.0143
vn -0.0154 -0.9970 0.0756
vn 0.0059 -1.0000 0.0002
vn -0.0038 -1.0000 0.0088
vn 0.0424 -0.9273 0.3718
vn 0.0432 -0.6795 0.7324
vn 0.0236 -0.6160 0.7874
vn 0.0282 -0.6154 0.7877
vn 0.0223 -0.9684 0.2484
vn -0.0946 -0.4564 0.8848
vn -0.0086 -0.9996 0.0252
vn 0.0086 -0.9999 0.0085
vn 0.0097 -0.9558 0.2937
vn 0.0033 -1.0000 0.0087
vn 0.1765 -0.5245 0.8329
vn 0.0211 -0.9472 0.3200
vn -0.0326 0.4195 -0.9072
vn 0.0807 0.6935 -0.7160
vn 0.0518 0.4576 -0.8877
vn 0.0016 -0.0112 -0.9999
vn -0.0038 0.0373 -0.9993
vn 0.0659 0.1542 0.9858
vn 0.0473 -0.0738 0.9961
vn 0.0185 0.0371 0.9991
vn 0.0337 0.0351 0.9988
vn 0.0117 0.0392 0.9992
vn -0.0004 0.0074 -1.0000
vn 0.1862 -0.0286 -0.9821
vn -0.0132 0.4670 -0.8842
vn 0.0011 -0.0266 -0.9996
vn -0.0104 -0.0031 -0.9999
vn 0.0175 -0.0065 -0.9998
vn 0.5618 0.2592 0.7856
vn 0.1645 0.2011 0.9657
vn 0.1237 0.0685 0.9899
vn -0.0103 0.0157 0.9998
vn -0.0101 -0.0885 0.9960
vn 0.0204 -0.1325 0.9910
vn 0.0124 -0.0168 0.9998
vn -0.0142 0.0077 0.9999
vn -0.0584 0.0263 0.9979
vn -0.0085 0.0171 -0.9998
vn -0.0256 -0.0510 -0.9984
vn 0.0272 -0.0514 -0.9983
vn -0.0243 -0.3517 -0.9358
vn -0.0065 0.0832 0.9965
vn -0.0404 0.0324 0.9987
vn -0.0103 0.0915 0.9958
vn 0.0459 -0.0819 0.9956
vn -0.0508 0.0511 0.9974
vn -0.0778 -0.1149 0.9903
vn -0.6992 -0.0633 0.7121
vn -0.2971 -0.1916 0.9354
vn 0.0187 -0.3628 -0.9317
vn 0.0094 0.0185 -0.9998
vn 0.0234 -0.4164 -0.9089
vn -0.0129 -0.0352 -0.9993
vn -0.0341 -0.3672 -0.9295
vn 0.0037 -0.0367 -0.9993
vn 0.0028 -0.3270 -0.9450
vn -0.0193 -0.2907 -0.9566
vn 0.0167 -0.3447 -0.9386
vn -0.0013 -0.0368 -0.9993
vn 0.0428 -0.3606 -0.9317
vn 0.0287 -0.0681 -0.9973
vn -0.0042 -0.4432 -0.8964
vn 0.0023 -0.3169 -0.9484
vn -0.0261 -0.7532 -0.6572
vn 0.1019 -0.1245 0.9870
vn 0.1104 0.0581 0.9922
vn -0.1189 0.0274 0.9925
vn 0.0315 -0.9988 -0.0368
vn 0.0784 -0.8941 -0.4409
vn -0.0065 -0.9988 -0.0481
vn -0.0061 -0.9997 0.0231
vn -0.0039 -0.9999 0.0163
vn 0.0115 -0.9145 -0.4044
vn -0.0134 -0.8900 -0.4557
vn 0.0002 -0.9993 -0.0382
vn 0.0025 -0.9990 0.0443
vn 0.0062 0.9973 0.0736
vn 0.0054 0.9998 -0.0187
vn 0.0056 0.9472 0.3205
vn 0.0946 0.8220 0.5616
vn -0.0024 0.9999 0.0110
vn 0.0292 0.9983 0.0507
vn 0.0063 0.9686 0.2487
vn 0.1509 0.6371 0.7558
vn 0.0582 0.6035 0.7952
vn -0.0057 0.3368 -0.9416
vn -0.0036 -0.0017 -1.0000
vn 0.0653 0.0633 -0.9959
vn 0.0404 0.3537 -0.9345
vn 0.0135 0.0127 0.9998
vn 0.0165 -0.0505 0.9986
vn 0.0270 -0.0465 0.9986
vn -0.8229 0.5589 -0.1022
vn -0.8628 0.3521 -0.3628
vn -0.7977 0.1565 -0.5825
vn -0.9380 0.3293 -0.1080
vn 0.9447 0.2967 0.1397
vn 0.7713 0.6288 0.0982
vn 0.6913 0.7133 -0.1149
vn 0.8271 0.2211 0.5167
vn 0.8264 0.5014 0.2562
vn -0.0266 -0.0569 0.9980
vn 0.0162 -0.0285 0.9995
vn 0.0208 0.0401 0.9990
vn -0.0130 -0.1049 0.9944
vn -0.5423 0.0902 0.8353
vn -0.8435 0.2516 0.4746
vn 0.0245 -0.1287 0.9914
vn 0.0327 0.0306 0.9990
vn 0.0464 -0.1364 0.9896
vn 0.5544 -0.5905 -0.5865
vn 0.8889 -0.3937 -0.2343
vn -0.0433 -0.4189 -0.9070
vn 0.0301 -0.4111 -0.9111
vn 0.0009 -0.0910 -0.9959
vn 0.0770 -0.6759 -0.7330
vn 0.0720 -0.4317 -0.8991
vn 0.0145 -0.5286 0.8487
vn 0.0406 -0.4997 0.8653
vn -0.0368 -0.4028 0.9145
vn -0.0016 -0.0593 0.9982
vn -0.0131 -0.4760 0.8794
vn 0.0218 -0.9177 -0.3966
vn 0.0405 -0.9344 -0.3538
vn 0.0289 -0.3414 -0.9395
vn 0.0549 -0.8981 -0.4364
vn -0.0122 -0.9998 0.0123
vn -0.0009 -0.9247 -0.3806
vn -0.0011 -0.9999 0.0147
vn -0.0045 -0.9998 0.0181
vn -0.2219 -0.9745 0.0337
vn 0.0022 -1.0000 0.0088
vn -0.0404 -0.9939 0.1022
vn -0.4900 -0.8454 0.2125
vn -0.0622 -0.9332 0.3540
vn -0.3965 -0.7881 0.4709
vn -0.1104 -0.6270 0.7712
vn -0.1368 0.9408 -0.3101
vn -0.0106 0.9417 -0.3364
vn 0.0147 0.4572 -0.8893
vn -0.2131 0.5913 -0.7778
vn -0.0232 0.9997 0.0096
vn -0.0011 0.9980 -0.0633
vn -0.0281 0.9983 -0.0518
vn -0.0145 0.9999 -0.0061
vn 0.0112 0.9999 -0.0060
vn -0.0144 0.9999 0.0076
vn -0.4684 0.7512 -0.4650
vn -0.2445 0.9696 -0.0109
vn -0.5686 0.8221 0.0277
vn 0.4569 0.8868 -0.0691
vn 0.1150 0.9711 0.2090
vn 0.2132 0.9727 0.0917
vn 0.2407 0.9603 -0.1409
vn 0.4147 0.8541 -0.3140
vn 0.1599 0.9722 0.1712
vn 0.5445 0.8278 0.1350
vn 0.3948 0.7161 0.5756
vn 0.0403 0.7963 0.6035
vn -0.0129 0.4338 -0.9009
vn 0.0695 0.5157 -0.8540
vn -0.0033 0.7369 -0.6760
vn -0.0019 -0.0219 -0.9998
vn -0.0046 0.0232 -0.9997
vn -0.0146 0.0279 -0.9995
vn -0.0098 -0.0291 -0.9995
vn -0.0361 -0.0057 0.9993
vn -0.0079 -0.0086 0.9999
vn 0.0123 -0.0404 0.9991
vn 0.0112 -0.9996 0.0275
vn -0.2463 -0.9483 0.2002
vn 0.0101 -0.9999 -0.0027
vn -0.0217 -0.9998 0.0039
vn 0.0333 -0.9599 0.2784
vn 0.0100 -0.9999 0.0118
vn -0.0009 -0.9992 0.0397
vn -0.0356 -0.9636 0.2650
vn -0.0300 -0.9411 0.3368
vn 0.2193 -0.5456 0.8088
vn -0.1205 -0.5751 0.8092
vn -0.0295 -0.4452 0.8949
vn -0.0065 -0.9999 0.0095
vn 0.0031 -0.9634 0.2679
vn 0.0053 -1.0000 0.0034
vn 0.0344 -0.5694 0.8214
vn 0.0168 -0.9293 0.3689
vn -0.0049 0.9994 -0.0345
vn 0.0011 1.0000 0.0009
vn 0.0078 0.9999 -0.0065
vn 0.0546 0.9983 -0.0205
vn 0.0309 0.9298 -0.3666
vn -0.0026 0.9999 -0.0137
vn 0.0114 0.9499 -0.3124
vn -0.0090 0.9999 0.0110
vn -0.0122 0.9685 0.2487
vn -0.0252 0.9997 -0.0022
vn -0.0009 1.0000 -0.0084
vn -0.0050 0.9993 0.0376
vn 0.0246 0.9996 -0.0100
vn -0.0224 0.9470 0.3204
vn 0.0363 0.9974 0.0617
vn -0.0157 0.4750 0.8799
vn -0.0741 0.6884 0.7216
vn -0.0209 0.5754 0.8176
vn 0.0119 0.9193 0.3934
vn 0.0001 1.0000 0.0038
vn 0.0070 1.0000 -0.0064
vn -0.0019 1.0000 0.0021
vn 0.0104 0.9705 0.2410
vn 0.0134 0.9996 0.0242
vn 0.0470 0.5765 0.8157
vn 0.2170 0.6227 0.7517
vn 0.0022 0.9705 0.2412
vn 0.1004 0.6103 0.7858
vn -0.0068 0.1212 0.9926
vn -0.0432 0.6472 0.7611
vn -0.0095 0.1631 0.9866
vn 0.0066 -0.0813 0.9967
vn -0.0111 -0.0563 0.9983
vn 0.0054 -0.0050 1.0000
vn -0.0163 -0.3765 -0.9263
vn 0.0131 -0.0347 -0.9993
vn 0.0096 -0.0111 -0.9999
vn 0.0035 -0.0525 -0.9986
vn 0.0071 -0.0080 -0.9999
vn -0.0053 -0.0595 -0.9982
vn 0.0039 0.0075 -1.0000
vn 0.0157 -0.9160 -0.4009
vn 0.0206 -0.4041 -0.9145
vn -0.0296 -0.9146 -0.4033
vn -0.0182 -0.9968 -0.0776
vn -0.0543 -0.4400 -0.8963
vn -0.0304 -0.9995 -0.0010
vn 0.0017 -0.9999 0.0107
vn 0.0010 -0.9999 0.0150
vn 0.0039 -0.9999 0.0135
vn -0.0127 -0.9999 -0.0037
vn -0.0179 -0.9065 -0.4219
vn 0.0029 -0.3819 -0.9242
vn 0.0227 -0.9985 -0.0497
vn 0.0154 -0.9090 -0.4164
vn 0.0619 -0.4328 -0.8994
vn 0.0070 -0.9995 -0.0299
vn -0.0018 -1.0000 0.0073
vn -0.0022 -0.9998 0.0192
vn 0.0023 -0.8934 -0.4493
vn -0.0416 -0.9963 -0.0746
vn 0.0482 0.9382 -0.3426
vn -0.0654 0.7782 -0.6247
vn -0.0467 0.5438 -0.8379
vn 0.0204 0.9955 -0.0922
vn 0.0341 0.6903 -0.7227
vn -0.0063 0.9999 -0.0121
vn -0.0362 0.9378 -0.3453
vn 0.0377 0.9939 -0.1040
vn 0.0039 0.9582 -0.2861
vn -0.2389 0.9469 -0.2154
vn 0.0011 0.9347 -0.3554
vn 0.0025 0.9972 -0.0749
vn -0.0319 0.4632 -0.8857
vn 0.0428 0.4812 -0.8755
vn 0.0434 0.4641 -0.8847
vn 0.0358 0.4510 -0.8918
vn 0.0099 0.0308 -0.9995
vn -0.1167 0.5236 0.8439
vn 0.0730 0.5168 0.8530
vn -0.0210 -0.0631 0.9978
vn -0.0211 0.0832 0.9963
vn -0.0030 0.1833 0.9831
vn 0.0869 0.0487 0.9950
vn -0.0007 0.0053 -1.0000
vn 0.0053 -0.0203 -0.9998
vn -0.0448 -0.0891 0.9950
vn 0.0263 -0.0524 0.9983
vn 0.0004 -0.0874 0.9962
vn 0.0184 0.0090 0.9998
vn -0.0144 0.0382 0.9992
vn 0.0138 -0.0447 -0.9989
vn 0.0076 0.0039 -1.0000
vn 0.0092 0.0136 -0.9999
vn -0.0095 0.0485 -0.9988
vn 0.0063 -0.0104 -0.9999
vn -0.0286 -0.3374 -0.9409
vn -0.1428 -0.0471 -0.9886
vn -0.5273 0.0002 -0.8497
vn 0.0523 0.1210 0.9913
vn 0.0177 -0.0542 0.9984
vn 0.0399 -0.0388 0.9984
vn 0.0357 -0.4042 -0.9140
vn -0.0073 -0.9998 -0.0163
vn -0.0006 -1.0000 -0.0072
vn 0.0127 -0.9990 -0.0427
vn 0.0679 -0.3962 -0.9156
vn 0.0192 -0.9313 -0.3637
vn 0.0222 -0.4271 -0.9039
vn 0.0477 -0.9085 -0.4152
vn -0.0092 -0.9994 -0.0341
vn 0.0097 -0.9997 0.0208
vn 0.0069 -1.0000 0.0046
vn 0.0054 -0.9586 0.2847
vn -0.0020 -0.9999 0.0153
vn -0.0600 -0.5202 0.8519
vn -0.0212 -0.4518 0.8919
vn -0.0010 -1.0000 0.0054
vn 0.0310 -0.9728 0.2297
vn 0.1633 -0.4708 0.8670
vn -0.0712 0.8861 -0.4580
vn -0.0092 0.8822 -0.4708
vn 0.0286 0.9558 -0.2927
vn 0.0290 0.9995 0.0124
vn 0.0185 0.9952 -0.0961
vn -0.0058 0.9999 0.0115
vn 0.0656 0.9279 -0.3669
vn 0.0047 1.0000 -0.0030
vn -0.0187 0.9996 0.0197
vn 0.0056 0.0087 -0.9999
vn 0.0119 0.0521 -0.9986
vn 0.0374 0.5026 -0.8637
vn -0.5242 0.1614 -0.8362
vn 0.0179 0.0838 0.9963
vn 0.0268 -0.0693 0.9972
vn -0.1036 0.0392 0.9938
vn 0.1037 0.2421 0.9647
vn 0.0598 0.0735 0.9955
vn 0.0021 -0.0141 -0.9999
vn -0.0185 0.0107 -0.9998
vn 0.0114 0.0121 -0.9999
vn 0.0058 -0.0200 -0.9998
vn -0.0293 -0.3669 -0.9298
vn -0.0280 -0.4198 -0.9072
vn 0.0142 -0.4432 -0.8963
vn 0.0518 0.0324 0.9981
vn -0.0547 -0.9366 0.3461
vn 0.0138 -0.9475 0.3195
vn 0.1013 -0.4256 0.8992
vn 0.0229 -0.5492 0.8354
vn 0.0044 -0.9981 0.0612
vn -0.0015 -0.9999 0.0147
vn 0.0294 -0.9223 0.3853
vn 0.0101 -0.9998 0.0166
vn -0.0046 -0.9971 -0.0756
vn -0.0069 -0.9999 0.0074
vn -0.0347 -0.9696 0.2423
vn 0.0001 -0.9999 0.0120
vn -0.0232 -0.9700 0.2420
vn 0.0144 -0.9757 0.2187
vn -0.0116 -0.9998 0.0177
vn 0.0107 0.9557 -0.2942
vn -0.0127 0.9319 -0.3624
vn -0.0051 0.9999 -0.0130
vn 0.0320 0.9995 -0.0017
vn 0.0506 0.4336 -0.8997
vn 0.0019 0.9998 -0.0175
vn -0.0034 1.0000 -0.0077
vn -0.0009 1.0000 -0.0012
vn 0.1883 0.9043 -0.3832
vn 0.0477 0.9035 -0.4260
vn 0.0218 0.9996 0.0166
vn 0.0094 0.9990 -0.0441
vn 0.0250 0.9996 0.0154
vn -0.0370 0.6059 0.7947
vn 0.1058 0.8621 0.4956
vn 0.0301 0.6320 0.7744
vn -0.0054 -0.0070 1.0000
vn 0.0137 -0.0771 -0.9969
vn -0.0401 -0.0506 -0.9979
vn -0.0208 -0.3555 -0.9344
vn -0.0260 0.0145 -0.9996
vn 0.0091 0.0076 -0.9999
vn -0.0088 -0.0105 -0.9999
vn 0.0032 -0.2967 -0.9550
vn 0.0083 -0.0147 0.9999
vn 0.0538 -0.4406 0.8961
vn -0.1155 -0.4395 0.8908
vn 0.0185 -0.6933 0.7205
vn 0.0353 -0.9055 -0.4230
vn 0.0307 -0.8830 -0.4684
vn 0.0165 -0.9999 -0.0031
vn -0.0164 -0.9258 -0.3777
vn -0.0049 -0.9129 -0.4081
vn -0.0032 -0.4095 -0.9123
vn -0.0731 -0.5544 -0.8291
vn 0.0178 -0.9178 -0.3966
vn 0.0008 -0.9999 0.0160
vn 0.0053 -0.3841 -0.9233
vn 0.0087 0.9251 -0.3796
vn -0.0253 0.8984 -0.4384
vn -0.0389 0.6164 -0.7865
vn -0.0040 0.9976 -0.0689
vn -0.0090 0.9277 -0.3731
vn 0.0246 0.9440 -0.3290
vn -0.0073 0.4608 -0.8875
vn 0.0206 0.9998 -0.0026
vn 0.0094 0.9574 0.2886
vn -0.0603 0.9790 0.1947
vn 0.0113 0.9643 0.2647
vn -0.0040 1.0000 0.0066
vn 0.0095 0.9988 0.0472
vn -0.0607 0.3095 0.9489
vn 0.0047 0.0792 0.9968
vn -0.1240 0.3107 0.9424
vn 0.1033 -0.0181 0.9945
vn -0.5424 0.4374 0.7173
vn -0.7408 0.6263 0.2427
vn 0.0552 -0.1025 0.9932
vn 0.0531 0.0406 0.9978
vn 0.0249 0.0676 0.9974
vn -0.0030 -0.0381 0.9993
vn -0.0420 0.1047 0.9936
vn -0.0415 -0.0187 0.9990
vn 0.0451 -0.1345 0.9899
vn -0.0217 -0.0358 0.9991
vn 0.0151 -0.0104 0.9998
vn 0.0407 0.0207 0.9990
vn 0.0158 -0.0374 0.9992
vn 0.0062 -0.7324 -0.6808
vn -0.0039 -0.9998 0.0212
vn 0.1020 -0.9143 -0.3921
vn 0.0269 -0.3819 -0.9238
vn -0.0143 -0.9970 -0.0754
vn 0.0046 -0.8788 -0.4772
vn 0.0405 -0.9247 -0.3785
vn -0.0168 0.9526 -0.3038
vn 0.0100 0.9664 -0.2568
vn -0.0026 0.9997 -0.0245
vn 0.0119 0.9999 -0.0075
vn 0.0078 0.9997 -0.0224
vn -0.0000 0.9395 -0.3425
vn 0.0674 0.8835 -0.4636
vn -0.0143 0.5273 -0.8496
vn -0.0102 0.4127 -0.9108
vn 0.0204 0.9997 -0.0156
vn -0.0208 0.9979 0.0613
vn -0.0298 0.0634 0.9975
vn 0.0007 -0.1444 0.9895
vn -0.0011 -0.0292 -0.9996
vn 0.0095 0.0405 0.9991
vn 0.0148 -0.0344 -0.9993
vn -0.8728 -0.1284 -0.4708
vn -0.0109 -0.1019 0.9947
vn 0.0691 -0.0505 0.9963
vn 0.0115 -0.1399 0.9901
vn 0.0701 -0.6736 -0.7358
vn 0.0036 -0.9942 -0.1078
vn -0.0047 -1.0000 0.0026
vn 0.0103 -0.9288 -0.3704
vn 0.0527 -0.4180 -0.9069
vn -0.0003 -0.9390 -0.3440
vn -0.0003 -1.0000 -0.0069
vn -0.0026 -1.0000 -0.0090
vn 0.0229 -0.9235 -0.3828
vn 0.1944 0.4849 -0.8527
vn 0.1654 0.9348 -0.3144
vn 0.4619 0.6826 -0.5663
vn -0.0363 0.4437 -0.8954
vn -0.0042 0.9508 -0.3098
vn 0.5516 0.8330 0.0430
vn 0.2027 0.9760 0.0798
vn 0.0184 0.9998 -0.0068
vn 0.3873 0.9217 -0.0232
vn 0.0164 0.9998 0.0080
vn 0.0405 0.8892 -0.4557
vn 0.0424 0.5104 -0.8589
vn 0.0083 0.9989 -0.0465
vn -0.0111 0.9998 -0.0155
vn 0.0072 0.9989 -0.0465
vn -0.0047 0.9991 0.0418
vn 0.0062 0.9999 -0.0132
vn 0.0978 0.5329 0.8405
vn 0.1216 0.7320 0.6704
vn 0.1163 0.6000 0.7915
vn -0.0018 0.4761 0.8794
vn -0.0854 0.6275 0.7739
vn 0.0194 0.0781 0.9968
vn 0.1396 0.6492 0.7477
vn -0.0035 0.0266 0.9996
vn -0.0076 -0.0799 0.9968
vn 0.0180 -0.1082 0.9940
vn 0.0269 0.0008 0.9996
vn 0.0254 -0.0392 0.9989
vn 0.1217 -0.0905 0.9884
vn -0.1012 0.0256 -0.9945
vn 0.0031 -0.0597 0.9982
vn -0.0071 -0.0237 -0.9997
vn -0.0232 -0.0326 0.9992
vn -0.0422 -0.9979 0.0497
vn -0.0016 -1.0000 -0.0042
vn -0.0143 -0.9556 0.2943
vn 0.0235 -0.6250 0.7803
vn 0.0055 -0.9968 0.0794
vn -0.0302 -0.9123 0.4084
vn 0.0675 -0.5308 0.8448
vn -0.0027 0.9947 0.1028
vn 0.0087 1.0000 -0.0016
vn 0.0215 0.9666 0.2554
vn 0.0419 0.9971 0.0634
vn 0.0124 0.9992 0.0379
vn 0.0026 0.9999 0.0159
vn -0.0200 0.1130 -0.9934
vn -0.0087 0.0553 -0.9984
vn 0.0165 0.0866 -0.9961
vn 0.0143 -0.0122 -0.9998
vn 0.0084 -0.0494 0.9987
vn -0.0147 -0.0094 0.9998
vn 0.8902 -0.0555 0.4522
vn 0.0445 -0.8527 -0.5205
vn -0.0097 -0.9977 -0.0672
vn 0.0092 -0.9306 -0.3659
vn -0.0021 -0.9998 0.0175
vn -0.0038 -1.0000 0.0055
vn 0.0088 -0.9999 -0.0065
vn -0.0097 -0.9993 -0.0349
vn 0.0418 -0.9101 -0.4123
vn 0.0056 -0.9361 -0.3516
vn -0.0047 0.9641 0.2655
vn 0.0935 0.5149 0.8521
vn 0.0095 0.9518 0.3066
vn 0.0086 0.9944 0.1051
vn -0.0007 0.6160 0.7877
vn 0.0079 0.9897 0.1433
vn -0.0090 0.9999 -0.0051
vn 0.0426 0.7688 0.6381
vn 0.0530 0.9207 0.3867
vn 0.8306 0.4885 -0.2674
vn 0.0291 -0.8823 -0.4699
vn -0.0120 -0.9973 -0.0722
vn -0.0415 -0.9258 -0.3758
vn 0.0944 -0.5829 -0.8070
vn -0.0179 0.5338 -0.8454
vn 0.0127 0.9035 -0.4283
vn 0.0567 0.5412 -0.8390
vn -0.0001 0.9999 -0.0146
vn 0.0751 0.5314 -0.8438
vn 0.0130 0.9986 0.0503
vn -0.0065 0.9998 0.0212
vn 0.0299 0.9645 0.2624
vn 0.1409 0.6414 0.7542
vn 0.0438 0.9964 0.0722
vn -0.0021 0.9952 0.0982
vn 0.1886 0.6575 0.7295
vn 0.0027 0.8784 0.4780
vn 0.0232 0.6871 0.7262
vn 0.1122 0.6164 0.7794
vn 0.1468 0.5070 0.8494
vn 0.0193 0.4458 0.8949
vn 0.1374 0.5497 0.8240
vn -0.0254 -0.0212 -0.9995
vn -0.0236 -0.9675 0.2519
vn 0.0158 -0.9651 0.2613
vn 0.0129 -0.9490 0.3149
vn -0.0161 -0.9972 0.0729
vn -0.0269 -0.9428 0.3324
vn 0.0340 0.9457 -0.3231
vn 0.0071 1.0000 -0.0017
vn -0.0113 0.9999 -0.0018
vn -0.0044 0.9416 -0.3367
vn 0.0141 0.9999 -0.0032
vn -0.0068 0.9997 -0.0228
vn -0.2767 0.9575 0.0812
vn -0.1378 0.9768 0.1641
vn -0.4885 0.8031 0.3412
vn -0.1941 0.7206 0.6656
vn 0.0166 0.0554 0.9983
vn 0.9658 0.2199 -0.1376
vn 0.0100 -0.9962 -0.0868
vn -0.2523 -0.8394 -0.4814
vn -0.0700 -0.9959 -0.0577
vn 0.0086 0.9406 -0.3393
vn -0.0014 1.0000 -0.0091
vn -0.0105 0.9341 -0.3569
vn -0.0130 0.9991 -0.0410
vn 0.0128 -0.4349 -0.9004
vn 0.0040 -0.9057 -0.4239
vn 0.0508 -0.8977 -0.4377
vn -0.0182 -0.9997 -0.0148
vn 0.0463 -0.9306 -0.3632
vn 0.0078 -0.9975 -0.0704
vn 0.0451 -0.8758 -0.4805
vn -0.0291 -0.5405 0.8408
vn 0.0433 -0.9490 0.3122
vn -0.0195 -0.9996 0.0201
vn 0.0217 -0.9693 0.2449
vn 0.0021 0.9863 0.1649
vn 0.0092 0.9994 0.0331
vn 0.0032 0.9666 0.2564
vn 0.0021 0.9992 0.0394
vn 0.0156 0.9654 0.2603
vn 0.0023 0.9501 0.3119
vn 0.1550 0.5756 0.8029
vn 0.1675 0.5945 0.7865
vn -0.0255 0.4910 0.8708
vn -0.0068 -0.9999 -0.0104
vn 0.0095 -0.8985 -0.4389
vn 0.0349 -0.8606 -0.5080
vn 0.0211 -0.9982 -0.0557
vn -0.0335 -0.9969 0.0716
vn 0.0148 -0.9677 0.2518
vn -0.0077 -0.9576 0.2880
vn 0.0040 -0.9672 0.2540
vn 0.0032 -0.9659 0.2589
vn 0.0673 0.9027 -0.4249
vn -0.0081 0.9997 0.0231
vn 0.0191 0.9998 -0.0107
vn -0.0167 0.9998 -0.0101
vn -0.0243 0.9910 -0.1320
vn 0.1020 0.9104 -0.4010
vn 0.0108 0.9998 0.0140
vn 0.0181 0.9979 0.0616
vn 0.0326 0.9834 0.1783
vn -0.0103 0.9782 0.2074
vn 0.0028 0.9997 0.0254
vn -0.0275 0.9583 0.2843
vn 0.0003 -0.9972 0.0747
vn 0.0238 -0.9128 0.4078
vn 0.0031 -0.9990 0.0441
vn 0.0070 0.9120 -0.4100
vn -0.0018 0.9997 -0.0261
vn 0.0401 0.9730 -0.2274
vn -0.0974 0.9952 0.0002
vn 0.0652 0.9425 -0.3277
vn 0.0041 0.9991 0.0412
vn 0.0014 1.0000 0.0055
vn 0.0129 0.9766 0.2145
vn 0.0081 0.9781 0.2081
vn 0.0193 0.9849 0.1718
vn 0.3176 -0.9434 -0.0956
vn 0.1117 -0.9217 -0.3714
vn 0.0219 -0.9985 -0.0506
vn -0.1556 -0.9841 -0.0854
vn 0.0193 -0.9079 -0.4187
vn -0.0188 -0.9909 -0.1330
vn 0.0070 -0.9996 -0.0256
vn -0.0292 -0.9540 0.2983
vn 0.0394 -0.9369 0.3472
vn 0.0076 -0.9481 0.3180
vn -0.0124 -0.9486 0.3163
vt 0.079411 0.090732
vt 0.082683 0.109007
vt 0.071417 0.099279
vt 0.058836 0.087230
vt 0.057732 0.101672
vt 0.067858 0.112514
vt 0.069828 0.129398
vt 0.083173 0.123940
vt 0.058213 0.120022
vt 0.053574 0.093343
vt 0.052544 0.101829
vt 0.054113 0.112023
vt 0.055177 0.127866
vt 0.062918 0.144291
vt 0.094165 0.135449
vt 0.084585 0.149914
vt 0.081499 0.162460
vt 0.070623 0.158613
vt 0.063660 0.175039
vt 0.057423 0.147698
vt 0.054229 0.146621
vt 0.055025 0.169407
vt 0.154751 0.636631
vt 0.154145 0.620512
vt 0.158903 0.634961
vt 0.158607 0.620533
vt 0.154320 0.606015
vt 0.159364 0.610062
vt 0.153347 0.591609
vt 0.157726 0.593322
vt 0.157628 0.580282
vt 0.154434 0.579114
vt 0.153825 0.568467
vt 0.159716 0.559912
vt 0.107879 0.830707
vt 0.112094 0.826905
vt 0.122780 0.824098
vt 0.111819 0.850166
vt 0.124877 0.873089
vt 0.128956 0.862088
vt 0.111975 0.870904
vt 0.107403 0.886543
vt 0.120154 0.892349
vt 0.112606 0.915354
vt 0.123466 0.914780
vt 0.119669 0.933808
vt 0.177184 0.674274
vt 0.167693 0.665556
vt 0.182153 0.653974
vt 0.167134 0.638936
vt 0.184476 0.630328
vt 0.164900 0.626618
vt 0.174270 0.620118
vt 0.174798 0.608333
vt 0.168631 0.612921
vt 0.179812 0.571838
vt 0.171126 0.585231
vt 0.168332 0.571109
vt 0.172182 0.551551
vt 0.135939 0.275631
vt 0.127291 0.255760
vt 0.135607 0.248772
vt 0.138568 0.302718
vt 0.122305 0.292277
vt 0.126189 0.321773
vt 0.137484 0.333539
vt 0.125107 0.365875
vt 0.129055 0.348993
vt 0.138934 0.363880
vt 0.128586 0.385543
vt 0.189920 0.443623
vt 0.175596 0.427723
vt 0.183044 0.425163
vt 0.179567 0.399096
vt 0.186441 0.409425
vt 0.184729 0.335779
vt 0.191227 0.352927
vt 0.172339 0.358308
vt 0.186416 0.322934
vt 0.179221 0.325706
vt 0.192990 0.650894
vt 0.196609 0.653540
vt 0.196741 0.627518
vt 0.196383 0.613786
vt 0.193546 0.584180
vt 0.187780 0.568120
vt 0.193260 0.567644
vt 0.192124 0.397649
vt 0.193051 0.384056
vt 0.197203 0.397254
vt 0.196283 0.367065
vt 0.196448 0.385567
vt 0.196548 0.348070
vt 0.192665 0.328738
vt 0.196743 0.330683
vt 0.196738 0.317242
vt 0.191618 0.315002
vt 0.148985 0.161036
vt 0.148327 0.136884
vt 0.151395 0.153239
vt 0.007575 0.135399
vt 0.008224 0.156451
vt 0.003583 0.152696
vt 0.009167 0.110370
vt 0.026611 0.128369
vt 0.023776 0.110949
vt 0.030200 0.147035
vt 0.017262 0.161645
vt 0.148559 0.174243
vt 0.007919 0.178771
vt 0.003493 0.190028
vt 0.000454 0.173692
vt 0.148788 0.193942
vt 0.151711 0.190571
vt 0.008326 0.190005
vt 0.019677 0.175505
vt 0.026284 0.183020
vt 0.003590 0.215958
vt 0.152278 0.216500
vt 0.148384 0.215623
vt 0.045467 0.578192
vt 0.022905 0.575946
vt 0.040960 0.558383
vt 0.010397 0.581782
vt 0.020212 0.608787
vt 0.044739 0.596505
vt 0.049831 0.559478
vt 0.049483 0.580521
vt 0.050331 0.601472
vt 0.030366 0.620399
vt 0.046046 0.619655
vt 0.012469 0.630645
vt 0.042055 0.642246
vt 0.051015 0.620700
vt 0.049493 0.636644
vt 0.102262 0.440413
vt 0.099101 0.417174
vt 0.102195 0.407638
vt 0.099283 0.442517
vt 0.099359 0.393934
vt 0.080010 0.398166
vt 0.084228 0.413918
vt 0.080464 0.432367
vt 0.099924 0.454700
vt 0.103242 0.448812
vt 0.102881 0.462864
vt 0.092870 0.460887
vt 0.093092 0.479070
vt 0.077540 0.443415
vt 0.082888 0.453997
vt 0.079205 0.470308
vt 0.102796 0.486840
vt 0.099989 0.480676
vt 0.078408 0.641587
vt 0.070994 0.668195
vt 0.067795 0.641486
vt 0.094712 0.656524
vt 0.080711 0.674452
vt 0.058616 0.651598
vt 0.058679 0.662631
vt 0.057055 0.626643
vt 0.053709 0.656074
vt 0.052752 0.636289
vt 0.057567 0.674830
vt 0.052970 0.676147
vt 0.076947 0.684770
vt 0.059214 0.688524
vt 0.080938 0.697319
vt 0.068617 0.705701
vt 0.053511 0.692213
vt 0.057553 0.710770
vt 0.110965 0.407166
vt 0.111729 0.431344
vt 0.106702 0.406175
vt 0.106760 0.438950
vt 0.106731 0.447352
vt 0.113368 0.455192
vt 0.106804 0.461403
vt 0.111182 0.470344
vt 0.106850 0.485379
vt 0.111616 0.153862
vt 0.111094 0.127999
vt 0.126474 0.146253
vt 0.120384 0.171614
vt 0.107176 0.170995
vt 0.110333 0.191381
vt 0.110256 0.212975
vt 0.119384 0.199211
vt 0.116055 0.215651
vt 0.111151 0.229283
vt 0.120377 0.004863
vt 0.119591 0.000058
vt 0.129184 0.000842
vt 0.188039 0.969067
vt 0.192189 0.959002
vt 0.193002 0.968330
vt 0.134795 0.061719
vt 0.122654 0.037405
vt 0.134694 0.038697
vt 0.113016 0.069309
vt 0.134592 0.083505
vt 0.112095 0.089576
vt 0.134121 0.103407
vt 0.116403 0.094942
vt 0.123769 0.135022
vt 0.118671 0.110894
vt 0.136147 0.134021
vt 0.134581 0.842711
vt 0.145821 0.858697
vt 0.137055 0.917301
vt 0.135225 0.891420
vt 0.144118 0.905248
vt 0.180348 0.159596
vt 0.164579 0.144966
vt 0.187030 0.143258
vt 0.172870 0.128102
vt 0.185369 0.117535
vt 0.167636 0.908237
vt 0.176127 0.921618
vt 0.167199 0.921863
vt 0.181441 0.908468
vt 0.169729 0.900141
vt 0.143339 0.414222
vt 0.130922 0.395570
vt 0.148710 0.391985
vt 0.131436 0.435145
vt 0.144938 0.434109
vt 0.134840 0.450861
vt 0.149096 0.446400
vt 0.144546 0.464117
vt 0.144729 0.486466
vt 0.132357 0.484020
vt 0.177976 0.296115
vt 0.184018 0.282185
vt 0.192500 0.300465
vt 0.180946 0.271139
vt 0.180510 0.251352
vt 0.191935 0.265135
vt 0.184695 0.230542
vt 0.182195 0.211032
vt 0.191404 0.205222
vt 0.185586 0.193170
vt 0.149141 0.504117
vt 0.149417 0.480773
vt 0.196606 0.085723
vt 0.192174 0.085200
vt 0.196274 0.079321
vt 0.191656 0.063930
vt 0.196348 0.064592
vt 0.192542 0.048983
vt 0.196502 0.052261
vt 0.196330 0.038962
vt 0.191630 0.033076
vt 0.196493 0.030922
vt 0.196387 0.024839
vt 0.033962 0.054268
vt 0.026363 0.028213
vt 0.040930 0.032392
vt 0.044894 0.051595
vt 0.047539 0.034001
vt 0.038405 0.011748
vt 0.047652 0.017430
vt 0.050501 0.037219
vt 0.048928 0.051639
vt 0.045644 0.062066
vt 0.028994 0.065380
vt 0.023118 0.057457
vt 0.032218 0.075873
vt 0.014607 0.069602
vt 0.038694 0.089880
vt 0.020412 0.093486
vt 0.038673 0.080379
vt 0.050417 0.059718
vt 0.050471 0.074184
vt 0.046124 0.073875
vt 0.045991 0.088205
vt 0.050050 0.091736
vt 0.203851 0.136917
vt 0.203851 0.145156
vt 0.200607 0.144292
vt 0.102758 0.550582
vt 0.102061 0.560000
vt 0.099331 0.558190
vt 0.091391 0.548624
vt 0.100099 0.549972
vt 0.090883 0.520109
vt 0.099520 0.535640
vt 0.082083 0.541910
vt 0.086016 0.561539
vt 0.072963 0.561218
vt 0.099823 0.588141
vt 0.106807 0.558536
vt 0.107016 0.583505
vt 0.104923 0.586670
vt 0.095084 0.584531
vt 0.096069 0.601929
vt 0.107122 0.618960
vt 0.081495 0.577358
vt 0.087419 0.596429
vt 0.100081 0.628203
vt 0.102703 0.620422
vt 0.079222 0.721363
vt 0.064260 0.717818
vt 0.082661 0.739065
vt 0.058336 0.733696
vt 0.053319 0.709595
vt 0.053098 0.720368
vt 0.053488 0.735980
vt 0.071615 0.751264
vt 0.057613 0.743430
vt 0.061685 0.764151
vt 0.077726 0.769541
vt 0.072578 0.779854
vt 0.054540 0.743409
vt 0.054321 0.764078
vt 0.057650 0.778271
vt 0.177266 0.804771
vt 0.173499 0.786221
vt 0.185675 0.791139
vt 0.189758 0.719248
vt 0.165277 0.712929
vt 0.175998 0.705558
vt 0.164934 0.693651
vt 0.112996 0.944688
vt 0.144551 0.936757
vt 0.145598 0.958445
vt 0.133286 0.960033
vt 0.180310 0.855411
vt 0.169915 0.844236
vt 0.181509 0.842637
vt 0.170918 0.821450
vt 0.187741 0.830580
vt 0.191635 0.819624
vt 0.191955 0.768411
vt 0.170655 0.751935
vt 0.192896 0.746810
vt 0.186717 0.733409
vt 0.184059 0.693527
vt 0.191678 0.704080
vt 0.192028 0.682784
vt 0.149298 0.435019
vt 0.193996 0.729497
vt 0.196995 0.737593
vt 0.197281 0.727426
vt 0.196690 0.719120
vt 0.197156 0.708322
vt 0.197237 0.696826
vt 0.196965 0.680734
vt 0.150992 0.228906
vt 0.200607 0.233196
vt 0.200607 0.209652
vt 0.203471 0.223012
vt 0.022336 0.202725
vt 0.013888 0.227375
vt 0.025387 0.223316
vt 0.008093 0.239625
vt 0.003650 0.228364
vt 0.152882 0.256707
vt 0.148745 0.239160
vt 0.003674 0.256165
vt 0.148561 0.265036
vt 0.028526 0.235127
vt 0.016144 0.251041
vt 0.014809 0.267029
vt 0.024681 0.260328
vt 0.151959 0.269963
vt 0.148522 0.278397
vt 0.151658 0.284649
vt 0.024125 0.645070
vt 0.035342 0.658478
vt 0.045198 0.669818
vt 0.025594 0.671034
vt 0.046059 0.655473
vt 0.050317 0.651806
vt 0.049169 0.666647
vt 0.023779 0.690765
vt 0.039865 0.688014
vt 0.027731 0.703658
vt 0.041259 0.720004
vt 0.046481 0.685769
vt 0.050693 0.684982
vt 0.046082 0.711878
vt 0.049119 0.706830
vt 0.076333 0.289572
vt 0.079132 0.319038
vt 0.066507 0.317086
vt 0.058447 0.296149
vt 0.058927 0.311087
vt 0.081459 0.340975
vt 0.063600 0.339868
vt 0.053120 0.313634
vt 0.052821 0.297140
vt 0.056403 0.331567
vt 0.081384 0.350637
vt 0.069824 0.355427
vt 0.062612 0.361313
vt 0.055457 0.357159
vt 0.054327 0.344578
vt 0.107040 0.644747
vt 0.111132 0.618094
vt 0.111866 0.650551
vt 0.111698 0.669004
vt 0.107192 0.674981
vt 0.107330 0.691864
vt 0.154223 0.270258
vt 0.154078 0.254744
vt 0.157677 0.262609
vt 0.158095 0.242473
vt 0.154064 0.245082
vt 0.154247 0.231411
vt 0.158506 0.228768
vt 0.154257 0.225303
vt 0.158375 0.211745
vt 0.154214 0.206861
vt 0.157327 0.202124
vt 0.167023 0.802697
vt 0.158635 0.794738
vt 0.164263 0.788771
vt 0.159469 0.785758
vt 0.159571 0.768807
vt 0.158281 0.753712
vt 0.159167 0.737016
vt 0.160031 0.722748
vt 0.158761 0.713754
vt 0.158638 0.700488
vt 0.157723 0.689312
vt 0.163851 0.675377
vt 0.159165 0.672211
vt 0.176620 0.509891
vt 0.169893 0.482911
vt 0.185873 0.486255
vt 0.186544 0.472759
vt 0.179952 0.466598
vt 0.174664 0.464234
vt 0.171242 0.455872
vt 0.189675 0.449209
vt 0.159730 0.908782
vt 0.158472 0.895922
vt 0.197475 0.138137
vt 0.192264 0.138541
vt 0.190269 0.133397
vt 0.196236 0.149091
vt 0.196539 0.126938
vt 0.192645 0.123741
vt 0.196464 0.119808
vt 0.191995 0.110227
vt 0.191483 0.097883
vt 0.196525 0.095556
vt 0.070110 0.231147
vt 0.094799 0.228809
vt 0.073466 0.247225
vt 0.058383 0.248000
vt 0.058950 0.233767
vt 0.070109 0.270259
vt 0.061651 0.257974
vt 0.053598 0.229074
vt 0.055182 0.243182
vt 0.057408 0.263842
vt 0.053758 0.263177
vt 0.086740 0.263915
vt 0.058434 0.284293
vt 0.064356 0.287982
vt 0.053471 0.279317
vt 0.107051 0.081339
vt 0.106177 0.091459
vt 0.106653 0.102956
vt 0.110804 0.106947
vt 0.106294 0.121230
vt 0.106195 0.142152
vt 0.153455 0.395841
vt 0.154581 0.388858
vt 0.158174 0.390414
vt 0.154310 0.362536
vt 0.158181 0.368276
vt 0.154219 0.351264
vt 0.158837 0.345914
vt 0.154127 0.327792
vt 0.158948 0.330723
vt 0.121593 0.732982
vt 0.112083 0.703375
vt 0.122085 0.707833
vt 0.112429 0.738304
vt 0.110599 0.008301
vt 0.111379 0.000860
vt 0.193203 0.976568
vt 0.123320 0.011226
vt 0.125130 0.020863
vt 0.110777 0.023603
vt 0.110790 0.054159
vt 0.165705 0.306883
vt 0.157765 0.295651
vt 0.166686 0.288281
vt 0.157563 0.304008
vt 0.158116 0.284094
vt 0.170372 0.274377
vt 0.160541 0.272666
vt 0.164590 0.249425
vt 0.164962 0.228329
vt 0.164141 0.550294
vt 0.159719 0.544047
vt 0.181434 0.541787
vt 0.157819 0.533979
vt 0.186555 0.530491
vt 0.158931 0.521117
vt 0.161367 0.472991
vt 0.166462 0.463203
vt 0.163036 0.449346
vt 0.169770 0.442840
vt 0.111679 0.576129
vt 0.125915 0.553551
vt 0.137643 0.570683
vt 0.134818 0.586015
vt 0.112603 0.588090
vt 0.123741 0.596019
vt 0.132626 0.618880
vt 0.112122 0.601168
vt 0.119261 0.629991
vt 0.126301 0.650339
vt 0.137294 0.641439
vt 0.177777 0.955744
vt 0.191162 0.947112
vt 0.165217 0.961119
vt 0.166447 0.953236
vt 0.148256 0.005870
vt 0.143140 0.024936
vt 0.144300 0.067723
vt 0.148131 0.099090
vt 0.189998 0.427150
vt 0.196547 0.413419
vt 0.183441 0.384053
vt 0.187989 0.374151
vt 0.150128 0.966621
vt 0.150218 0.940096
vt 0.148973 0.985208
vt 0.145320 0.991052
vt 0.150596 0.993483
vt 0.147047 0.995261
vt 0.156971 0.937065
vt 0.153291 0.937626
vt 0.159461 0.925218
vt 0.154089 0.914355
vt 0.173178 0.945241
vt 0.160239 0.941493
vt 0.183079 0.940380
vt 0.160257 0.945940
vt 0.198035 0.887217
vt 0.192977 0.890983
vt 0.193231 0.881980
vt 0.197452 0.880021
vt 0.197986 0.874173
vt 0.193008 0.877173
vt 0.048683 0.009323
vt 0.051760 0.014883
vt 0.044239 0.448045
vt 0.023292 0.425557
vt 0.040587 0.421001
vt 0.028200 0.449944
vt 0.025630 0.464640
vt 0.046102 0.440323
vt 0.052030 0.446699
vt 0.049794 0.439020
vt 0.050464 0.458008
vt 0.044792 0.476661
vt 0.050300 0.473193
vt 0.015018 0.475917
vt 0.028450 0.484492
vt 0.045997 0.492252
vt 0.026682 0.507386
vt 0.050103 0.494481
vt 0.046688 0.507964
vt 0.107378 0.843375
vt 0.106606 0.863407
vt 0.107307 0.873642
vt 0.126707 0.531601
vt 0.111175 0.549653
vt 0.158007 0.498809
vt 0.166716 0.493507
vt 0.158548 0.485552
vt 0.159381 0.458045
vt 0.159421 0.437248
vt 0.132765 0.172855
vt 0.112922 0.255661
vt 0.106431 0.254687
vt 0.117353 0.264697
vt 0.129078 0.978698
vt 0.112849 0.960878
vt 0.159450 0.879455
vt 0.157868 0.874039
vt 0.185707 0.873989
vt 0.180822 0.862724
vt 0.163872 0.865885
vt 0.164416 0.814169
vt 0.181286 0.606555
vt 0.179455 0.596901
vt 0.190820 0.591677
vt 0.134425 0.826531
vt 0.144884 0.840721
vt 0.144879 0.882207
vt 0.149251 0.895445
vt 0.183331 0.076717
vt 0.185022 0.056525
vt 0.181771 0.023871
vt 0.191842 0.025081
vt 0.180461 0.012644
vt 0.191900 0.013635
vt 0.169951 0.894602
vt 0.158875 0.890983
vt 0.149260 0.543706
vt 0.136931 0.537163
vt 0.149100 0.528335
vt 0.144204 0.555290
vt 0.148948 0.576883
vt 0.144866 0.592226
vt 0.148789 0.607090
vt 0.149226 0.620221
vt 0.149228 0.642068
vt 0.144296 0.655010
vt 0.149386 0.778849
vt 0.144542 0.759846
vt 0.149868 0.760046
vt 0.001121 0.808004
vt -0.000000 0.778298
vt 0.001062 0.791546
vt 0.196572 0.492459
vt 0.193200 0.495501
vt 0.192771 0.486878
vt 0.197328 0.484574
vt 0.192231 0.476823
vt 0.196769 0.475292
vt 0.196839 0.443094
vt 0.196162 0.461922
vt 0.007650 0.437661
vt 0.003540 0.435972
vt 0.007888 0.409051
vt 0.015059 0.403381
vt 0.018667 0.388765
vt 0.153271 0.447746
vt 0.152071 0.436514
vt 0.003461 0.447203
vt 0.152000 0.466608
vt 0.007488 0.469832
vt 0.003639 0.466067
vt 0.014404 0.448388
vt 0.064292 0.191236
vt 0.078861 0.186674
vt 0.057593 0.171384
vt 0.056532 0.183641
vt 0.074665 0.214363
vt 0.068721 0.209355
vt 0.058650 0.208801
vt 0.052928 0.190908
vt 0.054536 0.208837
vt 0.154759 0.734879
vt 0.153374 0.722933
vt 0.154718 0.714831
vt 0.154452 0.699662
vt 0.154847 0.681275
vt 0.107596 0.808347
vt 0.124695 0.805139
vt 0.112179 0.891189
vt 0.108409 0.934707
vt 0.159397 0.651379
vt 0.165061 0.595670
vt 0.165696 0.584857
vt 0.192797 0.922984
vt 0.192509 0.934509
vt 0.186139 0.936611
vt 0.184625 0.921760
vt 0.166143 0.969423
vt 0.172588 0.977919
vt 0.165019 0.980153
vt 0.153291 0.979185
vt 0.156383 0.980877
vt 0.170764 0.057911
vt 0.172093 0.033661
vt 0.185061 0.044471
vt 0.167681 0.025029
vt 0.181356 0.893570
vt 0.185354 0.899791
vt 0.192618 0.532901
vt 0.188573 0.505005
vt 0.192439 0.513697
vt 0.141122 0.000000
vt 0.149073 0.003672
vt 0.193435 0.939707
vt 0.184971 0.943927
vt 0.148615 0.024472
vt 0.148276 0.038341
vt 0.143665 0.054674
vt 0.149202 0.055022
vt 0.148640 0.062639
vt 0.196262 0.192632
vt 0.196712 0.199795
vt 0.195683 0.185704
vt 0.191868 0.166035
vt 0.196615 0.168511
vt 0.152560 0.494403
vt 0.003933 0.493862
vt 0.152729 0.507966
vt 0.148867 0.518282
vt 0.152108 0.533679
vt 0.003634 0.533138
vt 0.003870 0.507425
vt 0.008982 0.513894
vt 0.000356 0.527785
vt 0.001017 0.517733
vt 0.004108 0.548224
vt 0.014988 0.540445
vt 0.024471 0.528868
vt 0.000471 0.543156
vt 0.028269 0.989854
vt 0.027201 0.966439
vt 0.040602 0.974887
vt 0.043895 0.991529
vt 0.027242 0.995194
vt 0.046236 0.973405
vt 0.047136 0.990406
vt 0.050235 0.976751
vt 0.099901 0.986274
vt 0.099162 0.955356
vt 0.102725 0.959694
vt 0.103094 0.985915
vt 0.094834 0.963556
vt 0.094168 0.976734
vt 0.093647 0.938530
vt 0.080379 0.959653
vt 0.077623 0.945996
vt 0.076856 0.966721
vt 0.098662 0.992705
vt 0.080611 0.991637
vt 0.080550 0.996751
vt 0.074542 0.013402
vt 0.078679 0.010377
vt 0.078668 0.014915
vt 0.200607 0.281779
vt 0.204061 0.277747
vt 0.204061 0.286351
vt 0.070459 0.005804
vt 0.070000 0.014510
vt 0.058605 0.010155
vt 0.062891 0.004837
vt 0.055534 0.008188
vt 0.053231 0.030884
vt 0.107459 0.895335
vt 0.107374 0.913966
vt 0.106316 0.942181
vt 0.108052 0.958230
vt 0.127609 0.695872
vt 0.112855 0.793949
vt 0.139224 0.788254
vt 0.144898 0.667696
vt 0.180760 0.191286
vt 0.179769 0.172090
vt 0.170042 0.092264
vt 0.018468 0.309069
vt 0.027459 0.300832
vt 0.035750 0.294927
vt 0.038591 0.313431
vt 0.045639 0.304007
vt 0.014836 0.316144
vt 0.041070 0.326852
vt 0.046385 0.317452
vt 0.046104 0.286822
vt 0.050078 0.286647
vt 0.049848 0.302263
vt 0.050273 0.312694
vt 0.051500 0.319194
vt 0.049829 0.328470
vt 0.018151 0.342148
vt 0.045012 0.354150
vt 0.026615 0.358376
vt 0.049479 0.361129
vt 0.046038 0.367611
vt 0.093579 0.623160
vt 0.102216 0.646211
vt 0.077488 0.602588
vt 0.082539 0.626543
vt 0.090407 0.647698
vt 0.200607 0.077060
vt 0.200607 0.035040
vt 0.202858 0.053034
vt 0.099869 0.670222
vt 0.102695 0.676444
vt 0.090911 0.675309
vt 0.099507 0.688503
vt 0.077066 0.849723
vt 0.058800 0.844748
vt 0.081617 0.835188
vt 0.076552 0.858938
vt 0.065933 0.860153
vt 0.072112 0.871210
vt 0.057622 0.864041
vt 0.063754 0.877313
vt 0.053324 0.861268
vt 0.054580 0.844033
vt 0.054806 0.868600
vt 0.057408 0.878136
vt 0.083556 0.881575
vt 0.069538 0.889132
vt 0.082521 0.897524
vt 0.058727 0.896960
vt 0.067894 0.911792
vt 0.054659 0.884605
vt 0.052873 0.894705
vt 0.057405 0.914131
vt 0.052716 0.916037
vt 0.159205 0.814102
vt 0.154845 0.810999
vt 0.154966 0.801707
vt 0.154297 0.793697
vt 0.154535 0.785377
vt 0.158292 0.777934
vt 0.154650 0.771810
vt 0.154657 0.754730
vt 0.167575 0.394500
vt 0.168867 0.377335
vt 0.175772 0.336318
vt 0.148185 0.125318
vt 0.145155 0.162004
vt 0.136183 0.159403
vt 0.135777 0.185099
vt 0.144439 0.197233
vt 0.145271 0.238915
vt 0.135920 0.207122
vt 0.191639 0.004224
vt 0.003845 0.834961
vt 0.000360 0.825307
vt 0.003849 0.817013
vt 0.009140 0.829339
vt 0.001904 0.838328
vt 0.009086 0.807830
vt 0.019974 0.817077
vt 0.024458 0.803230
vt 0.029508 0.822142
vt 0.021136 0.833296
vt 0.152404 0.852808
vt 0.149856 0.838873
vt 0.151859 0.835501
vt 0.149862 0.856545
vt 0.007652 0.855891
vt 0.003748 0.852268
vt 0.152970 0.871614
vt 0.003768 0.871074
vt 0.149956 0.881797
vt 0.008482 0.872897
vt 0.026213 0.852684
vt 0.020127 0.871156
vt 0.152621 0.892929
vt 0.003736 0.892389
vt 0.008055 0.894608
vt 0.099980 0.223022
vt 0.101561 0.208258
vt 0.103510 0.218380
vt 0.093144 0.211838
vt 0.101264 0.231596
vt 0.086262 0.180059
vt 0.099774 0.195229
vt 0.094822 0.242029
vt 0.099894 0.253847
vt 0.103065 0.256147
vt 0.083811 0.238830
vt 0.099764 0.283069
vt 0.094825 0.283188
vt 0.103346 0.275507
vt 0.107252 0.709992
vt 0.107247 0.725865
vt 0.107273 0.748795
vt 0.112316 0.761776
vt 0.153350 0.154704
vt 0.154064 0.147143
vt 0.158226 0.155681
vt 0.158471 0.136959
vt 0.154376 0.120159
vt 0.153994 0.136030
vt 0.154090 0.114335
vt 0.157491 0.113224
vt 0.154041 0.100064
vt 0.159300 0.095115
vt 0.153867 0.090277
vt 0.127988 0.228331
vt 0.119400 0.239501
vt 0.165171 0.191176
vt 0.158614 0.178553
vt 0.165346 0.176898
vt 0.170102 0.110796
vt 0.167904 0.120819
vt 0.121314 0.676403
vt 0.136134 0.690593
vt 0.135334 0.718231
vt 0.138980 0.738218
vt 0.125229 0.779290
vt 0.148085 0.112616
vt 0.123702 0.987000
vt 0.138429 0.995377
vt 0.187550 0.851697
vt 0.191876 0.806411
vt 0.196418 0.303422
vt 0.196688 0.290773
vt 0.192334 0.279832
vt 0.196732 0.273796
vt 0.000482 0.292437
vt 0.000670 0.277846
vt 0.004062 0.284108
vt 0.003625 0.269421
vt 0.024187 0.276616
vt 0.018948 0.289212
vt 0.007744 0.303476
vt 0.000000 0.307455
vt 0.003624 0.317172
vt 0.001049 0.330910
vt 0.151920 0.317714
vt 0.151985 0.345492
vt 0.149037 0.331459
vt 0.003618 0.344950
vt 0.008208 0.337927
vt 0.040043 0.513492
vt 0.034066 0.526395
vt 0.045879 0.527873
vt 0.037212 0.538261
vt 0.051741 0.507753
vt 0.049440 0.518642
vt 0.050473 0.527748
vt 0.024149 0.556362
vt 0.046430 0.544581
vt 0.050569 0.538853
vt 0.051119 0.545593
vt 0.105142 0.896090
vt 0.103510 0.888937
vt 0.105351 0.908892
vt 0.101636 0.896803
vt 0.102734 0.915429
vt 0.099444 0.910366
vt 0.094170 0.883249
vt 0.094538 0.872868
vt 0.099881 0.890410
vt 0.099464 0.897565
vt 0.080182 0.911948
vt 0.099592 0.924182
vt 0.104101 0.922708
vt 0.101028 0.943651
vt 0.103510 0.936169
vt 0.082362 0.922682
vt 0.074634 0.934468
vt 0.111888 0.494473
vt 0.111595 0.512431
vt 0.106902 0.516101
vt 0.106759 0.549119
vt 0.191447 0.939707
vt 0.158991 0.856032
vt 0.163145 0.839761
vt 0.159479 0.847190
vt 0.158434 0.834777
vt 0.159814 0.821563
vt 0.121315 0.412023
vt 0.128403 0.471785
vt 0.137033 0.520326
vt 0.123206 0.510377
vt 0.148957 0.292987
vt 0.148699 0.376485
vt 0.149467 0.557626
vt 0.149494 0.595730
vt 0.191245 0.600812
vt 0.196710 0.604318
vt 0.197616 0.597939
vt 0.196863 0.590519
vt 0.196915 0.561701
vt 0.045662 0.116111
vt 0.045730 0.098154
vt 0.050138 0.100545
vt 0.048416 0.128028
vt 0.040624 0.134867
vt 0.040314 0.165760
vt 0.045946 0.144051
vt 0.049518 0.162869
vt 0.016501 0.916982
vt 0.008644 0.904632
vt 0.029322 0.900827
vt 0.045179 0.906074
vt 0.027011 0.928393
vt 0.045496 0.924281
vt 0.045715 0.947723
vt 0.019745 0.942355
vt 0.050350 0.904365
vt 0.050602 0.920829
vt 0.049148 0.935478
vt 0.051427 0.949285
vt 0.049206 0.959498
vt 0.050659 0.965600
vt 0.099864 0.772607
vt 0.099936 0.741784
vt 0.102749 0.750258
vt 0.095401 0.745899
vt 0.095340 0.777356
vt 0.102574 0.778801
vt 0.091182 0.735281
vt 0.089636 0.757680
vt 0.090392 0.776054
vt 0.104530 0.780492
vt 0.105331 0.771135
vt 0.107401 0.777337
vt 0.100063 0.781964
vt 0.103885 0.812914
vt 0.099836 0.814387
vt 0.088900 0.805952
vt 0.084928 0.790308
vt 0.079984 0.798935
vt 0.154821 0.856971
vt 0.154759 0.843054
vt 0.153291 0.834260
vt 0.053888 0.063475
vt 0.052965 0.055786
vt 0.057620 0.058748
vt 0.154849 0.828354
vt 0.170439 0.768853
vt 0.143034 0.708078
vt 0.145279 0.698319
vt 0.149464 0.736147
vt 0.143536 0.747506
vt 0.149308 0.808551
vt 0.138010 0.813632
vt 0.144862 0.326136
vt 0.148860 0.308007
vt 0.148539 0.357377
vt 0.196626 0.255145
vt 0.190785 0.244205
vt 0.195929 0.239885
vt 0.196099 0.220529
vt 0.196590 0.211453
vt 0.152282 0.632871
vt 0.153176 0.615609
vt 0.003699 0.632330
vt 0.003682 0.615068
vt 0.008646 0.643817
vt 0.004230 0.594021
vt 0.152951 0.657004
vt 0.004016 0.656464
vt 0.149522 0.665414
vt 0.152023 0.667349
vt 0.152912 0.686155
vt 0.012598 0.665062
vt 0.003985 0.685615
vt 0.149717 0.697801
vt 0.203322 0.035040
vt 0.200607 0.017588
vt 0.203322 0.014339
vt 0.102177 0.143614
vt 0.101642 0.162597
vt 0.099966 0.164284
vt 0.094564 0.163756
vt 0.099905 0.146700
vt 0.099708 0.120524
vt 0.103347 0.172453
vt 0.099852 0.181147
vt 0.102455 0.190035
vt 0.073937 0.577004
vt 0.057843 0.586413
vt 0.059482 0.557806
vt 0.058856 0.599527
vt 0.053842 0.588394
vt 0.054855 0.601623
vt 0.070810 0.620472
vt 0.063500 0.611621
vt 0.052799 0.627005
vt 0.106396 0.161134
vt 0.106337 0.188574
vt 0.105990 0.206794
vt 0.156374 0.319548
vt 0.154311 0.302418
vt 0.153925 0.284263
vt 0.157518 0.019147
vt 0.158046 0.033097
vt 0.157184 0.012820
vt 0.164393 0.013736
vt 0.190472 0.894863
vt 0.194650 0.904890
vt 0.168621 0.075849
vt 0.157854 0.088950
vt 0.158467 0.071792
vt 0.174323 0.068228
vt 0.158273 0.061409
vt 0.158670 0.053348
vt 0.166591 0.032839
vt 0.160201 0.004538
vt 0.169524 0.001316
vt 0.175298 0.274693
vt 0.173677 0.229130
vt 0.163446 0.209254
vt 0.168597 0.196978
vt 0.151654 0.907394
vt 0.003093 0.906852
vt 0.021954 0.880677
vt 0.153185 0.917214
vt 0.150023 0.918338
vt 0.003715 0.916674
vt 0.008010 0.931235
vt 0.152537 0.936370
vt 0.004009 0.935831
vt 0.152527 0.955780
vt 0.004511 0.955243
vt 0.098796 0.329343
vt 0.099615 0.340899
vt 0.094910 0.353145
vt 0.089388 0.378252
vt 0.085098 0.370669
vt 0.100033 0.379484
vt 0.100081 0.353852
vt 0.102472 0.353939
vt 0.106676 0.352477
vt 0.107059 0.383083
vt 0.103647 0.378014
vt 0.102961 0.384544
vt 0.078447 0.381069
vt 0.063927 0.391526
vt 0.158346 0.192045
vt 0.163958 0.160726
vt 0.123677 0.278979
vt 0.173321 0.309260
vt 0.122649 0.763269
vt 0.167062 0.933146
vt 0.165567 0.938069
vt 0.193183 0.868038
vt 0.193228 0.858743
vt 0.192731 0.847948
vt 0.193637 0.835234
vt 0.197130 0.828695
vt 0.195695 0.015174
vt 0.153291 0.897540
vt 0.196788 0.004443
vt 0.153920 0.894317
vt 0.151030 0.710847
vt 0.002877 0.710305
vt 0.008401 0.708029
vt 0.014800 0.688986
vt 0.003904 0.720674
vt 0.000663 0.720713
vt 0.003983 0.732506
vt 0.000049 0.735596
vt 0.018522 0.728174
vt 0.027532 0.722981
vt 0.004015 0.746376
vt 0.153291 0.746915
vt 0.102442 0.011928
vt 0.099143 0.011559
vt 0.099098 0.006674
vt 0.101762 0.038327
vt 0.103510 0.039436
vt 0.103709 0.010088
vt 0.105941 0.036864
vt 0.086136 0.002904
vt 0.083016 0.013334
vt 0.099502 0.040906
vt 0.086610 0.024235
vt 0.075544 0.006529
vt 0.077183 0.027314
vt 0.103911 0.058709
vt 0.106248 0.059361
vt 0.099934 0.060178
vt 0.095111 0.059135
vt 0.079095 0.046383
vt 0.083691 0.051225
vt 0.087672 0.059536
vt 0.095774 0.091970
vt 0.154303 0.505939
vt 0.154502 0.496457
vt 0.153888 0.484903
vt 0.154216 0.468077
vt 0.154318 0.459460
vt 0.158791 0.465020
vt 0.154068 0.449883
vt 0.158412 0.422176
vt 0.167588 0.428623
vt 0.165848 0.408298
vt 0.158599 0.404399
vt 0.162914 0.371184
vt 0.162691 0.360286
vt 0.112043 0.983858
vt 0.112185 0.991863
vt 0.169766 0.855810
vt 0.117970 0.470586
vt 0.171157 0.183997
vt 0.040988 0.381660
vt 0.025728 0.379535
vt 0.045243 0.390781
vt 0.048990 0.392963
vt 0.040441 0.406907
vt 0.046115 0.407171
vt 0.049054 0.420392
vt 0.062512 0.041595
vt 0.071379 0.059575
vt 0.057698 0.049809
vt 0.063467 0.061003
vt 0.054014 0.046975
vt 0.088268 0.076192
vt 0.071279 0.077145
vt 0.053756 0.082965
vt 0.154438 0.669483
vt 0.154571 0.651084
vt 0.106961 0.274049
vt 0.110569 0.290368
vt 0.111308 0.347772
vt 0.112370 0.324994
vt 0.111303 0.371998
vt 0.167443 0.324165
vt 0.191444 0.784721
vt 0.154999 0.956553
vt 0.198751 0.852771
vt 0.050471 0.026029
vt 0.197301 0.848611
vt 0.196888 0.836564
vt 0.197345 0.815824
vt 0.151848 0.762936
vt 0.003749 0.762396
vt 0.008614 0.763292
vt 0.003465 0.776213
vt 0.001858 0.759500
vt 0.016194 0.764629
vt 0.027027 0.748797
vt 0.025462 0.772461
vt 0.009695 0.781513
vt 0.003712 0.785833
vt 0.004426 0.799571
vt 0.204079 0.102411
vt 0.200607 0.077060
vt 0.204254 0.084950
vt 0.200607 0.093528
vt 0.057705 0.375897
vt 0.053480 0.375460
vt 0.057664 0.398903
vt 0.063981 0.407955
vt 0.054381 0.402898
vt 0.062384 0.423807
vt 0.070488 0.434751
vt 0.056219 0.415043
vt 0.057697 0.438678
vt 0.054321 0.427037
vt 0.105282 0.005203
vt 0.193435 0.983258
vt 0.187920 0.979117
vt 0.106311 0.010467
vt 0.094612 0.000650
vt 0.179971 0.983101
vt 0.079047 0.000000
vt 0.181123 -0.000000
vt 0.149516 0.825857
vt 0.196816 0.533686
vt 0.196941 0.509314
vt 0.152773 0.548764
vt 0.151986 0.560477
vt 0.007573 0.560976
vt 0.003719 0.559936
vt 0.003698 0.580485
vt 0.000564 0.576333
vt 0.152150 0.594561
vt 0.151545 0.600205
vt 0.101885 0.287109
vt 0.099834 0.310497
vt 0.106810 0.327941
vt 0.103916 0.309027
vt 0.106660 0.285646
vt 0.101828 0.329405
vt 0.088474 0.311453
vt 0.102691 0.338562
vt 0.065907 0.924172
vt 0.068201 0.938249
vt 0.057813 0.943189
vt 0.053531 0.941937
vt 0.063752 0.947022
vt 0.062058 0.968926
vt 0.052528 0.951609
vt 0.057700 0.974917
vt 0.053127 0.968587
vt 0.106351 0.216922
vt 0.105810 0.230130
vt 0.154359 0.437774
vt 0.154382 0.423012
vt 0.153866 0.412929
vt 0.154208 0.404789
vt 0.117879 0.355365
vt 0.117879 0.996370
vt 0.149863 0.721262
vt 0.045522 0.176599
vt 0.045973 0.194051
vt 0.050564 0.173765
vt 0.049955 0.183476
vt 0.050806 0.195177
vt 0.045737 0.208528
vt 0.041713 0.225141
vt 0.049634 0.208741
vt 0.045840 0.227960
vt 0.048750 0.227353
vt 0.099876 0.492264
vt 0.078113 0.494502
vt 0.091953 0.506919
vt 0.103740 0.490793
vt 0.099604 0.517271
vt 0.102337 0.517564
vt 0.074460 0.510554
vt 0.079086 0.520248
vt 0.201904 0.159383
vt 0.067577 0.990043
vt 0.061860 0.983537
vt 0.063779 0.993184
vt 0.066395 0.997570
vt 0.056286 0.984568
vt 0.158072 0.551827
vt 0.154396 0.551319
vt 0.154509 0.527389
vt 0.153574 0.517452
vt 0.179178 0.969177
vt 0.196545 0.430572
vt 0.196348 0.403530
vt 0.200607 0.209652
vt 0.200607 0.183127
vt 0.203155 0.198829
vt 0.008469 0.969627
vt 0.202924 0.102411
vt 0.202924 0.136917
vt 0.200607 0.113270
vt 0.200607 0.177793
vt 0.203530 0.159383
vt 0.203530 0.183127
vt 0.003883 0.989746
vt 0.008746 0.985205
vt 0.152266 0.990285
vt 0.003931 0.992944
vt 0.036396 0.001039
vt 0.045216 0.004571
vt 0.103320 0.693325
vt 0.099427 0.707142
vt 0.088197 0.705887
vt 0.102046 0.711457
vt 0.203283 0.233197
vt 0.203283 0.254290
vt 0.200607 0.249948
vt 0.200607 0.255483
vt 0.203027 0.254290
vt 0.203027 0.271179
vt 0.100093 0.728233
vt 0.095457 0.724722
vt 0.104468 0.740312
vt 0.104691 0.726762
vt 0.153628 0.071274
vt 0.154184 0.048671
vt 0.153744 0.039623
vt 0.052392 0.974643
vt 0.148763 0.081587
vt 0.152391 0.074429
vt 0.151494 0.096095
vt 0.003381 0.095551
vt 0.003380 0.073885
vt 0.008310 0.086573
vt 0.003483 0.063973
vt 0.010591 0.057164
vt 0.151316 0.113276
vt 0.003468 0.112733
vt 0.050738 0.723220
vt 0.050181 0.731624
vt 0.046349 0.742559
vt 0.039235 0.752817
vt 0.045639 0.765034
vt 0.050823 0.744981
vt 0.049371 0.755943
vt 0.050705 0.768379
vt 0.058249 0.451235
vt 0.063824 0.482778
vt 0.054882 0.438016
vt 0.052427 0.449756
vt 0.057611 0.471162
vt 0.053151 0.469096
vt 0.063951 0.497214
vt 0.057192 0.488088
vt 0.054205 0.479356
vt 0.052548 0.489285
vt 0.057539 0.508658
vt 0.053211 0.503278
vt 0.153989 0.183765
vt 0.153291 0.173690
vt 0.153824 0.161830
vt 0.195950 0.800510
vt 0.196937 0.792607
vt 0.197118 0.769012
vt 0.008149 0.360429
vt 0.003574 0.376945
vt 0.000279 0.375934
vt 0.001437 0.391437
vt 0.151740 0.401505
vt 0.151879 0.377487
vt 0.003609 0.400963
vt 0.007755 0.383411
vt 0.039840 0.835075
vt 0.046072 0.851360
vt 0.045545 0.865983
vt 0.048184 0.839146
vt 0.050726 0.850488
vt 0.050080 0.858866
vt 0.044917 0.883474
vt 0.046304 0.895863
vt 0.049188 0.886661
vt 0.051038 0.896773
vt 0.104258 0.838147
vt 0.099757 0.839620
vt 0.094378 0.828718
vt 0.073238 0.819569
vt 0.086428 0.840596
vt 0.100727 0.864877
vt 0.095885 0.857466
vt 0.100044 0.882334
vt 0.102423 0.875107
vt 0.104884 0.880861
vt 0.071484 0.799020
vt 0.062348 0.782564
vt 0.058529 0.798119
vt 0.057883 0.807973
vt 0.053074 0.789456
vt 0.052188 0.800344
vt 0.063067 0.826604
vt 0.052622 0.813939
vt 0.057307 0.825167
vt 0.052030 0.821658
vt 0.053088 0.830734
vt 0.106566 0.337101
vt 0.153865 0.024835
vt 0.196355 0.918958
vt 0.052692 0.981927
vt 0.056304 0.993160
vt 0.153671 0.012108
vt 0.196244 0.232671
vt 0.182158 0.889866
vt 0.196784 0.421966
vt 0.040219 0.253392
vt 0.045905 0.254140
vt 0.049892 0.257423
vt 0.040281 0.278253
vt 0.103530 0.095949
vt 0.099813 0.097418
vt 0.087181 0.103256
vt 0.099103 0.111058
vt 0.102673 0.104416
vt 0.094856 0.104404
vt 0.102067 0.122692
vt 0.100031 0.129158
vt 0.200840 0.000000
vt 0.063561 0.516941
vt 0.072606 0.536752
vt 0.058155 0.529645
vt 0.053311 0.519967
vt 0.052513 0.530911
vt 0.058274 0.540407
vt 0.057767 0.548804
vt 0.053057 0.540369
vt 0.052190 0.549996
vt 0.053538 0.558575
vt 0.107567 0.984452
vt 0.107165 0.991228
vt 0.196413 0.936974
vt 0.095898 0.997628
vt 0.084332 1.000000
vt 0.071052 0.001553
vt 0.157575 0.984686
vt 0.200607 0.274821
vt 0.206552 0.271179
vt 0.206552 0.277747
vt 0.200607 0.286351
vt 0.202779 0.288773
vt 0.200607 0.291340
vt 0.159861 0.885561
vt 0.154560 0.878171
vt 0.008255 0.004272
vt 0.002951 0.003127
vt 0.012912 0.000000
vt 0.001138 0.005320
vt 0.003802 0.009119
vt 0.151107 0.009662
vt 0.008398 0.018127
vt 0.016394 0.023516
vt 0.151032 0.039064
vt 0.003211 0.038520
vt 0.000208 0.037789
vt 0.001650 0.023923
vt 0.007225 0.041323
vt 0.002197 0.054475
vt 0.000480 0.062087
vt 0.033949 0.793369
vt 0.045594 0.778428
vt 0.046013 0.797729
vt 0.051521 0.776048
vt 0.049694 0.784842
vt 0.200607 0.175746
vt 0.049820 0.804103
vt 0.045945 0.809170
vt 0.045714 0.823330
vt 0.050161 0.825833
s 1
usemtl FusedMaterial
f 257/1/1 163/2/2 158/3/3
f 196/4/4 158/3/3 209/5/5
f 158/3/3 163/2/2 192/6/6
f 163/2/2 231/7/7 192/6/6
f 163/2/2 177/8/8 231/7/7
f 192/6/6 231/7/7 244/9/9
f 196/4/4 209/5/5 14/10/10
f 14/10/10 209/5/5 36/11/11
f 158/3/3 192/6/6 209/5/5
f 15/12/12 36/11/11 209/5/5
f 244/9/9 209/5/5 192/6/6
f 209/5/5 244/9/9 15/12/12
f 15/12/12 244/9/9 55/13/13
f 291/14/14 231/7/7 178/15/15
f 244/9/9 231/7/7 291/14/14
f 178/15/15 224/16/16 291/14/14
f 291/14/14 224/16/16 148/17/17
f 291/14/14 148/17/17 308/18/18
f 291/14/14 308/18/18 206/19/19
f 244/9/9 291/14/14 323/20/20
f 55/13/13 323/20/20 62/21/21
f 244/9/9 323/20/20 55/13/13
f 291/14/14 206/19/19 323/20/20
f 62/21/21 323/20/20 39/22/22
f 114/23/23 13/24/24 378/25/25
f 424/26/26 378/25/25 13/24/24
f 424/26/26 40/27/27 444/28/28
f 13/24/24 40/27/27 424/26/26
f 40/27/27 66/29/29 461/30/30
f 461/30/30 444/28/28 40/27/27
f 461/30/30 66/29/29 379/31/31
f 66/29/29 82/32/32 379/31/31
f 379/31/31 26/33/33 408/34/34
f 82/32/32 26/33/33 379/31/31
f 38/35/35 388/36/36 493/37/37
f 410/38/38 38/35/35 493/37/37
f 571/39/39 410/38/38 604/40/40
f 430/41/41 410/38/38 571/39/39
f 32/42/42 571/39/39 510/43/43
f 402/44/44 510/43/43 577/45/45
f 516/46/46 402/44/44 577/45/45
f 594/47/47 552/48/48 605/49/49
f 605/49/49 554/50/50 648/51/51
f 648/51/51 520/52/52 619/53/53
f 554/50/50 520/52/52 648/51/51
f 625/54/54 619/53/53 536/55/55
f 667/56/56 630/57/57 546/58/58
f 546/58/58 592/59/59 667/56/56
f 682/60/60 613/61/61 708/62/62
f 718/63/63 503/64/64 682/60/60
f 506/65/65 718/63/63 721/66/66
f 631/67/67 626/68/68 724/69/69
f 635/70/70 631/67/67 724/69/69
f 680/71/71 651/72/72 687/73/73
f 687/73/73 656/74/74 720/75/75
f 711/76/76 710/77/77 616/78/78
f 739/79/79 711/76/76 642/80/80
f 605/49/49 754/81/81 751/82/82
f 808/83/83 754/81/81 648/51/51
f 808/83/83 648/51/51 809/84/84
f 732/85/85 733/86/86 824/87/87
f 810/88/88 811/89/89 863/90/90
f 827/91/91 881/92/92 811/89/89
f 827/91/91 710/77/77 900/93/93
f 900/93/93 710/77/77 834/94/94
f 900/93/93 834/94/94 874/95/95
f 898/96/96 874/95/95 717/97/97
f 843/98/98 773/99/99 928/100/100
f 980/101/101 951/102/102 928/103/100
f 1054/104/103 1019/105/104 980/101/101
f 1019/105/104 1054/104/103 968/106/105
f 1026/107/106 980/101/101 1019/105/104
f 1037/108/107 980/101/101 1026/107/106
f 951/102/102 980/101/101 1037/108/107
f 799/109/108 843/98/98 928/100/100
f 951/102/102 1077/110/109 928/103/100
f 1081/111/110 799/112/108 928/103/100
f 861/113/111 799/109/108 1081/114/110
f 1081/111/110 928/103/100 1077/110/109
f 984/115/112 1081/111/110 1077/110/109
f 951/102/102 1037/108/107 1077/110/109
f 1037/108/107 1103/116/113 1077/110/109
f 984/115/112 1077/110/109 1103/116/113
f 984/115/112 1103/116/113 1001/117/114
f 984/115/112 941/118/115 1081/111/110
f 941/119/115 861/113/111 1081/114/110
f 781/120/116 861/113/111 941/119/115
f 1111/121/117 1096/122/118 1098/123/119
f 1094/124/120 1096/122/118 1027/125/121
f 1096/122/118 1111/121/117 1129/126/122
f 1027/125/121 1096/122/118 1129/126/122
f 1111/121/117 881/127/92 827/128/91
f 1111/121/117 827/128/91 900/129/93
f 900/129/93 1129/126/122 1111/121/117
f 1134/130/123 1027/125/121 1129/126/122
f 1129/126/122 1138/131/124 1134/130/123
f 962/132/125 1027/125/121 1134/130/123
f 1134/130/123 1115/133/126 962/132/125
f 1115/133/126 1134/130/123 1138/131/124
f 900/129/93 1138/131/124 1129/126/122
f 874/134/95 1138/131/124 900/129/93
f 1138/131/124 874/134/95 898/135/96
f 29/136/127 136/137/128 5/138/129
f 179/139/130 136/137/128 29/136/127
f 185/140/131 136/137/128 219/141/132
f 219/141/132 136/137/128 223/142/133
f 223/142/133 136/137/128 132/143/134
f 288/144/135 179/139/130 29/136/127
f 29/136/127 31/145/136 288/144/135
f 31/145/136 35/146/137 288/144/135
f 199/147/138 288/144/135 173/148/139
f 136/137/128 179/139/130 132/143/134
f 137/149/140 132/143/134 179/139/130
f 199/147/138 179/139/130 288/144/135
f 179/139/130 199/147/138 159/150/141
f 137/149/140 179/139/130 159/150/141
f 159/150/141 199/147/138 234/151/142
f 43/152/143 288/144/135 35/146/137
f 131/153/144 288/144/135 43/152/143
f 288/144/135 131/153/144 173/148/139
f 324/154/145 343/155/146 335/156/147
f 324/154/145 316/157/148 343/155/146
f 316/157/148 217/158/149 343/155/146
f 335/156/147 343/155/146 346/159/150
f 346/159/150 343/155/146 362/160/151
f 368/161/152 346/159/150 108/162/153
f 108/162/153 449/163/154 368/161/152
f 346/159/150 362/160/151 108/162/153
f 362/160/151 369/164/155 108/162/153
f 121/165/156 108/162/153 369/164/155
f 217/158/149 222/166/157 343/155/146
f 362/160/151 343/155/146 369/164/155
f 371/167/158 343/155/146 222/166/157
f 371/167/158 369/164/155 343/155/146
f 222/166/157 235/168/159 371/167/158
f 235/168/159 332/169/160 371/167/158
f 369/164/155 371/167/158 125/170/161
f 125/170/161 121/165/156 369/164/155
f 371/167/158 332/169/160 357/171/162
f 371/167/158 357/171/162 125/170/161
f 442/172/163 396/173/164 5/174/129
f 29/175/127 5/174/129 396/173/164
f 396/173/164 31/176/136 29/175/127
f 31/176/136 509/177/165 35/178/137
f 509/177/165 398/179/166 35/178/137
f 43/180/143 35/178/137 398/179/166
f 394/181/167 446/182/168 495/183/169
f 394/181/167 507/184/170 58/185/171
f 441/186/172 58/185/171 507/184/170
f 417/187/173 441/186/172 580/188/174
f 519/189/175 417/187/173 580/188/174
f 450/190/176 417/187/173 519/189/175
f 550/191/177 548/192/178 637/193/179
f 498/194/180 637/195/179 548/196/178
f 564/197/181 504/198/182 659/199/183
f 473/200/184 620/201/185 419/202/186
f 668/203/187 521/204/188 620/201/185
f 549/205/189 533/206/190 636/207/191
f 689/208/192 738/209/193 604/40/40
f 571/39/39 604/40/40 738/209/193
f 705/210/194 647/211/195 701/212/196
f 691/213/197 515/214/198 698/215/199
f 698/215/199 526/216/200 702/217/201
f 742/218/202 672/219/203 741/220/204
f 591/221/205 672/219/203 742/218/202
f 663/222/206 591/221/205 742/218/202
f 677/223/207 560/224/208 760/225/209
f 607/226/210 677/223/207 772/227/211
f 609/228/212 607/226/210 777/229/213
f 728/230/214 730/231/215 614/232/216
f 645/233/217 597/234/218 719/235/219
f 650/236/220 601/237/221 814/238/222
f 693/239/223 704/240/224 826/241/225
f 704/240/224 674/242/226 826/241/225
f 818/243/227 730/231/215 877/244/228
f 887/245/229 778/246/230 892/247/231
f 892/247/231 778/246/230 750/248/232
f 892/247/231 750/248/232 893/249/233
f 893/249/233 803/250/234 901/251/235
f 750/248/232 803/250/234 893/249/233
f 816/252/236 901/251/235 803/250/234
f 816/252/236 729/253/237 922/254/238
f 729/253/237 923/255/239 922/254/238
f 1006/256/240 930/257/241 991/258/242
f 991/258/242 1034/259/243 1006/256/240
f 850/260/244 1018/261/245 848/262/246
f 991/258/242 1018/261/245 850/260/244
f 1034/259/243 991/258/242 850/260/244
f 850/260/244 866/263/247 868/264/248
f 868/264/248 1034/259/243 850/260/244
f 1034/259/243 868/264/248 1062/265/249
f 1071/266/250 979/267/251 1006/256/240
f 1006/256/240 1062/265/249 1071/266/250
f 1062/265/249 1006/256/240 1034/259/243
f 1085/268/252 1071/266/250 1062/265/249
f 976/269/253 1071/266/250 1085/268/252
f 992/270/254 976/269/253 1085/268/252
f 937/271/255 976/269/253 992/270/254
f 1113/272/256 1085/268/252 1062/265/249
f 992/270/254 1085/268/252 1113/272/256
f 1062/265/249 868/264/248 872/273/257
f 872/273/257 875/274/258 1062/265/249
f 1127/275/259 1062/265/249 875/274/258
f 1113/272/256 1062/265/249 1127/275/259
f 1045/276/260 1113/272/256 1127/275/259
f 992/270/254 1113/272/256 1045/276/260
f 875/274/258 1045/276/260 1127/275/259
f 1045/276/260 875/274/258 793/277/261
f 153/278/262 149/279/263 3/280/264
f 3/281/264 41/282/265 153/283/262
f 153/283/262 190/284/266 149/285/263
f 190/284/266 306/286/267 187/287/268
f 306/286/267 190/284/266 203/288/269
f 190/284/266 153/283/262 230/289/270
f 230/289/270 203/288/269 190/284/266
f 203/288/269 230/289/270 240/290/271
f 248/291/272 153/283/262 41/282/265
f 41/292/265 53/293/273 248/294/272
f 153/283/262 248/291/272 255/295/274
f 281/296/275 255/295/274 248/291/272
f 53/293/273 76/297/276 248/294/272
f 292/298/277 230/289/270 153/283/262
f 153/283/262 255/295/274 292/298/277
f 230/289/270 292/298/277 240/290/271
f 255/295/274 281/296/275 214/299/278
f 255/295/274 214/299/278 292/298/277
f 139/300/279 248/291/272 76/301/276
f 248/291/272 139/300/279 281/296/275
f 235/168/159 299/302/280 332/169/160
f 332/169/160 299/302/280 337/303/281
f 299/302/280 225/304/282 352/305/283
f 352/305/283 337/303/281 299/302/280
f 332/169/160 337/303/281 357/171/162
f 88/306/284 125/170/161 357/171/162
f 88/306/284 357/171/162 94/307/285
f 352/305/283 357/171/162 337/303/281
f 94/307/285 352/305/283 105/308/286
f 357/171/162 352/305/283 94/307/285
f 352/305/283 225/304/282 247/309/287
f 352/305/283 247/309/287 367/310/288
f 367/310/288 247/309/287 342/311/289
f 247/309/287 278/312/290 342/311/289
f 278/312/290 317/313/291 342/311/289
f 352/305/283 367/310/288 113/314/292
f 113/314/292 105/308/286 352/305/283
f 113/314/292 367/310/288 84/315/293
f 358/316/294 367/310/288 342/311/289
f 367/310/288 358/316/294 84/315/293
f 595/317/295 606/318/296 639/319/297
f 632/320/298 523/321/299 633/322/300
f 594/47/47 633/322/300 525/323/301
f 432/324/302 638/325/303 685/326/304
f 603/327/305 432/324/302 685/326/304
f 665/328/306 627/329/307 712/330/308
f 627/329/307 586/331/309 713/332/310
f 713/332/310 712/330/308 627/329/307
f 595/317/295 835/333/311 586/331/309
f 725/334/312 513/335/313 769/336/314
f 769/336/314 513/335/313 628/337/315
f 632/320/298 706/338/316 830/339/317
f 706/338/316 594/47/47 749/340/318
f 772/227/211 677/223/207 846/341/319
f 777/229/213 772/227/211 846/341/319
f 777/229/213 877/244/228 728/230/214
f 730/231/215 728/230/214 877/244/228
f 769/336/314 819/342/320 849/343/321
f 819/342/320 856/344/322 849/343/321
f 856/344/322 819/342/320 632/320/298
f 632/320/298 880/345/323 856/344/322
f 883/346/324 880/345/323 632/320/298
f 891/347/325 883/346/324 830/339/317
f 632/320/298 830/339/317 883/346/324
f 830/339/317 749/340/318 891/347/325
f 891/347/325 749/340/318 867/348/326
f 971/349/327 781/120/116 941/119/115
f 851/350/328 781/351/116 971/352/327
f 941/118/115 984/115/112 1010/353/329
f 1010/353/329 984/115/112 1001/117/114
f 1031/354/330 941/118/115 1010/353/329
f 1031/354/330 1010/353/329 1050/355/331
f 941/118/115 1064/356/332 971/357/327
f 1072/358/333 851/359/328 971/349/327
f 1072/360/333 971/357/327 1064/356/332
f 787/361/334 851/359/328 1072/358/333
f 1064/356/332 941/118/115 1031/354/330
f 1011/362/335 1031/354/330 1050/355/331
f 1064/356/332 1031/354/330 1011/362/335
f 1011/362/335 1102/363/336 1064/356/332
f 1072/360/333 1064/356/332 1102/363/336
f 965/364/337 1072/360/333 1102/363/336
f 1011/362/335 1043/365/338 1102/363/336
f 965/364/337 1102/363/336 1043/365/338
f 959/366/339 787/361/334 1072/358/333
f 789/367/340 787/361/334 959/366/339
f 927/368/341 789/367/340 959/366/339
f 1107/369/342 962/132/125 1115/133/126
f 1121/370/343 1136/371/344 1020/372/345
f 1121/370/343 1107/369/342 1115/133/126
f 1139/373/346 1136/371/344 1121/370/343
f 1139/373/346 1115/133/126 1138/131/124
f 898/135/96 1139/373/346 1138/131/124
f 1139/373/346 898/135/96 902/374/347
f 1121/370/343 1115/133/126 1139/373/346
f 1139/373/346 902/374/347 912/375/348
f 912/375/348 1136/371/344 1139/373/346
f 1030/376/349 1020/372/345 1136/371/344
f 1142/377/350 1030/376/349 1136/371/344
f 1142/377/350 1044/378/351 1030/376/349
f 1044/378/351 1142/377/350 1126/379/352
f 1136/371/344 912/375/348 1147/380/353
f 1142/377/350 1136/371/344 1147/380/353
f 1147/380/353 912/375/348 920/381/354
f 1141/382/355 1142/377/350 1147/380/353
f 1126/379/352 1142/377/350 1141/382/355
f 1147/380/353 920/381/354 894/383/356
f 894/383/356 1141/382/355 1147/380/353
f 258/384/357 155/385/358 168/386/359
f 258/384/357 168/386/359 198/387/360
f 198/387/360 168/386/359 200/388/361
f 155/385/358 184/389/362 259/390/363
f 259/390/363 168/386/359 155/385/358
f 40/391/27 13/392/24 198/387/360
f 198/387/360 200/388/361 40/391/27
f 200/388/361 168/386/359 66/393/29
f 200/388/361 66/393/29 40/391/27
f 184/389/362 261/394/364 259/390/363
f 259/390/363 261/394/364 326/395/365
f 259/390/363 326/395/365 227/396/366
f 168/386/359 259/390/363 66/393/29
f 66/393/29 227/396/366 26/397/33
f 259/390/363 227/396/366 66/393/29
f 66/393/29 26/397/33 82/398/32
f 34/399/367 76/297/276 399/400/368
f 399/400/368 415/401/369 34/399/367
f 433/402/370 34/399/367 415/401/369
f 72/403/371 34/399/367 433/402/370
f 433/402/370 19/404/372 72/403/371
f 125/405/161 88/406/284 472/407/373
f 480/408/374 472/407/373 88/406/284
f 88/406/284 94/409/285 480/408/374
f 94/409/285 105/410/286 480/408/374
f 480/408/374 105/410/286 486/411/375
f 105/410/286 113/412/292 486/411/375
f 488/413/376 486/411/375 113/412/292
f 113/412/292 84/414/293 488/413/376
f 488/413/376 84/414/293 458/415/377
f 496/416/378 382/417/379 553/418/380
f 382/417/379 421/419/381 553/418/380
f 513/335/313 427/420/382 386/421/383
f 387/422/384 513/335/313 386/421/383
f 523/321/299 405/423/385 423/424/386
f 523/321/299 423/424/386 434/425/387
f 523/321/299 434/425/387 525/323/301
f 434/425/387 377/426/388 525/323/301
f 490/427/389 525/323/301 377/426/388
f 490/427/389 377/426/388 418/428/390
f 610/429/391 622/430/392 735/431/393
f 735/431/393 622/430/392 666/432/394
f 695/433/395 666/432/394 624/434/396
f 695/433/395 624/434/396 541/435/397
f 680/71/71 765/436/398 541/435/397
f 838/437/399 742/218/202 741/220/204
f 774/438/400 663/222/206 838/437/399
f 742/218/202 838/437/399 663/222/206
f 886/439/401 820/440/402 762/441/403
f 886/439/401 756/442/404 820/440/402
f 905/443/405 886/439/401 762/441/403
f 905/443/405 828/444/406 903/445/407
f 905/443/405 762/441/403 828/444/406
f 828/444/406 703/446/408 903/445/407
f 903/445/407 707/447/409 918/448/410
f 703/446/408 707/447/409 903/445/407
f 918/448/410 778/246/230 887/245/229
f 707/447/409 778/246/230 918/448/410
f 160/449/411 174/450/412 167/451/413
f 160/449/411 167/451/413 236/452/414
f 236/452/414 207/453/415 160/449/411
f 167/451/413 249/454/416 250/455/417
f 250/455/417 236/452/414 167/451/413
f 20/456/418 207/453/415 59/457/419
f 207/453/415 236/452/414 59/457/419
f 236/452/414 250/455/417 301/458/420
f 236/452/414 301/458/420 97/459/421
f 97/459/421 59/457/419 236/452/414
f 167/451/413 191/460/422 249/454/416
f 249/454/416 258/384/357 327/461/423
f 327/461/423 258/384/357 331/462/424
f 331/462/424 258/384/357 198/387/360
f 250/455/417 249/454/416 301/458/420
f 249/454/416 327/461/423 301/458/420
f 97/459/421 301/458/420 114/463/23
f 301/458/420 327/461/423 114/463/23
f 198/387/360 327/461/423 331/462/424
f 13/392/24 114/463/23 327/461/423
f 13/392/24 327/461/423 198/387/360
f 4/464/425 419/202/186 28/465/426
f 30/466/427 28/465/426 419/202/186
f 438/467/428 30/466/427 419/202/186
f 50/468/429 30/466/427 438/467/428
f 438/467/428 446/182/168 50/468/429
f 21/469/430 50/468/429 446/182/168
f 60/470/431 63/471/432 401/472/433
f 401/472/433 70/473/434 414/474/435
f 63/471/432 70/473/434 401/472/433
f 70/473/434 110/475/436 429/476/437
f 70/473/434 429/476/437 414/474/435
f 110/475/436 67/477/438 429/476/437
f 429/476/437 67/477/438 436/478/439
f 508/479/440 384/480/441 505/481/442
f 448/482/443 384/480/441 508/479/440
f 375/483/444 391/484/445 548/192/178
f 548/192/178 550/191/177 375/483/444
f 391/485/445 498/194/180 548/196/178
f 501/486/446 375/483/444 550/191/177
f 501/486/446 559/487/447 416/488/448
f 504/198/182 416/488/448 559/487/447
f 504/198/182 564/197/181 460/489/449
f 473/200/184 460/489/449 564/197/181
f 419/202/186 4/464/425 473/200/184
f 502/490/450 467/491/451 567/492/452
f 465/493/453 467/491/451 502/490/450
f 467/491/451 479/494/454 567/492/452
f 570/495/455 567/492/452 479/494/454
f 570/495/455 479/494/454 445/496/456
f 575/497/457 570/495/455 472/407/373
f 570/495/455 445/496/456 472/407/373
f 543/498/458 575/497/457 486/411/375
f 408/34/34 491/499/459 592/59/59
f 491/499/459 440/500/460 592/59/59
f 592/59/59 440/500/460 676/501/461
f 440/500/460 452/502/462 676/501/461
f 608/503/463 676/501/461 452/502/462
f 452/502/462 463/504/464 608/503/463
f 608/503/463 463/504/464 610/429/391
f 624/434/396 622/430/392 409/505/465
f 409/505/465 539/506/466 624/434/396
f 624/434/396 539/506/466 541/435/397
f 541/435/397 545/507/467 593/508/468
f 393/509/469 499/510/470 641/511/471
f 393/509/469 644/512/472 395/513/473
f 581/514/474 395/513/473 644/512/472
f 646/515/475 420/516/476 581/514/474
f 532/517/477 420/516/476 646/515/475
f 615/518/478 532/517/477 652/519/479
f 670/520/480 715/521/481 498/194/180
f 670/520/480 671/522/482 740/523/483
f 501/486/446 714/524/484 752/525/485
f 559/487/447 501/486/446 752/525/485
f 659/199/183 559/487/447 752/525/485
f 620/201/185 564/197/181 764/526/486
f 668/203/187 620/201/185 768/527/487
f 680/71/71 687/73/73 755/528/488
f 687/73/73 720/75/75 758/529/489
f 810/88/88 720/75/75 656/74/74
f 811/89/89 656/74/74 657/530/490
f 656/74/74 811/89/89 810/88/88
f 709/531/491 616/78/78 710/77/77
f 860/532/492 685/326/304 889/533/493
f 736/534/494 685/326/304 860/532/492
f 737/535/495 736/534/494 879/536/496
f 821/537/497 737/535/495 879/536/496
f 821/538/497 879/539/496 837/540/498
f 896/541/499 837/540/498 879/539/496
f 896/541/499 838/437/399 837/540/498
f 836/542/500 913/543/501 844/544/502
f 913/543/501 836/542/500 839/545/503
f 913/546/501 839/547/503 840/548/504
f 913/546/501 840/548/504 915/549/505
f 921/550/506 840/548/504 662/551/507
f 921/550/506 915/549/505 840/548/504
f 921/552/506 831/553/508 848/262/246
f 969/554/509 999/555/510 1016/556/511
f 973/557/512 999/555/510 969/554/509
f 985/558/513 973/557/512 969/554/509
f 969/554/509 1016/556/511 1047/559/514
f 865/560/515 1047/559/514 855/561/516
f 969/554/509 1047/559/514 865/560/515
f 829/562/517 969/554/509 865/560/515
f 829/562/517 1087/563/518 969/554/509
f 1087/563/518 829/562/517 873/564/519
f 985/558/513 1087/563/518 967/565/520
f 1036/566/521 967/565/520 1087/563/518
f 1087/563/518 985/558/513 969/554/509
f 1036/566/521 970/567/522 940/568/523
f 970/567/522 1036/566/521 1087/563/518
f 970/567/522 873/564/519 897/569/524
f 1087/563/518 873/564/519 970/567/522
f 1053/570/525 970/567/522 897/569/524
f 410/38/38 42/571/526 38/35/35
f 71/572/527 42/571/526 410/38/38
f 410/38/38 430/41/41 71/572/527
f 85/573/528 71/572/527 430/41/41
f 32/42/42 85/573/528 430/41/41
f 497/574/529 499/510/470 390/575/530
f 415/401/369 399/400/368 532/517/477
f 468/576/531 610/429/391 463/504/464
f 518/577/532 610/429/391 468/576/531
f 622/430/392 518/577/532 397/578/533
f 622/430/392 397/578/533 409/505/465
f 541/435/397 539/506/466 426/579/534
f 545/507/467 406/580/535 593/508/468
f 394/181/167 495/183/169 507/184/170
f 495/183/169 598/581/536 507/184/170
f 441/186/172 507/184/170 598/581/536
f 441/186/172 598/581/536 580/188/174
f 482/582/537 74/583/538 613/61/61
f 482/582/537 613/61/61 489/584/539
f 563/585/540 383/586/541 603/327/305
f 466/587/542 407/588/543 612/589/544
f 618/590/545 612/589/544 407/588/543
f 407/588/543 528/591/546 618/590/545
f 595/317/295 586/331/309 542/592/547
f 595/317/295 542/592/547 496/416/378
f 699/593/548 648/51/51 619/53/53
f 699/593/548 629/594/549 731/595/550
f 629/594/549 667/56/56 732/85/85
f 732/85/85 667/56/56 733/86/86
f 667/56/56 592/59/59 733/86/86
f 596/596/551 748/597/552 689/208/192
f 748/597/552 738/209/193 689/208/192
f 571/39/39 738/209/193 757/598/553
f 571/39/39 757/598/553 647/211/195
f 701/212/196 647/211/195 759/599/554
f 664/600/555 723/601/556 750/248/232
f 729/253/237 683/602/557 761/603/558
f 683/602/557 617/604/559 770/605/560
f 774/438/400 669/606/561 663/222/206
f 692/607/562 669/606/561 774/438/400
f 791/608/563 675/609/564 790/610/565
f 641/511/471 722/611/566 795/612/567
f 766/613/568 641/511/471 795/612/567
f 644/512/472 641/511/471 766/613/568
f 767/614/569 646/515/475 766/613/568
f 767/614/569 726/615/570 646/515/475
f 726/615/570 771/616/571 646/515/475
f 734/617/572 652/519/479 771/616/571
f 833/618/573 700/619/574 876/620/575
f 743/621/576 833/622/573 878/623/577
f 855/624/516 817/625/578 822/626/579
f 855/624/516 822/626/579 865/627/515
f 822/626/579 763/628/580 865/627/515
f 865/627/515 763/628/580 829/629/517
f 897/630/524 873/631/519 765/436/398
f 897/630/524 765/436/398 680/71/71
f 964/632/581 926/633/582 944/634/583
f 999/555/510 944/634/583 983/635/584
f 1009/636/585 1016/556/511 983/635/584
f 999/555/510 983/635/584 1016/556/511
f 964/632/581 944/634/583 999/555/510
f 1057/637/586 846/341/319 926/638/582
f 777/229/213 846/341/319 1057/637/586
f 1057/639/586 926/633/582 964/632/581
f 1067/640/587 777/229/213 1057/637/586
f 1057/639/586 961/641/588 1067/642/587
f 1076/643/589 964/632/581 999/555/510
f 1076/643/589 999/555/510 973/557/512
f 1057/639/586 964/632/581 1076/643/589
f 961/641/588 1057/639/586 1076/643/589
f 1076/643/589 985/558/513 961/641/588
f 973/557/512 985/558/513 1076/643/589
f 877/244/228 777/229/213 1067/640/587
f 148/17/17 206/19/19 308/18/18
f 269/644/590 206/19/19 251/645/591
f 323/20/20 206/19/19 297/646/592
f 323/20/20 297/646/592 39/22/22
f 297/646/592 206/19/19 77/647/593
f 297/646/592 77/647/593 39/22/22
f 206/19/19 269/644/590 77/647/593
f 251/645/591 242/648/594 269/644/590
f 269/644/590 242/648/594 318/649/595
f 269/644/590 318/649/595 325/650/596
f 242/648/594 174/450/412 160/449/411
f 318/649/595 242/648/594 325/650/596
f 207/453/415 242/648/594 160/449/411
f 207/453/415 325/650/596 242/648/594
f 77/647/593 269/644/590 325/650/596
f 77/647/593 325/650/596 98/651/597
f 98/651/597 325/650/596 106/652/598
f 325/650/596 207/453/415 20/456/418
f 20/456/418 106/652/598 325/650/596
f 39/653/22 77/654/593 405/423/385
f 405/423/385 387/422/384 39/653/22
f 405/423/385 77/654/593 98/655/597
f 405/423/385 98/655/597 423/424/386
f 98/655/597 106/656/598 434/425/387
f 423/424/386 98/655/597 434/425/387
f 377/426/388 434/425/387 106/656/598
f 106/656/598 20/657/418 377/426/388
f 388/36/36 96/658/599 551/659/600
f 551/659/600 493/37/37 388/36/36
f 430/41/41 571/39/39 32/42/42
f 32/42/42 510/43/43 385/660/601
f 402/44/44 385/660/601 510/43/43
f 92/661/602 402/44/44 516/46/46
f 432/324/302 92/661/602 516/46/46
f 490/427/389 483/662/603 552/48/48
f 552/48/48 483/662/603 554/50/50
f 520/52/52 444/28/28 536/55/55
f 540/663/604 536/55/55 461/30/30
f 630/57/57 540/663/604 544/664/605
f 447/665/606 443/666/607 511/667/608
f 590/668/609 447/665/606 511/667/608
f 589/669/610 435/670/611 454/671/612
f 464/672/613 589/669/610 459/673/614
f 589/669/610 454/671/612 459/673/614
f 569/674/615 600/675/616 681/676/617
f 600/675/616 530/677/618 617/604/559
f 669/606/561 585/678/619 663/222/206
f 585/678/619 538/679/620 663/222/206
f 747/680/621 824/87/87 733/86/86
f 608/503/463 688/681/622 747/680/621
f 747/680/621 688/681/622 812/682/623
f 812/682/623 688/681/622 817/625/578
f 688/681/622 735/431/393 817/625/578
f 817/625/578 735/431/393 822/626/579
f 822/626/579 735/431/393 763/628/580
f 763/628/580 666/432/394 829/629/517
f 829/629/517 666/432/394 873/631/519
f 666/432/394 765/436/398 873/631/519
f 714/524/484 715/683/481 841/684/624
f 844/544/502 841/685/624 788/686/625
f 841/685/624 715/521/481 788/686/625
f 752/525/485 714/524/484 852/687/626
f 844/544/502 788/686/625 836/542/500
f 796/688/627 752/525/485 852/687/626
f 694/689/628 796/688/627 888/690/629
f 907/691/630 694/689/628 888/690/629
f 764/526/486 694/689/628 907/691/630
f 805/692/631 884/693/632 826/241/225
f 800/694/633 753/695/634 917/696/635
f 917/696/635 753/695/634 756/442/404
f 1067/640/587 939/697/636 877/244/228
f 939/698/636 1067/642/587 961/641/588
f 818/243/227 877/244/228 939/697/636
f 967/565/520 961/641/588 985/558/513
f 967/565/520 939/698/636 961/641/588
f 939/698/636 967/565/520 1036/566/521
f 1036/566/521 940/568/523 939/698/636
f 1063/699/637 818/243/227 939/697/636
f 779/700/638 818/243/227 1063/699/637
f 1063/699/637 1079/701/639 779/700/638
f 1079/702/639 1063/703/637 1086/704/640
f 790/705/565 779/706/638 1079/702/639
f 1086/704/640 931/707/641 1079/702/639
f 1086/704/640 1063/703/637 939/698/636
f 1086/704/640 939/698/636 940/568/523
f 931/707/641 1086/704/640 993/708/642
f 993/708/642 1086/704/640 1002/709/643
f 1002/709/643 1086/704/640 940/568/523
f 791/710/563 790/705/565 1079/702/639
f 1079/702/639 931/707/641 791/710/563
f 1097/711/644 1025/712/645 1125/713/646
f 908/714/647 1097/711/644 1125/713/646
f 896/715/499 1097/711/644 908/714/647
f 908/714/647 1125/713/646 1149/716/648
f 1149/716/648 911/717/649 908/714/647
f 1149/716/648 909/718/650 911/717/649
f 182/719/651 157/720/652 11/721/653
f 56/722/654 182/719/651 11/721/653
f 161/723/655 182/719/651 186/724/656
f 157/720/652 182/719/651 161/723/655
f 208/725/657 157/720/652 229/726/658
f 157/720/652 161/723/655 229/726/658
f 208/725/657 229/726/658 239/727/659
f 161/723/655 186/724/656 265/728/660
f 265/728/660 229/726/658 161/723/655
f 95/729/661 182/719/651 56/722/654
f 186/724/656 182/719/651 304/730/662
f 182/719/651 95/729/661 304/730/662
f 304/730/662 95/729/661 107/731/663
f 124/732/664 69/733/665 226/734/666
f 124/735/664 226/736/666 126/737/667
f 115/738/668 126/739/667 322/740/669
f 322/740/669 123/741/670 115/738/668
f 127/742/671 123/741/670 322/740/669
f 127/742/671 322/740/669 12/743/672
f 33/744/673 32/42/42 385/660/601
f 402/44/44 33/744/673 385/660/601
f 44/745/674 33/744/673 402/44/44
f 92/661/602 44/745/674 402/44/44
f 92/661/602 432/324/302 99/746/675
f 11/747/653 99/746/675 432/324/302
f 384/480/441 19/404/372 555/748/676
f 551/659/600 437/749/677 634/750/678
f 699/593/548 619/53/53 625/54/54
f 625/54/54 629/594/549 699/593/548
f 629/594/549 630/57/57 667/56/56
f 722/611/566 675/609/564 791/608/563
f 646/515/475 644/512/472 766/613/568
f 652/519/479 646/515/475 771/616/571
f 678/751/679 615/518/478 734/617/572
f 674/242/226 684/752/680 753/695/634
f 684/752/680 653/753/681 753/695/634
f 653/753/681 691/213/197 753/695/634
f 753/695/634 691/213/197 756/442/404
f 828/444/406 762/441/403 698/215/199
f 698/215/199 702/217/201 828/444/406
f 707/447/409 583/754/682 778/246/230
f 778/246/230 583/754/682 664/600/555
f 805/692/631 826/241/225 674/242/226
f 805/692/631 674/242/226 800/694/633
f 674/242/226 753/695/634 800/694/633
f 691/213/197 698/215/199 756/442/404
f 698/215/199 762/441/403 820/440/402
f 756/442/404 698/215/199 820/440/402
f 828/444/406 702/217/201 703/446/408
f 1070/755/683 943/756/684 946/757/685
f 946/757/685 975/758/686 1070/755/683
f 975/758/686 946/757/685 998/759/687
f 1078/760/688 1070/755/683 975/758/686
f 1014/761/689 1078/760/688 975/758/686
f 975/758/686 1035/762/690 1014/761/689
f 998/759/687 946/757/685 1116/763/691
f 1116/763/691 808/764/83 809/765/84
f 809/765/84 998/759/687 1116/763/691
f 975/758/686 998/759/687 1035/762/690
f 998/759/687 809/765/84 895/766/692
f 895/766/692 1035/762/690 998/759/687
f 910/767/693 1035/762/690 895/766/692
f 906/768/694 1035/762/690 910/767/693
f 997/769/695 1119/770/696 1029/771/697
f 1119/770/696 997/769/695 1014/761/689
f 1119/770/696 1014/761/689 1035/762/690
f 906/768/694 1119/770/696 1035/762/690
f 1119/770/696 906/768/694 858/772/698
f 1119/770/696 858/772/698 1049/773/699
f 176/774/700 281/296/275 139/300/279
f 34/775/367 139/300/279 76/301/276
f 176/774/700 214/299/278 281/296/275
f 176/774/700 263/776/701 214/299/278
f 263/776/701 176/774/700 276/777/702
f 176/774/700 293/778/703 276/777/702
f 188/779/704 139/780/279 34/781/367
f 139/300/279 188/782/704 316/157/148
f 316/157/148 176/774/700 139/300/279
f 34/775/367 72/783/371 188/782/704
f 176/774/700 316/157/148 293/778/703
f 276/777/702 293/778/703 324/154/145
f 194/784/705 316/157/148 188/782/704
f 316/157/148 324/154/145 293/778/703
f 316/157/148 194/784/705 217/158/149
f 142/785/706 188/782/704 72/783/371
f 319/786/707 336/787/708 267/788/709
f 319/786/707 329/789/710 336/787/708
f 336/787/708 329/789/710 349/790/711
f 349/790/711 329/789/710 355/791/712
f 349/790/711 355/791/712 359/792/713
f 359/792/713 355/791/712 364/793/714
f 336/787/708 349/790/711 359/792/713
f 336/787/708 359/792/713 101/794/715
f 101/794/715 93/795/716 336/787/708
f 104/796/717 101/794/715 359/792/713
f 359/792/713 364/793/714 363/797/718
f 359/792/713 363/797/718 104/796/717
f 355/791/712 220/798/719 364/793/714
f 220/798/719 365/799/720 364/793/714
f 365/799/720 260/800/721 372/801/722
f 372/801/722 364/793/714 365/799/720
f 260/800/721 334/802/723 372/801/722
f 116/803/724 104/796/717 363/797/718
f 363/797/718 364/793/714 372/801/722
f 116/803/724 372/801/722 86/804/725
f 363/797/718 372/801/722 116/803/724
f 372/801/722 334/802/723 351/805/726
f 372/801/722 351/805/726 86/804/725
f 100/806/727 86/804/725 351/805/726
f 382/417/379 381/807/728 57/808/729
f 57/808/729 14/809/10 382/417/379
f 36/810/11 15/811/12 421/419/381
f 382/417/379 14/809/10 36/810/11
f 382/417/379 36/810/11 421/419/381
f 425/812/730 421/419/381 15/811/12
f 427/420/382 425/812/730 55/813/13
f 425/812/730 15/811/12 55/813/13
f 55/813/13 62/814/21 427/420/382
f 386/421/383 427/420/382 62/814/21
f 62/814/21 39/653/22 387/422/384
f 387/422/384 386/421/383 62/814/21
f 490/427/389 418/428/390 483/662/603
f 483/662/603 378/25/25 554/50/50
f 520/52/52 554/50/50 378/25/25
f 378/25/25 424/26/26 520/52/52
f 520/52/52 424/26/26 444/28/28
f 444/28/28 461/30/30 536/55/55
f 540/663/604 461/30/30 544/664/605
f 461/30/30 379/31/31 544/664/605
f 546/58/58 544/664/605 379/31/31
f 379/31/31 408/34/34 546/58/58
f 694/689/628 564/197/181 659/199/183
f 620/201/185 473/200/184 564/197/181
f 651/72/72 680/71/71 593/508/468
f 651/72/72 656/74/74 687/73/73
f 514/815/731 657/530/490 656/74/74
f 657/530/490 517/816/732 709/531/491
f 709/531/491 517/816/732 616/78/78
f 711/76/76 616/78/78 621/817/733
f 711/76/76 621/817/733 642/80/80
f 773/99/99 636/207/191 786/818/734
f 636/207/191 773/99/99 794/819/735
f 690/820/736 636/207/191 794/819/735
f 598/581/536 794/819/735 799/109/108
f 716/821/737 598/581/536 799/109/108
f 799/109/108 801/822/738 716/821/737
f 782/823/739 658/824/740 781/120/116
f 787/361/334 708/62/62 782/823/739
f 778/246/230 664/600/555 750/248/232
f 750/248/232 723/601/556 803/250/234
f 803/250/234 723/601/556 681/676/617
f 816/252/236 803/250/234 681/676/617
f 681/676/617 729/253/237 816/252/236
f 761/603/558 683/602/557 770/605/560
f 770/605/560 617/604/559 692/825/562
f 938/826/741 792/827/742 936/828/743
f 938/826/741 936/828/743 942/829/744
f 853/830/745 792/827/742 938/826/741
f 942/829/744 960/831/746 986/832/747
f 986/832/747 960/831/746 1000/833/748
f 1000/833/748 1008/834/749 986/832/747
f 986/832/747 1033/835/750 942/829/744
f 1008/834/749 1033/835/750 986/832/747
f 1059/836/751 853/837/745 938/838/741
f 859/839/752 853/837/745 1059/836/751
f 1060/840/753 938/826/741 942/829/744
f 1059/841/751 938/826/741 1060/840/753
f 1074/842/754 859/839/752 1059/836/751
f 1074/843/754 1059/841/751 1060/840/753
f 890/844/755 859/839/752 1074/842/754
f 977/845/756 1074/843/754 1060/840/753
f 1090/846/757 1060/840/753 942/829/744
f 1090/846/757 942/829/744 1033/835/750
f 1060/840/753 1110/847/758 977/845/756
f 1110/847/758 1060/840/753 1090/846/757
f 932/848/759 890/844/755 1074/842/754
f 759/599/554 890/844/755 932/848/759
f 932/849/759 1074/843/754 977/845/756
f 977/845/756 954/850/760 932/849/759
f 129/851/761 7/852/762 9/853/763
f 7/852/762 129/851/761 146/854/764
f 10/855/765 129/851/761 9/853/763
f 146/854/764 129/851/761 174/450/412
f 146/854/764 302/856/766 197/857/767
f 302/856/766 146/854/764 242/648/594
f 302/856/766 242/648/594 251/645/591
f 146/854/764 174/450/412 242/648/594
f 129/851/761 10/855/765 174/450/412
f 305/858/768 174/450/412 10/855/765
f 312/859/769 10/855/765 74/860/538
f 10/855/765 312/859/769 305/858/768
f 305/858/768 330/861/770 174/450/412
f 167/451/413 174/450/412 330/861/770
f 191/460/422 305/858/768 312/859/769
f 330/861/770 305/858/768 167/451/413
f 305/858/768 191/460/422 167/451/413
f 361/862/771 312/859/769 74/860/538
f 312/859/769 361/862/771 193/863/772
f 193/863/772 191/460/422 312/859/769
f 6/864/773 361/862/771 74/860/538
f 52/865/774 19/404/372 384/480/441
f 64/866/775 52/865/774 384/480/441
f 384/480/441 448/482/443 64/866/775
f 75/867/776 64/866/775 448/482/443
f 376/868/777 75/867/776 448/482/443
f 83/869/778 89/870/779 453/871/780
f 453/871/780 89/870/779 471/872/781
f 101/873/715 471/872/781 93/874/716
f 101/873/715 104/875/717 485/876/782
f 104/875/717 116/877/724 485/876/782
f 537/878/783 485/876/782 116/877/724
f 537/878/783 116/877/724 86/879/725
f 549/205/189 446/182/168 533/206/190
f 495/183/169 446/182/168 549/205/189
f 450/190/176 519/189/175 584/880/784
f 522/881/785 450/190/176 584/880/784
f 74/583/538 450/190/176 522/881/785
f 561/882/786 475/883/787 572/884/788
f 515/214/198 471/872/781 526/216/200
f 623/885/789 529/886/790 485/876/782
f 623/885/789 537/878/783 583/754/682
f 492/887/791 643/888/792 555/748/676
f 508/479/440 505/481/442 649/889/793
f 649/889/793 654/890/794 508/479/440
f 576/891/795 634/750/678 437/749/677
f 495/183/169 549/205/189 636/207/191
f 598/581/536 495/183/169 690/820/736
f 716/821/737 658/824/740 598/581/536
f 613/61/61 522/881/785 708/62/62
f 714/524/484 637/193/179 715/683/481
f 550/191/177 637/193/179 714/524/484
f 637/195/179 498/194/180 715/521/481
f 501/486/446 550/191/177 714/524/484
f 559/487/447 659/199/183 504/198/182
f 533/206/190 668/203/187 815/892/796
f 636/207/191 533/206/190 815/892/796
f 563/585/540 736/534/494 574/893/797
f 655/894/798 574/893/797 736/534/494
f 736/534/494 737/535/495 655/894/798
f 665/328/306 712/330/308 784/895/799
f 713/332/310 586/331/309 835/333/311
f 835/333/311 595/317/295 745/896/800
f 782/823/739 781/120/116 851/359/328
f 787/361/334 782/823/739 851/359/328
f 834/94/94 717/97/97 874/95/95
f 898/96/96 717/97/97 902/897/347
f 902/897/347 717/97/97 719/235/219
f 912/898/348 902/897/347 719/235/219
f 719/235/219 807/899/801 912/898/348
f 912/898/348 807/899/801 920/900/354
f 775/901/802 789/902/340 927/903/341
f 1072/360/333 965/364/337 959/904/339
f 1043/365/338 1003/905/803 965/364/337
f 959/904/339 965/364/337 927/903/341
f 965/364/337 1013/906/804 927/903/341
f 953/907/805 927/903/341 1013/906/804
f 1013/906/804 965/364/337 1003/905/803
f 797/908/806 775/901/802 927/903/341
f 927/903/341 1021/909/807 797/908/806
f 1021/909/807 927/903/341 953/907/805
f 885/910/808 797/908/806 1021/909/807
f 1021/911/807 1061/912/809 885/913/808
f 1061/914/809 1021/909/807 966/915/810
f 1013/906/804 1070/755/683 953/907/805
f 1070/755/683 1078/760/688 953/907/805
f 1013/906/804 943/756/684 1070/755/683
f 1021/909/807 953/907/805 1078/760/688
f 966/915/810 1021/909/807 1078/760/688
f 940/568/523 970/567/522 988/916/811
f 1002/709/643 940/568/523 1024/917/812
f 1024/917/812 940/568/523 988/916/811
f 988/916/811 1040/918/813 1024/917/812
f 1042/919/814 1024/917/812 1040/918/813
f 988/916/811 970/567/522 1053/570/525
f 802/920/815 1053/570/525 897/569/524
f 802/920/815 862/921/816 1053/570/525
f 1040/918/813 988/916/811 1053/570/525
f 1053/570/525 862/921/816 1040/918/813
f 1040/918/813 862/921/816 758/922/489
f 1002/709/643 1042/919/814 993/708/642
f 1042/919/814 1002/709/643 1024/917/812
f 1038/923/817 993/708/642 1042/919/814
f 1038/923/817 1042/919/814 1098/123/119
f 1096/122/118 1038/923/817 1098/123/119
f 1042/919/814 1040/918/813 1123/924/818
f 1040/918/813 758/922/489 870/925/819
f 870/925/819 1123/924/818 1040/918/813
f 1098/123/119 1042/919/814 1123/924/818
f 870/925/819 863/926/90 1123/924/818
f 1123/924/818 863/926/90 881/127/92
f 1111/121/117 1098/123/119 1123/924/818
f 1123/924/818 881/127/92 1111/121/117
f 141/927/820 140/928/821 32/42/42
f 32/42/42 33/744/673 141/927/820
f 183/929/822 141/927/820 33/744/673
f 33/930/673 44/931/674 183/932/822
f 228/933/823 220/798/719 202/934/824
f 228/933/823 140/935/821 260/800/721
f 140/935/821 141/936/820 260/800/721
f 141/936/820 183/932/822 260/800/721
f 228/933/823 260/800/721 220/798/719
f 365/799/720 220/798/719 260/800/721
f 260/800/721 268/937/825 334/802/723
f 279/938/826 183/932/822 44/931/674
f 44/745/674 92/661/602 279/939/826
f 99/940/675 279/938/826 92/941/602
f 279/938/826 99/940/675 208/725/657
f 260/800/721 183/932/822 268/937/825
f 183/932/822 279/938/826 309/942/827
f 309/942/827 268/937/825 183/932/822
f 309/942/827 279/938/826 208/725/657
f 309/942/827 208/725/657 340/943/828
f 340/943/828 208/725/657 239/727/659
f 208/725/657 99/940/675 157/720/652
f 157/720/652 99/940/675 11/721/653
f 398/179/166 380/944/829 43/180/143
f 380/944/829 403/945/830 43/180/143
f 79/946/831 43/180/143 403/945/830
f 3/947/264 79/946/831 403/945/830
f 403/945/830 390/575/530 3/947/264
f 383/586/541 11/747/653 432/324/302
f 443/666/607 431/948/832 511/667/608
f 528/591/546 407/588/543 413/949/833
f 534/950/834 455/951/835 456/952/836
f 474/953/837 534/950/834 456/952/836
f 474/953/837 381/807/728 542/592/547
f 381/807/728 382/417/379 496/416/378
f 580/188/174 598/581/536 658/824/740
f 519/189/175 580/188/174 658/824/740
f 74/583/538 522/881/785 613/61/61
f 560/224/208 677/223/207 565/954/838
f 607/226/210 565/954/838 677/223/207
f 611/955/839 509/177/165 609/228/212
f 614/232/216 697/956/840 587/957/841
f 497/574/529 587/957/841 697/956/840
f 718/63/63 682/60/60 775/958/802
f 724/69/69 626/68/68 721/66/66
f 783/959/842 635/70/70 724/69/69
f 760/225/209 635/70/70 783/959/842
f 560/224/208 635/70/70 760/225/209
f 777/229/213 607/226/210 772/227/211
f 777/229/213 728/230/214 609/228/212
f 697/956/840 730/231/215 818/243/227
f 779/700/638 697/956/840 818/243/227
f 790/610/565 697/956/840 779/700/638
f 675/609/564 697/956/840 790/610/565
f 722/611/566 791/608/563 847/960/843
f 795/612/567 722/611/566 847/960/843
f 795/612/567 864/961/844 766/613/568
f 767/614/569 766/613/568 864/961/844
f 809/84/84 776/962/845 895/963/692
f 895/963/692 776/962/845 910/964/693
f 910/964/693 731/595/550 906/965/694
f 776/962/845 731/595/550 910/964/693
f 732/85/85 824/87/87 906/965/694
f 906/965/694 731/595/550 732/85/85
f 858/966/698 906/965/694 824/87/87
f 968/106/105 937/271/255 992/270/254
f 992/270/254 1005/967/846 968/106/105
f 1005/967/846 992/270/254 1004/968/847
f 1019/105/104 968/106/105 1005/967/846
f 1004/968/847 992/270/254 1045/276/260
f 1004/968/847 793/277/261 899/969/848
f 1045/276/260 793/277/261 1004/968/847
f 899/969/848 1005/967/846 1004/968/847
f 1005/967/846 899/969/848 919/970/849
f 1026/107/106 1019/105/104 1066/971/850
f 1066/971/850 1019/105/104 1005/967/846
f 963/972/851 1026/107/106 1066/971/850
f 1105/973/852 1066/971/850 1005/967/846
f 1005/967/846 919/970/849 1105/973/852
f 1105/973/852 919/970/849 849/974/321
f 1091/975/853 974/976/854 1118/977/855
f 1122/978/856 1091/975/853 1118/977/855
f 1106/979/857 1091/975/853 1122/978/856
f 1106/979/857 1122/978/856 1130/980/858
f 1106/979/857 1137/981/859 978/982/860
f 1137/981/859 1106/979/857 1130/980/858
f 1122/978/856 892/983/231 893/984/233
f 1122/978/856 893/984/233 1130/980/858
f 1130/980/858 893/984/233 901/985/235
f 1025/712/645 978/982/860 1137/981/859
f 1125/713/646 1025/712/645 1137/981/859
f 1137/981/859 901/985/235 816/986/236
f 1130/980/858 901/985/235 1137/981/859
f 816/986/236 922/987/238 1137/981/859
f 1125/713/646 1137/981/859 1149/716/648
f 922/987/238 1149/716/648 1137/981/859
f 1149/716/648 922/987/238 923/988/239
f 1149/716/648 923/988/239 909/718/650
f 145/989/861 289/990/862 75/991/776
f 289/990/862 145/989/861 201/992/863
f 164/993/864 201/992/863 145/989/861
f 75/991/776 17/994/865 145/989/861
f 195/995/866 201/992/863 225/304/282
f 201/992/863 232/996/867 247/309/287
f 247/309/287 225/304/282 201/992/863
f 201/992/863 164/993/864 232/996/867
f 232/996/867 164/993/864 273/997/868
f 232/996/867 278/312/290 247/309/287
f 232/996/867 273/997/868 278/312/290
f 285/998/869 145/999/861 17/1000/865
f 145/989/861 285/1001/869 164/993/864
f 298/1002/870 285/998/869 17/1000/865
f 285/1001/869 298/1003/870 164/993/864
f 17/1000/865 96/658/599 298/1002/870
f 273/997/868 164/993/864 311/1004/871
f 273/997/868 311/1004/871 314/1005/872
f 317/313/291 278/312/290 273/997/868
f 273/997/868 314/1005/872 317/313/291
f 164/993/864 298/1003/870 311/1004/871
f 314/1005/872 311/1004/871 333/1006/873
f 38/35/35 298/1002/870 96/658/599
f 407/588/543 12/1007/672 413/949/833
f 413/949/833 37/1008/874 455/951/835
f 12/1007/672 37/1008/874 413/949/833
f 37/1008/874 45/1009/875 456/952/836
f 37/1008/874 456/952/836 455/951/835
f 48/1010/876 456/1011/836 45/1012/875
f 456/952/836 48/1013/876 474/953/837
f 48/1013/876 381/807/728 474/953/837
f 48/1013/876 57/808/729 381/807/728
f 496/416/378 553/418/380 606/318/296
f 606/318/296 595/317/295 496/416/378
f 553/418/380 421/419/381 606/318/296
f 421/419/381 425/812/730 566/1014/877
f 566/1014/877 606/318/296 421/419/381
f 566/1014/877 427/420/382 513/335/313
f 513/335/313 405/423/385 628/337/315
f 523/321/299 632/320/298 405/423/385
f 523/321/299 525/323/301 633/322/300
f 525/323/301 490/427/389 594/47/47
f 622/430/392 610/429/391 518/577/532
f 666/432/394 622/430/392 624/434/396
f 541/435/397 593/508/468 680/71/71
f 643/888/792 492/887/791 678/751/679
f 686/1015/878 643/888/792 746/1016/879
f 733/86/86 676/501/461 747/680/621
f 676/501/461 608/503/463 747/680/621
f 688/681/622 610/429/391 735/431/393
f 763/628/580 735/431/393 666/432/394
f 666/432/394 695/433/395 765/436/398
f 695/433/395 541/435/397 765/436/398
f 643/888/792 678/751/679 746/1016/879
f 654/890/794 649/889/793 806/1017/880
f 696/1018/881 654/890/794 806/1017/880
f 634/750/678 700/619/574 833/618/573
f 743/1019/576 634/750/678 833/618/573
f 679/1020/882 634/750/678 743/1019/576
f 885/913/808 798/1021/883 797/1022/806
f 804/1023/884 798/1021/883 885/913/808
f 807/899/801 814/238/222 920/900/354
f 814/238/222 894/1024/356 920/900/354
f 814/238/222 727/1025/885 894/1024/356
f 894/1024/356 727/1025/885 904/1026/886
f 825/1027/887 826/241/225 916/1028/888
f 884/693/632 916/1028/888 826/241/225
f 981/1029/889 726/615/570 995/1030/890
f 771/616/571 726/615/570 981/1029/889
f 981/1031/889 995/1032/890 962/132/125
f 990/1033/891 981/1031/889 962/132/125
f 995/1032/890 1099/1034/892 1027/125/121
f 962/132/125 995/1032/890 1027/125/121
f 981/1029/889 1101/1035/893 771/616/571
f 1101/1036/893 981/1031/889 990/1033/891
f 871/1037/894 771/616/571 1101/1035/893
f 1117/1038/895 871/1037/894 1101/1035/893
f 1101/1035/893 935/1039/896 1117/1038/895
f 990/1033/891 962/132/125 1107/369/342
f 990/1033/891 1133/1040/897 1101/1036/893
f 935/1041/896 1101/1036/893 1133/1040/897
f 1133/1040/897 990/1033/891 1107/369/342
f 1107/369/342 1121/370/343 1133/1040/897
f 1020/372/345 1133/1040/897 1121/370/343
f 935/1039/896 871/1037/894 1117/1038/895
f 842/1042/898 871/1037/894 935/1039/896
f 150/1043/899 147/1044/900 21/1045/430
f 21/1046/430 22/1047/901 150/1048/899
f 165/1049/902 147/1050/900 150/1048/899
f 177/8/8 172/1051/903 178/15/15
f 177/8/8 178/15/15 231/7/7
f 178/15/15 147/1050/900 224/16/16
f 147/1050/900 165/1049/902 224/16/16
f 224/16/16 165/1049/902 148/17/17
f 58/1052/171 150/1048/899 22/1047/901
f 246/1053/904 150/1048/899 58/1052/171
f 150/1048/899 246/1053/904 165/1049/902
f 73/1054/905 246/1053/904 58/1052/171
f 197/857/767 246/1053/904 73/1054/905
f 148/17/17 165/1049/902 302/856/766
f 148/17/17 302/856/766 206/19/19
f 302/856/766 165/1049/902 246/1053/904
f 246/1053/904 197/857/767 302/856/766
f 206/19/19 302/856/766 251/645/591
f 73/1054/905 7/852/762 197/857/767
f 197/857/767 7/852/762 146/854/764
f 240/290/271 292/298/277 290/1055/906
f 290/1055/906 300/1056/907 310/1057/908
f 292/298/277 214/299/278 290/1055/906
f 290/1055/906 214/299/278 263/776/701
f 290/1055/906 263/776/701 320/1058/909
f 290/1055/906 320/1058/909 300/1056/907
f 310/1057/908 300/1056/907 70/1059/434
f 300/1056/907 320/1058/909 110/1060/436
f 110/1060/436 70/1059/434 300/1056/907
f 263/776/701 276/777/702 350/1061/910
f 350/1061/910 348/1062/911 263/776/701
f 348/1062/911 320/1058/909 263/776/701
f 335/156/147 350/1061/910 276/777/702
f 335/156/147 276/777/702 324/154/145
f 346/159/150 348/1062/911 350/1061/910
f 350/1061/910 335/156/147 346/159/150
f 368/161/152 320/1058/909 348/1062/911
f 110/1060/436 368/161/152 67/1063/438
f 320/1058/909 368/161/152 110/1060/436
f 348/1062/911 346/159/150 368/161/152
f 67/1063/438 368/161/152 449/163/154
f 446/182/168 394/181/167 21/469/430
f 22/1064/901 21/469/430 394/181/167
f 394/181/167 58/185/171 22/1064/901
f 73/1065/905 58/185/171 441/186/172
f 7/1066/762 73/1065/905 441/186/172
f 441/186/172 417/187/173 7/1066/762
f 449/1067/154 436/478/439 67/477/438
f 449/1067/154 108/1068/153 465/493/453
f 467/491/451 465/493/453 108/1068/153
f 121/1069/156 467/491/451 108/1068/153
f 467/491/451 121/1069/156 479/494/454
f 445/496/456 479/494/454 121/1069/156
f 121/1069/156 125/405/161 445/496/456
f 457/1070/912 530/677/618 487/1071/913
f 457/1070/912 476/1072/914 535/1073/915
f 538/679/620 478/1074/916 462/1075/917
f 442/172/163 565/954/838 396/173/164
f 403/945/830 380/944/829 587/957/841
f 556/1076/918 469/1077/919 477/1078/920
f 556/1076/918 477/1078/920 562/1079/921
f 477/1078/920 481/1080/922 562/1079/921
f 481/1080/922 484/1081/923 569/674/615
f 579/1082/924 484/1081/923 487/1071/913
f 530/677/618 579/1082/924 487/1071/913
f 476/1072/914 478/1083/916 585/1084/619
f 478/1074/916 538/679/620 585/678/619
f 415/401/369 532/517/477 615/518/478
f 597/234/218 570/495/455 599/1085/925
f 567/492/452 570/495/455 597/234/218
f 601/237/221 570/495/455 575/497/457
f 575/497/457 543/498/458 660/1086/926
f 543/498/458 547/1087/927 660/1086/926
f 494/1088/928 660/1086/926 547/1087/927
f 869/1089/929 759/599/554 932/848/759
f 869/1090/929 932/849/759 954/850/760
f 954/850/760 974/976/854 869/1090/929
f 954/850/760 977/845/756 996/1091/930
f 1110/847/758 996/1091/930 977/845/756
f 996/1091/930 974/976/854 954/850/760
f 974/976/854 996/1091/930 1118/977/855
f 869/1089/929 1052/1092/931 813/1093/932
f 1052/1094/931 869/1090/929 974/976/854
f 1058/1095/933 1052/1094/931 974/976/854
f 1052/1092/931 1073/1096/934 813/1093/932
f 889/533/493 813/1093/932 1073/1096/934
f 1073/1097/934 1052/1094/931 1058/1095/933
f 1058/1095/933 974/976/854 1091/975/853
f 978/982/860 1058/1095/933 1091/975/853
f 978/982/860 1091/975/853 1106/979/857
f 1073/1096/934 929/1098/935 889/533/493
f 929/1099/935 1073/1097/934 1058/1095/933
f 169/1100/936 180/1101/937 184/389/362
f 151/1102/938 184/389/362 180/1101/937
f 169/1100/936 184/389/362 155/385/358
f 151/1102/938 252/1103/939 254/1104/940
f 184/389/362 151/1102/938 261/394/364
f 151/1102/938 254/1104/940 261/394/364
f 261/394/364 254/1104/940 326/395/365
f 275/1105/941 130/1106/942 2/1107/943
f 2/1108/943 27/1109/944 275/1110/941
f 275/1105/941 151/1102/938 130/1106/942
f 185/140/131 275/1105/941 27/1111/944
f 5/138/129 185/140/131 27/1111/944
f 151/1102/938 275/1105/941 252/1103/939
f 254/1104/940 252/1103/939 215/1112/945
f 185/140/131 252/1103/939 275/1105/941
f 252/1103/939 185/140/131 215/1112/945
f 215/1112/945 185/140/131 219/141/132
f 219/141/132 277/1113/946 215/1112/945
f 136/137/128 185/140/131 5/138/129
f 41/292/265 3/947/264 390/575/530
f 393/509/469 41/292/265 390/575/530
f 53/293/273 41/292/265 393/509/469
f 395/513/473 53/293/273 393/509/469
f 420/516/476 53/293/273 395/513/473
f 76/297/276 53/293/273 420/516/476
f 420/516/476 399/400/368 76/297/276
f 458/415/377 470/1114/947 494/1088/928
f 494/1088/928 547/1087/927 458/415/377
f 494/1088/928 470/1114/947 561/882/786
f 475/883/787 561/882/786 470/1114/947
f 572/884/788 475/883/787 573/1115/948
f 475/883/787 453/871/780 573/1115/948
f 573/1115/948 453/871/780 515/214/198
f 453/871/780 471/872/781 515/214/198
f 471/872/781 101/873/715 526/216/200
f 529/886/790 526/216/200 101/873/715
f 101/873/715 485/876/782 529/886/790
f 623/885/789 485/876/782 537/878/783
f 537/878/783 469/1077/919 583/754/682
f 521/204/188 419/202/186 620/201/185
f 533/206/190 521/204/188 668/203/187
f 490/427/389 552/48/48 594/47/47
f 552/48/48 554/50/50 605/49/49
f 619/53/53 520/52/52 536/55/55
f 536/55/55 540/663/604 625/54/54
f 625/54/54 540/663/604 629/594/549
f 630/57/57 629/594/549 540/663/604
f 546/58/58 630/57/57 544/664/605
f 546/58/58 408/34/34 592/59/59
f 500/1116/949 613/61/61 682/60/60
f 503/64/64 500/1116/949 682/60/60
f 506/65/65 503/64/64 718/63/63
f 626/68/68 506/65/65 721/66/66
f 640/1117/950 502/490/450 645/233/217
f 650/236/220 597/234/218 599/1085/925
f 693/239/223 601/237/221 660/1086/926
f 693/239/223 660/1086/926 704/240/224
f 660/1086/926 494/1088/928 704/240/224
f 704/240/224 494/1088/928 674/242/226
f 643/888/792 686/1015/878 555/748/676
f 576/891/795 568/1118/951 700/619/574
f 700/619/574 634/750/678 576/891/795
f 634/750/678 679/1020/882 551/659/600
f 717/97/97 739/79/79 642/80/80
f 642/80/80 640/1117/950 717/97/97
f 717/97/97 640/1117/950 719/235/219
f 640/1117/950 645/233/217 719/235/219
f 601/237/221 693/239/223 727/1025/885
f 737/535/495 821/537/497 655/894/798
f 661/1119/952 655/1120/798 821/538/497
f 831/1121/508 662/551/507 612/589/544
f 612/589/544 618/590/545 831/1121/508
f 780/1122/953 665/328/306 784/895/799
f 831/1121/508 618/590/545 780/1122/953
f 785/1123/954 780/1122/953 784/895/799
f 785/1123/954 713/332/310 832/1124/955
f 872/1125/257 832/1124/955 713/332/310
f 701/212/196 759/599/554 869/1089/929
f 813/1093/932 701/212/196 869/1089/929
f 889/533/493 638/325/303 813/1093/932
f 685/326/304 638/325/303 889/533/493
f 729/253/237 761/603/558 923/255/239
f 923/255/239 761/603/558 770/605/560
f 770/605/560 909/1126/650 923/255/239
f 838/437/399 896/541/499 908/1127/647
f 838/437/399 908/1127/647 774/438/400
f 909/1126/650 692/825/562 911/1128/649
f 909/1126/650 770/605/560 692/825/562
f 908/1127/647 911/1129/649 774/438/400
f 692/607/562 774/438/400 911/1129/649
f 854/1130/956 842/1042/898 935/1039/896
f 854/1131/956 935/1041/896 957/1132/957
f 1015/1133/958 935/1041/896 1133/1040/897
f 1015/1133/958 1133/1040/897 1020/372/345
f 957/1132/957 935/1041/896 1015/1133/958
f 957/1132/957 1015/1133/958 1044/378/351
f 1030/376/349 1015/1133/958 1020/372/345
f 1044/378/351 1015/1133/958 1030/376/349
f 854/1131/956 1080/1134/959 857/1135/960
f 957/1132/957 1080/1134/959 854/1131/956
f 1082/1136/961 857/1135/960 1080/1134/959
f 806/1137/880 857/1135/960 1082/1136/961
f 1080/1134/959 957/1132/957 1100/1138/962
f 1100/1138/962 957/1132/957 1109/1139/963
f 1082/1136/961 1080/1134/959 1100/1138/962
f 989/1140/964 806/1137/880 1082/1136/961
f 876/620/575 806/1017/880 989/1141/964
f 16/1142/965 128/1143/966 1/1144/967
f 18/1145/968 128/1143/966 16/1142/965
f 162/1146/969 128/1147/966 18/1148/968
f 128/1143/966 51/1149/970 1/1144/967
f 51/1149/970 128/1143/966 205/1150/971
f 128/1143/966 162/1151/969 212/1152/972
f 212/1152/972 205/1150/971 128/1143/966
f 69/733/665 51/1149/970 205/1150/971
f 69/733/665 65/1153/973 51/1149/970
f 69/733/665 205/1150/971 226/734/666
f 226/734/666 212/1152/972 138/1154/974
f 205/1150/971 212/1152/972 226/734/666
f 243/1155/975 162/1146/969 18/1148/968
f 111/1156/976 243/1155/975 18/1148/968
f 162/1151/969 243/1157/975 181/1158/977
f 138/1154/974 212/1152/972 175/1159/978
f 162/1151/969 181/1158/977 274/1160/979
f 212/1152/972 162/1151/969 274/1160/979
f 274/1160/979 181/1158/977 189/1161/980
f 212/1152/972 274/1160/979 175/1159/978
f 274/1160/979 189/1161/980 175/1159/978
f 144/1162/981 181/1158/977 243/1157/975
f 81/1163/982 24/1164/983 468/576/531
f 25/1165/984 468/576/531 24/1164/983
f 468/576/531 25/1165/984 397/578/533
f 397/578/533 68/1166/985 409/505/465
f 25/1165/984 68/1166/985 397/578/533
f 426/579/534 68/1166/985 103/1167/986
f 409/505/465 68/1166/985 451/1168/987
f 451/1168/987 68/1166/985 426/579/534
f 426/579/534 103/1167/986 23/1169/988
f 406/580/535 428/1170/989 557/1171/990
f 558/1172/991 557/1171/990 428/1170/989
f 428/1170/989 439/1173/992 558/1172/991
f 439/1173/992 401/472/433 514/815/731
f 401/472/433 414/474/435 517/816/732
f 524/1174/993 414/474/435 527/1175/994
f 527/1175/994 414/474/435 429/476/437
f 412/1176/995 383/586/541 563/585/540
f 574/893/797 412/1176/995 563/585/540
f 431/1177/832 412/1176/995 574/893/797
f 578/1178/996 528/591/546 413/949/833
f 413/949/833 455/951/835 627/329/307
f 627/329/307 578/1178/996 413/949/833
f 627/329/307 455/951/835 534/950/834
f 586/331/309 627/329/307 534/950/834
f 586/331/309 534/950/834 474/953/837
f 586/331/309 474/953/837 542/592/547
f 496/416/378 542/592/547 381/807/728
f 31/176/136 607/226/210 609/228/212
f 509/177/165 611/955/839 512/1179/997
f 587/957/841 380/944/829 614/232/216
f 494/1088/928 602/1180/998 684/752/680
f 602/1180/998 572/884/788 653/753/681
f 572/884/788 573/1115/948 653/753/681
f 573/1115/948 515/214/198 691/213/197
f 526/216/200 698/215/199 515/214/198
f 623/885/789 526/216/200 529/886/790
f 583/754/682 556/1076/918 664/600/555
f 596/596/551 551/659/600 679/1020/882
f 493/37/37 551/659/600 596/596/551
f 604/40/40 410/38/38 689/208/192
f 510/43/43 571/39/39 647/211/195
f 577/45/45 647/211/195 705/210/194
f 684/752/680 674/242/226 494/1088/928
f 653/753/681 684/752/680 602/1180/998
f 653/753/681 573/1115/948 691/213/197
f 526/216/200 623/885/789 702/217/201
f 702/217/201 623/885/789 703/446/408
f 703/446/408 623/885/789 707/447/409
f 623/885/789 583/754/682 707/447/409
f 690/820/736 495/183/169 636/207/191
f 584/880/784 519/189/175 658/824/740
f 522/881/785 584/880/784 708/62/62
f 592/59/59 676/501/461 733/86/86
f 688/681/622 608/503/463 610/429/391
f 796/688/627 659/199/183 752/525/485
f 694/689/628 659/199/183 796/688/627
f 564/197/181 694/689/628 764/526/486
f 768/527/487 620/201/185 764/526/486
f 815/892/796 668/203/187 768/527/487
f 636/207/191 815/892/796 786/818/734
f 994/1181/999 1029/771/697 1119/770/696
f 987/1182/1000 1029/771/697 994/1181/999
f 987/1182/1000 1032/1183/1001 1009/636/585
f 1032/1183/1001 987/1182/1000 994/1181/999
f 994/1181/999 1119/770/696 1049/773/699
f 1032/1183/1001 994/1181/999 1049/773/699
f 1049/773/699 858/772/698 882/1184/1002
f 882/1184/1002 1032/1183/1001 1049/773/699
f 1075/1185/1003 1009/636/585 1032/1183/1001
f 1016/556/511 1009/636/585 1075/1185/1003
f 1075/1185/1003 1032/1183/1001 1114/1186/1004
f 1032/1183/1001 882/1184/1002 1114/1186/1004
f 1114/1186/1004 882/1184/1002 914/1187/1005
f 1047/559/514 1075/1185/1003 1114/1186/1004
f 1016/556/511 1075/1185/1003 1047/559/514
f 914/1187/1005 1047/559/514 1114/1186/1004
f 1047/559/514 914/1187/1005 855/561/516
f 138/1154/974 175/1159/978 216/1188/1006
f 226/734/666 138/1154/974 126/739/667
f 216/1188/1006 126/739/667 138/1154/974
f 175/1159/978 189/1161/980 241/1189/1007
f 175/1159/978 241/1189/1007 216/1188/1006
f 216/1188/1006 241/1189/1007 287/1190/1008
f 272/1191/1009 287/1190/1008 241/1189/1007
f 126/739/667 216/1188/1006 322/740/669
f 287/1190/1008 322/740/669 216/1188/1006
f 322/740/669 287/1190/1008 12/743/672
f 12/743/672 287/1190/1008 37/1192/874
f 287/1190/1008 272/1191/1009 45/1012/875
f 45/1012/875 37/1192/874 287/1190/1008
f 189/1161/980 221/1193/1010 241/1189/1007
f 241/1189/1007 238/1194/1011 272/1191/1009
f 238/1194/1011 257/1/1 196/4/4
f 257/1/1 158/3/3 196/4/4
f 196/4/4 272/1191/1009 238/1194/1011
f 272/1191/1009 196/4/4 45/1012/875
f 48/1010/876 196/4/4 57/1195/729
f 45/1012/875 196/4/4 48/1010/876
f 57/1195/729 196/4/4 14/10/10
f 418/428/390 20/657/418 59/1196/419
f 377/426/388 20/657/418 418/428/390
f 97/1197/421 418/428/390 59/1196/419
f 418/428/390 97/1197/421 483/662/603
f 483/662/603 114/23/23 378/25/25
f 97/1197/421 114/23/23 483/662/603
f 6/1198/773 489/584/539 500/1116/949
f 389/1199/1012 500/1116/949 503/64/64
f 506/65/65 400/1200/1013 404/1201/1014
f 27/1109/944 411/1202/1015 635/70/70
f 27/1109/944 635/70/70 560/224/208
f 442/172/163 27/1109/944 560/224/208
f 593/508/468 557/1171/990 651/72/72
f 557/1171/990 558/1172/991 651/72/72
f 651/72/72 558/1172/991 656/74/74
f 558/1172/991 514/815/731 656/74/74
f 514/815/731 517/816/732 657/530/490
f 621/817/733 582/1203/1016 642/80/80
f 642/80/80 582/1203/1016 640/1117/950
f 606/318/296 566/1014/877 744/1204/1017
f 566/1014/877 513/335/313 725/334/312
f 632/320/298 628/337/315 405/423/385
f 633/322/300 594/47/47 706/338/316
f 672/219/203 661/1119/952 741/220/204
f 673/1205/1018 740/523/483 671/522/482
f 921/550/506 662/551/507 831/1121/508
f 831/1121/508 780/1122/953 850/1206/244
f 850/260/244 848/262/246 831/553/508
f 866/263/247 850/260/244 780/1207/953
f 780/1122/953 785/1123/954 866/1208/247
f 866/1208/247 832/1124/955 868/1209/248
f 866/1208/247 785/1123/954 832/1124/955
f 868/1209/248 832/1124/955 872/1125/257
f 872/1125/257 835/333/311 875/1210/258
f 952/1211/1019 876/620/575 989/1141/964
f 952/1212/1019 989/1140/964 955/1213/1020
f 972/1214/1021 876/1215/575 952/1212/1019
f 972/1214/1021 952/1212/1019 955/1213/1020
f 989/1140/964 1082/1136/961 1100/1138/962
f 955/1213/1020 989/1140/964 1012/1216/1022
f 989/1140/964 1100/1138/962 1017/1217/1023
f 1012/1216/1022 989/1140/964 1017/1217/1023
f 1069/1218/1024 1012/1216/1022 1017/1217/1023
f 833/622/573 876/1215/575 972/1214/1021
f 1084/1219/1025 972/1214/1021 955/1213/1020
f 1089/1220/1026 833/622/573 972/1214/1021
f 878/623/577 833/622/573 1089/1220/1026
f 1089/1220/1026 972/1214/1021 1084/1219/1025
f 1095/1221/1027 878/623/577 1089/1220/1026
f 1095/1221/1027 1089/1220/1026 1084/1219/1025
f 936/1222/743 878/1223/577 1095/1224/1027
f 743/1225/576 878/1223/577 936/1222/743
f 1095/1221/1027 960/831/746 936/828/743
f 955/1213/1020 1012/1216/1022 1084/1219/1025
f 1084/1219/1025 1012/1216/1022 1069/1218/1024
f 1084/1219/1025 1000/833/748 1095/1221/1027
f 1000/833/748 960/831/746 1095/1221/1027
f 792/827/742 743/621/576 936/828/743
f 960/831/746 942/829/744 936/828/743
f 254/1104/940 215/1112/945 210/1226/1028
f 210/1226/1028 326/395/365 254/1104/940
f 326/395/365 210/1226/1028 227/396/366
f 277/1113/946 210/1226/1028 215/1112/945
f 210/1226/1028 26/397/33 227/396/366
f 26/397/33 210/1226/1028 47/1227/1029
f 210/1226/1028 277/1113/946 307/1228/1030
f 210/1226/1028 307/1228/1030 47/1227/1029
f 277/1113/946 315/1229/1031 307/1228/1030
f 47/1227/1029 307/1228/1030 61/1230/1032
f 219/141/132 223/142/133 315/1229/1031
f 277/1113/946 219/141/132 315/1229/1031
f 315/1229/1031 223/142/133 345/1231/1033
f 223/142/133 132/143/134 345/1231/1033
f 132/143/134 135/1232/1034 345/1231/1033
f 307/1228/1030 315/1229/1031 78/1233/1035
f 307/1228/1030 78/1233/1035 61/1230/1032
f 315/1229/1031 345/1231/1033 78/1233/1035
f 78/1233/1035 345/1231/1033 262/1234/1036
f 78/1233/1035 262/1234/1036 81/1235/982
f 375/483/444 1/1236/967 391/484/445
f 391/485/445 1/1237/967 392/1238/1037
f 375/483/444 16/1239/965 1/1236/967
f 416/488/448 16/1239/965 375/483/444
f 18/1148/968 16/1239/965 416/488/448
f 392/1240/1037 1/1144/967 51/1149/970
f 435/670/611 392/1238/1037 51/1241/970
f 435/1242/611 51/1149/970 65/1153/973
f 416/488/448 460/489/449 18/1148/968
f 111/1156/976 18/1148/968 460/489/449
f 460/489/449 473/200/184 111/1156/976
f 473/200/184 4/464/425 111/1156/976
f 565/954/838 442/172/163 560/224/208
f 396/173/164 565/954/838 607/226/210
f 31/176/136 396/173/164 607/226/210
f 509/177/165 31/176/136 609/228/212
f 614/232/216 512/1179/997 611/955/839
f 380/944/829 512/1179/997 614/232/216
f 602/1180/998 494/1088/928 561/882/786
f 561/882/786 572/884/788 602/1180/998
f 469/1077/919 556/1076/918 583/754/682
f 502/490/450 567/492/452 645/233/217
f 645/233/217 567/492/452 597/234/218
f 650/236/220 599/1085/925 570/495/455
f 650/236/220 570/495/455 601/237/221
f 575/497/457 660/1086/926 601/237/221
f 505/481/442 555/748/676 686/1015/878
f 649/889/793 505/481/442 686/1015/878
f 696/1018/881 508/479/440 654/890/794
f 568/1118/951 508/479/440 696/1018/881
f 696/1018/881 700/619/574 568/1118/951
f 562/1079/921 569/674/615 723/601/556
f 723/601/556 569/674/615 681/676/617
f 600/675/616 617/604/559 683/602/557
f 617/604/559 585/1084/619 692/825/562
f 585/1084/619 669/1243/561 692/825/562
f 679/1020/882 743/1019/576 792/1244/742
f 596/596/551 679/1020/882 792/1244/742
f 748/597/552 596/596/551 792/1244/742
f 647/211/195 757/598/553 759/599/554
f 705/210/194 701/212/196 813/1093/932
f 813/1093/932 638/325/303 705/210/194
f 773/99/99 843/98/98 794/819/735
f 799/109/108 794/819/735 843/98/98
f 861/113/111 801/822/738 799/109/108
f 781/120/116 801/822/738 861/113/111
f 824/87/87 747/680/621 858/966/698
f 858/966/698 747/680/621 882/1245/1002
f 882/1245/1002 747/680/621 914/1246/1005
f 747/680/621 812/682/623 914/1246/1005
f 812/682/623 817/625/578 914/1246/1005
f 855/624/516 914/1246/1005 817/625/578
f 847/960/843 791/608/563 931/1247/641
f 931/1247/641 945/1248/1038 847/960/843
f 931/707/641 958/1249/1039 945/1250/1038
f 958/1249/1039 931/707/641 1038/923/817
f 931/707/641 993/708/642 1038/923/817
f 958/1249/1039 1038/923/817 1096/122/118
f 795/612/567 847/960/843 945/1248/1038
f 945/1250/1038 1092/1251/1040 795/1252/567
f 1094/124/120 945/1250/1038 958/1249/1039
f 1092/1251/1040 945/1250/1038 1094/124/120
f 1099/1034/892 795/1252/567 1092/1251/1040
f 864/961/844 795/612/567 1099/1253/892
f 1099/1034/892 1092/1251/1040 1094/124/120
f 1099/1253/892 1104/1254/1041 864/961/844
f 1094/124/120 958/1249/1039 1096/122/118
f 1027/125/121 1099/1034/892 1094/124/120
f 767/614/569 864/961/844 1104/1254/1041
f 1099/1253/892 995/1030/890 1104/1254/1041
f 995/1030/890 767/614/569 1104/1254/1041
f 726/615/570 767/614/569 995/1030/890
f 8/1255/1042 361/862/771 6/864/773
f 171/1256/1043 361/862/771 8/1255/1042
f 361/862/771 171/1256/1043 193/863/772
f 191/460/422 193/863/772 249/454/416
f 249/454/416 193/863/772 258/384/357
f 54/1257/1044 171/1258/1043 8/1259/1042
f 169/1100/936 171/1256/1043 54/1260/1044
f 193/863/772 171/1256/1043 321/1261/1045
f 193/863/772 321/1261/1045 258/384/357
f 258/384/357 321/1261/1045 155/385/358
f 169/1100/936 321/1261/1045 171/1256/1043
f 321/1261/1045 169/1100/936 155/385/358
f 180/1101/937 169/1100/936 54/1260/1044
f 54/1260/1044 90/1262/1046 180/1101/937
f 130/1106/942 180/1101/937 90/1262/1046
f 90/1262/1046 2/1107/943 130/1106/942
f 180/1101/937 130/1106/942 151/1102/938
f 268/937/825 309/942/827 334/802/723
f 334/802/723 309/942/827 353/1263/1047
f 309/942/827 340/943/828 353/1263/1047
f 353/1263/1047 351/805/726 334/802/723
f 360/1264/1048 340/943/828 239/727/659
f 340/943/828 360/1264/1048 353/1263/1047
f 353/1263/1047 360/1264/1048 366/1265/1049
f 100/806/727 351/805/726 120/1266/1050
f 366/1265/1049 351/805/726 353/1263/1047
f 351/805/726 366/1265/1049 120/1266/1050
f 239/727/659 229/726/658 265/728/660
f 360/1264/1048 239/727/659 374/1267/1051
f 374/1267/1051 366/1265/1049 360/1264/1048
f 239/727/659 265/728/660 374/1267/1051
f 374/1267/1051 265/728/660 341/1268/1052
f 120/1266/1050 366/1265/1049 122/1269/1053
f 366/1265/1049 341/1268/1052 118/1270/1054
f 374/1267/1051 341/1268/1052 366/1265/1049
f 366/1265/1049 118/1270/1054 122/1269/1053
f 122/1269/1053 118/1270/1054 112/1271/1055
f 9/1272/763 7/1066/762 417/187/173
f 10/1273/765 9/1272/763 417/187/173
f 417/187/173 450/190/176 10/1273/765
f 74/583/538 10/1273/765 450/190/176
f 482/582/537 6/1198/773 74/583/538
f 406/580/535 426/579/534 23/1169/988
f 23/1169/988 46/1274/1056 406/580/535
f 46/1274/1056 49/1275/1057 406/580/535
f 428/1170/989 406/580/535 49/1275/1057
f 49/1275/1057 80/1276/1058 439/1173/992
f 439/1173/992 428/1170/989 49/1275/1057
f 80/1276/1058 87/1277/1059 439/1173/992
f 87/1277/1059 60/470/431 439/1173/992
f 401/472/433 439/1173/992 60/470/431
f 6/1198/773 482/582/537 489/584/539
f 389/1199/1012 6/1198/773 500/1116/949
f 503/64/64 506/65/65 389/1199/1012
f 404/1201/1014 389/1199/1012 506/65/65
f 411/1202/1015 400/1200/1013 531/1278/1060
f 566/1014/877 425/812/730 427/420/382
f 513/335/313 387/422/384 405/423/385
f 432/324/302 516/46/46 638/325/303
f 432/324/302 603/327/305 383/586/541
f 431/1177/832 574/893/797 655/894/798
f 511/1279/608 431/1177/832 655/894/798
f 661/1119/952 511/667/608 655/1120/798
f 466/587/542 612/589/544 662/551/507
f 528/591/546 578/1178/996 618/590/545
f 618/590/545 578/1178/996 665/328/306
f 578/1178/996 627/329/307 665/328/306
f 563/585/540 603/327/305 685/326/304
f 563/585/540 685/326/304 736/534/494
f 618/590/545 665/328/306 780/1122/953
f 785/1123/954 784/895/799 712/330/308
f 713/332/310 785/1123/954 712/330/308
f 872/1125/257 713/332/310 835/333/311
f 854/1130/956 746/1016/879 842/1042/898
f 686/1015/878 746/1016/879 854/1130/956
f 857/1280/960 686/1015/878 854/1130/956
f 649/889/793 686/1015/878 857/1280/960
f 806/1017/880 649/889/793 857/1280/960
f 876/620/575 696/1018/881 806/1017/880
f 700/619/574 696/1018/881 876/620/575
f 749/340/318 751/82/82 867/348/326
f 751/82/82 754/81/81 808/83/83
f 1037/108/107 1026/107/106 963/972/851
f 1103/116/113 1037/108/107 963/972/851
f 963/972/851 1001/117/114 1103/116/113
f 1068/1281/1061 1001/117/114 963/972/851
f 1065/1282/1062 1001/117/114 1068/1281/1061
f 1068/1281/1061 1066/971/850 1105/973/852
f 963/972/851 1066/971/850 1068/1281/1061
f 1105/973/852 849/974/321 1068/1281/1061
f 1068/1281/1061 849/974/321 856/1283/322
f 1068/1281/1061 856/1283/322 880/1284/323
f 1065/1282/1062 880/1284/323 883/1285/324
f 1068/1281/1061 880/1284/323 1065/1282/1062
f 1088/1286/1063 1010/353/329 1001/117/114
f 1050/355/331 1010/353/329 1088/1286/1063
f 1088/1286/1063 1001/117/114 1065/1282/1062
f 1023/1287/1064 1050/355/331 1088/1286/1063
f 1023/1287/1064 1011/362/335 1050/355/331
f 1065/1282/1062 883/1285/324 891/1288/325
f 1065/1282/1062 891/1288/325 1088/1286/1063
f 1083/1289/1065 1023/1287/1064 1088/1286/1063
f 1088/1286/1063 891/1288/325 867/1290/326
f 867/1290/326 1083/1289/1065 1088/1286/1063
f 133/1291/1066 131/153/144 43/152/143
f 133/1291/1066 173/148/139 131/153/144
f 199/147/138 173/148/139 234/151/142
f 152/1292/1067 234/151/142 173/148/139
f 170/1293/1068 173/148/139 133/1291/1066
f 173/148/139 170/1293/1068 152/1292/1067
f 79/946/831 133/1294/1066 43/180/143
f 282/1295/1069 133/1291/1066 79/1296/831
f 282/1295/1069 170/1293/1068 133/1291/1066
f 187/287/268 282/1295/1069 79/1296/831
f 79/1296/831 3/281/264 187/287/268
f 170/1293/1068 282/1295/1069 306/286/267
f 152/1292/1067 170/1293/1068 156/1297/1070
f 170/1293/1068 306/286/267 204/1298/1071
f 204/1298/1071 156/1297/1070 170/1293/1068
f 282/1295/1069 187/287/268 306/286/267
f 204/1298/1071 306/286/267 203/288/269
f 149/279/263 187/1299/268 3/280/264
f 187/287/268 149/285/263 190/284/266
f 341/1268/1052 265/728/660 186/724/656
f 338/1300/1072 341/1268/1052 186/724/656
f 186/724/656 304/730/662 338/1300/1072
f 341/1268/1052 338/1300/1072 347/1301/1073
f 347/1301/1073 338/1300/1072 117/1302/1074
f 462/1303/917 304/730/662 107/731/663
f 338/1300/1072 304/730/662 462/1303/917
f 117/1302/1074 338/1300/1072 462/1303/917
f 341/1268/1052 347/1301/1073 118/1270/1054
f 119/1304/1075 118/1270/1054 347/1301/1073
f 119/1304/1075 347/1301/1073 117/1302/1074
f 422/1305/1076 408/34/34 26/33/33
f 422/1305/1076 26/33/33 47/1306/1029
f 440/500/460 422/1305/1076 47/1306/1029
f 440/500/460 47/1306/1029 452/502/462
f 47/1306/1029 61/1307/1032 452/502/462
f 452/502/462 61/1307/1032 463/504/464
f 61/1307/1032 78/1308/1035 463/504/464
f 468/576/531 463/504/464 78/1308/1035
f 78/1308/1035 81/1163/982 468/576/531
f 408/34/34 422/1305/1076 491/499/459
f 422/1305/1076 440/500/460 491/499/459
f 468/576/531 397/578/533 518/577/532
f 539/506/466 409/505/465 451/1168/987
f 451/1168/987 426/579/534 539/506/466
f 545/507/467 541/435/397 426/579/534
f 426/579/534 406/580/535 545/507/467
f 555/748/676 433/402/370 492/887/791
f 19/404/372 433/402/370 555/748/676
f 505/481/442 384/480/441 555/748/676
f 568/1118/951 448/482/443 508/479/440
f 376/868/777 448/482/443 568/1118/951
f 576/891/795 376/868/777 568/1118/951
f 437/749/677 376/868/777 576/891/795
f 96/658/599 437/749/677 551/659/600
f 498/194/180 392/1238/1037 588/1309/1077
f 588/1309/1077 435/670/611 589/669/610
f 588/1309/1077 392/1238/1037 435/670/611
f 500/1116/949 489/584/539 613/61/61
f 506/65/65 626/68/68 400/1200/1013
f 531/1278/1060 400/1200/1013 626/68/68
f 631/67/67 531/1278/1060 626/68/68
f 411/1202/1015 531/1278/1060 631/67/67
f 631/67/67 635/70/70 411/1202/1015
f 514/815/731 401/472/433 517/816/732
f 517/816/732 524/1174/993 616/78/78
f 524/1174/993 527/1175/994 616/78/78
f 616/78/78 582/1203/1016 621/817/733
f 582/1203/1016 502/490/450 640/1117/950
f 680/71/71 755/528/488 802/1310/815
f 758/529/489 755/528/488 687/73/73
f 810/88/88 870/1311/819 720/75/75
f 811/89/89 657/530/490 709/531/491
f 811/89/89 709/531/491 827/91/91
f 709/531/491 710/77/77 827/91/91
f 710/77/77 711/76/76 834/94/94
f 711/76/76 739/79/79 834/94/94
f 834/94/94 739/79/79 717/97/97
f 788/686/625 715/521/481 670/520/480
f 836/542/500 670/520/480 740/523/483
f 788/686/625 670/520/480 836/542/500
f 748/597/552 792/1244/742 853/837/745
f 859/839/752 748/597/552 853/837/745
f 738/209/193 748/597/552 859/839/752
f 890/844/755 738/209/193 859/839/752
f 757/598/553 738/209/193 890/844/755
f 759/599/554 757/598/553 890/844/755
f 860/1312/492 889/1313/493 929/1314/935
f 929/1099/935 1058/1095/933 978/982/860
f 929/1099/935 978/982/860 1025/712/645
f 929/1099/935 1025/712/645 948/1315/1078
f 929/1316/935 1046/1317/1079 860/1318/492
f 736/1319/494 860/1320/492 1046/1321/1079
f 1046/1322/1079 929/1099/935 948/1315/1078
f 1056/1323/1080 1046/1322/1079 948/1315/1078
f 879/536/496 736/534/494 1046/1324/1079
f 1056/1323/1080 948/1315/1078 1025/712/645
f 1056/1323/1080 1097/711/644 1046/1322/1079
f 1097/711/644 1056/1323/1080 1025/712/645
f 896/715/499 1046/1322/1079 1097/711/644
f 879/1325/496 1046/1322/1079 896/715/499
f 921/552/506 913/1326/501 915/1327/505
f 1018/261/245 913/1326/501 921/552/506
f 930/257/241 1018/261/245 991/258/242
f 848/262/246 1018/261/245 921/552/506
f 19/1328/372 142/785/706 72/783/371
f 143/1329/1081 142/785/706 19/1328/372
f 188/782/704 142/785/706 194/784/705
f 217/158/149 194/784/705 222/166/157
f 194/784/705 142/785/706 222/166/157
f 142/785/706 143/1329/1081 233/1330/1082
f 142/785/706 233/1330/1082 235/168/159
f 235/168/159 222/166/157 142/785/706
f 52/1331/774 143/1329/1081 19/1328/372
f 266/1332/1083 143/1333/1081 52/1334/774
f 64/1335/775 266/1336/1083 52/1337/774
f 143/1329/1081 266/1338/1083 264/1339/1084
f 289/1340/862 266/1341/1083 64/866/775
f 64/866/775 75/867/776 289/1340/862
f 266/1338/1083 289/990/862 195/995/866
f 195/995/866 264/1339/1084 266/1338/1083
f 143/1329/1081 264/1339/1084 233/1330/1082
f 233/1330/1082 264/1339/1084 299/302/280
f 299/302/280 235/168/159 233/1330/1082
f 299/302/280 264/1339/1084 195/995/866
f 299/302/280 195/995/866 225/304/282
f 201/992/863 195/995/866 289/990/862
f 400/1200/1013 411/1202/1015 2/1108/943
f 27/1109/944 2/1108/943 411/1202/1015
f 27/1109/944 442/172/163 5/174/129
f 469/1077/919 537/878/783 86/879/725
f 469/1077/919 100/1342/727 477/1078/920
f 86/879/725 100/1342/727 469/1077/919
f 100/1342/727 120/1343/1050 481/1080/922
f 481/1080/922 477/1078/920 100/1342/727
f 481/1080/922 120/1343/1050 484/1081/923
f 487/1071/913 120/1343/1050 122/1344/1053
f 487/1071/913 484/1081/923 120/1343/1050
f 112/1271/1055 118/1270/1054 457/1345/912
f 591/221/205 590/668/609 672/219/203
f 591/221/205 663/222/206 538/679/620
f 497/574/529 675/609/564 499/510/470
f 644/512/472 393/509/469 641/511/471
f 652/519/479 532/517/477 646/515/475
f 492/887/791 415/401/369 615/518/478
f 598/581/536 690/820/736 794/819/735
f 658/824/740 716/821/737 801/822/738
f 781/120/116 658/824/740 801/822/738
f 782/823/739 584/880/784 658/824/740
f 708/62/62 584/880/784 782/823/739
f 751/82/82 749/340/318 594/47/47
f 594/47/47 605/49/49 751/82/82
f 605/49/49 648/51/51 754/81/81
f 648/51/51 699/593/548 809/84/84
f 809/84/84 699/593/548 776/962/845
f 731/595/550 776/962/845 699/593/548
f 629/594/549 732/85/85 731/595/550
f 871/1037/894 734/617/572 771/616/571
f 678/751/679 734/617/572 871/1037/894
f 746/1016/879 678/751/679 871/1037/894
f 842/1042/898 746/1016/879 871/1037/894
f 845/1346/1085 907/691/630 924/1347/1086
f 934/1348/1087 845/1346/1085 924/1347/1086
f 768/527/487 845/1346/1085 934/1348/1087
f 934/1349/1087 924/1350/1086 933/1351/1088
f 976/269/253 950/1352/1089 949/1353/1090
f 976/269/253 949/1353/1090 979/267/251
f 924/1350/1086 950/1352/1089 976/269/253
f 976/269/253 979/267/251 1071/266/250
f 933/1351/1088 924/1350/1086 976/269/253
f 937/271/255 933/1351/1088 976/269/253
f 815/892/796 768/527/487 934/1348/1087
f 934/1348/1087 1051/1354/1091 815/892/796
f 1054/104/103 934/1349/1087 933/1351/1088
f 1051/1355/1091 934/1349/1087 1054/104/103
f 786/818/734 815/892/796 1051/1354/1091
f 1054/104/103 933/1351/1088 937/271/255
f 1054/104/103 937/271/255 968/106/105
f 773/99/99 786/818/734 1051/1354/1091
f 1051/1354/1091 928/100/100 773/99/99
f 980/101/101 1051/1355/1091 1054/104/103
f 928/103/100 1051/1355/1091 980/101/101
f 1109/1139/963 957/1132/957 1044/378/351
f 1109/1139/963 1044/378/351 1126/379/352
f 1141/382/355 894/383/356 904/1356/886
f 1141/382/355 904/1356/886 823/1357/1092
f 1143/1358/1093 1126/379/352 1141/382/355
f 1141/382/355 823/1357/1092 1143/1358/1093
f 1017/1217/1023 1100/1138/962 1109/1139/963
f 1109/1139/963 1148/1359/1094 1017/1217/1023
f 1148/1359/1094 1109/1139/963 1126/379/352
f 1140/1360/1095 1017/1217/1023 1148/1359/1094
f 1069/1218/1024 1017/1217/1023 1140/1360/1095
f 1148/1359/1094 1126/379/352 1143/1358/1093
f 1143/1358/1093 823/1357/1092 825/1361/887
f 1140/1360/1095 1148/1359/1094 1143/1358/1093
f 1143/1358/1093 825/1361/887 916/1362/888
f 1143/1358/1093 916/1362/888 1140/1360/1095
f 1140/1360/1095 916/1362/888 884/1363/632
f 132/143/134 137/149/140 135/1232/1034
f 135/1232/1034 137/149/140 211/1364/1096
f 135/1232/1034 211/1364/1096 345/1231/1033
f 159/150/141 234/151/142 211/1364/1096
f 137/149/140 159/150/141 211/1364/1096
f 211/1364/1096 234/151/142 283/1365/1097
f 81/1235/982 262/1234/1036 24/1366/983
f 345/1231/1033 211/1364/1096 262/1234/1036
f 24/1366/983 262/1234/1036 25/1367/984
f 25/1367/984 262/1234/1036 211/1364/1096
f 211/1364/1096 283/1365/1097 280/1368/1098
f 68/1369/985 25/1367/984 211/1364/1096
f 68/1369/985 211/1364/1096 280/1368/1098
f 234/151/142 152/1292/1067 283/1365/1097
f 152/1292/1067 218/1370/1099 283/1365/1097
f 280/1368/1098 283/1365/1097 328/1371/1100
f 103/1372/986 68/1369/985 280/1368/1098
f 280/1368/1098 328/1371/1100 103/1372/986
f 23/1373/988 103/1372/986 328/1371/1100
f 283/1365/1097 218/1370/1099 328/1371/1100
f 270/1374/1101 328/1371/1100 218/1370/1099
f 23/1373/988 328/1371/1100 46/1375/1056
f 328/1371/1100 270/1374/1101 46/1375/1056
f 17/1000/865 75/867/776 376/868/777
f 376/868/777 437/749/677 17/1000/865
f 96/658/599 17/1000/865 437/749/677
f 38/35/35 96/658/599 388/36/36
f 84/414/293 91/1376/1102 458/415/377
f 458/415/377 91/1376/1102 470/1114/947
f 475/883/787 470/1114/947 91/1376/1102
f 91/1376/1102 102/1377/1103 475/883/787
f 102/1377/1103 109/1378/1104 453/871/780
f 453/871/780 475/883/787 102/1377/1103
f 109/1378/1104 83/869/778 453/871/780
f 471/872/781 89/870/779 93/874/716
f 498/194/180 391/485/445 392/1238/1037
f 416/488/448 375/483/444 501/486/446
f 460/489/449 416/488/448 504/198/182
f 438/467/428 419/202/186 521/204/188
f 521/204/188 533/206/190 438/467/428
f 446/182/168 438/467/428 533/206/190
f 393/509/469 390/575/530 499/510/470
f 420/516/476 395/513/473 581/514/474
f 420/516/476 532/517/477 399/400/368
f 415/401/369 492/887/791 433/402/370
f 591/221/205 447/665/606 590/668/609
f 462/1075/917 447/665/606 591/221/205
f 538/679/620 462/1075/917 591/221/205
f 499/510/470 675/609/564 722/611/566
f 641/511/471 499/510/470 722/611/566
f 644/512/472 646/515/475 581/514/474
f 652/519/479 734/617/572 615/518/478
f 492/887/791 615/518/478 678/751/679
f 556/1076/918 562/1079/921 664/600/555
f 664/600/555 562/1079/921 723/601/556
f 729/253/237 681/676/617 600/675/616
f 600/675/616 683/602/557 729/253/237
f 744/1204/1017 745/896/800 639/319/297
f 793/1379/261 745/896/800 744/1204/1017
f 769/336/314 628/337/315 819/342/320
f 628/337/315 632/320/298 819/342/320
f 749/340/318 830/339/317 706/338/316
f 835/333/311 745/896/800 875/1210/258
f 745/896/800 793/1379/261 875/1210/258
f 899/1380/848 793/1379/261 744/1204/1017
f 899/1380/848 725/334/312 919/1381/849
f 744/1204/1017 725/334/312 899/1380/848
f 725/334/312 769/336/314 919/1381/849
f 919/1381/849 769/336/314 849/343/321
f 804/1023/884 885/913/808 1061/912/809
f 966/915/810 947/1382/1105 1061/914/809
f 997/769/695 966/915/810 1078/760/688
f 997/769/695 1078/760/688 1014/761/689
f 947/1382/1105 966/915/810 997/769/695
f 997/769/695 1029/771/697 947/1382/1105
f 783/959/842 804/1023/884 1061/912/809
f 1039/1383/1106 783/1384/842 1061/914/809
f 1039/1383/1106 1061/914/809 947/1382/1105
f 760/1385/209 783/1384/842 1039/1383/1106
f 1055/1386/1107 760/225/209 1039/1387/1106
f 1055/1388/1107 1039/1383/1106 1048/1389/1108
f 1048/1389/1108 944/634/583 1055/1388/1107
f 1048/1389/1108 1039/1383/1106 987/1182/1000
f 1039/1383/1106 947/1382/1105 1029/771/697
f 1029/771/697 987/1182/1000 1039/1383/1106
f 1009/636/585 1048/1389/1108 987/1182/1000
f 983/635/584 1048/1389/1108 1009/636/585
f 944/634/583 1048/1389/1108 983/635/584
f 846/341/319 760/225/209 1055/1386/1107
f 926/638/582 846/341/319 1055/1386/1107
f 926/633/582 1055/1388/1107 944/634/583
f 1090/846/757 1033/835/750 1112/1390/1109
f 1090/846/757 1112/1390/1109 1128/1391/1110
f 1110/847/758 1090/846/757 1131/1392/1111
f 1131/1392/1111 1090/846/757 1128/1391/1110
f 1128/1391/1110 1112/1390/1109 886/1393/401
f 1128/1391/1110 886/1393/401 905/1394/405
f 905/1394/405 903/1395/407 1128/1391/1110
f 1128/1391/1110 903/1395/407 1131/1392/1111
f 996/1091/930 1110/847/758 1131/1392/1111
f 996/1091/930 1131/1392/1111 1135/1396/1112
f 1118/977/855 996/1091/930 1135/1396/1112
f 1118/977/855 1135/1396/1112 1144/1397/1113
f 1122/978/856 1118/977/855 1144/1397/1113
f 1131/1392/1111 903/1395/407 918/1398/410
f 918/1398/410 1135/1396/1112 1131/1392/1111
f 1135/1396/1112 918/1398/410 1144/1397/1113
f 1144/1397/1113 918/1398/410 887/1399/229
f 892/983/231 1144/1397/1113 887/1399/229
f 1122/978/856 1144/1397/1113 892/983/231
f 154/1400/1114 298/1002/870 38/35/35
f 298/1003/870 154/1401/1114 166/1402/1115
f 42/571/526 154/1400/1114 38/35/35
f 311/1004/871 298/1003/870 237/1403/1116
f 298/1003/870 166/1402/1115 267/788/709
f 267/788/709 237/1403/1116 298/1003/870
f 333/1006/873 311/1004/871 237/1403/1116
f 166/1402/1115 154/1401/1114 271/1404/1117
f 166/1402/1115 271/1404/1117 267/788/709
f 71/572/527 154/1400/1114 42/571/526
f 154/1401/1114 71/1405/527 295/1406/1118
f 313/1407/1119 71/1405/527 85/1408/528
f 202/934/824 295/1406/1118 71/1405/527
f 71/1405/527 313/1407/1119 202/934/824
f 154/1401/1114 295/1406/1118 271/1404/1117
f 319/786/707 267/788/709 271/1404/1117
f 319/786/707 295/1406/1118 329/789/710
f 271/1404/1117 295/1406/1118 319/786/707
f 202/934/824 329/789/710 295/1406/1118
f 329/789/710 202/934/824 220/798/719
f 329/789/710 220/798/719 355/791/712
f 32/42/42 313/1409/1119 85/573/528
f 228/933/823 202/934/824 313/1407/1119
f 140/928/821 313/1409/1119 32/42/42
f 140/935/821 228/933/823 313/1407/1119
f 317/313/291 314/1005/872 339/1410/1120
f 342/311/289 317/313/291 344/1411/1121
f 317/313/291 339/1410/1120 344/1411/1121
f 314/1005/872 333/1006/873 339/1410/1120
f 344/1411/1121 339/1410/1120 354/1412/1122
f 354/1412/1122 339/1410/1120 356/1413/1123
f 342/311/289 344/1411/1121 358/316/294
f 91/1414/1102 84/315/293 358/316/294
f 344/1411/1121 354/1412/1122 358/316/294
f 358/316/294 354/1412/1122 91/1414/1102
f 91/1414/1102 354/1412/1122 102/1415/1103
f 354/1412/1122 356/1413/1123 102/1415/1103
f 237/1403/1116 339/1410/1120 333/1006/873
f 339/1410/1120 237/1403/1116 356/1413/1123
f 356/1413/1123 237/1403/1116 370/1416/1124
f 370/1416/1124 237/1403/1116 267/788/709
f 336/787/708 370/1416/1124 267/788/709
f 102/1415/1103 356/1413/1123 109/1417/1104
f 356/1413/1123 370/1416/1124 373/1418/1125
f 109/1417/1104 373/1418/1125 83/1419/778
f 356/1413/1123 373/1418/1125 109/1417/1104
f 83/1419/778 373/1418/1125 89/1420/779
f 336/787/708 373/1418/1125 370/1416/1124
f 89/1420/779 336/787/708 93/795/716
f 373/1418/1125 336/787/708 89/1420/779
f 6/1198/773 389/1199/1012 8/1259/1042
f 54/1257/1044 8/1259/1042 389/1199/1012
f 389/1199/1012 404/1201/1014 54/1257/1044
f 90/1421/1046 54/1257/1044 404/1201/1014
f 404/1201/1014 400/1200/1013 90/1421/1046
f 2/1108/943 90/1421/1046 400/1200/1013
f 122/1344/1053 112/1422/1055 487/1071/913
f 457/1070/912 487/1071/913 112/1422/1055
f 462/1075/917 107/1423/663 447/665/606
f 476/1424/914 457/1345/912 118/1270/1054
f 476/1424/914 118/1270/1054 119/1304/1075
f 478/1425/916 119/1304/1075 117/1302/1074
f 478/1083/916 476/1072/914 119/1426/1075
f 478/1425/916 117/1302/1074 462/1303/917
f 509/177/165 512/1179/997 398/179/166
f 380/944/829 398/179/166 512/1179/997
f 390/575/530 403/945/830 587/957/841
f 587/957/841 497/574/529 390/575/530
f 557/1171/990 593/508/468 406/580/535
f 514/815/731 558/1172/991 439/1173/992
f 517/816/732 414/474/435 524/1174/993
f 527/1175/994 429/476/437 616/78/78
f 582/1203/1016 616/78/78 429/476/437
f 582/1203/1016 429/476/437 436/478/439
f 582/1203/1016 436/478/439 502/490/450
f 410/38/38 493/37/37 596/596/551
f 569/674/615 562/1079/921 481/1080/922
f 569/674/615 484/1081/923 600/675/616
f 600/675/616 484/1081/923 579/1082/924
f 579/1082/924 530/677/618 600/675/616
f 530/677/618 457/1070/912 617/604/559
f 457/1070/912 535/1073/915 617/604/559
f 535/1073/915 476/1072/914 617/604/559
f 585/1084/619 617/604/559 476/1072/914
f 498/194/180 588/1309/1077 670/520/480
f 670/520/480 589/669/610 671/522/482
f 588/1309/1077 589/669/610 670/520/480
f 719/235/219 597/234/218 807/899/801
f 807/899/801 650/236/220 814/238/222
f 597/234/218 650/236/220 807/899/801
f 727/1025/885 814/238/222 601/237/221
f 823/1427/1092 904/1026/886 693/239/223
f 904/1026/886 727/1025/885 693/239/223
f 823/1427/1092 693/239/223 825/1027/887
f 693/239/223 826/241/225 825/1027/887
f 821/538/497 837/540/498 661/1119/952
f 741/220/204 661/1119/952 837/540/498
f 741/220/204 837/540/498 838/437/399
f 740/523/483 839/545/503 836/542/500
f 839/545/503 740/523/483 673/1205/1018
f 840/548/504 839/547/503 673/1428/1018
f 840/548/504 673/1428/1018 662/551/507
f 845/1346/1085 764/526/486 907/691/630
f 768/527/487 764/526/486 845/1346/1085
f 802/1310/815 755/528/488 862/1429/816
f 680/71/71 802/1310/815 897/630/524
f 755/528/488 758/529/489 862/1429/816
f 758/529/489 720/75/75 870/1311/819
f 863/90/90 870/1311/819 810/88/88
f 863/90/90 811/89/89 881/92/92
f 1022/1430/1126 1011/362/335 1023/1287/1064
f 1043/365/338 1011/362/335 1022/1430/1126
f 1022/1430/1126 1023/1287/1064 1083/1289/1065
f 1083/1289/1065 1093/1431/1127 1022/1430/1126
f 1083/1289/1065 867/1290/326 1093/1431/1127
f 1093/1431/1127 867/1290/326 751/1432/82
f 1003/905/803 1043/365/338 1108/1433/1128
f 1108/1433/1128 1043/365/338 1022/1430/1126
f 1013/906/804 1003/905/803 1108/1433/1128
f 1013/906/804 1108/1433/1128 946/757/685
f 943/756/684 1013/906/804 946/757/685
f 1108/1433/1128 1022/1430/1126 1093/1431/1127
f 1116/763/691 1108/1433/1128 1093/1431/1127
f 1093/1431/1127 751/1432/82 808/764/83
f 1093/1431/1127 808/764/83 1116/763/691
f 946/757/685 1108/1433/1128 1116/763/691
f 4/464/425 243/1155/975 111/1156/976
f 134/1434/1129 243/1155/975 4/464/425
f 243/1157/975 134/1435/1129 144/1162/981
f 28/465/426 134/1434/1129 4/464/425
f 181/1158/977 144/1162/981 221/1193/1010
f 221/1193/1010 189/1161/980 181/1158/977
f 238/1194/1011 241/1189/1007 221/1193/1010
f 238/1194/1011 221/1193/1010 257/1/1
f 221/1193/1010 256/1436/1130 257/1/1
f 30/466/427 134/1434/1129 28/465/426
f 284/1437/1131 134/1435/1129 30/1438/427
f 286/1439/1132 144/1162/981 134/1435/1129
f 134/1435/1129 284/1437/1131 286/1439/1132
f 172/1051/903 284/1437/1131 30/1438/427
f 30/1438/427 50/1440/429 172/1051/903
f 294/1441/1133 172/1051/903 50/1440/429
f 221/1193/1010 144/1162/981 286/1439/1132
f 221/1193/1010 286/1439/1132 256/1436/1130
f 163/2/2 257/1/1 256/1436/1130
f 286/1439/1132 284/1437/1131 256/1436/1130
f 256/1436/1130 284/1437/1131 163/2/2
f 172/1051/903 163/2/2 284/1437/1131
f 163/2/2 172/1051/903 177/8/8
f 50/1440/429 21/1046/430 294/1441/1133
f 178/15/15 172/1051/903 294/1441/1133
f 147/1044/900 294/1442/1133 21/1045/430
f 294/1441/1133 147/1050/900 178/15/15
f 152/1292/1067 156/1297/1070 213/1443/1134
f 213/1443/1134 218/1370/1099 152/1292/1067
f 218/1370/1099 213/1443/1134 270/1374/1101
f 156/1297/1070 204/1298/1071 213/1443/1134
f 204/1298/1071 203/288/269 245/1444/1135
f 213/1443/1134 204/1298/1071 253/1445/1136
f 204/1298/1071 245/1444/1135 253/1445/1136
f 49/1446/1057 46/1375/1056 270/1374/1101
f 253/1445/1136 270/1374/1101 213/1443/1134
f 270/1374/1101 253/1445/1136 49/1446/1057
f 49/1446/1057 253/1445/1136 80/1447/1058
f 245/1444/1135 203/288/269 240/290/271
f 296/1448/1137 253/1445/1136 245/1444/1135
f 245/1444/1135 240/290/271 296/1448/1137
f 296/1448/1137 240/290/271 303/1449/1138
f 310/1057/908 240/290/271 290/1055/906
f 80/1447/1058 296/1448/1137 87/1450/1059
f 253/1445/1136 296/1448/1137 80/1447/1058
f 87/1450/1059 303/1449/1138 60/1451/431
f 296/1448/1137 303/1449/1138 87/1450/1059
f 303/1449/1138 240/290/271 310/1057/908
f 60/1451/431 310/1057/908 63/1452/432
f 303/1449/1138 310/1057/908 60/1451/431
f 63/1452/432 310/1057/908 70/1059/434
f 56/1453/654 11/747/653 383/586/541
f 383/586/541 412/1176/995 56/1453/654
f 412/1176/995 431/1177/832 56/1453/654
f 431/1177/832 95/1454/661 56/1453/654
f 431/948/832 443/666/607 95/1455/661
f 95/729/661 443/1456/607 447/1457/606
f 95/729/661 447/1457/606 107/731/663
f 65/1153/973 454/1458/612 435/1242/611
f 115/738/668 454/1458/612 65/1153/973
f 454/1458/612 115/738/668 123/741/670
f 123/1459/670 459/673/614 454/671/612
f 124/732/664 65/1153/973 69/733/665
f 115/738/668 65/1153/973 124/732/664
f 124/732/664 126/739/667 115/738/668
f 464/1460/613 123/1461/670 127/1462/671
f 464/1463/613 459/1464/614 123/1465/670
f 464/1466/613 127/1467/671 466/587/542
f 407/588/543 466/587/542 127/1467/671
f 127/1467/671 12/1007/672 407/588/543
f 436/478/439 449/1067/154 502/490/450
f 449/1067/154 465/493/453 502/490/450
f 125/405/161 472/407/373 445/496/456
f 472/407/373 480/408/374 575/497/457
f 486/411/375 575/497/457 480/408/374
f 486/411/375 488/413/376 543/498/458
f 543/498/458 488/413/376 547/1087/927
f 547/1087/927 488/413/376 458/415/377
f 596/596/551 689/208/192 410/38/38
f 577/45/45 510/43/43 647/211/195
f 516/46/46 577/45/45 705/210/194
f 638/325/303 516/46/46 705/210/194
f 672/219/203 511/667/608 661/1119/952
f 590/668/609 511/667/608 672/219/203
f 671/522/482 464/672/613 673/1205/1018
f 589/669/610 464/672/613 671/522/482
f 662/551/507 673/1428/1018 466/587/542
f 673/1428/1018 464/1466/613 466/587/542
f 609/228/212 728/230/214 611/955/839
f 614/232/216 611/955/839 728/230/214
f 697/956/840 614/232/216 730/231/215
f 675/609/564 497/574/529 697/956/840
f 639/319/297 745/896/800 595/317/295
f 639/319/297 606/318/296 744/1204/1017
f 744/1204/1017 566/1014/877 725/334/312
f 632/320/298 633/322/300 706/338/316
f 789/367/340 708/62/62 787/361/334
f 682/60/60 708/62/62 789/367/340
f 775/958/802 682/60/60 789/367/340
f 797/1022/806 718/63/63 775/958/802
f 797/1022/806 798/1021/883 718/63/63
f 721/66/66 718/63/63 798/1021/883
f 804/1023/884 721/66/66 798/1021/883
f 724/69/69 721/66/66 804/1023/884
f 783/959/842 724/69/69 804/1023/884
f 760/225/209 846/341/319 677/223/207
f 925/1468/1139 841/1469/624 844/1470/502
f 714/1471/484 841/1469/624 956/1472/1140
f 956/1472/1140 841/1469/624 925/1468/1139
f 852/687/626 714/524/484 956/1473/1140
f 844/1470/502 913/1326/501 925/1468/1139
f 982/1474/1141 956/1472/1140 925/1468/1139
f 1018/261/245 925/1468/1139 913/1326/501
f 982/1474/1141 925/1468/1139 1018/261/245
f 1018/261/245 930/257/241 982/1474/1141
f 1007/1475/1142 982/1474/1141 930/257/241
f 956/1473/1140 1028/1476/1143 852/687/626
f 1028/1477/1143 956/1472/1140 982/1474/1141
f 796/1478/627 852/1479/626 1028/1477/1143
f 982/1474/1141 1041/1480/1144 1028/1477/1143
f 888/1481/629 796/1478/627 1028/1477/1143
f 888/1481/629 1028/1477/1143 1041/1480/1144
f 949/1353/1090 888/1481/629 1041/1480/1144
f 1041/1480/1144 982/1474/1141 1007/1475/1142
f 1041/1480/1144 1007/1475/1142 930/257/241
f 1041/1480/1144 979/267/251 949/1353/1090
f 1006/256/240 1041/1480/1144 930/257/241
f 979/267/251 1041/1480/1144 1006/256/240
f 888/1481/629 950/1352/1089 907/1482/630
f 950/1352/1089 888/1481/629 949/1353/1090
f 924/1350/1086 907/1482/630 950/1352/1089
f 1124/1483/1145 1069/1218/1024 1120/1484/1146
f 1084/1219/1025 1069/1218/1024 1124/1483/1145
f 1120/1484/1146 1069/1218/1024 1140/1360/1095
f 1124/1483/1145 1120/1484/1146 1132/1485/1147
f 1000/833/748 1084/1219/1025 1124/1483/1145
f 805/1486/631 1140/1360/1095 884/1363/632
f 1120/1484/1146 1140/1360/1095 805/1486/631
f 805/1486/631 800/1487/633 1120/1484/1146
f 1120/1484/1146 800/1487/633 1132/1485/1147
f 1132/1488/1147 800/694/633 917/696/635
f 917/1489/635 1145/1490/1148 1132/1485/1147
f 1008/834/749 1000/833/748 1124/1483/1145
f 1132/1485/1147 1145/1490/1148 1124/1483/1145
f 1008/834/749 1124/1483/1145 1145/1490/1148
f 1146/1491/1149 1008/834/749 1145/1490/1148
f 1112/1390/1109 1008/834/749 1146/1491/1149
f 1008/834/749 1112/1390/1109 1033/835/750
f 1145/1490/1148 917/1489/635 756/1492/404
f 1145/1490/1148 756/1492/404 1146/1491/1149
f 1112/1390/1109 1146/1491/1149 886/1393/401
f 756/1492/404 886/1393/401 1146/1491/1149
