# Blender 4.3.2
# www.blender.org
mtllib fused_model.mtl
o nut-m16_mesh
v 0.009969 -0.005600 0.001141
v 0.005353 -0.005651 -0.009739
v 0.005947 -0.005537 -0.008922
v -0.005626 -0.005575 -0.009450
v -0.001844 -0.005645 -0.010438
v 0.008783 -0.004993 0.001426
v 0.001764 -0.005159 0.011400
v 0.009399 -0.005132 0.005833
v -0.004725 -0.005110 -0.011130
v 0.008621 -0.004896 0.006803
v -0.011063 -0.005145 0.001307
v -0.010752 -0.005122 -0.004732
v -0.003937 -0.005179 0.010214
v -0.000112 -0.005152 0.011039
v -0.002821 -0.004833 0.007791
v -0.002650 -0.005233 -0.008884
v 0.009753 -0.005326 -0.001884
v -0.001791 -0.005009 0.008693
v 0.007980 -0.005087 0.005186
v 0.009036 -0.005186 -0.000147
v -0.006462 -0.005284 0.008675
v 0.003037 -0.005304 0.010572
v -0.004212 -0.005065 -0.008105
v 0.008260 -0.005146 -0.004603
v -0.000076 -0.005143 -0.008992
v 0.007789 -0.005017 -0.005350
v -0.008110 -0.005138 -0.007969
v -0.008222 -0.005160 -0.004366
v 0.011343 -0.005185 -0.000306
v 0.004705 -0.005118 0.007207
v -0.001186 -0.005232 -0.011412
v 0.000417 -0.004992 0.008666
v 0.002181 -0.004973 0.008288
v 0.009476 -0.005254 0.004240
v 0.007270 -0.005010 0.008492
v 0.011184 -0.005182 -0.001704
v 0.008341 -0.004918 0.007719
v 0.004845 -0.004683 0.010522
v -0.009298 -0.005102 0.002822
v -0.008621 -0.005177 -0.005979
v -0.008502 -0.005043 0.007496
v 0.008641 -0.004998 -0.003068
v -0.011408 -0.004935 -0.000159
v -0.011439 -0.005161 -0.001486
v -0.008275 -0.004857 -0.008435
v 0.010296 -0.005171 0.003988
v -0.009890 -0.005022 0.005133
v -0.007907 -0.005192 -0.005264
v 0.005969 -0.005171 0.009264
v -0.006879 -0.005041 -0.006236
v 0.009160 -0.005283 0.002488
v 0.010720 -0.005257 -0.002956
v -0.006669 -0.005066 -0.009918
v 0.010988 -0.005043 -0.004234
v -0.005508 -0.004944 0.009748
v 0.010098 -0.005037 -0.005591
v -0.002054 -0.005157 0.010366
v -0.008101 -0.005029 0.004963
v 0.007882 -0.005373 -0.006605
v 0.005376 -0.004816 -0.010577
v 0.005204 -0.004946 -0.006941
v -0.010896 -0.005222 -0.002854
v 0.007696 -0.004743 -0.008883
v -0.008636 -0.004999 -0.003025
v 0.008625 -0.005207 -0.007735
v 0.004208 -0.004900 -0.010896
v 0.004119 -0.005356 -0.008177
v 0.006509 -0.005025 -0.006404
v -0.009019 -0.004976 0.000269
v -0.006651 -0.005150 0.006643
v -0.004917 -0.004977 0.007108
v -0.007043 -0.005074 0.005439
v -0.003677 -0.005049 0.007637
v 0.000963 -0.005472 0.010774
v -0.006744 -0.005426 -0.008821
v -0.004246 -0.005380 -0.008898
v 0.003576 -0.005420 0.008448
v -0.007355 -0.005393 0.007687
v 0.009868 -0.005437 -0.000635
v -0.001194 -0.005256 0.009610
v 0.002315 -0.005338 0.009937
v -0.009790 -0.005455 -0.004803
v -0.005579 -0.005215 -0.007013
v 0.000060 -0.005220 0.010058
v 0.005835 -0.005233 0.007232
v -0.005322 -0.005318 -0.007866
v 0.003940 -0.005366 0.009820
v 0.007095 -0.005242 0.007746
v -0.006015 -0.005462 0.008126
v 0.008941 -0.005156 0.004180
v 0.002836 -0.005114 -0.008383
v -0.005267 -0.005281 0.008983
v 0.000061 -0.005374 -0.009940
v -0.004044 -0.005411 0.009433
v 0.010323 -0.005276 0.002446
v 0.001833 -0.005556 -0.010029
v 0.006168 -0.005455 -0.007827
v 0.010624 -0.005516 -0.000427
v -0.003661 -0.005440 -0.010620
v 0.007031 -0.004984 0.006088
v 0.007093 -0.005430 -0.007995
v 0.010839 -0.005343 0.001381
v -0.004584 -0.005512 -0.010421
v 0.004883 -0.005452 0.008931
v -0.009877 -0.005231 -0.000494
v -0.010733 -0.005406 -0.001723
v 0.002977 -0.005410 -0.010250
v -0.009464 -0.005158 -0.001775
v 0.008743 -0.005220 -0.006002
v 0.000104 -0.005359 -0.010900
v -0.008773 -0.005150 0.006317
v -0.009764 -0.005445 -0.003524
v 0.001604 -0.005273 -0.011060
v -0.005872 -0.004720 0.006003
v -0.006107 -0.004319 -0.005790
v 0.011545 -0.004580 0.001898
v 0.002442 -0.004396 -0.007888
v -0.000264 -0.004633 0.011755
v -0.002322 -0.004233 0.011494
v 0.011833 -0.004607 -0.001202
v 0.005525 -0.004546 0.006042
v 0.009216 -0.004579 -0.008060
v 0.009238 -0.004613 0.007594
v 0.006270 -0.004630 0.010005
v -0.001038 -0.004653 0.011394
v -0.004033 -0.004605 0.006924
v 0.003199 -0.004583 -0.011681
v 0.012065 -0.004468 -0.003107
v 0.002990 -0.004634 0.011400
v -0.011819 -0.004212 -0.003007
v -0.008643 -0.004563 -0.000697
v -0.003750 -0.004225 -0.007633
v -0.008078 -0.004440 -0.002265
v -0.007846 -0.004682 0.008830
v -0.011388 -0.004275 -0.005245
v -0.000924 -0.004676 -0.012500
v 0.000320 -0.004468 0.007950
v -0.010508 -0.004840 -0.006047
v 0.000158 -0.004848 -0.012450
v 0.007080 -0.004664 0.004165
v 0.008128 -0.004696 -0.002667
v 0.006876 -0.004760 -0.009665
v -0.005932 -0.004542 -0.010779
v 0.007186 -0.004427 -0.004550
v 0.006217 -0.004342 -0.005580
v -0.009921 -0.004772 0.006479
v -0.006405 -0.004287 0.004824
v -0.009387 -0.004439 0.007526
v 0.010481 -0.004619 0.005069
v 0.010222 -0.004599 -0.006794
v -0.004846 -0.004632 -0.011435
v 0.002315 -0.004347 0.007249
v 0.001599 -0.004767 -0.008360
v -0.002315 -0.003690 -0.007634
v -0.000915 -0.004293 -0.008150
v 0.011257 -0.004764 0.003313
v -0.006497 -0.004427 0.009631
v -0.011888 -0.004765 0.001131
v 0.004341 -0.004495 -0.007031
v -0.007760 -0.004676 -0.004437
v -0.000899 -0.004569 0.008133
v 0.003648 -0.004796 0.007179
v -0.002153 -0.004374 -0.012255
v -0.007982 -0.004480 0.003225
v 0.008497 -0.004645 -0.001450
v -0.010637 -0.004907 0.003109
v -0.008502 -0.004843 0.003919
v 0.010858 -0.004738 -0.005555
v 0.006572 -0.004879 0.005638
v -0.009427 -0.004835 -0.006853
v 0.007788 -0.004712 0.002880
v -0.011175 -0.004191 0.004049
v -0.008922 -0.003735 0.008410
v 0.004533 -0.004015 0.011020
v -0.007348 -0.004228 -0.010231
v 0.001900 -0.004211 -0.012668
v 0.004062 -0.003858 0.006268
v 0.007574 -0.004051 -0.009543
v 0.007906 -0.004162 0.000673
v -0.003604 -0.003876 0.011846
v -0.006866 -0.004133 0.004038
v 0.000731 -0.003748 -0.007664
v 0.009197 -0.003922 0.008444
v -0.005336 -0.004023 -0.011253
v -0.007948 -0.003748 0.000010
v 0.010221 -0.003734 0.007647
v -0.000663 -0.003699 -0.013058
v -0.012320 -0.004180 0.001628
v 0.006798 -0.003865 0.010145
v 0.010597 -0.004210 0.006244
v -0.004584 -0.003803 0.011536
v -0.004907 -0.003959 -0.006399
v 0.011953 -0.003843 0.000322
v -0.001694 -0.003557 0.012302
v 0.005460 -0.003795 0.005308
v 0.005815 -0.003962 -0.010803
v 0.011147 -0.003826 0.004992
v -0.003772 -0.003902 0.006532
v 0.011581 -0.004049 0.003245
v 0.011566 -0.003967 0.002381
v 0.002180 -0.004086 0.011986
v -0.005505 -0.003697 0.010851
v -0.012051 -0.003765 0.000094
v 0.007757 -0.003999 -0.001650
v -0.011799 -0.004642 0.002156
v 0.004550 -0.004104 -0.011768
v -0.007776 -0.003843 0.009499
v 0.007419 -0.004112 0.002167
v 0.007167 -0.003352 -0.002463
v 0.006670 -0.003457 -0.004081
v -0.010257 -0.003894 -0.008129
v 0.012362 -0.003892 -0.002761
v -0.008330 -0.004060 -0.009575
v 0.004720 -0.003627 -0.006303
v -0.012137 -0.003868 -0.001648
v 0.012085 -0.004146 -0.004640
v -0.010716 -0.003997 -0.006989
v 0.010908 -0.003973 -0.006734
v 0.010203 -0.003914 -0.007516
v -0.003767 -0.004327 -0.011754
v 0.008062 -0.003568 0.009395
v 0.000968 -0.003928 0.007240
v 0.005402 -0.003179 0.010571
v -0.011140 -0.004066 0.004965
v -0.012052 -0.003332 0.004498
v -0.004606 -0.003290 0.005720
v -0.003628 -0.003001 -0.006847
v -0.012119 -0.003332 -0.000597
v 0.003865 -0.003802 -0.012092
v 0.010930 -0.003425 0.006535
v -0.001411 -0.003294 -0.007655
v -0.012413 -0.003089 0.003296
v 0.012193 -0.003994 -0.001956
v 0.006971 -0.003355 -0.009940
v -0.000388 -0.003154 0.013066
v 0.000940 -0.003532 0.012489
v 0.000310 -0.003487 -0.013531
v -0.008677 -0.003268 0.008469
v -0.011225 -0.003529 -0.006169
v -0.010499 -0.003544 0.007145
v 0.001545 -0.003299 -0.013521
v 0.012314 -0.003168 -0.003110
v 0.003725 -0.003156 -0.012323
v 0.012363 -0.003398 -0.004452
v -0.008938 -0.003477 -0.009440
v -0.011191 -0.003637 0.006371
v -0.000646 -0.003800 0.012742
v 0.003795 -0.002776 -0.006690
v 0.005884 -0.003424 -0.010856
v 0.008963 -0.003533 -0.008416
v -0.010828 -0.003357 -0.007986
v 0.011646 -0.003311 -0.006303
v -0.000621 -0.003704 0.007392
v 0.004670 -0.003400 -0.011811
v 0.007134 -0.002838 0.000198
v 0.005311 -0.003101 -0.005584
v 0.006619 -0.003844 0.003854
v -0.012440 -0.003398 0.001672
v -0.006566 -0.003208 0.003543
v 0.011471 -0.002915 0.003288
v 0.003388 -0.003104 0.006608
v -0.004989 -0.003704 0.005498
v 0.002541 -0.003341 0.011644
v 0.004016 -0.003538 0.011039
v -0.006418 -0.003117 0.010167
v 0.007170 -0.003164 0.002064
v -0.002273 -0.003830 0.006973
v -0.007337 -0.003534 -0.003242
v -0.007047 -0.003570 -0.004378
v -0.007389 -0.003327 -0.010214
v -0.007237 -0.003428 0.009633
v -0.007198 -0.003262 0.001469
v -0.005536 -0.002968 -0.010758
v -0.002825 -0.003225 -0.012076
v -0.005781 -0.002786 0.004342
v 0.007165 -0.003143 0.010033
v -0.008272 -0.002840 -0.009635
v -0.004189 -0.003018 0.012130
v 0.003998 -0.002500 0.006407
v -0.001365 -0.002724 -0.012322
v -0.011155 -0.002974 -0.005937
v 0.007804 -0.002004 -0.008562
v -0.007123 -0.002180 0.000024
v -0.010993 -0.002974 -0.007629
v -0.004953 -0.002381 -0.005752
v 0.005836 -0.002966 -0.010535
v 0.009008 -0.002936 0.009098
v 0.002996 -0.003305 -0.007187
v -0.003815 -0.002435 -0.011277
v 0.005728 -0.002824 0.005035
v -0.007433 -0.002969 -0.001444
v 0.010620 -0.002726 0.007146
v -0.011932 -0.002675 -0.000624
v -0.011271 -0.002761 0.006719
v -0.011611 -0.002962 -0.002735
v -0.001699 -0.002859 0.012709
v -0.012225 -0.002946 0.000782
v 0.006511 -0.002889 0.003874
v 0.012068 -0.002695 -0.005499
v 0.007100 -0.002523 -0.000990
v 0.005985 -0.002314 -0.004098
v -0.012365 -0.002441 0.005678
v -0.010230 -0.002400 0.007447
v -0.006404 -0.002826 -0.004378
v -0.011599 -0.003373 -0.004065
v 0.009836 -0.002721 0.008464
v -0.000447 -0.002170 -0.007676
v 0.001002 -0.002867 0.012205
v 0.000416 -0.002925 0.007308
v -0.010720 -0.002668 -0.008460
v 0.009696 -0.002688 -0.007568
v -0.003344 -0.002981 0.006504
v 0.001712 -0.001930 0.006939
v 0.011164 -0.002796 -0.006675
v -0.001087 -0.002917 0.007222
v 0.007063 -0.002628 0.002538
v -0.006786 -0.002789 0.002255
v 0.000199 -0.001603 0.012632
v 0.008469 -0.002569 -0.008189
v -0.002996 -0.002425 -0.006913
v 0.011222 -0.001734 0.003934
v -0.005176 -0.001789 0.005332
v 0.006260 -0.002331 -0.009659
v 0.011920 -0.002408 -0.001967
v 0.002607 -0.002422 0.011126
v -0.011393 -0.001113 -0.002619
v 0.006808 -0.002278 -0.002592
v 0.004291 -0.002530 0.010726
v 0.012332 -0.002457 -0.003439
v -0.012272 -0.001994 0.001665
v 0.004486 -0.002507 -0.011073
v -0.011308 -0.001800 -0.004997
v 0.011633 -0.002490 0.001902
v 0.000780 -0.001870 -0.007250
v -0.010862 -0.002196 -0.006545
v 0.003210 -0.001363 -0.006807
v 0.002858 -0.002122 0.006694
v -0.006954 -0.002570 -0.002755
v -0.007081 -0.002306 -0.010099
v -0.006120 -0.002336 0.003601
v -0.005874 -0.001943 -0.004751
v 0.000777 -0.002577 -0.013836
v 0.001487 -0.002055 -0.013477
v 0.003296 -0.002505 -0.012414
v -0.003010 -0.002604 0.012762
v -0.007144 -0.002323 0.009391
v -0.008926 -0.001333 0.007960
v -0.004083 -0.002479 0.012189
v -0.004683 -0.002183 0.011599
v 0.012226 -0.001742 -0.003985
v 0.006993 -0.002041 0.000298
v 0.005037 -0.001744 0.005390
v 0.006873 -0.001754 0.009527
v -0.003045 -0.001955 0.012633
v 0.011180 -0.001803 0.005320
v -0.003873 -0.000862 -0.006296
v 0.003483 -0.001675 -0.011802
v 0.007501 -0.002287 0.009435
v -0.001677 -0.001353 0.012906
v 0.011561 -0.002120 0.000252
v -0.012384 -0.001576 0.005538
v 0.011588 -0.001899 -0.000695
v 0.005312 -0.002166 -0.010222
v -0.000601 -0.001232 0.012861
v 0.001192 -0.002143 0.011733
v 0.009026 -0.001236 0.008850
v 0.002359 -0.001976 -0.007233
v -0.004487 -0.002109 0.005806
v 0.011496 -0.001753 0.001242
v -0.000143 -0.002019 0.007685
v -0.003021 -0.002362 0.006771
v -0.006569 -0.001609 -0.003296
v -0.011385 -0.001888 0.006614
v -0.002714 -0.001339 -0.011785
v 0.006422 -0.002086 0.004505
v -0.001545 -0.000398 -0.007666
v -0.006571 -0.001777 0.002295
v 0.006915 -0.001580 0.003969
v 0.007116 -0.001533 0.001743
v -0.001000 -0.001740 -0.012295
v -0.006968 -0.001502 0.001205
v 0.005520 -0.002138 0.010056
v 0.004762 -0.001970 -0.005555
v 0.009244 -0.001496 -0.007682
v 0.004240 -0.001744 -0.011098
v -0.010070 -0.001912 -0.008817
v 0.002482 -0.001707 -0.012524
v -0.011384 -0.001371 -0.004039
v 0.010498 -0.001778 0.007028
v -0.006293 -0.001655 -0.010216
v -0.005190 -0.001687 -0.010749
v -0.010685 -0.001599 -0.008145
v -0.012620 -0.001352 0.003668
v 0.005588 -0.001126 0.010082
v 0.005573 -0.001574 -0.004462
v 0.010871 -0.000382 0.005826
v 0.004300 -0.001182 0.006042
v 0.012192 -0.000475 -0.004417
v -0.000071 -0.001273 -0.013083
v -0.012152 -0.001476 0.000971
v 0.001725 -0.001135 -0.013045
v 0.010016 -0.001611 -0.007105
v 0.007258 -0.001006 -0.000753
v 0.007092 -0.001774 -0.001619
v -0.003904 -0.001089 -0.011125
v 0.007096 0.000013 -0.001783
v -0.007242 -0.001700 -0.001040
v -0.007234 -0.001016 -0.001525
v -0.001837 -0.001161 0.007599
v 0.006169 -0.000964 -0.003539
v 0.011962 -0.001209 -0.001715
v -0.007949 -0.001222 0.008480
v -0.004930 -0.001354 -0.005779
v 0.007144 -0.000917 0.003311
v 0.007473 -0.000570 0.002354
v -0.009353 -0.001371 -0.009047
v 0.000982 -0.000932 0.007588
v -0.000642 -0.000476 -0.012072
v -0.010176 -0.000535 -0.007714
v -0.010265 -0.000860 -0.008164
v 0.007507 -0.000633 0.009276
v -0.002985 -0.000585 0.012148
v -0.004368 -0.000987 0.011513
v 0.005108 -0.000737 0.005686
v -0.004853 -0.000864 -0.010794
v 0.006106 -0.000351 -0.009876
v -0.011727 -0.001560 -0.001664
v -0.012156 -0.000661 0.005258
v 0.005412 -0.000804 -0.004988
v -0.005394 -0.000675 0.005393
v 0.007858 -0.001080 -0.008395
v -0.005939 -0.000644 0.004865
v 0.006041 -0.001003 0.004888
v 0.004261 -0.000931 -0.005877
v -0.006688 -0.000472 -0.003141
v 0.001149 -0.000333 0.011679
v -0.009535 -0.000665 -0.008300
v -0.006497 -0.000615 0.003124
v -0.003156 -0.000551 0.007096
v -0.011087 -0.001171 0.006475
v 0.009905 -0.000679 0.007732
v -0.008098 -0.000312 -0.009769
v -0.010779 -0.000929 -0.005781
v 0.002815 -0.000608 0.010996
v -0.004042 -0.000916 0.006228
v 0.007089 -0.000970 0.001192
v 0.011372 -0.000791 0.001633
v 0.000584 -0.001521 -0.013280
v -0.005494 -0.001279 0.010667
v 0.002738 -0.000902 0.006953
v -0.007133 -0.000538 0.001372
v 0.001047 -0.000379 -0.007344
v -0.005644 -0.000421 -0.005209
v -0.006144 -0.000366 -0.004659
v 0.007053 -0.000729 0.000661
v 0.004246 -0.000347 0.006158
v 0.004880 0.000143 0.010223
v -0.000029 -0.000386 -0.007702
v 0.005508 0.000229 0.004970
v -0.011543 -0.000029 0.005925
v 0.006084 0.000075 0.003946
v 0.000777 -0.000506 -0.012748
v -0.006633 0.000005 -0.010176
v 0.003660 0.000355 -0.011038
v -0.001821 -0.000519 0.012695
v -0.005098 -0.000198 -0.005503
v 0.002593 -0.000059 -0.007324
v -0.000055 -0.000240 0.012492
v 0.008791 -0.000015 0.008644
v 0.002690 -0.000358 -0.012308
v -0.002939 -0.000383 -0.007275
v -0.007470 -0.000489 -0.000251
v -0.003623 -0.000160 -0.010939
v 0.011534 -0.000450 -0.005618
v -0.001809 0.000882 -0.007768
v -0.012377 0.000512 0.003850
v -0.012150 0.000091 0.002077
v -0.006457 -0.001093 0.009820
v -0.003847 0.000128 0.011404
v -0.000175 -0.000322 0.007793
v 0.010797 -0.000926 -0.006543
v 0.007096 -0.000074 0.001439
v -0.010751 -0.000317 -0.004685
v 0.005436 0.000130 -0.005294
v 0.011059 -0.000176 0.004496
v -0.011375 -0.000198 -0.000526
v 0.004343 0.000053 -0.005970
v -0.010185 0.000002 0.006636
v 0.011719 0.000280 -0.001007
v 0.006732 0.000468 -0.003087
v 0.011372 0.000288 0.002743
v -0.007500 0.000596 0.008054
v -0.001316 -0.000001 -0.011777
v 0.011689 0.000772 -0.001550
v -0.005297 0.000829 0.010247
v -0.010735 -0.000410 -0.005818
v -0.012289 0.000545 0.004636
v -0.010178 0.000573 -0.006478
v 0.004855 0.000530 0.005467
v 0.007117 0.000391 0.009500
v -0.001849 0.000619 0.012663
v -0.007781 0.000625 -0.009905
v -0.007383 0.000538 -0.000043
v 0.007641 0.000006 0.000073
v 0.012111 -0.000057 -0.003097
v -0.001138 0.000860 0.012746
v 0.005243 0.000101 -0.010356
v -0.007241 0.001175 -0.001591
v 0.007125 0.000222 -0.008487
v -0.003305 0.000751 -0.007149
v 0.011678 0.000152 0.001532
v 0.011743 0.000552 -0.005101
v 0.002481 0.000349 0.010967
v 0.001564 0.000587 -0.012567
v -0.009571 0.001080 0.006936
v -0.006704 0.000233 -0.003845
v -0.000225 0.001562 -0.007915
v 0.000128 0.000676 0.007645
v 0.006120 0.000270 -0.004353
v -0.006772 0.000482 0.002240
v 0.003500 0.000864 0.006214
v 0.009471 0.000186 -0.007223
v -0.011294 0.000918 -0.002983
v -0.011112 -0.000062 -0.003201
v 0.006559 0.000361 0.003504
v 0.010359 0.000033 0.006923
v 0.006879 0.000505 0.002743
v -0.000188 0.000321 -0.011856
v 0.000665 0.000898 -0.007620
v 0.000664 0.001068 -0.012086
v 0.002577 0.000861 -0.007197
v -0.002736 0.000821 0.012276
v 0.007567 0.000940 0.000543
v 0.011668 0.001031 0.000227
v -0.010493 0.000556 -0.005676
v -0.008307 0.001197 0.007803
v -0.005766 0.001103 -0.004814
v -0.006265 0.000471 0.009336
v 0.007950 0.001795 0.008967
v -0.005831 0.000807 -0.010479
v -0.011148 0.001123 0.005673
v 0.002714 0.001127 -0.012093
v -0.000325 0.000464 0.012554
v -0.003803 0.000933 0.006462
v 0.010938 0.000712 -0.005665
v 0.000861 0.000782 0.011819
v 0.009878 0.000388 0.007223
v -0.004817 0.001080 -0.005993
v 0.005053 0.001242 -0.005440
v 0.010222 0.000930 -0.006357
v -0.004289 0.000792 -0.010794
v -0.003545 0.001724 -0.011091
v -0.002322 0.000668 -0.011631
v -0.004621 0.000495 -0.006260
v 0.010525 0.000974 0.005933
v 0.006055 0.000686 -0.009756
v -0.001368 0.001764 -0.012209
v -0.010139 0.001656 -0.007025
v 0.001972 0.000507 0.007440
v -0.008920 0.001634 -0.008540
v -0.003122 0.001932 0.006809
v 0.011216 0.001536 0.003713
v 0.007074 0.000779 0.001771
v 0.011561 0.001722 0.002487
v -0.007792 0.001477 -0.009676
v -0.000311 0.001178 -0.011810
v 0.004040 0.001224 0.010915
v -0.006930 0.002215 -0.010184
v -0.007182 0.001424 0.001535
v 0.005623 0.001711 -0.010379
v 0.006513 0.001772 0.009963
v -0.010909 0.001177 -0.004423
v 0.009542 0.002051 0.008046
v 0.007041 0.001099 -0.001671
v -0.000201 0.001748 0.012830
v -0.006298 0.001118 0.004244
v -0.010815 0.001413 -0.005888
v 0.012048 0.001477 -0.004412
v 0.003810 0.001086 -0.006370
v 0.005998 0.001662 -0.004436
v 0.007433 0.001689 -0.008353
v 0.011543 0.001307 0.001038
v 0.001377 0.001833 -0.012374
v -0.005538 0.001062 0.005036
v -0.009572 0.002157 -0.007832
v -0.011751 0.001972 -0.000940
v 0.002347 0.001588 0.011205
v 0.008940 0.001198 0.008512
v -0.002090 0.001098 0.007023
v 0.008571 0.001938 -0.007720
v 0.000647 0.001302 0.007666
v -0.012079 0.001126 0.001635
v -0.005659 0.001178 0.009822
v -0.002635 0.001626 0.012069
v -0.003879 0.001347 0.011192
v 0.003057 0.001752 0.006547
v 0.011449 0.001882 -0.000020
v 0.003792 0.001812 0.011015
v 0.007096 0.001574 0.002418
v -0.007469 0.001859 0.008640
v 0.004400 0.001812 0.005812
v -0.006561 0.002350 0.003868
v 0.003725 0.001223 -0.011043
v -0.012034 0.002087 0.001062
v -0.011445 0.002425 -0.002084
v -0.004771 0.001837 0.005475
v 0.002492 0.001855 -0.012331
v -0.006593 0.001721 -0.003936
v 0.011504 0.001819 -0.005157
v 0.010351 0.001678 0.006605
v 0.000740 0.002211 0.012724
v 0.000924 0.001649 0.012038
v 0.011201 0.001903 0.005995
v 0.006651 0.001771 -0.009333
v 0.005727 0.002820 0.004773
v -0.005246 0.002055 -0.010171
v 0.006111 0.001770 0.004435
v 0.011175 0.001161 0.004727
v -0.007074 0.001404 -0.002988
v 0.001143 0.001836 -0.007432
v -0.003961 0.002173 0.010884
v -0.012095 0.002382 0.003742
v 0.009645 0.001857 -0.007199
v -0.000268 0.002126 0.007665
v -0.011791 0.002414 0.004615
v 0.007443 0.002448 -0.000569
v 0.007064 0.001562 -0.003095
v -0.005115 0.001957 -0.005840
v -0.003456 0.001758 -0.006953
v -0.011946 0.001619 0.002707
v 0.002858 0.002648 -0.007180
v -0.006738 0.001778 0.002662
v -0.002176 0.001984 -0.007506
v -0.008526 0.002480 0.007977
v 0.000613 0.001932 -0.012246
v 0.003979 0.002172 -0.011229
v 0.007526 0.002090 0.001391
v -0.005943 0.002846 -0.004665
v -0.006440 0.002113 0.009477
v -0.011149 0.002748 -0.005010
v 0.011865 0.002859 -0.002419
v -0.007336 0.003066 0.001578
v -0.010793 0.002124 0.005835
v -0.007715 0.002937 0.000392
v 0.004886 0.003171 0.010670
v 0.011456 0.002528 0.001402
v -0.008405 0.002498 -0.009334
v 0.003241 0.002013 -0.011972
v 0.006100 0.003421 -0.010355
v 0.012033 0.002523 -0.004540
v -0.003175 0.002105 0.011746
v -0.003721 0.002433 0.006093
v 0.001537 0.002470 0.012229
v -0.010932 0.003386 -0.005751
v 0.006623 0.002591 0.003839
v -0.011077 0.002269 -0.003182
v -0.001900 0.002862 0.007260
v 0.007128 0.002810 -0.002443
v 0.004031 0.002594 -0.006201
v -0.007687 0.002515 -0.001651
v 0.003052 0.002635 0.011844
v -0.003559 0.002885 -0.007242
v -0.004420 0.002132 -0.010506
v 0.004764 0.002837 -0.005939
v -0.001374 0.002240 -0.007669
v 0.001582 0.002898 0.006944
v -0.001924 0.003127 -0.012221
v 0.011583 0.002608 -0.001351
v -0.009963 0.002281 0.006587
v -0.011216 0.002810 0.005773
v -0.007109 0.002701 0.002342
v 0.011913 0.002931 0.003053
v 0.003729 0.003046 0.006189
v -0.005090 0.002975 0.005538
v -0.001659 0.002520 0.012212
v 0.007401 0.002840 0.001719
v 0.007608 0.002512 0.000494
v -0.006042 0.002992 0.004691
v 0.000054 0.002956 -0.007864
v -0.006001 0.002867 -0.010087
v -0.001278 0.003400 0.012690
v -0.000194 0.003250 0.013064
v -0.002716 0.002872 0.011913
v 0.001163 0.003393 -0.007577
v 0.002507 0.003569 -0.007587
v 0.010211 0.003585 0.007321
v -0.010201 0.002700 -0.007549
v 0.005797 0.003560 0.010204
v -0.011964 0.003589 0.003116
v -0.000281 0.002276 -0.012252
v -0.004469 0.003355 -0.010566
v 0.000400 0.003073 -0.012796
v 0.002430 0.002821 -0.012175
v -0.002600 0.002049 -0.011522
v 0.003274 0.003338 -0.011811
v 0.007566 0.003073 0.009470
v 0.007689 0.002976 -0.009049
v 0.007235 0.002795 -0.001526
v -0.011943 0.004025 0.001030
v 0.008368 0.003272 0.008678
v -0.004955 0.002788 -0.005992
v 0.005331 0.002462 -0.005418
v 0.000528 0.003003 0.013072
v 0.006548 0.003408 -0.003706
v 0.001652 0.003320 -0.012510
v -0.002114 0.003323 -0.007484
v 0.010525 0.002240 -0.006155
v 0.010110 0.002971 -0.007131
v -0.007156 0.002522 -0.003480
v 0.009492 0.002976 -0.007701
v 0.000475 0.003065 0.007455
v 0.011662 0.002779 0.005759
v 0.011676 0.002515 0.004381
v -0.007506 0.003719 0.008421
v 0.011745 0.002887 0.000386
v -0.010427 0.003532 0.006559
v -0.011693 0.003420 0.005612
v -0.006970 0.003324 -0.003892
v -0.001151 0.003872 -0.012395
v -0.011937 0.003663 0.005031
v -0.008182 0.003511 -0.009587
v -0.003691 0.003436 0.011218
v -0.004280 0.003481 -0.006682
v 0.007731 0.003299 -0.000834
v 0.011892 0.003399 -0.005465
v -0.012118 0.003138 0.001351
v 0.011613 0.002940 -0.005770
v 0.001714 0.003108 0.012368
v -0.003052 0.002887 0.007228
v 0.011634 0.003389 0.001336
v 0.009385 0.003839 0.008015
v 0.010768 0.002819 0.006663
v -0.010650 0.003629 -0.007187
v 0.008878 0.002981 -0.008172
v -0.005597 0.003531 0.010308
v 0.005279 0.003504 0.005217
v -0.001177 0.003266 -0.007889
v -0.011733 0.004009 -0.000810
v -0.000950 0.003399 0.007531
v -0.009351 0.003042 -0.008626
v 0.003740 0.003397 0.011222
v -0.007511 0.003617 -0.002440
v 0.007072 0.003465 -0.009601
v 0.004773 0.003315 -0.010770
v -0.004535 0.003749 0.005956
v 0.011603 0.004171 0.000400
v -0.005280 0.004594 -0.010101
v 0.000561 0.003705 0.012779
v 0.007338 0.003624 -0.002305
v 0.007881 0.003728 -0.008933
v 0.004576 0.003675 0.005943
v -0.009303 0.003705 0.007619
v 0.001924 0.003712 0.012029
v 0.005624 0.003590 -0.005067
v 0.006273 0.004464 0.004833
v -0.007160 0.003239 0.003387
v -0.003855 0.003956 -0.010825
v -0.002986 0.004401 0.007439
v -0.003901 0.004521 0.006953
v -0.002013 0.003653 0.007420
v 0.002798 0.003238 0.012047
v 0.011818 0.003698 -0.004215
v 0.004605 0.003447 -0.006045
v 0.007093 0.003684 0.003324
v -0.003414 0.003931 -0.007321
v -0.011255 0.004095 -0.003939
v 0.001147 0.004710 0.007791
v 0.010795 0.003578 0.006341
v -0.009774 0.003770 -0.008342
v 0.011533 0.003544 0.005240
v 0.002961 0.003909 0.006915
v 0.004177 0.004402 -0.007001
v 0.011744 0.003597 0.003121
v -0.000285 0.003622 -0.012728
v 0.007984 0.004237 0.001034
v 0.007943 0.004327 0.000130
v 0.011724 0.004040 -0.003069
v 0.010223 0.003846 -0.007106
v -0.006930 0.004230 -0.009530
v 0.011058 0.003896 -0.006589
v 0.007594 0.004066 0.008975
v -0.000878 0.004111 0.012711
v -0.002020 0.004049 0.012061
v -0.005462 0.003828 -0.005908
v 0.003292 0.004070 -0.011650
v 0.011529 0.004190 -0.005323
v -0.004842 0.004440 0.010413
v 0.009908 0.004264 0.007282
v 0.002714 0.004979 0.010724
v 0.004732 0.004516 0.010030
v 0.008082 0.004472 -0.000914
v 0.000281 0.004312 0.007729
v -0.011769 0.004000 0.003780
v -0.007450 0.004600 0.003983
v -0.008081 0.004575 0.001357
v 0.005375 0.004461 -0.010213
v -0.008326 0.004141 -0.000750
v -0.006051 0.004124 -0.005071
v -0.002763 0.003771 0.011866
v -0.001886 0.004642 -0.011787
v 0.000220 0.003793 -0.012814
v 0.001315 0.004232 -0.012399
v 0.007592 0.003528 0.002220
v 0.011627 0.003654 -0.001175
v 0.011234 0.004346 -0.001512
v -0.006841 0.005057 0.005131
v 0.011007 0.004041 0.005214
v 0.011294 0.004074 0.002516
v -0.011343 0.004260 0.005608
v -0.002983 0.004593 0.011281
v -0.005085 0.004633 0.006128
v 0.003546 0.004584 0.007147
v -0.007839 0.004743 -0.008859
v -0.006026 0.004720 -0.006118
v 0.002354 0.004531 -0.008013
v -0.006238 0.004196 0.009413
v 0.011259 0.004265 0.001222
v 0.000049 0.004789 0.011881
v 0.003544 0.004846 -0.007884
v -0.010658 0.004971 0.003926
v 0.003441 0.005174 0.010207
v -0.011155 0.004990 0.002565
v -0.011748 0.004620 0.001356
v 0.008608 0.004651 0.007956
v -0.011245 0.004705 -0.002955
v 0.005529 0.004530 -0.005793
v -0.004112 0.004411 0.010713
v 0.010966 0.004668 -0.005842
v -0.007421 0.004633 0.008356
v 0.001287 0.004666 0.011437
v 0.006026 0.005004 0.009202
v -0.004123 0.004518 -0.007162
v -0.008579 0.004967 0.000584
v 0.005326 0.004552 0.005949
v -0.010787 0.004420 -0.005747
v -0.010169 0.004788 -0.006946
v -0.010107 0.004357 0.006547
v 0.002675 0.004682 -0.011504
v 0.009917 0.004915 0.005748
v 0.007173 0.004544 -0.003612
v -0.001823 0.004480 -0.008229
v -0.008167 0.004616 -0.001701
v -0.009715 0.004551 -0.008015
v 0.008772 0.005073 -0.007029
v -0.008750 0.005007 0.007342
v -0.003469 0.004690 -0.010672
v 0.008796 0.004192 -0.007901
v -0.000816 0.004287 -0.008196
v 0.007340 0.005022 0.004256
v 0.010643 0.004494 0.003108
v 0.007957 0.004920 0.002625
v -0.007350 0.004563 -0.003878
v -0.001439 0.004924 0.008031
v -0.008115 0.004701 0.002776
v -0.003862 0.005363 0.009908
v 0.000573 0.005260 0.010920
v 0.010663 0.005113 -0.002516
v -0.002503 0.005136 0.010823
v 0.004311 0.005315 0.009271
v -0.006754 0.004942 -0.005116
v 0.004976 0.005095 0.006704
v -0.010228 0.005188 -0.005193
v 0.008435 0.005237 -0.001125
v -0.004616 0.005006 0.006665
v -0.007671 0.005183 0.007825
v -0.005665 0.005088 -0.006683
v -0.001785 0.005170 -0.011063
v 0.000199 0.005001 -0.011671
v -0.009592 0.005181 0.005628
v 0.008417 0.005150 0.007060
v 0.010524 0.005122 0.001311
v 0.005947 0.005077 -0.005914
v 0.007251 0.005272 -0.004535
v 0.006501 0.005231 -0.004901
v 0.009886 0.004966 0.004632
v 0.000347 0.005249 -0.008521
v -0.001161 0.005046 0.011343
v 0.010246 0.005240 0.002598
v 0.009773 0.004824 -0.005989
v -0.003394 0.005068 -0.007898
v 0.004402 0.005117 -0.007478
v 0.010752 0.005193 0.000069
v -0.006436 0.005294 0.008451
v 0.006004 0.005180 0.005941
v 0.008529 0.005219 0.001207
v -0.007846 0.005219 -0.008216
v -0.011054 0.005140 -0.001614
v -0.005245 0.005348 0.009035
v -0.009280 0.005216 -0.000519
v 0.007775 0.005391 -0.007338
v 0.006824 0.005238 0.005195
v -0.000164 0.005133 0.008028
v -0.006361 0.005322 -0.008568
v 0.007231 0.005014 0.008267
v -0.009978 0.005157 0.003952
v -0.005292 0.005130 -0.009680
v -0.009579 0.004979 -0.007302
v 0.007059 0.004865 -0.008639
v 0.002156 0.005021 0.007651
v -0.007895 0.005166 0.004220
v 0.003497 0.005162 0.007681
v -0.003231 0.005112 0.007822
v -0.008038 0.005114 -0.003356
v -0.001406 0.005064 -0.008756
v -0.002936 0.005180 -0.010204
v -0.008854 0.005185 -0.001790
v -0.010671 0.005188 -0.003398
v 0.002010 0.005114 -0.008676
v -0.011135 0.005175 0.000695
v 0.001821 0.005003 -0.011387
v 0.003054 0.005359 -0.010435
v 0.006062 0.005087 -0.009017
v 0.004296 0.005240 -0.009868
v -0.004371 0.005698 0.008938
v -0.003428 0.005626 0.008960
v -0.004350 0.005601 0.007528
v -0.006619 0.005665 0.007629
v -0.006085 0.005615 0.007041
v -0.005291 0.005604 0.008206
v -0.005303 0.005552 0.007297
v 0.001847 0.005406 -0.009624
v 0.007588 0.005080 -0.003831
v -0.000011 0.005293 -0.010485
v 0.008051 0.005411 0.004117
v 0.008846 0.005523 0.003746
v -0.008381 0.005484 -0.004270
v 0.005969 0.005422 -0.006798
v -0.006889 0.005416 0.005591
v -0.010030 0.005412 0.002717
v 0.008720 0.005350 -0.005033
v 0.006674 0.005256 0.005767
v -0.010054 0.005435 -0.003247
v 0.010653 0.005192 -0.004056
v 0.008897 0.005405 0.002642
v -0.002459 0.005367 0.010279
v -0.008111 0.005408 -0.005235
v 0.010318 0.005004 -0.005295
v 0.001184 0.005571 0.010149
v 0.008640 0.005333 0.005451
v -0.008683 0.005188 0.003188
v -0.004520 0.005503 -0.009088
v -0.008215 0.005495 -0.007171
v -0.006391 0.005321 -0.007035
v -0.003242 0.005433 -0.008842
v 0.009205 0.005486 0.000566
v 0.007040 0.005380 -0.005320
v -0.009766 0.005542 0.001350
v -0.002215 0.005264 -0.009595
v -0.004754 0.005317 -0.007590
v -0.002002 0.005337 0.008897
v 0.004688 0.005328 -0.007855
v 0.003587 0.005344 -0.009046
v -0.010358 0.005424 -0.000055
v 0.003546 0.005369 0.008272
v -0.000996 0.005458 -0.009477
v 0.005603 0.005465 0.007254
v 0.005330 0.005404 -0.008463
v -0.000106 0.005379 0.008502
v 0.005618 0.005475 0.008340
v 0.007100 0.005305 0.007458
v -0.009177 0.005324 -0.005712
v -0.007466 0.005548 0.007049
v -0.008504 0.005539 0.006293
v 0.001762 0.005492 0.008849
v 0.009896 0.005564 -0.000959
v -0.008298 0.005549 0.005376
v 0.003307 0.005473 0.009564
v 0.008795 0.005460 -0.002297
v -0.009981 0.005501 -0.000599
v 0.009924 0.005394 -0.002703
vn -0.5232 -0.8267 -0.2068
vn -0.9274 -0.3437 -0.1478
vn -0.8694 -0.4093 -0.2768
vn -0.5195 -0.7757 -0.3583
vn -0.0896 -0.9893 -0.1155
vn -0.3127 -0.9028 -0.2952
vn -0.0221 -0.9912 -0.1309
vn -0.5828 -0.6177 -0.5280
vn -0.3610 -0.9002 -0.2436
vn -0.4614 -0.7868 -0.4099
vn 0.7490 -0.6187 0.2373
vn 0.4188 -0.8933 0.1630
vn 0.7171 -0.6130 0.3317
vn 0.3341 -0.9355 0.1147
vn 0.5597 -0.5568 0.6138
vn 0.2219 -0.9244 0.3104
vn -0.3626 0.0772 -0.9287
vn -0.4120 -0.4792 -0.7750
vn -0.5357 -0.3430 -0.7716
vn -0.2794 -0.3267 -0.9029
vn -0.2718 -0.0916 -0.9580
vn 0.6063 0.1275 0.7850
vn 0.5807 0.0097 0.8141
vn 0.5826 -0.2242 0.7813
vn 0.4459 -0.1252 0.8863
vn 0.4774 0.1046 0.8725
vn 0.1306 -0.2498 0.9594
vn 0.2007 0.1144 0.9730
vn -0.4968 0.1860 -0.8477
vn -0.7525 -0.1195 -0.6477
vn -0.8710 0.3182 -0.3744
vn -0.3775 0.0978 -0.9208
vn -0.5284 0.2813 -0.8010
vn -0.3038 0.1157 -0.9457
vn -0.5248 0.0799 -0.8475
vn -0.9871 0.0554 -0.1503
vn -0.9708 0.1802 -0.1584
vn -0.9689 0.1251 -0.2137
vn -0.9664 0.2114 -0.1461
vn -0.9532 0.2343 -0.1912
vn -0.9762 0.1127 -0.1851
vn -0.9661 0.2204 -0.1345
vn -0.9678 0.1985 -0.1549
vn -0.7933 0.4195 -0.4413
vn 0.7557 0.0180 0.6547
vn 0.8179 0.0597 0.5722
vn 0.7968 -0.1467 0.5861
vn 0.5176 0.1668 0.8392
vn 0.2324 0.0153 0.9725
vn -0.6016 0.3849 -0.6999
vn 0.3242 -0.0925 0.9414
vn 0.3746 0.0234 0.9269
vn 0.4313 -0.0315 0.9017
vn 0.5971 0.1164 0.7937
vn 0.5379 0.0194 0.8428
vn 0.4924 0.1939 0.8485
vn 0.7854 0.2313 0.5741
vn -0.2564 0.1009 -0.9613
vn 0.0102 -0.0988 -0.9951
vn 0.0244 -0.0179 -0.9995
vn -0.3959 -0.0323 -0.9177
vn -0.4134 0.0470 -0.9093
vn -0.5416 -0.0269 -0.8402
vn -0.4773 -0.1244 -0.8699
vn 0.0040 -0.1375 0.9905
vn -0.0500 0.0202 0.9985
vn 0.2934 -0.1540 0.9435
vn -0.5459 0.1638 0.8217
vn -0.2648 0.0826 0.9608
vn -0.5039 0.1406 0.8522
vn -0.5690 0.0524 0.8207
vn -0.6376 0.2644 0.7236
vn -0.5952 0.1304 0.7929
vn -0.6478 0.0121 0.7617
vn -0.2408 0.0438 0.9696
vn -0.3437 -0.0452 0.9380
vn -0.4116 0.1906 0.8912
vn -0.6178 0.0617 0.7839
vn -0.6488 0.0061 0.7610
vn -0.5525 0.0673 0.8308
vn -0.5474 0.1465 0.8239
vn -0.7172 -0.0076 0.6968
vn -0.9494 0.2106 -0.2330
vn -0.9928 0.1168 -0.0256
vn -0.9612 0.0345 -0.2736
vn 0.7040 -0.3206 0.6337
vn 0.7844 0.1713 0.5961
vn 0.6885 -0.0315 0.7245
vn 0.7641 -0.4450 0.4670
vn 0.7106 -0.0612 0.7009
vn 0.9437 0.0261 0.3299
vn 0.9344 -0.3083 0.1783
vn 0.9497 -0.3121 0.0273
vn 0.9530 -0.2838 0.1063
vn 0.9883 -0.1522 0.0110
vn 0.9998 -0.0021 -0.0201
vn 0.8040 0.5939 0.0311
vn 0.9051 0.4200 0.0665
vn 0.5299 0.8470 -0.0414
vn 0.4502 0.8854 -0.1156
vn 0.7984 0.5572 -0.2281
vn 0.4518 0.7748 -0.4423
vn 0.0885 0.9954 -0.0373
vn 0.3414 0.8576 -0.3847
vn 0.4156 0.8186 -0.3964
vn 0.2019 0.9284 -0.3119
vn 0.2550 0.9243 -0.2841
vn 0.4885 0.5659 -0.6641
vn -0.0397 -0.8776 0.4778
vn -0.1600 -0.8570 0.4898
vn -0.1028 -0.6291 0.7705
vn -0.0046 -0.9916 0.1294
vn 0.0387 -0.9987 0.0330
vn 0.0693 -0.9721 -0.2239
vn -0.2134 -0.9022 0.3748
vn 0.2623 -0.9263 -0.2705
vn 0.0329 -0.9768 -0.2114
vn 0.1230 -0.9064 -0.4041
vn 0.0246 -0.8071 -0.5899
vn -0.0541 -0.9786 0.1986
vn 0.1972 -0.9618 -0.1901
vn 0.2411 -0.9604 -0.1399
vn 0.5332 -0.5820 -0.6140
vn 0.3708 -0.6099 -0.7004
vn 0.4568 -0.6851 -0.5673
vn 0.3628 -0.8866 -0.2868
vn 0.1441 -0.7852 -0.6023
vn -0.5294 -0.5255 -0.6660
vn -0.3913 -0.7470 -0.5375
vn -0.2167 -0.7066 -0.6736
vn 0.2003 -0.5291 0.8246
vn 0.2808 -0.8246 0.4911
vn 0.0878 -0.8997 0.4276
vn 0.0285 -0.6085 0.7930
vn -0.2606 -0.4779 -0.8388
vn -0.0449 -0.8900 -0.4537
vn -0.2344 -0.6691 -0.7052
vn 0.9691 -0.2273 0.0960
vn 0.8080 -0.5116 -0.2922
vn 0.9933 0.0839 0.0796
vn 0.9810 -0.1463 -0.1272
vn 0.7702 -0.2006 -0.6054
vn 0.6386 -0.5501 -0.5382
vn 0.6046 -0.1865 -0.7744
vn -0.4179 0.1282 -0.8994
vn -0.3795 0.2822 -0.8811
vn -0.3984 -0.1141 -0.9101
vn -0.9381 -0.3445 -0.0350
vn -0.9811 -0.1853 0.0549
vn -0.7804 -0.6202 0.0797
vn -0.8686 -0.4361 0.2354
vn -0.9859 0.0398 -0.1625
vn -0.9935 0.0879 -0.0721
vn -0.9705 0.2055 -0.1261
vn -0.9803 0.1618 -0.1137
vn -0.9674 0.1423 -0.2094
vn -0.9862 -0.0622 -0.1536
vn -0.9340 -0.3429 0.0998
vn -0.8680 -0.2897 0.4033
vn -0.9995 0.0263 -0.0157
vn 0.5752 0.2652 -0.7738
vn 0.5272 0.3146 -0.7893
vn 0.5443 0.1557 -0.8243
vn 0.6102 0.0820 -0.7880
vn 0.4167 0.2535 -0.8730
vn -0.0362 0.4354 -0.8995
vn 0.3064 0.3084 -0.9006
vn 0.6788 0.2398 -0.6940
vn 0.5814 0.1187 -0.8049
vn 0.5886 0.0658 -0.8058
vn 0.6922 -0.0026 -0.7217
vn 0.4840 0.0122 -0.8750
vn 0.6585 0.1223 -0.7426
vn 0.6282 0.1211 -0.7685
vn 0.9695 0.0653 -0.2361
vn 0.9866 0.0827 0.1407
vn 0.9757 0.0460 -0.2142
vn 0.7863 0.0595 -0.6150
vn 0.7603 0.1828 -0.6233
vn 0.6295 0.1282 -0.7664
vn 0.7151 -0.0374 -0.6980
vn 0.6036 0.0611 -0.7949
vn 0.5181 -0.1137 -0.8477
vn 0.0127 0.1954 -0.9806
vn -0.2822 0.2030 -0.9376
vn -0.3602 0.0377 -0.9321
vn -0.0648 0.0223 -0.9976
vn -0.9815 -0.0523 -0.1842
vn -0.9854 -0.0242 -0.1685
vn -0.9761 -0.1376 -0.1683
vn -0.7739 -0.3220 -0.5453
vn -0.7253 -0.2255 -0.6505
vn -0.8918 -0.1140 -0.4378
vn 0.9519 0.2258 0.2072
vn 0.9266 0.1760 0.3322
vn 0.8816 0.1558 0.4455
vn 0.9631 0.1905 0.1899
vn 0.7713 0.2246 0.5955
vn 0.8127 0.1668 0.5583
vn -0.1627 0.1079 0.9808
vn -0.1141 0.2153 0.9699
vn -0.8275 0.2042 0.5230
vn -0.8076 0.0150 0.5895
vn -0.5984 0.2368 0.7654
vn 0.0655 0.1570 -0.9854
vn -0.0469 0.2838 -0.9577
vn -0.1957 0.0801 -0.9774
vn -0.1328 0.5714 -0.8099
vn -0.3284 0.0685 -0.9421
vn -0.4690 -0.0392 -0.8823
vn -0.2551 0.3950 -0.8825
vn 0.6984 0.5619 -0.4433
vn 0.8836 0.3489 -0.3123
vn 0.9239 0.2936 -0.2454
vn 0.8262 0.5311 -0.1879
vn 0.9280 0.3150 -0.1989
vn 0.9339 0.2926 -0.2055
vn 0.3523 0.7153 0.6036
vn 0.3194 0.5940 0.7384
vn 0.3816 0.2809 0.8806
vn 0.3775 0.1560 0.9127
vn 0.4989 0.4680 0.7294
vn 0.3575 0.8111 0.4630
vn 0.4467 0.6849 0.5757
vn 0.5547 0.2641 0.7890
vn -0.1633 0.7160 -0.6788
vn -0.2671 0.5547 -0.7880
vn 0.5101 0.7735 0.3761
vn 0.6968 0.3876 0.6035
vn 0.3798 0.7990 0.4663
vn 0.4465 0.4668 0.7634
vn 0.1863 0.9076 0.3762
vn 0.3624 0.7112 0.6023
vn 0.2765 0.4905 0.8264
vn -0.2763 0.6548 -0.7035
vn -0.5900 0.5908 -0.5503
vn -0.2663 0.8590 -0.4372
vn -0.1482 0.8482 -0.5084
vn -0.0400 0.9876 -0.1520
vn -0.0553 0.9836 -0.1719
vn -0.3420 0.7588 -0.5543
vn 0.1168 0.9736 0.1962
vn -0.3895 0.8075 -0.4431
vn 0.1812 0.9771 0.1117
vn 0.2706 0.9321 0.2409
vn -0.0541 0.9952 -0.0816
vn 0.1479 0.9841 0.0984
vn -0.6203 -0.6992 0.3553
vn -0.2769 -0.9591 0.0596
vn -0.5623 -0.7993 0.2120
vn -0.1672 -0.6251 0.7624
vn -0.4735 -0.5355 0.6993
vn -0.1704 -0.8721 0.4588
vn -0.1014 -0.7360 0.6693
vn -0.2482 -0.7901 0.5604
vn -0.2345 -0.5758 0.7833
vn -0.5287 -0.6001 0.6003
vn -0.7369 -0.5113 0.4422
vn -0.5370 -0.7939 0.2851
vn -0.6804 -0.7141 0.1647
vn 0.4424 -0.2622 0.8576
vn 0.3258 0.2536 0.9108
vn 0.3549 -0.0914 0.9304
vn 0.0249 -0.3773 -0.9258
vn -0.1445 -0.3988 -0.9056
vn -0.1041 -0.7814 -0.6153
vn -0.2979 0.1336 -0.9452
vn -0.2344 -0.5632 -0.7924
vn -0.3901 0.0322 -0.9202
vn -0.4388 -0.3201 -0.8396
vn 0.5566 -0.0904 -0.8259
vn 0.5504 0.0732 -0.8317
vn 0.5019 -0.0092 -0.8649
vn 0.5682 -0.4274 -0.7032
vn 0.7316 0.1396 -0.6673
vn 0.7691 -0.2528 -0.5869
vn -0.1544 0.1270 -0.9798
vn 0.1832 0.1207 -0.9756
vn -0.0574 0.2222 -0.9733
vn 0.8830 -0.1371 -0.4489
vn 0.7420 -0.5202 -0.4229
vn 0.8654 -0.4084 -0.2904
vn 0.8106 -0.5565 -0.1822
vn 0.9650 -0.1983 -0.1717
vn -0.1469 -0.0222 -0.9889
vn 0.6250 0.2937 -0.7233
vn -0.5991 0.6429 -0.4773
vn 0.9949 0.0926 -0.0407
vn 0.9967 0.0063 0.0813
vn 0.9669 0.0949 0.2368
vn 0.9385 -0.0445 0.3425
vn 0.9775 0.0959 0.1877
vn -0.9957 0.0929 0.0013
vn -0.9946 -0.0833 -0.0621
vn -0.9742 0.1121 -0.1959
vn -0.9779 0.1384 -0.1564
vn -0.9907 0.1016 -0.0906
vn -0.9802 0.1671 -0.1067
vn 0.8913 -0.1214 0.4368
vn 0.7760 0.2631 0.5732
vn 0.9502 0.1645 0.2648
vn 0.9876 0.0171 0.1559
vn 0.9742 -0.1188 0.1917
vn 0.9937 -0.0640 0.0915
vn 0.9860 -0.1474 0.0782
vn 0.9886 0.0565 0.1393
vn 0.9838 0.0052 -0.1792
vn 0.7513 -0.2582 -0.6074
vn 0.8029 -0.1285 -0.5822
vn 0.6545 -0.3201 -0.6849
vn 0.5811 -0.1560 -0.7987
vn 0.6305 -0.1910 -0.7523
vn 0.6790 -0.1612 -0.7162
vn 0.6246 -0.1893 -0.7577
vn 0.4959 -0.2056 -0.8437
vn 0.5903 -0.2551 -0.7658
vn -0.9638 0.0470 -0.2623
vn -0.9137 0.1062 -0.3923
vn -0.6710 -0.1616 -0.7236
vn 0.8598 0.5055 0.0720
vn 0.9302 0.2048 0.3046
vn 0.4953 0.3169 -0.8088
vn 0.2811 0.0107 -0.9596
vn 0.1759 0.5051 -0.8450
vn 0.4909 0.1402 -0.8599
vn 0.5018 0.0806 -0.8612
vn 0.3925 0.5220 -0.7573
vn 0.6285 0.2601 -0.7331
vn 0.5417 0.0971 -0.8349
vn 0.6585 -0.0600 -0.7502
vn -0.0915 0.3973 -0.9131
vn -0.0982 0.5427 0.8342
vn -0.0633 0.3980 0.9152
vn -0.2547 0.3154 0.9142
vn -0.3172 0.7373 0.5965
vn -0.4672 0.7529 0.4636
vn -0.6834 0.4853 0.5454
vn -0.7762 0.2875 0.5611
vn -0.7220 0.5498 0.4200
vn 0.8997 0.4270 0.0903
vn 0.9853 0.1668 0.0378
vn -0.0676 0.9943 0.0825
vn -0.2093 0.9097 0.3587
vn -0.1962 0.9737 0.1158
vn -0.6605 0.6787 0.3211
vn -0.4480 0.8175 0.3619
vn -0.7229 0.5330 -0.4396
vn 0.0428 0.9941 -0.0994
vn 0.2932 0.8249 -0.4833
vn 0.4765 0.6586 -0.5824
vn -0.6844 0.7225 0.0984
vn -0.0909 0.9937 0.0656
vn -0.1839 0.9827 -0.0219
vn -0.4914 0.8443 0.2139
vn 0.1984 0.9801 -0.0053
vn 0.1739 0.9803 -0.0936
vn 0.5568 0.8264 0.0834
vn -0.6427 -0.1575 0.7497
vn -0.5051 -0.1938 0.8410
vn -0.5862 0.2416 0.7733
vn -0.1096 -0.6317 0.7674
vn -0.6146 -0.0357 0.7881
vn -0.4441 -0.5212 0.7287
vn -0.5493 -0.4068 0.7299
vn -0.4448 0.1062 0.8893
vn -0.6194 -0.1690 0.7666
vn -0.6145 0.1647 0.7715
vn -0.8547 0.2148 0.4726
vn -0.5248 0.1297 0.8413
vn -0.4820 0.2184 0.8485
vn -0.9909 0.0329 -0.1305
vn -0.2704 -0.0442 -0.9617
vn -0.5362 0.0873 -0.8396
vn -0.3067 0.3875 -0.8693
vn -0.3151 0.0709 -0.9464
vn -0.2413 -0.0053 -0.9704
vn -0.9260 -0.1522 -0.3455
vn -0.9348 0.1576 0.3184
vn -0.6578 0.2050 0.7247
vn -0.6531 0.2182 0.7252
vn -0.9948 -0.0215 -0.0999
vn -0.9746 0.0572 -0.2163
vn -0.9918 0.1086 0.0681
vn -0.5939 -0.1702 0.7864
vn -0.5886 -0.0806 0.8044
vn -0.4980 -0.1469 0.8546
vn -0.5969 0.1192 0.7934
vn -0.6257 0.0422 0.7789
vn -0.6417 -0.1129 0.7586
vn -0.7087 -0.0530 0.7035
vn -0.4493 0.0175 -0.8932
vn -0.1769 -0.2410 -0.9543
vn -0.5082 -0.0664 -0.8587
vn -0.9652 0.0654 0.2533
vn -0.9595 0.2024 0.1959
vn -0.9774 0.0418 0.2073
vn -0.9378 0.0942 0.3341
vn 0.6876 0.1087 0.7179
vn 0.3761 0.1220 0.9185
vn 0.5857 0.1991 0.7857
vn 0.1645 0.2446 0.9556
vn 0.3001 0.2125 0.9299
vn 0.1674 -0.0777 0.9828
vn -0.8993 0.2980 0.3202
vn -0.5512 0.5003 0.6677
vn -0.6300 -0.7738 -0.0649
vn 0.0976 -0.9920 0.0795
vn -0.2155 -0.9743 0.0654
vn 0.1396 -0.9898 0.0300
vn 0.4814 -0.8761 -0.0273
vn -0.4217 -0.8569 0.2965
vn -0.1511 -0.9852 0.0811
vn -0.4363 -0.6410 0.6315
vn -0.1569 -0.9874 0.0199
vn 0.0958 -0.9954 -0.0092
vn 0.1401 -0.9569 -0.2545
vn 0.1730 -0.9117 -0.3726
vn -0.0284 -0.9881 0.1515
vn 0.2886 -0.8792 -0.3792
vn -0.0310 -0.9979 0.0568
vn 0.2788 -0.9055 -0.3199
vn 0.0812 -0.9594 -0.2702
vn -0.9137 -0.4036 0.0466
vn -0.9472 -0.3008 -0.1109
vn -0.6999 -0.7071 -0.1006
vn 0.8163 -0.5722 -0.0791
vn 0.6843 -0.7287 0.0272
vn -0.9827 0.0715 -0.1709
vn -0.7676 -0.4046 -0.4971
vn 0.9972 0.0741 -0.0136
vn 0.9305 0.0357 -0.3646
vn 0.6213 0.2079 -0.7555
vn 0.5099 0.1283 -0.8506
vn 0.6070 0.3252 -0.7251
vn 0.5354 0.1016 -0.8385
vn 0.6852 0.0989 -0.7216
vn -0.2934 0.0844 -0.9523
vn -0.2849 0.0668 -0.9562
vn -0.3443 0.1849 -0.9205
vn -0.3754 0.2128 -0.9021
vn -0.4525 0.1994 -0.8692
vn -0.9568 0.0203 0.2901
vn -0.9649 0.2626 -0.0075
vn -0.8693 0.1199 0.4795
vn -0.8831 0.0932 0.4597
vn -0.9148 0.1599 0.3708
vn 0.3058 0.0106 -0.9520
vn 0.5939 -0.1025 -0.7980
vn -0.8728 0.4575 -0.1700
vn -0.6812 0.1347 -0.7196
vn 0.7603 0.5358 0.3673
vn 0.7715 0.4472 0.4526
vn 0.7717 0.3943 0.4990
vn 0.7306 0.1189 0.6723
vn 0.5628 -0.4791 -0.6736
vn 0.9690 -0.1176 0.2174
vn 0.7294 -0.6832 -0.0347
vn 0.5041 -0.8110 -0.2970
vn 0.4823 -0.7793 -0.4001
vn 0.5442 0.2216 -0.8092
vn 0.6049 0.2182 -0.7658
vn 0.9946 0.0704 0.0761
vn -0.9995 -0.0314 -0.0052
vn -0.9863 0.0991 0.1316
vn -0.9264 -0.1449 0.3475
vn -0.2069 -0.0212 0.9781
vn -0.2808 -0.2740 0.9198
vn -0.1667 0.0167 0.9859
vn -0.5300 -0.0531 0.8463
vn -0.5390 -0.2663 0.7991
vn -0.6762 -0.1680 0.7173
vn -0.7918 -0.3300 0.5140
vn -0.8322 0.0532 0.5519
vn -0.6341 -0.4222 0.6478
vn -0.6153 0.1793 0.7677
vn -0.3489 0.0978 0.9320
vn -0.4756 0.2190 0.8520
vn -0.1588 0.1439 0.9768
vn -0.1390 0.0936 0.9859
vn 0.1805 0.1955 0.9640
vn 0.9965 0.0528 0.0645
vn -0.9773 -0.0087 -0.2117
vn -0.9399 0.0698 -0.3341
vn -0.9509 0.2355 -0.2010
vn -0.9526 -0.0662 -0.2970
vn 0.9051 0.0070 0.4252
vn 0.7901 -0.0488 0.6110
vn -0.1604 -0.2895 -0.9437
vn 0.7042 0.6929 -0.1550
vn 0.6822 0.7086 -0.1802
vn -0.2877 0.5501 0.7840
vn 0.2964 0.4837 0.8235
vn 0.1608 0.8072 0.5680
vn 0.2675 0.6997 0.6625
vn 0.2900 0.7034 0.6489
vn 0.3108 0.5022 0.8069
vn 0.3375 0.7306 0.5935
vn 0.5254 0.2307 0.8190
vn -0.2115 0.8321 0.5128
vn -0.0723 0.8504 0.5212
vn -0.0386 0.9752 0.2177
vn 0.0897 0.8851 0.4567
vn 0.0572 0.9736 0.2209
vn -0.2128 0.8327 0.5111
vn 0.1576 0.9867 -0.0409
vn -0.1200 0.9795 0.1616
vn 0.0840 0.9786 -0.1878
vn 0.2406 0.8645 -0.4412
vn 0.3570 0.7557 -0.5490
vn 0.0994 0.6703 -0.7354
vn -0.0396 0.9514 -0.3055
vn 0.0025 0.7292 -0.6843
vn -0.4832 0.6765 0.5558
vn -0.3901 0.6964 0.6023
vn -0.0473 0.9458 0.3212
vn -0.2487 0.9593 0.1340
vn -0.4138 0.8956 0.1633
vn -0.0337 0.9929 -0.1143
vn -0.4902 0.8636 0.1179
vn -0.1721 0.9814 0.0846
vn 0.3178 0.9442 -0.0859
vn 0.4424 0.8462 -0.2969
vn -0.0755 -0.9913 -0.1076
vn -0.0456 -0.9946 -0.0928
vn -0.1634 -0.9048 0.3933
vn -0.0222 -0.9527 0.3031
vn 0.0899 -0.9442 -0.3168
vn 0.2496 -0.8352 -0.4900
vn -0.3214 -0.9461 0.0397
vn -0.1127 -0.7642 0.6350
vn 0.0989 -0.7757 0.6233
vn 0.3596 -0.5462 0.7565
vn 0.1502 -0.9271 0.3435
vn -0.0598 -0.9330 -0.3549
vn -0.1361 -0.9122 -0.3865
vn 0.4503 -0.4120 -0.7922
vn 0.5822 -0.6290 -0.5152
vn 0.6149 -0.6439 -0.4552
vn 0.5550 -0.8119 -0.1810
vn 0.5508 0.2555 -0.7945
vn 0.4511 0.0274 -0.8920
vn 0.5852 0.2391 -0.7748
vn 0.3218 -0.4030 -0.8568
vn 0.6396 0.1690 -0.7499
vn 0.4843 0.5864 -0.6493
vn 0.4513 0.1381 0.8816
vn 0.5373 0.1777 0.8245
vn 0.5167 0.0625 0.8539
vn 0.3648 0.2063 0.9079
vn 0.3382 0.1028 0.9355
vn 0.3945 0.0286 0.9185
vn 0.3059 0.1702 0.9367
vn -0.8165 0.2982 0.4944
vn -0.5540 0.2498 0.7942
vn 0.9657 0.0458 -0.2556
vn 0.9945 0.0438 -0.0952
vn 0.3753 0.1489 0.9149
vn 0.3543 -0.0273 0.9347
vn 0.9781 0.1987 0.0620
vn 0.9915 0.0732 0.1078
vn 0.9996 0.0018 0.0277
vn 0.3012 -0.1726 0.9378
vn 0.4143 -0.0928 0.9054
vn 0.5503 0.1284 0.8251
vn 0.1039 -0.0416 -0.9937
vn -0.5103 0.2261 -0.8297
vn 0.9269 0.1347 -0.3504
vn 0.9560 0.2933 0.0124
vn 0.5715 0.4306 -0.6986
vn 0.5730 0.3183 -0.7552
vn -0.0751 0.1134 0.9907
vn 0.4576 0.1870 0.8693
vn -0.2682 0.6172 -0.7397
vn -0.3025 0.2495 -0.9199
vn -0.3219 0.0814 -0.9433
vn -0.0060 0.8626 -0.5059
vn -0.9131 0.3954 0.0996
vn -0.9388 0.2695 0.2145
vn -0.2162 -0.5539 0.8040
vn -0.3866 -0.5618 0.7313
vn -0.3054 -0.9346 0.1820
vn -0.5563 -0.6046 0.5701
vn -0.2770 -0.8627 0.4232
vn 0.0264 -0.9931 0.1139
vn -0.3430 -0.7529 0.5617
vn -0.5822 -0.8124 0.0306
vn -0.4786 -0.8749 -0.0745
vn -0.7472 -0.6574 -0.0973
vn -0.2398 -0.9636 -0.1180
vn -0.2241 -0.9714 -0.0779
vn 0.8304 -0.5567 0.0223
vn 0.6255 -0.7783 0.0552
vn 0.4917 -0.8693 -0.0503
vn -0.3091 -0.9437 0.1178
vn 0.5392 -0.4414 0.7172
vn 0.3848 -0.5712 0.7251
vn 0.9313 -0.1510 0.3316
vn 0.7327 -0.3853 0.5610
vn 0.7000 -0.6665 0.2563
vn 0.9231 -0.3164 0.2184
vn 0.9858 -0.1327 0.1025
vn 0.9823 0.0994 0.1585
vn 0.9991 0.0025 0.0417
vn -0.6082 0.0214 0.7935
vn -0.9688 0.1999 -0.1462
vn -0.5759 0.0636 0.8150
vn -0.7865 0.2161 0.5785
vn -0.6907 0.0874 0.7178
vn 0.9721 0.0019 0.2346
vn 0.9487 0.1567 -0.2745
vn 0.9585 0.0441 -0.2817
vn 0.5183 -0.1353 0.8444
vn 0.3269 -0.3396 0.8819
vn 0.2860 -0.2007 0.9370
vn 0.4140 -0.3957 0.8198
vn 0.6791 -0.3159 0.6626
vn 0.4039 -0.2354 0.8840
vn -0.2336 0.1246 -0.9643
vn -0.5773 -0.1180 -0.8080
vn -0.3973 0.2882 -0.8713
vn -0.4327 0.0207 -0.9013
vn -0.1894 0.1648 -0.9680
vn -0.4410 0.0360 -0.8968
vn 0.5694 -0.2803 -0.7728
vn 0.9964 0.0594 0.0607
vn 0.7989 0.5662 0.2028
vn -0.9801 0.1630 -0.1128
vn -0.9586 0.2143 -0.1876
vn -0.9701 -0.0168 -0.2419
vn -0.5246 0.5617 -0.6397
vn -0.6059 0.4820 -0.6329
vn -0.3281 0.8933 -0.3070
vn -0.5842 0.6559 -0.4780
vn 0.1018 -0.9770 0.1874
vn -0.0093 -0.9751 -0.2214
vn 0.0199 -0.9983 -0.0552
vn 0.2315 -0.7857 -0.5737
vn 0.2455 -0.6855 -0.6854
vn 0.5653 -0.1533 -0.8105
vn 0.4354 -0.4282 0.7918
vn -0.0995 -0.4104 0.9065
vn -0.0713 -0.0206 0.9972
vn -0.5201 -0.1960 -0.8313
vn -0.3557 0.2362 -0.9043
vn -0.3599 0.1140 -0.9260
vn -0.6363 0.1777 0.7507
vn -0.5420 0.2861 0.7902
vn -0.5476 0.2309 0.8043
vn 0.9698 0.1230 -0.2105
vn -0.0251 -0.1718 -0.9848
vn -0.9823 0.0610 0.1769
vn -0.5360 0.4494 -0.7146
vn -0.8314 0.3177 -0.4558
vn -0.6808 0.7009 -0.2128
vn -0.8669 0.3896 -0.3110
vn 0.2435 0.9191 -0.3097
vn 0.4626 0.6145 -0.6391
vn 0.5605 0.5554 -0.6143
vn -0.4799 -0.2105 0.8517
vn -0.6321 -0.3265 0.7028
vn -0.7534 -0.6436 0.1350
vn -0.2796 0.0364 0.9594
vn -0.0653 0.0371 0.9972
vn -0.1864 0.0810 0.9791
vn -0.5574 -0.1396 -0.8184
vn -0.5510 0.0199 -0.8343
vn -0.7150 -0.1252 -0.6878
vn -0.6343 0.1228 -0.7633
vn -0.7540 0.0532 -0.6547
vn -0.7677 -0.1683 -0.6183
vn -0.8226 -0.0926 -0.5611
vn -0.9503 0.1318 -0.2820
vn -0.6154 0.0835 -0.7838
vn -0.7420 -0.0611 -0.6676
vn -0.1095 0.1741 -0.9786
vn -0.2106 0.0780 -0.9745
vn -0.2743 0.0735 -0.9588
vn 0.0276 -0.2123 -0.9768
vn 0.1068 -0.5713 -0.8137
vn 0.3130 0.0641 -0.9476
vn -0.6435 0.7652 -0.0220
vn -0.1210 0.9926 -0.0086
vn -0.5678 0.8017 -0.1869
vn -0.4260 0.8879 -0.1734
vn 0.4325 0.8843 0.1760
vn 0.5055 0.8314 0.2309
vn 0.1740 0.9813 0.0822
vn -0.1534 0.9852 -0.0761
vn 0.1261 0.9917 0.0246
vn -0.3875 0.8649 -0.3191
vn -0.1314 0.9804 -0.1469
vn -0.0802 -0.9874 0.1362
vn -0.8088 -0.4987 -0.3115
vn 0.8335 -0.5016 0.2317
vn 0.7125 -0.5252 0.4652
vn -0.9857 -0.1418 -0.0908
vn -0.9581 -0.0803 -0.2749
vn 0.6045 0.2512 0.7560
vn 0.3570 0.1586 0.9206
vn 0.3424 0.1410 0.9289
vn -0.4999 0.0667 -0.8635
vn -0.2642 0.0019 -0.9645
vn -0.4396 -0.0459 -0.8970
vn -0.9580 0.1139 -0.2632
vn -0.2627 0.4334 -0.8621
vn -0.8485 0.1517 -0.5070
vn -0.9370 0.0244 0.3486
vn -0.6022 -0.3562 0.7144
vn -0.9888 0.1279 -0.0764
vn -0.9596 0.2814 -0.0001
vn 0.7633 0.4466 0.4667
vn 0.8208 0.5360 0.1976
vn 0.8621 0.5041 -0.0524
vn -0.9915 0.0482 -0.1211
vn -0.8000 0.5898 0.1103
vn -0.9703 0.2307 -0.0725
vn 0.6870 0.2126 -0.6949
vn 0.5151 0.4140 -0.7505
vn 0.5329 0.2530 -0.8075
vn 0.6849 0.3535 0.6371
vn 0.2234 -0.0682 0.9723
vn -0.9390 0.3409 -0.0462
vn -0.6688 0.7427 -0.0333
vn -0.9203 0.3908 0.0206
vn 0.5299 0.8416 0.1043
vn -0.8531 0.4651 -0.2362
vn -0.4855 0.8733 0.0414
vn 0.4957 0.8684 -0.0129
vn 0.1209 -0.9926 0.0094
vn -0.5930 -0.3754 0.7123
vn 0.5649 0.2006 -0.8004
vn -0.9892 0.1453 -0.0194
vn 0.5866 -0.1554 -0.7948
vn -0.5431 -0.0079 0.8396
vn -0.5976 -0.0941 0.7962
vn -0.9750 0.2090 0.0759
vn 0.5501 0.4077 -0.7288
vn 0.6923 0.0216 -0.7213
vn 0.4148 0.3590 -0.8361
vn 0.8946 0.1560 -0.4187
vn 0.3083 0.3737 -0.8748
vn 0.3490 -0.1638 0.9227
vn 0.3995 -0.1099 0.9101
vn 0.0705 -0.1739 0.9822
vn 0.3906 0.3684 0.8436
vn 0.3432 0.3195 0.8832
vn 0.9085 -0.4048 0.1036
vn 0.9262 -0.2829 0.2493
vn 0.8044 -0.3713 0.4637
vn -0.3943 0.3846 -0.8346
vn 0.5893 0.0115 0.8078
vn 0.8398 0.1755 0.5138
vn -0.1680 -0.0937 -0.9813
vn -0.0138 0.8220 0.5694
vn 0.0414 0.8663 0.4979
vn 0.0893 0.8862 -0.4545
vn 0.2945 0.6989 -0.6518
vn 0.1415 0.9357 -0.3232
vn 0.1895 0.9185 -0.3471
vn -0.1791 0.9179 -0.3541
vn 0.0171 0.9818 -0.1892
vn 0.2631 -0.9515 0.1596
vn -0.2550 -0.9663 0.0347
vn -0.1054 -0.9939 0.0317
vn -0.5319 -0.8436 -0.0736
vn 0.4982 -0.8527 0.1574
vn 0.8755 -0.4684 0.1190
vn 0.1977 -0.9781 -0.0649
vn -0.0877 -0.9957 -0.0291
vn -0.6650 -0.7464 0.0258
vn 0.2956 -0.9552 0.0160
vn -0.4300 -0.8978 -0.0953
vn 0.0388 -0.9970 0.0673
vn 0.4185 -0.8910 0.1758
vn 0.9889 -0.0407 0.1432
vn 0.9873 0.0756 0.1396
vn 0.9862 0.1479 0.0740
vn 0.9638 0.0546 0.2608
vn 0.4132 0.1127 0.9037
vn 0.3519 0.2688 0.8966
vn 0.5226 -0.1311 0.8424
vn 0.7508 -0.0563 0.6581
vn 0.6007 -0.0122 -0.7994
vn 0.8478 0.1623 -0.5048
vn 0.6611 -0.1329 -0.7384
vn 0.6198 0.0506 -0.7831
vn 0.6103 -0.0646 -0.7896
vn 0.4862 0.0664 -0.8713
vn 0.5188 0.0053 -0.8549
vn 0.2405 -0.0621 -0.9687
vn 0.2591 0.0471 -0.9647
vn 0.9367 0.0935 -0.3375
vn 0.8773 0.0495 -0.4773
vn 0.6602 -0.0589 -0.7487
vn 0.5659 -0.0792 -0.8206
vn 0.6985 -0.2548 -0.6687
vn 0.5784 0.1221 0.8065
vn -0.4435 0.4721 0.7619
vn -0.4880 0.3403 0.8038
vn -0.5791 0.1324 0.8044
vn -0.5343 0.4355 0.7245
vn -0.4104 0.5196 0.7494
vn -0.5732 0.0872 0.8148
vn -0.7949 0.6056 -0.0362
vn -0.5701 0.8078 0.1501
vn -0.3766 0.8047 0.4590
vn -0.3200 0.7803 0.5373
vn -0.0577 0.9850 0.1625
vn -0.0951 -0.9950 -0.0303
vn 0.2423 -0.9628 0.1195
vn 0.1125 -0.9842 0.1365
vn -0.2096 -0.9775 -0.0230
vn 0.0841 -0.9893 0.1194
vn 0.3257 -0.9158 0.2351
vn 0.7474 -0.6543 0.1155
vn -0.6532 -0.7363 0.1769
vn -0.3491 -0.9185 0.1859
vn 0.2837 -0.9523 -0.1121
vn -0.6223 -0.7540 0.2101
vn 0.4780 -0.5595 0.6771
vn 0.4054 -0.7990 0.4442
vn 0.5783 -0.7675 0.2765
vn -0.4018 0.1237 -0.9074
vn -0.4003 0.1672 -0.9010
vn 0.9918 0.0811 0.0987
vn 0.9980 0.0572 0.0253
vn 0.7084 0.0961 0.6992
vn 0.4735 -0.0477 0.8795
vn -0.4311 0.0174 -0.9022
vn -0.3447 -0.1546 -0.9259
vn -0.8050 -0.0121 0.5931
vn -0.9350 0.2474 0.2542
vn 0.6495 0.5803 0.4913
vn 0.5089 0.8474 0.1517
vn 0.6846 0.7104 0.1631
vn 0.4946 0.8658 0.0758
vn 0.6710 0.7357 0.0924
vn 0.7328 0.6803 0.0097
vn -0.2070 -0.9712 -0.1178
vn 0.3121 -0.8653 0.3922
vn -0.2488 -0.8796 0.4055
vn -0.2770 -0.7670 0.5788
vn -0.9756 -0.1865 -0.1158
vn 0.9017 0.0906 0.4229
vn 0.8931 0.1342 0.4293
vn 0.2930 0.0414 0.9552
vn 0.4619 -0.3041 0.8332
vn 0.4223 0.0784 0.9031
vn -0.3990 0.4579 0.7944
vn 0.0545 0.9985 0.0083
vn -0.1791 0.9816 -0.0668
vn -0.3002 0.9453 -0.1275
vn 0.5690 0.8182 0.0826
vn -0.2506 0.9680 -0.0152
vn 0.0629 0.9979 -0.0136
vn -0.3857 -0.7328 -0.5605
vn -0.1394 -0.9110 -0.3882
vn -0.2496 -0.7743 -0.5815
vn -0.0782 -0.9893 -0.1232
vn -0.3097 -0.9450 -0.1056
vn -0.4760 -0.8131 -0.3351
vn -0.5374 -0.8232 -0.1829
vn -0.7859 -0.5243 0.3279
vn 0.9887 0.0319 0.1464
vn -0.6069 -0.0776 -0.7910
vn -0.8656 -0.0117 -0.5005
vn -0.8687 -0.1713 -0.4648
vn -0.4450 0.1808 0.8771
vn -0.5054 0.0211 0.8626
vn -0.4454 -0.0170 0.8952
vn -0.5382 0.0742 0.8396
vn -0.4294 0.2354 0.8719
vn -0.6794 0.5734 0.4578
vn -0.1046 0.9874 0.1187
vn 0.0230 0.9991 0.0361
vn -0.0309 0.9927 0.1167
vn -0.1279 -0.0988 0.9868
vn -0.6347 0.2005 0.7463
vn -0.1649 0.1026 0.9809
vn -0.3236 -0.0278 0.9458
vn 0.7389 0.0467 0.6722
vn 0.7243 0.0134 0.6894
vn 0.4924 0.0120 0.8703
vn 0.3634 -0.0705 0.9290
vn -0.2776 0.4962 -0.8226
vn -0.3181 0.3984 -0.8603
vn -0.0132 0.9638 -0.2664
vn 0.1542 0.9768 0.1487
vn 0.1916 0.9192 0.3440
vn -0.7052 0.0521 -0.7071
vn -0.6225 -0.3804 -0.6839
vn -0.8613 0.1318 -0.4906
vn -0.7898 -0.3792 -0.4821
vn -0.9805 0.0704 -0.1836
vn -0.7847 -0.5709 -0.2416
vn 0.9883 0.1522 0.0055
vn -0.3772 -0.0398 0.9253
vn -0.5592 0.2203 -0.7992
vn 0.3201 -0.6778 0.6619
vn 0.4068 -0.6411 0.6508
vn 0.5067 -0.4266 0.7492
vn 0.3042 -0.8756 0.3753
vn 0.3386 -0.9018 0.2685
vn -0.1318 0.9451 -0.2991
vn 0.1139 0.9865 0.1179
vn -0.0502 0.9838 -0.1721
vn -0.9967 -0.0106 -0.0811
vn -0.6605 0.1785 0.7293
vn -0.5762 0.2268 0.7852
vn -0.6570 0.1946 0.7284
vn -0.4296 0.2029 -0.8799
vn -0.3373 0.6403 0.6901
vn -0.6322 0.5015 0.5906
vn -0.5828 0.0828 0.8084
vn 0.6076 -0.0479 -0.7928
vn 0.3803 0.2479 -0.8910
vn 0.1629 0.1808 -0.9699
vn 0.9336 0.1594 -0.3209
vn -0.6897 0.6746 -0.2630
vn 0.0720 0.9929 -0.0945
vn -0.1493 0.9651 0.2151
vn 0.1222 0.9692 -0.2137
vn -0.1249 -0.9674 -0.2202
vn -0.0165 -0.9791 -0.2027
vn 0.1903 -0.9801 0.0560
vn 0.3463 -0.6764 -0.6500
vn 0.3367 -0.8195 -0.4638
vn 0.2935 -0.3417 -0.8928
vn 0.0685 -0.7726 -0.6311
vn -0.1773 -0.3934 -0.9021
vn 0.3505 -0.3401 -0.8726
vn -0.2497 -0.2619 0.9323
vn -0.7246 0.2095 0.6566
vn -0.8991 -0.1883 -0.3952
vn 0.9882 -0.1529 0.0094
vn 0.9986 -0.0535 0.0013
vn 0.9953 -0.0206 0.0949
vn -0.9819 -0.0602 -0.1794
vn 0.2069 -0.9718 -0.1127
vn 0.2249 -0.9487 -0.2222
vn 0.4208 -0.8886 -0.1824
vn 0.4535 0.1551 -0.8777
vn 0.6871 0.4358 -0.5814
vn 0.5911 0.2739 -0.7586
vn 0.9500 0.0147 -0.3119
vn -0.6005 0.0174 -0.7994
vn -0.7293 -0.1010 -0.6767
vn -0.7162 0.1623 -0.6788
vn -0.9819 0.1456 0.1212
vn -0.9848 0.1171 0.1279
vn 0.1592 0.9826 0.0960
vn -0.2760 0.7437 -0.6088
vn -0.1127 0.9228 -0.3685
vn 0.1114 0.7961 0.5948
vn 0.0032 0.9996 -0.0292
vn -0.6415 0.0018 0.7671
vn -0.3463 0.6549 -0.6717
vn 0.5956 -0.3431 -0.7263
vn 0.3239 -0.4817 -0.8143
vn 0.9943 0.1033 -0.0268
vn 0.1707 0.2382 -0.9561
vn -0.0363 -0.9943 -0.1004
vn 0.1509 -0.9524 0.2650
vn 0.1101 -0.9922 0.0583
vn 0.2842 -0.8858 0.3667
vn -0.1415 0.9845 0.1034
vn 0.0402 0.9992 0.0026
vn 0.1222 -0.9785 0.1663
vn -0.1066 -0.9865 -0.1243
vn -0.0735 -0.9630 -0.2591
vt 0.329718 0.614438
vt 0.346709 0.581036
vt 0.348140 0.619442
vt 0.333694 0.636396
vt 0.313764 0.619119
vt 0.321884 0.652972
vt 0.304624 0.641579
vt 0.346503 0.669844
vt 0.305048 0.675953
vt 0.311573 0.682648
vt 0.947527 0.834524
vt 0.951775 0.870653
vt 0.940438 0.869805
vt 0.946006 0.884604
vt 0.913659 0.886670
vt 0.929846 0.897345
vt 0.574069 0.496004
vt 0.565744 0.484775
vt 0.571285 0.459597
vt 0.563730 0.504754
vt 0.568820 0.523601
vt 0.837120 0.458882
vt 0.845305 0.440515
vt 0.862618 0.440429
vt 0.863763 0.475027
vt 0.829674 0.475834
vt 0.878540 0.503060
vt 0.829765 0.499859
vt 0.611232 0.410004
vt 0.598747 0.398229
vt 0.617165 0.397800
vt 0.595128 0.442379
vt 0.620297 0.422535
vt 0.603924 0.463477
vt 0.637627 0.445400
vt 0.427628 0.619884
vt 0.388994 0.626653
vt 0.398713 0.598828
vt 0.408860 0.641781
vt 0.437783 0.707007
vt 0.418724 0.696596
vt 0.421180 0.680185
vt 0.421950 0.721845
vt 0.436043 0.747154
vt 0.454233 0.737099
vt 0.829272 0.427373
vt 0.827970 0.418165
vt 0.854560 0.423368
vt 0.825597 0.436921
vt 0.808388 0.495131
vt 0.358823 0.820496
vt 0.358823 0.849971
vt 0.344759 0.847659
vt 0.671116 0.283732
vt 0.684566 0.329434
vt 0.667151 0.322391
vt 0.674504 0.351847
vt 0.643840 0.336941
vt 0.694812 0.355701
vt 0.686404 0.371995
vt 0.865885 0.275531
vt 0.855314 0.295246
vt 0.838693 0.289542
vt 0.841831 0.258287
vt 0.866225 0.244467
vt 0.837466 0.229274
vt 0.857951 0.216968
vt 0.642510 0.194253
vt 0.657824 0.178724
vt 0.664498 0.192754
vt 0.659373 0.152474
vt 0.662152 0.166899
vt 0.645987 0.154332
vt 0.638357 0.133573
vt 0.662032 0.112162
vt 0.651935 0.134645
vt 0.840428 0.000000
vt 0.834427 0.035424
vt 0.827901 0.031150
vt 0.790713 0.544065
vt 0.806321 0.568199
vt 0.776044 0.572324
vt 0.801138 0.587734
vt 0.797002 0.607315
vt 0.770757 0.602624
vt 0.775433 0.590717
vt 0.776290 0.611563
vt 0.787877 0.815616
vt 0.791073 0.795459
vt 0.796991 0.811053
vt 0.193429 0.798320
vt 0.188814 0.774488
vt 0.214886 0.788797
vt 0.358823 0.807594
vt 0.343415 0.805930
vt 0.349963 0.789043
vt 0.333891 0.792250
vt 0.563155 0.326962
vt 0.546714 0.330169
vt 0.538651 0.308925
vt 0.561627 0.303876
vt 0.544985 0.291925
vt 0.552653 0.271942
vt 0.571070 0.281962
vt 0.052786 0.248400
vt 0.030012 0.232028
vt 0.056152 0.225815
vt 0.042397 0.203729
vt 0.012202 0.198111
vt 0.034550 0.147909
vt 0.056276 0.174018
vt 0.030999 0.171650
vt 0.017640 0.183906
vt 0.032906 0.184723
vt 0.045519 0.134070
vt 0.018694 0.140491
vt 0.910581 0.528026
vt 0.908230 0.576205
vt 0.902866 0.555218
vt 0.199351 0.717165
vt 0.198665 0.733666
vt 0.173159 0.740817
vt 0.157875 0.715846
vt 0.144505 0.732307
vt 0.146199 0.764139
vt 0.124056 0.733092
vt 0.109832 0.763094
vt 0.834243 0.133539
vt 0.846042 0.164409
vt 0.830891 0.164409
vt 0.201599 0.749644
vt 0.182580 0.756648
vt 0.211134 0.774488
vt 0.159760 0.747667
vt 0.094021 0.733496
vt 0.082236 0.738958
vt 0.100011 0.751122
vt 0.432878 0.059870
vt 0.411770 0.070699
vt 0.404561 0.055876
vt 0.416219 0.041738
vt 0.441461 0.074540
vt 0.425019 0.088412
vt 0.444871 0.095636
vt 0.136454 0.777546
vt 0.402305 0.034192
vt 0.323843 0.699871
vt 0.292994 0.712400
vt 0.311221 0.713980
vt 0.290947 0.727894
vt 0.272763 0.820451
vt 0.264111 0.842053
vt 0.264111 0.806175
vt 0.846042 0.141353
vt 0.852706 0.159718
vt 0.846042 0.164409
vt 0.885568 0.487926
vt 0.910048 0.457099
vt 0.913052 0.484546
vt 0.895705 0.512432
vt 0.556102 0.505953
vt 0.567905 0.551928
vt 0.222151 0.753969
vt 0.270419 0.738393
vt 0.246331 0.763405
vt 0.227645 0.771722
vt 0.497842 0.186036
vt 0.493731 0.153978
vt 0.506741 0.179993
vt 0.505999 0.157564
vt 0.501115 0.125120
vt 0.484997 0.116583
vt 0.478648 0.102110
vt 0.587277 0.540101
vt 0.595873 0.565085
vt 0.578734 0.578965
vt 0.077995 0.598892
vt 0.085507 0.617888
vt 0.064921 0.633360
vt 0.081833 0.643938
vt 0.378669 0.604390
vt 0.378229 0.627669
vt 0.393979 0.661446
vt 0.420748 0.656169
vt 0.406937 0.713643
vt 0.413086 0.741415
vt 0.422141 0.754108
vt 0.368111 0.563219
vt 0.370903 0.522449
vt 0.388509 0.554907
vt 0.615671 0.707101
vt 0.608294 0.684532
vt 0.631476 0.707429
vt 0.641330 0.682382
vt 0.606584 0.615825
vt 0.615541 0.600161
vt 0.622714 0.618467
vt 0.713518 0.840347
vt 0.713518 0.815078
vt 0.732132 0.828232
vt 0.658950 0.681085
vt 0.648073 0.669315
vt 0.555442 0.782627
vt 0.542094 0.761146
vt 0.550773 0.754108
vt 0.542094 0.801272
vt 0.615713 0.654906
vt 0.650981 0.644856
vt 0.450751 0.754321
vt 0.449663 0.784317
vt 0.433527 0.769150
vt 0.432150 0.754108
vt 0.186083 0.793945
vt 0.188814 0.811445
vt 0.174214 0.795341
vt 0.163905 0.795466
vt 0.157875 0.811445
vt 0.489359 0.781968
vt 0.478268 0.798192
vt 0.476444 0.754108
vt 0.800582 0.068184
vt 0.808308 0.086167
vt 0.787349 0.073614
vt 0.652281 0.614258
vt 0.648142 0.583075
vt 0.660711 0.597843
vt 0.673477 0.610464
vt 0.470987 0.659632
vt 0.481688 0.689516
vt 0.461252 0.681521
vt 0.228232 0.826720
vt 0.228232 0.841391
vt 0.214938 0.837160
vt 0.249415 0.107478
vt 0.220621 0.099371
vt 0.226234 0.085970
vt 0.233776 0.118845
vt 0.208897 0.088193
vt 0.778443 0.398520
vt 0.792203 0.408902
vt 0.765280 0.401970
vt 0.772745 0.525971
vt 0.764599 0.544098
vt 0.792604 0.723084
vt 0.818909 0.694822
vt 0.822297 0.712654
vt 0.758019 0.629346
vt 0.760640 0.599894
vt 0.792949 0.306561
vt 0.777312 0.286393
vt 0.798690 0.282677
vt 0.770536 0.272051
vt 0.802195 0.262827
vt 0.822056 0.237401
vt 0.785218 0.239537
vt 0.317316 0.177388
vt 0.297056 0.178433
vt 0.282130 0.167022
vt 0.299442 0.135748
vt 0.280521 0.152608
vt 0.272534 0.133678
vt 0.589931 0.303695
vt 0.597593 0.280819
vt 0.613279 0.298672
vt 0.619567 0.282726
vt 0.605602 0.330569
vt 0.218060 0.354247
vt 0.190429 0.368305
vt 0.195746 0.350558
vt 0.174261 0.358908
vt 0.596576 0.348983
vt 0.610013 0.362110
vt 0.765493 0.254760
vt 0.773542 0.230277
vt 0.641569 0.857977
vt 0.636237 0.844540
vt 0.641569 0.837449
vt 0.173979 0.047696
vt 0.200640 0.039307
vt 0.206961 0.046321
vt 0.183709 0.032551
vt 0.738588 0.467247
vt 0.734645 0.443834
vt 0.747400 0.454111
vt 0.748211 0.494361
vt 0.551479 0.742339
vt 0.528190 0.733235
vt 0.556101 0.730921
vt 0.233537 0.312238
vt 0.247180 0.302032
vt 0.240282 0.319815
vt 0.101997 0.821937
vt 0.092788 0.826774
vt 0.087527 0.800384
vt 0.102357 0.801315
vt 0.218460 0.336502
vt 0.208294 0.321204
vt 0.102357 0.784666
vt 0.192016 0.336666
vt 0.172123 0.342232
vt 0.098381 0.777546
vt 0.180446 0.309863
vt 0.155951 0.320462
vt 0.078603 0.680427
vt 0.057398 0.685749
vt 0.056786 0.652520
vt 0.245084 0.806175
vt 0.246054 0.790953
vt 0.273510 0.806175
vt 0.745354 0.161340
vt 0.752223 0.183182
vt 0.732933 0.170692
vt 0.274357 0.414679
vt 0.310513 0.426864
vt 0.282185 0.430980
vt 0.310738 0.451046
vt 0.738336 0.316794
vt 0.726656 0.292564
vt 0.740485 0.277443
vt 0.150807 0.458548
vt 0.127573 0.466121
vt 0.128897 0.453428
vt 0.883557 0.261764
vt 0.923892 0.253146
vt 0.916821 0.275467
vt 0.903797 0.233171
vt 0.916971 0.221150
vt 0.908035 0.363943
vt 0.888020 0.361926
vt 0.901800 0.345048
vt 0.915290 0.369798
vt 0.883239 0.371992
vt 0.927383 0.695398
vt 0.921304 0.715881
vt 0.905170 0.696388
vt 0.899825 0.284637
vt 0.899791 0.309434
vt 0.884059 0.294794
vt 0.917246 0.728662
vt 0.932842 0.732081
vt 0.926218 0.753594
vt 0.934320 0.768468
vt 0.915725 0.790859
vt 0.597100 0.605061
vt 0.613980 0.629650
vt 0.450202 0.745302
vt 0.391567 0.881182
vt 0.400538 0.895830
vt 0.389945 0.902147
vt 0.382361 0.929642
vt 0.370362 0.925037
vt 0.830561 0.814307
vt 0.832816 0.830495
vt 0.819022 0.818841
vt 0.840385 0.801969
vt 0.812714 0.798188
vt 0.824923 0.791445
vt 0.583195 0.786177
vt 0.595030 0.772832
vt 0.599685 0.793960
vt 0.593118 0.815344
vt 0.527538 0.327985
vt 0.520922 0.305007
vt 0.532317 0.276076
vt 0.520163 0.257572
vt 0.535508 0.256334
vt 0.576032 0.189955
vt 0.563203 0.157005
vt 0.576232 0.154699
vt 0.578114 0.133179
vt 0.562177 0.143421
vt 0.557493 0.124759
vt 0.556760 0.096754
vt 0.563039 0.107497
vt 0.543956 0.105632
vt 0.766083 0.011035
vt 0.784374 0.013554
vt 0.791046 0.032291
vt 0.765240 -0.000000
vt 0.136644 0.807490
vt 0.154934 0.823642
vt 0.136644 0.842375
vt 0.150437 0.839304
vt 0.062579 0.837857
vt 0.048728 0.833172
vt 0.054131 0.819446
vt 0.278689 0.106550
vt 0.155737 0.852108
vt 0.155737 0.821258
vt 0.168302 0.835053
vt 0.166084 0.811445
vt 0.712693 0.640097
vt 0.698439 0.615283
vt 0.713856 0.609269
vt 0.700141 0.640327
vt 0.701563 0.662347
vt 0.037671 0.079799
vt 0.015398 0.121268
vt 0.019495 0.088959
vt 0.556102 0.798705
vt 0.558147 0.811341
vt 0.556102 0.825398
vt 0.721765 0.670679
vt 0.704298 0.683256
vt 0.705568 0.592242
vt 0.745379 0.564399
vt 0.750996 0.511338
vt 0.761086 0.566684
vt 0.739424 0.584142
vt 0.769278 0.700701
vt 0.789205 0.686064
vt 0.800456 0.699493
vt 0.770867 0.723579
vt 0.065219 0.279018
vt 0.045767 0.259840
vt 0.072757 0.156645
vt 0.081535 0.159068
vt 0.076882 0.169886
vt 0.773394 0.668258
vt 0.777672 0.683558
vt 0.762094 0.693713
vt 0.793857 0.656437
vt 0.788369 0.649955
vt 0.062574 0.099038
vt 0.074899 0.102919
vt 0.071231 0.127302
vt 0.046441 0.098689
vt 0.036913 0.112974
vt 0.746989 0.765247
vt 0.734645 0.793802
vt 0.741150 0.745391
vt 0.759561 0.719427
vt 0.104782 0.255615
vt 0.083242 0.239251
vt 0.082166 0.212395
vt 0.065069 0.215915
vt 0.080212 0.262328
vt 0.745289 0.699372
vt 0.130874 0.850761
vt 0.119056 0.832296
vt 0.134473 0.842683
vt 0.149970 0.373866
vt 0.133837 0.392760
vt 0.131905 0.370092
vt 0.728968 0.094013
vt 0.751647 0.093647
vt 0.737783 0.108541
vt 0.734978 0.081008
vt 0.742247 0.072194
vt 0.723823 0.000000
vt 0.727839 0.017020
vt 0.713247 0.015113
vt 0.385469 0.503594
vt 0.382762 0.523527
vt 0.720709 0.033479
vt 0.701850 0.054570
vt 0.741877 0.054381
vt 0.641852 0.803690
vt 0.633673 0.771195
vt 0.641852 0.764825
vt 0.388671 0.588358
vt 0.642915 0.470931
vt 0.653337 0.450972
vt 0.634300 0.576200
vt 0.640114 0.523266
vt 0.642466 0.564083
vt 0.086857 0.812729
vt 0.067417 0.804732
vt 0.085181 0.796311
vt 0.414742 0.535088
vt 0.410845 0.512639
vt 0.430949 0.514096
vt 0.447680 0.591614
vt 0.416886 0.578043
vt 0.432735 0.583643
vt 0.646918 0.077657
vt 0.637410 0.060681
vt 0.659179 0.064804
vt 0.638394 0.145607
vt 0.232884 0.836637
vt 0.242959 0.850095
vt 0.232884 0.856421
vt 0.663407 0.019938
vt 0.662391 0.044744
vt 0.642602 0.038441
vt 0.455748 0.494184
vt 0.447501 0.509000
vt 0.694432 0.554908
vt 0.671644 0.564259
vt 0.676936 0.541761
vt 0.157068 0.370092
vt 0.157068 0.402749
vt 0.154934 0.385512
vt 0.793950 0.745377
vt 0.811930 0.735888
vt 0.775693 0.439020
vt 0.774791 0.464261
vt 0.764449 0.451136
vt 0.768049 0.505167
vt 0.767056 0.488788
vt 0.785212 0.501874
vt 0.792432 0.760892
vt 0.780719 0.746809
vt 0.745721 0.593709
vt 0.805465 0.665240
vt 0.842656 0.663745
vt 0.830834 0.680848
vt 0.324275 0.536518
vt 0.301855 0.547223
vt 0.312440 0.513712
vt 0.283504 0.493922
vt 0.289891 0.536729
vt 0.972177 0.796090
vt 1.000000 0.785440
vt 0.982561 0.811714
vt 0.256757 0.418960
vt 0.237205 0.419900
vt 0.246532 0.398236
vt 0.263593 0.437816
vt 0.216777 0.416833
vt 0.233589 0.438849
vt 0.968423 0.657185
vt 0.947208 0.670043
vt 0.960458 0.640434
vt 0.967167 0.683346
vt 0.190580 0.431221
vt 0.205290 0.404585
vt 0.209988 0.436078
vt 0.185849 0.401082
vt 0.243878 0.457427
vt 0.260374 0.462012
vt 0.337480 0.502850
vt 0.343121 0.528257
vt 0.327859 0.513434
vt 0.944291 0.795572
vt 0.959994 0.810442
vt 0.392143 0.684179
vt 0.410507 0.747524
vt 0.426044 0.785072
vt 0.400538 0.772937
vt 0.489359 0.817704
vt 0.462123 0.822876
vt 0.450751 0.814944
vt 0.468562 0.784422
vt 0.625817 0.728551
vt 0.606837 0.717179
vt 0.624847 0.739784
vt 0.637355 0.751127
vt 0.605796 0.757807
vt 0.452568 0.801811
vt 0.614989 0.476878
vt 0.628050 0.502431
vt 0.624136 0.519219
vt 0.619464 0.540947
vt 0.612608 0.570995
vt 0.831631 0.759896
vt 0.843046 0.778569
vt 0.839831 0.715807
vt 0.855448 0.731057
vt 0.830074 0.737197
vt 0.674243 0.628916
vt 0.662357 0.632018
vt 0.509781 0.698341
vt 0.504330 0.723185
vt 0.494414 0.700345
vt 0.517953 0.740020
vt 0.249188 0.092015
vt 0.271891 0.091982
vt 0.744525 0.395144
vt 0.752647 0.418842
vt 0.773721 0.420502
vt 0.459796 0.091209
vt 0.493713 0.199255
vt 0.487688 0.179750
vt 0.473492 0.136382
vt 0.469472 0.114357
vt 0.606007 0.735863
vt 0.590471 0.726157
vt 0.344208 0.855466
vt 0.333891 0.838425
vt 0.344208 0.820496
vt 0.087071 0.595401
vt 0.858997 0.797423
vt 0.855718 0.764843
vt 0.865320 0.776349
vt 0.866087 0.748918
vt 0.853176 0.538910
vt 0.876384 0.576622
vt 0.854298 0.565513
vt 0.843156 0.579052
vt 0.866619 0.589200
vt 0.851415 0.603623
vt 0.884686 0.697648
vt 0.875939 0.723204
vt 0.870368 0.715965
vt 0.120153 0.689685
vt 0.113286 0.665673
vt 0.138182 0.685587
vt 0.715460 0.130426
vt 0.705897 0.147217
vt 0.683282 0.148689
vt 0.681293 0.167523
vt 0.695102 0.169772
vt 0.692843 0.187942
vt 0.615744 0.644275
vt 0.637050 0.632383
vt 0.540555 0.213751
vt 0.850505 0.058652
vt 0.855471 0.075059
vt 0.850505 0.092529
vt 0.443358 0.687754
vt 0.439252 0.663557
vt 0.460353 0.702289
vt 0.482303 0.722197
vt 0.496815 0.733467
vt 0.633071 0.417314
vt 0.635804 0.404951
vt 0.681227 0.415092
vt 0.199160 0.110094
vt 0.198582 0.096402
vt 0.796749 0.399569
vt 0.817252 0.407394
vt 0.803210 0.424265
vt 0.675056 0.597357
vt 0.314254 0.154707
vt 0.301026 0.118938
vt 0.602960 0.182639
vt 0.609371 0.206851
vt 0.592175 0.199312
vt 0.302562 0.368305
vt 0.289728 0.350140
vt 0.308902 0.346007
vt 0.589545 0.245776
vt 0.594414 0.220810
vt 0.609716 0.230859
vt 0.586637 0.258724
vt 0.615447 0.262621
vt 0.330577 0.309304
vt 0.319610 0.327601
vt 0.326875 0.300821
vt 0.297865 0.334175
vt 0.286298 0.326533
vt 0.339145 0.284616
vt 0.327514 0.273359
vt 0.338537 0.265263
vt 0.308441 0.285189
vt 0.324178 0.246179
vt 0.310258 0.261657
vt 0.290475 0.279629
vt 0.283693 0.294318
vt 0.277819 0.288508
vt 0.502393 0.474449
vt 0.514061 0.463459
vt 0.523097 0.475311
vt 0.514819 0.490498
vt 0.501095 0.504818
vt 0.519444 0.505248
vt 0.492377 0.536127
vt 0.501498 0.533725
vt 0.350155 0.154178
vt 0.347934 0.185265
vt 0.328614 0.153474
vt 0.329291 0.174239
vt 0.136401 0.422896
vt 0.118120 0.419099
vt 0.117749 0.402242
vt 0.157875 0.391207
vt 0.183810 0.388084
vt 0.102357 0.777546
vt 0.127365 0.791124
vt 0.102357 0.810041
vt 0.924254 0.652063
vt 0.949873 0.629346
vt 0.935953 0.657528
vt 0.168302 0.841834
vt 0.168302 0.811445
vt 0.188814 0.833714
vt 0.146450 0.407673
vt 0.150002 0.435881
vt 0.284164 0.453793
vt 0.122248 0.389018
vt 0.090899 0.401798
vt 0.750908 0.251006
vt 0.760066 0.230448
vt 0.763082 0.253069
vt 0.105261 0.470689
vt 0.120192 0.442794
vt 0.097632 0.454196
vt 0.918672 0.690027
vt 0.919463 0.674735
vt 0.948295 0.711662
vt 0.949126 0.725928
vt 0.963368 0.743296
vt 0.264111 0.820747
vt 0.245084 0.845300
vt 0.245084 0.806175
vt 0.702487 0.784693
vt 0.716601 0.780748
vt 0.708986 0.793181
vt 0.809180 0.140547
vt 0.808308 0.117008
vt 0.816779 0.140419
vt 0.811361 0.161675
vt 0.699157 0.201797
vt 0.708980 0.219867
vt 0.678517 0.218940
vt 0.713982 0.244597
vt 0.683463 0.247991
vt 0.692501 0.296061
vt 0.715822 0.273534
vt 0.398106 0.526224
vt 0.398443 0.504076
vt 0.395589 0.853552
vt 0.378921 0.875144
vt 0.676368 0.197508
vt 0.667435 0.242251
vt 0.221189 0.804074
vt 0.214938 0.774488
vt 0.232056 0.798851
vt 0.099705 0.838088
vt 0.087527 0.842553
vt 0.087527 0.826774
vt 0.176767 0.774488
vt 0.521161 0.105117
vt 0.537937 0.120981
vt 0.654814 0.730862
vt 0.683428 0.717097
vt 0.683064 0.733525
vt 0.642387 0.264036
vt 0.643516 0.311353
vt 0.619119 0.344151
vt 0.640110 0.365007
vt 0.814227 0.295875
vt 0.800721 0.224891
vt 0.000000 0.221785
vt 0.000164 0.203107
vt 0.015290 0.218482
vt 0.575222 0.108010
vt 0.572894 0.779228
vt 0.571054 0.787958
vt 0.560805 0.764825
vt 0.584705 0.118265
vt 0.303162 0.838554
vt 0.311467 0.829141
vt 0.311467 0.850951
vt 0.586637 0.138768
vt 0.616936 0.193802
vt 0.280180 0.368454
vt 0.617476 0.245628
vt 0.430159 0.813376
vt 0.435244 0.841420
vt 0.417454 0.841420
vt 0.720522 0.554151
vt 0.707007 0.568195
vt 0.702638 0.583596
vt 0.727377 0.588519
vt 0.760751 0.769563
vt 0.780104 0.772174
vt 0.154934 0.721676
vt 0.125207 0.713247
vt 0.895757 0.568635
vt 0.911562 0.597593
vt 0.067579 0.696491
vt 0.096133 0.694483
vt 0.088548 0.710195
vt 0.067268 0.718167
vt 0.108903 0.715106
vt 0.048076 0.633359
vt 0.031191 0.614336
vt 0.053396 0.595640
vt 0.019166 0.625309
vt 0.026058 0.645442
vt 0.481106 0.211323
vt 0.467281 0.225534
vt 0.467143 0.201751
vt 0.048336 0.661196
vt 0.856564 0.038984
vt 0.850125 0.058396
vt 0.850125 0.018284
vt 0.476533 0.339444
vt 0.463334 0.356822
vt 0.463310 0.334022
vt 0.475798 0.313972
vt 0.479988 0.285479
vt 0.492841 0.285848
vt 0.481853 0.270921
vt 0.097268 0.643110
vt 0.127118 0.669182
vt 0.834436 0.595301
vt 0.445328 0.706722
vt 0.460356 0.745453
vt 0.358823 0.934969
vt 0.188814 0.809856
vt 0.210584 0.839089
vt 0.194441 0.828397
vt 0.210584 0.811402
vt 0.641569 0.803690
vt 0.641569 0.837449
vt 0.633673 0.815640
vt 0.861946 0.706094
vt 0.849295 0.699808
vt 0.663441 0.820490
vt 0.642100 0.815773
vt 0.664924 0.810136
vt 0.701624 0.815078
vt 0.713518 0.840014
vt 0.701624 0.854791
vt 0.659623 0.213707
vt 0.646318 0.239461
vt 0.652356 0.268451
vt 0.244659 0.142778
vt 0.555442 0.822081
vt 0.543153 0.848477
vt 0.543153 0.808002
vt 0.630545 0.224262
vt 0.644748 0.214330
vt 0.627804 0.250291
vt 0.680050 0.465783
vt 0.685424 0.438773
vt 0.702260 0.443110
vt 0.679034 0.508530
vt 0.677910 0.493821
vt 0.699554 0.507768
vt 0.567667 0.805015
vt 0.067170 0.296481
vt 0.077629 0.287354
vt 0.481630 0.619117
vt 0.495923 0.669896
vt 0.466525 0.642026
vt 0.775675 0.197256
vt 0.765527 0.205082
vt 0.765114 0.185787
vt 0.775168 0.865575
vt 0.782795 0.883834
vt 0.767451 0.883245
vt 0.758875 0.870997
vt 0.757237 0.855677
vt 0.253498 0.703432
vt 0.233136 0.707753
vt 0.253202 0.689845
vt 0.251052 0.733772
vt 0.223776 0.736627
vt 0.489359 0.827178
vt 0.473789 0.849414
vt 0.473789 0.822876
vt 0.413509 0.013307
vt 0.395721 0.019075
vt 0.386793 0.000000
vt 0.449493 0.063141
vt 0.889893 0.442634
vt 0.873666 0.464475
vt 0.885317 0.539294
vt 0.859208 0.518951
vt 0.587708 0.395145
vt 0.578642 0.405123
vt 0.584432 0.430782
vt 0.592411 0.491157
vt 0.614122 0.496774
vt 0.578498 0.843479
vt 0.568667 0.848112
vt 0.568667 0.826645
vt 0.691087 0.126336
vt 0.701231 0.020218
vt 0.681048 0.034996
vt 0.683071 0.773986
vt 0.685464 0.801829
vt 0.673302 0.801987
vt 0.664924 0.764825
vt 0.662606 0.580801
vt 0.037229 0.819446
vt 0.048728 0.852590
vt 0.037229 0.857871
vt 0.817429 0.760429
vt 0.790463 0.209938
vt 0.802252 0.884458
vt 0.778464 0.841481
vt 0.753504 0.828604
vt 0.776299 0.823305
vt 0.332967 0.200060
vt 0.314068 0.235110
vt 0.325093 0.195867
vt 0.724638 0.128811
vt 0.738617 0.123102
vt 0.739281 0.139201
vt 0.740404 0.029555
vt 0.318608 0.419269
vt 0.340154 0.432575
vt 0.299243 0.415985
vt 0.331684 0.454658
vt 0.806932 0.536586
vt 0.796423 0.521801
vt 0.828969 0.525442
vt 0.817910 0.596483
vt 0.844090 0.204677
vt 0.822019 0.212933
vt 0.849820 0.192460
vt 0.806432 0.187655
vt 0.824566 0.180551
vt 0.292955 0.846534
vt 0.275891 0.846534
vt 0.291060 0.822281
vt 0.843658 -0.000000
vt 0.850125 0.026038
vt 0.840429 0.029047
vt 0.813515 0.862074
vt 0.824024 0.835468
vt 0.828676 0.848315
vt 0.807603 0.828782
vt 0.667992 0.450063
vt 0.671709 0.428022
vt 0.695190 0.420939
vt 0.691454 0.480920
vt 0.656298 0.485084
vt 0.656131 0.511665
vt 0.693525 0.595263
vt 0.680563 0.582453
vt 0.690714 0.627349
vt 0.768212 0.032012
vt 0.003118 0.178199
vt 0.007223 0.164653
vt 0.505714 0.629100
vt 0.523919 0.653351
vt 0.514934 0.657776
vt 0.524134 0.686570
vt 0.285404 0.051203
vt 0.283548 0.082349
vt 0.258977 0.067178
vt 0.257312 0.049723
vt 0.537685 0.692390
vt 0.251341 0.024097
vt 0.244536 0.038714
vt 0.533368 0.720390
vt 0.553385 0.714017
vt 0.228167 0.010307
vt 0.101000 0.410354
vt 0.347762 0.649789
vt 0.925149 0.847294
vt 0.145469 0.791204
vt 0.130321 0.807490
vt 0.127365 0.777546
vt 0.373648 0.646031
vt 0.371189 0.616657
vt 0.375807 0.668392
vt 0.385221 0.704671
vt 0.399376 0.718520
vt 0.720727 0.216129
vt 0.709609 0.295117
vt 0.703371 0.318576
vt 0.872178 0.215927
vt 0.887126 0.242024
vt 0.893887 0.222299
vt 0.465833 0.714835
vt 0.362850 0.898331
vt 0.633383 0.601766
vt 0.797648 0.851281
vt 0.417454 0.816890
vt 0.417454 0.843353
vt 0.408485 0.834624
vt 0.437802 0.564715
vt 0.463089 0.554965
vt 0.141306 0.368190
vt 0.122426 0.367345
vt 0.125415 0.359070
vt 0.347797 0.776742
vt 0.106433 0.349607
vt 0.103495 0.361907
vt 0.076397 0.325151
vt 0.084505 0.321272
vt 0.460259 0.585428
vt 0.468769 0.542800
vt 0.474809 0.588996
vt 0.294704 0.206794
vt 0.772267 0.123119
vt 0.788412 0.095498
vt 0.785739 0.124123
vt 0.226473 0.053496
vt 0.212134 0.063935
vt 0.195140 0.058373
vt 0.743678 0.420530
vt 0.758267 0.430026
vt 0.757177 0.466471
vt 0.721287 0.412988
vt 0.724045 0.446622
vt 0.707688 0.413009
vt 0.763572 0.802630
vt 0.744657 0.804616
vt 0.763401 0.787269
vt 0.093912 0.278323
vt 0.501596 0.652575
vt 0.499160 0.590801
vt 0.300592 0.096661
vt 0.054907 0.710452
vt 0.895735 0.599440
vt 0.880174 0.604517
vt 0.890839 0.628945
vt 0.870295 0.613291
vt 0.610055 0.670317
vt 0.415555 0.548448
vt 0.292955 0.800080
vt 0.273510 0.822281
vt 0.273630 0.803416
vt 0.290820 0.788709
vt 0.808308 0.045581
vt 0.675299 0.675559
vt 0.668848 0.078157
vt 0.656696 0.106600
vt 0.641482 0.093773
vt 0.443837 0.546696
vt 0.311467 0.793833
vt 0.292955 0.814273
vt 0.294617 0.790083
vt 0.287422 0.194558
vt 0.795690 0.089429
vt 0.805533 0.098636
vt 0.763082 0.086167
vt 0.304679 0.247306
vt 0.297955 0.261938
vt 0.763682 0.344993
vt 0.766583 0.315773
vt 0.776169 0.340002
vt 0.763082 0.294463
vt 0.368298 0.026598
vt 0.358823 0.000468
vt 0.381220 0.042796
vt 0.741244 0.236464
vt 0.751315 0.195707
vt 0.736307 0.187766
vt 0.731652 0.214781
vt 0.725000 0.191557
vt 0.728940 0.242899
vt 0.732557 0.268623
vt 0.924563 0.817112
vt 0.910402 0.836862
vt 0.902641 0.862362
vt 0.884686 0.865821
vt 0.895813 0.421680
vt 0.619769 0.588666
vt 0.654153 0.354347
vt 0.668947 0.372077
vt 0.188814 0.809856
vt 0.214938 0.809377
vt 0.587050 0.764825
vt 0.828118 0.280819
vt 0.813375 0.682712
vt 0.734645 0.531060
vt 0.116883 0.059908
vt 0.093050 0.086554
vt 0.095547 0.071502
vt 0.736381 0.559343
vt 0.060890 0.018476
vt 0.086756 0.015879
vt 0.071174 0.032592
vt 0.057767 0.039345
vt 0.069222 0.053751
vt 0.059584 0.072078
vt 0.116259 0.007937
vt 0.102739 0.029328
vt 0.003932 0.575375
vt 0.019552 0.571265
vt 0.010165 0.596501
vt 0.031050 0.587218
vt 0.444819 0.247312
vt 0.457602 0.252945
vt 0.451339 0.269847
vt 0.474542 0.262859
vt 0.007415 0.624236
vt 0.455123 0.222186
vt 0.316186 0.565270
vt 0.327260 0.558775
vt 0.990537 0.834948
vt 0.973246 0.831579
vt 0.324113 0.583138
vt 0.986672 0.853968
vt 0.308996 0.598044
vt 0.301442 0.569521
vt 0.958369 0.849525
vt 0.974909 0.861841
vt 0.971500 0.883123
vt 0.515361 0.789025
vt 0.515466 0.827803
vt 0.489359 0.802641
vt 0.493065 0.787048
vt 0.496264 0.825222
vt 0.506721 0.846096
vt 0.499365 0.850584
vt 0.726190 0.323008
vt 0.712293 0.329368
vt 0.723239 0.355335
vt 0.720075 0.370132
vt 0.396011 0.781484
vt 0.399209 0.792188
vt 0.374691 0.783964
vt 0.867359 0.355427
vt 0.864393 0.375543
vt 0.835584 0.376544
vt 0.835899 0.351676
vt 0.818611 0.341065
vt 0.860062 0.343016
vt 0.832388 0.324657
vt 0.869698 0.322593
vt 0.397299 0.822675
vt 0.378751 0.799759
vt 0.382954 0.835690
vt 0.356247 0.820496
vt 0.677599 0.640363
vt 0.273510 0.786286
vt 0.285445 0.774488
vt 0.787654 0.051151
vt 0.764914 0.059079
vt 0.665625 0.645860
vt 0.681467 0.650535
vt 0.621828 0.329570
vt 0.861143 0.037716
vt 0.856564 0.055969
vt 0.856564 0.018284
vt 0.794338 0.777546
vt 0.686278 0.819183
vt 0.701624 0.839223
vt 0.685464 0.845059
vt 0.321520 0.353915
vt 0.600420 0.078419
vt 0.615789 0.077042
vt 0.606370 0.096945
vt 0.524849 0.414456
vt 0.510538 0.434950
vt 0.505448 0.419452
vt 0.483875 0.582170
vt 0.491428 0.559999
vt 0.548281 0.419026
vt 0.536845 0.437013
vt 0.550416 0.435931
vt 0.526007 0.449792
vt 0.542095 0.450547
vt 0.028223 0.522800
vt 0.006265 0.516340
vt 0.015759 0.497575
vt 0.017936 0.542401
vt 0.009534 0.543154
vt -0.000000 0.549580
vt 0.467311 0.286104
vt 0.450545 0.295694
vt 0.313273 0.466295
vt 0.302532 0.484776
vt 0.271249 0.477724
vt 0.324186 0.496527
vt 0.984457 0.754810
vt 0.975713 0.733852
vt 0.996933 0.718261
vt 0.448435 0.368305
vt 0.441271 0.354193
vt 0.458265 0.314129
vt 0.586468 0.458783
vt 0.601290 0.521270
vt 0.503987 0.296080
vt 0.501601 0.262802
vt 0.814497 0.445784
vt 0.810583 0.469116
vt 0.671703 0.524818
vt 0.653609 0.546828
vt 0.400538 0.824621
vt 0.402282 0.813376
vt 0.459198 0.522898
vt 0.444893 0.531357
vt 0.159291 0.370092
vt 0.150023 0.361708
vt 0.140874 0.336854
vt 0.116258 0.342509
vt 0.131131 0.320698
vt 0.104268 0.307745
vt 0.087850 0.306760
vt 0.951588 0.898641
vt 0.283122 0.650854
vt 0.292258 0.631950
vt 0.286770 0.694687
vt 0.266537 0.667943
vt 0.222586 0.406069
vt 0.227754 0.388607
vt 0.209035 0.390593
vt 0.271549 0.400187
vt 0.068049 0.568683
vt 0.470656 0.369690
vt 0.481023 0.349026
vt 0.320067 0.795279
vt 0.330081 0.800183
vt 0.333213 0.815149
vt 0.425632 0.797691
vt 0.511514 0.219031
vt 0.510413 0.198350
vt 0.525549 0.202500
vt 0.620916 0.206002
vt 0.634592 0.210181
vt 0.619602 0.226938
vt 0.530254 0.824964
vt 0.539614 0.842178
vt 0.530254 0.853142
vt 0.530816 0.407676
vt 0.507661 0.454825
vt 0.735568 0.847174
vt 0.737415 0.828742
vt 0.744869 0.853188
vt 0.110155 0.293567
vt 0.127168 0.282724
vt 0.139131 0.297182
vt 0.512170 0.600989
vt 0.518383 0.608989
vt 0.310120 0.088542
vt 0.063814 0.500456
vt 0.065595 0.479770
vt 0.083128 0.476557
vt 0.039025 0.504901
vt 0.047800 0.510805
vt 0.047957 0.536296
vt 0.042279 0.559728
vt 0.093154 0.669433
vt 0.614159 0.808201
vt 0.865157 0.201357
vt 0.850125 0.058396
vt 0.066932 0.788406
vt 0.062579 0.777545
vt 0.086857 0.783132
vt 0.672273 0.135080
vt 0.850505 0.073716
vt 0.840428 0.092529
vt 0.840927 0.080674
vt 0.625160 0.152999
vt 0.615061 0.176045
vt 0.604975 0.164315
vt 0.616630 0.137456
vt 0.610050 0.152128
vt 0.471525 0.510915
vt 0.730369 0.553721
vt 0.078121 0.183397
vt 0.124743 0.034850
vt 0.090873 0.055396
vt 0.076208 0.077489
vt 0.083504 0.096052
vt 0.800115 0.629346
vt 0.806482 0.649516
vt 0.490199 0.237042
vt 0.349473 0.556977
vt 0.716690 0.147730
vt 0.711242 0.121094
vt 0.716580 0.082750
vt 0.134473 0.810041
vt 0.828017 0.543053
vt 0.821957 0.568951
vt 0.789610 0.436396
vt 0.804434 0.441920
vt 0.793441 0.465955
vt 0.789680 0.488223
vt 0.714837 0.463735
vt 0.720779 0.492812
vt 0.269546 0.349708
vt 0.258093 0.347160
vt 0.266866 0.313262
vt 0.257280 0.297691
vt 0.333891 0.840208
vt 0.322257 0.848863
vt 0.322257 0.824312
vt 0.256028 0.335520
vt 0.240641 0.340124
vt 0.895190 0.463940
vt 0.574630 0.441351
vt 0.901193 0.189685
vt 0.917190 0.195133
vt 0.903824 0.173384
vt 0.919957 0.171743
vt 0.864661 0.835921
vt 0.884686 0.859372
vt 0.872847 0.858497
vt 0.871164 0.828633
vt 0.055390 0.569387
vt 0.501032 0.319288
vt 0.614159 0.808995
vt 0.632130 0.841219
vt 0.615600 0.832299
vt 0.614698 0.780843
vt 0.621603 0.796833
vt 0.788468 0.621668
vt 0.815444 0.613912
vt 0.630517 0.170433
vt 0.811536 0.170140
vt 0.794306 0.196209
vt 0.778646 0.178335
vt 0.157068 0.421382
vt 0.155180 0.415031
vt 0.157068 0.402749
vt 0.079920 0.107071
vt 0.752203 0.283496
vt 0.751525 0.308215
vt 0.733813 0.339075
vt 0.438861 0.382111
vt 0.404569 0.389118
vt 0.412949 0.365641
vt 0.740520 0.359579
vt 0.759297 0.327231
vt 0.427140 0.354663
vt 0.931557 0.230840
vt 0.928865 0.196292
vt 0.737948 0.377916
vt 0.912840 0.302337
vt 0.629741 0.404785
vt 0.546991 0.204499
vt 0.547884 0.234275
vt 0.642100 0.791003
vt 0.648759 0.764825
vt 0.653079 0.695358
vt 0.678059 0.699951
vt 0.048728 0.851659
vt 0.706497 0.395145
vt 0.690523 0.403743
vt 0.204089 0.077173
vt 0.179954 0.066639
vt 0.192648 0.006191
vt 0.207435 0.027449
vt 0.211840 0.000000
vt 0.168501 0.012410
vt 0.368063 0.590793
vt 0.358823 0.592420
vt 0.300481 0.852965
vt 0.292955 0.842613
vt 0.300481 0.829141
vt 0.614159 0.764825
vt 0.633673 0.802003
vt 0.697186 0.108593
vt 0.815231 0.092529
vt 0.808308 0.064182
vt 0.840428 0.075779
vt 0.616466 0.106591
vt 0.709548 0.518678
vt 0.596869 0.149099
vt 0.600825 0.130912
vt 0.482442 0.492051
vt 0.478656 0.473184
vt 0.595514 0.057380
vt 0.617317 0.047896
vt 0.588078 0.157739
vt 0.556101 0.400750
vt 0.542824 0.395144
vt 0.701624 0.815078
vt 0.414014 0.089503
vt 0.450751 0.813376
vt 0.321837 0.851210
vt 0.311467 0.840923
vt 0.321837 0.824312
vt 0.788320 0.143909
vt 0.805533 0.135305
vt 0.764530 0.154531
vt 0.801951 0.340866
vt 0.802351 0.321758
vt 0.273265 0.179263
vt 0.524046 0.716205
vt 0.241698 0.068161
vt 0.226936 0.077443
vt 0.173218 0.303117
vt 0.189012 0.307430
vt 0.150655 0.296728
vt 0.339250 0.225644
vt 0.354340 0.215267
vt 0.351238 0.229446
vt 0.332340 0.235706
vt 0.341214 0.248273
vt 0.073895 0.456451
vt 0.049055 0.482890
vt 0.030051 0.478090
vt 0.408936 0.352815
vt 0.413383 0.324799
vt 0.431673 0.339796
vt 0.007311 0.485808
vt 0.438697 0.324991
vt 0.439911 0.298385
vt 0.932249 0.669907
vt 0.951280 0.691015
vt 0.903279 0.662687
vt 0.915487 0.328715
vt 0.928600 0.358088
vt 0.917283 0.352472
vt 0.900713 0.640110
vt 0.884686 0.650476
vt 0.530254 0.843440
vt 0.515466 0.828676
vt 0.530254 0.824964
vt 0.582016 0.596507
vt 0.585584 0.617039
vt 0.258959 0.835876
vt 0.343115 0.472995
vt 0.733885 0.058350
vt 0.720721 0.169919
vt 0.695192 0.093516
vt 0.875927 0.690716
vt 0.830321 0.052683
vt 0.663838 0.854946
vt 0.656213 0.830476
vt 0.663838 0.820490
vt 0.041719 0.780051
vt 0.057018 0.799614
vt 0.044562 0.804048
vt 0.062579 0.819446
vt 0.049084 0.817554
vt 0.186133 0.085620
vt 0.562793 0.253415
vt 0.556324 0.229612
vt 0.571741 0.236840
vt 0.568456 0.207401
vt 0.454317 0.624424
vt 0.575623 0.252534
vt 0.819945 0.685314
vt 0.756777 0.615624
vt 0.586130 0.236655
vt 0.581794 0.210311
vt 0.052754 0.286662
vt 0.035861 0.262509
vt 0.024702 0.248430
vt 0.017218 0.665914
vt 0.462415 0.179851
vt 0.036782 0.707307
vt 0.469612 0.158861
vt 0.461188 0.134391
vt 0.444020 0.124966
vt 0.433037 0.113239
vt 0.966953 0.704417
vt 0.976695 0.715530
vt 0.562893 0.573129
vt 0.560390 0.591033
vt 0.507341 0.234913
vt 0.515466 0.754108
vt 0.799466 0.159494
vt 0.358823 0.772010
vt 0.556102 0.830770
vt 0.568667 0.826645
vt 0.568667 0.847629
vt 0.264678 0.161817
vt 0.237696 0.822126
vt 0.583195 0.826645
vt 0.763082 0.041165
vt 0.760876 0.707184
vt 0.063016 0.538639
vt 0.903202 0.672745
vt 0.891016 0.340265
vt 0.602968 0.659004
vt 0.600929 0.642985
vt 0.078318 0.812729
vt 0.086857 0.830091
vt 0.078318 0.847213
vt 0.911401 0.751014
vt 0.909120 0.769983
vt 0.907905 0.808269
vt 0.882521 0.201944
vt 0.870701 0.183625
vt 0.889461 0.176449
vt 0.881640 0.166604
vt 0.842919 0.811227
vt 0.849874 0.821203
vt 0.415456 0.756305
vt 0.838229 0.695808
vt 0.614840 0.377042
vt 0.358823 0.774488
vt 0.732886 0.444631
vt 0.734645 0.470361
vt 0.155842 0.026257
vt 0.848072 0.104761
vt 0.830891 0.113959
vt 0.836916 0.092529
vt 0.168501 0.000000
vt 0.137421 0.010892
vt 0.163411 0.040215
vt 0.132879 0.043821
vt 0.135744 0.024651
vt 0.656213 0.835342
vt 0.655197 0.850530
vt 0.642100 0.841398
vt 0.642100 0.820490
vt 0.763082 0.136079
vt 0.762080 0.167577
vt 0.154934 0.386585
vt 0.917732 0.634137
vt 0.143907 0.446994
vt 0.062579 0.777546
vt 0.469314 0.705323
vt 0.435244 0.813376
vt 0.449898 0.845095
vt 0.435244 0.846860
vt 0.834038 0.655595
vt 0.830880 0.613389
vt 0.516199 0.174400
vt 0.848072 0.094070
vt 0.858392 0.126661
vt 0.848072 0.133539
vt 0.675144 0.380651
vt 0.705551 0.383129
vt 0.614159 0.777920
vt 0.701225 0.732289
vt 0.634865 0.018381
vt 0.621655 0.030474
vt 0.624872 0.010480
vt 0.603503 0.371887
vt 0.722243 0.524588
vt -0.000000 0.789881
vt 0.012792 0.777546
vt 0.016351 0.800544
vt -0.000000 0.832145
vt 0.030112 0.790607
vt 0.041719 0.777546
vt 0.041719 0.812124
vt 0.251105 0.385854
vt 0.216820 0.370092
vt 0.253279 0.774488
vt 0.077804 0.828992
vt 0.062579 0.850124
vt 0.062579 0.812729
vt 0.757132 0.072078
vt 0.579874 0.706255
vt 0.579211 0.680526
vt 0.590898 0.697274
vt 0.734645 0.779990
vt 0.720373 0.792171
vt 0.731503 0.771439
vt 0.010832 0.852639
vt 0.016351 0.832145
vt 0.016351 0.857879
vt 0.515140 0.841397
vt 0.512650 0.139331
vt 0.585585 0.744285
vt 0.597733 0.764825
vt 0.010832 0.832145
vt 0.010832 0.852294
vt 0.003946 0.841993
vt 0.828286 0.150193
vt 0.830891 0.132836
vt 0.825332 0.117095
vt 0.830891 0.092529
vt 0.685464 0.764825
vt 0.590201 0.649940
vt 0.682673 0.013114
vt 0.548964 0.247625
vt 0.227163 0.817238
vt 0.214938 0.826720
vt 0.532039 0.754108
vt 0.542094 0.786833
vt 0.515466 0.791441
vt 0.542094 0.824964
vt 0.450089 0.658901
vt 0.795734 0.111753
vt 0.774778 0.353851
vt 0.788806 0.323906
vt 0.311467 0.821916
vt 0.848072 0.133539
vt 0.730334 0.491354
vt 0.738742 0.501928
vt 0.731263 0.532101
vt 0.450751 0.844111
vt 0.451055 0.826418
vt 0.465087 0.846048
vt 0.465087 0.822876
vt 0.075035 0.419495
vt 0.086721 0.427941
vt 0.064732 0.434704
vt 0.054126 0.452356
vt 0.369171 0.381744
vt 0.387147 0.395145
vt 0.358823 0.392669
vt 0.395269 0.376177
vt 0.379838 0.368583
vt 0.417125 0.020075
vt 0.704286 0.810265
vt 0.432126 0.038654
vt 0.465087 0.822876
vt 0.471812 0.838114
vt 0.465087 0.859644
vt 0.571408 0.620617
vt 0.685464 0.815078
vt 0.016351 0.845801
vt 0.025396 0.812124
vt 0.033629 0.845801
vt 0.892584 0.843467
vt 0.699171 0.070279
vt 0.554999 0.801272
vt 0.840428 0.063183
vt 0.302863 0.829141
vt 0.583195 0.849694
vt 0.583195 0.815344
vt 0.596508 0.835144
vt 0.862450 0.868104
vt 0.879091 0.877605
vt 0.850984 0.858691
vt 0.072923 0.559571
vt 0.333891 0.775877
vt 0.311467 0.824312
vt 0.864567 0.383129
vt 0.898632 0.735632
vt 0.232884 0.774488
vt 0.245084 0.802533
vt 0.232884 0.822126
vt 0.664924 0.846244
vt 0.670358 0.821927
vt 0.684236 0.833010
vt 0.119056 0.820642
vt 0.102357 0.829310
vt 0.116729 0.847962
vt 0.646264 0.025533
vt 0.610612 0.016244
vt 0.607662 0.035735
vt 0.468137 0.493897
vt 0.456740 0.512989
vt 0.300134 0.774488
vt 0.074271 0.511077
vt 0.089425 0.491192
vt 0.356198 0.633846
vt 0.358823 0.664768
vt 0.918993 0.865272
vt 0.856564 0.055969
vt 0.860979 0.084337
vt 0.856564 0.091534
vt 0.154934 0.777546
vt 0.603790 0.843838
vt 0.598487 0.815344
vt 0.614159 0.815344
vt 0.214022 0.809856
vt 0.214022 0.842229
vt 0.210584 0.825913
vt 0.363782 0.754108
vt 0.277730 0.208353
vt 0.368524 0.825774
vt 0.372737 0.846692
vt 0.600830 0.119022
vt 0.494323 0.455342
vt 0.236385 0.358253
vt 0.507760 0.554028
vt 0.341218 0.135120
vt 0.326430 0.117345
vt 0.515798 0.575935
vt 0.531426 0.463362
vt 0.358823 0.196567
vt 0.265088 0.683016
vt 0.028715 0.806700
vt 0.016351 0.791175
vt 0.272378 0.708752
vt 0.262236 0.727825
vt 0.125717 0.700779
vt 0.902879 0.614005
vt 0.840173 0.846901
vt 0.311467 0.774488
vt 0.044319 0.045347
vt 0.722992 0.629331
vt 0.763082 0.232470
s 1
usemtl FusedMaterial
f 12/1/1 130/2/2 135/3/3
f 135/3/3 138/4/4 12/1/1
f 82/5/5 138/4/4 170/6/6
f 170/6/6 40/7/7 82/5/5
f 138/4/4 211/8/8 170/6/6
f 27/9/9 170/6/6 211/8/8
f 40/7/7 170/6/6 27/9/9
f 45/10/10 27/9/9 211/8/8
f 133/11/11 28/12/12 160/13/13
f 160/13/13 28/12/12 48/14/14
f 115/15/15 160/13/13 48/14/14
f 50/16/16 115/15/15 48/14/14
f 184/17/17 143/18/18 175/19/19
f 151/20/20 143/18/18 184/17/17
f 220/21/21 151/20/20 184/17/17
f 356/22/22 413/23/23 285/24/24
f 356/22/22 320/25/25 471/26/26
f 320/25/25 231/27/27 376/28/28
f 386/29/29 310/30/30 392/31/31
f 277/32/32 386/29/29 416/33/33
f 339/34/34 277/32/32 442/35/35
f 486/36/36 293/37/37 400/38/38
f 427/39/39 293/37/37 486/36/36
f 443/40/40 332/41/41 388/42/42
f 335/43/43 332/41/41 443/40/40
f 443/40/40 392/44/31 335/43/43
f 392/44/31 443/40/40 419/45/44
f 453/46/45 454/47/46 341/48/47
f 453/46/45 413/23/23 466/49/48
f 356/22/22 466/49/48 413/23/23
f 471/26/26 320/25/25 475/50/49
f 475/50/49 320/25/25 376/28/28
f 442/51/35 416/52/33 437/53/50
f 457/54/51 421/55/52 500/56/53
f 469/57/54 539/58/55 421/55/52
f 366/59/56 441/60/57 469/57/54
f 417/61/58 480/62/59 518/63/60
f 417/61/58 559/64/61 450/65/62
f 521/66/63 450/65/62 559/64/61
f 456/67/64 450/65/62 521/66/63
f 575/68/65 506/69/66 543/70/67
f 532/71/68 501/72/69 594/73/70
f 621/74/71 495/75/72 595/76/73
f 621/77/71 593/78/74 495/79/72
f 620/80/75 531/81/76 631/82/77
f 579/83/78 549/84/79 664/85/80
f 664/85/80 659/86/81 579/83/78
f 664/85/80 549/84/79 702/87/82
f 676/88/83 677/89/84 637/90/85
f 610/91/86 686/92/87 573/93/88
f 610/94/86 613/95/89 732/96/90
f 732/96/90 613/95/89 712/97/91
f 712/98/91 613/99/89 618/100/92
f 713/101/93 618/100/92 562/102/94
f 712/98/91 618/100/92 713/101/93
f 713/101/93 562/102/94 564/103/95
f 713/101/93 564/103/95 672/104/96
f 805/105/97 777/106/98 857/107/99
f 933/108/100 857/107/99 777/106/98
f 777/106/98 786/109/101 933/108/100
f 844/110/102 930/111/103 879/112/104
f 933/108/100 786/109/101 828/113/105
f 828/113/105 937/114/106 933/108/100
f 879/112/104 937/114/106 828/113/105
f 890/115/107 844/110/102 847/116/108
f 25/117/109 91/118/110 153/119/111
f 25/120/109 93/121/112 96/122/113
f 91/123/110 25/120/109 96/122/113
f 91/124/110 107/125/114 67/126/115
f 2/127/116 67/126/115 107/125/114
f 91/128/110 96/129/113 107/130/114
f 96/122/113 93/121/112 110/131/117
f 110/131/117 113/132/118 96/122/113
f 113/132/118 110/131/117 139/133/119
f 107/134/114 96/122/113 113/132/118
f 67/126/115 2/127/116 97/135/120
f 101/136/121 97/135/120 3/137/122
f 142/138/123 3/139/122 2/140/116
f 60/141/124 142/138/123 2/140/116
f 63/142/125 101/143/121 3/139/122
f 65/144/126 101/143/121 63/142/125
f 63/142/125 3/139/122 142/138/123
f 66/145/127 2/127/116 107/125/114
f 60/141/124 2/140/116 66/146/127
f 213/147/128 53/148/129 45/10/10
f 53/148/129 213/147/128 175/149/19
f 143/150/18 53/148/129 175/149/19
f 143/151/18 9/152/130 53/153/129
f 143/154/18 151/155/20 9/156/130
f 154/157/131 23/158/132 16/159/133
f 155/160/134 154/157/131 16/159/133
f 16/159/133 25/117/109 155/160/134
f 25/117/109 153/119/111 155/160/134
f 220/21/21 9/161/130 151/20/20
f 163/162/135 9/161/130 220/21/21
f 31/163/136 9/164/130 163/165/135
f 163/165/135 136/166/137 31/163/136
f 139/133/119 31/163/136 136/166/137
f 212/167/138 216/168/139 242/169/140
f 242/169/140 216/168/139 244/170/141
f 252/171/142 244/170/141 216/168/139
f 252/171/142 216/168/139 218/172/143
f 252/171/142 218/172/143 219/173/144
f 274/174/145 280/175/146 187/176/147
f 255/177/148 300/178/149 204/179/150
f 209/180/151 204/179/150 300/178/149
f 293/37/37 297/181/152 400/38/38
f 228/182/153 297/181/152 293/37/37
f 295/183/154 326/184/155 388/42/42
f 335/43/43 281/185/156 332/41/41
f 284/186/157 335/43/43 392/44/31
f 284/186/157 392/44/31 310/187/30
f 232/188/158 302/189/159 393/190/160
f 282/191/161 323/192/162 431/193/163
f 431/193/163 323/192/162 426/194/164
f 343/195/165 448/196/166 401/197/167
f 357/198/168 470/199/169 464/200/170
f 556/201/171 426/194/164 507/202/172
f 509/203/173 426/204/164 556/205/171
f 431/206/163 426/204/164 509/203/173
f 507/202/172 385/207/174 464/208/170
f 507/202/172 426/194/164 385/207/174
f 578/209/175 505/210/176 398/211/177
f 398/211/177 512/212/178 578/209/175
f 512/213/178 474/214/179 545/215/180
f 550/216/181 545/215/180 522/217/182
f 545/218/180 474/219/179 522/220/182
f 556/221/171 507/222/172 570/223/183
f 514/224/184 528/225/185 530/226/186
f 583/227/187 514/224/184 530/226/186
f 656/228/188 640/229/189 572/230/190
f 687/231/191 585/232/192 558/233/193
f 660/234/194 619/235/195 709/236/196
f 508/237/197 619/235/195 660/234/194
f 619/235/195 608/238/198 709/236/196
f 709/239/196 608/240/198 718/241/199
f 679/242/200 620/80/75 684/243/201
f 704/244/202 702/245/82 580/246/203
f 704/247/202 664/85/80 702/87/82
f 659/86/81 664/85/80 763/248/204
f 739/249/205 792/250/206 711/251/207
f 792/250/206 767/252/208 711/251/207
f 767/252/208 666/253/209 711/251/207
f 596/254/210 666/253/209 771/255/211
f 794/256/212 756/257/213 671/258/214
f 795/259/215 642/260/216 644/261/217
f 831/262/218 790/263/219 688/264/220
f 790/263/219 645/265/221 688/264/220
f 831/262/218 688/264/220 781/266/222
f 831/267/218 781/268/222 894/269/223
f 894/269/223 781/268/222 824/270/224
f 824/271/224 781/266/222 731/272/225
f 767/252/208 899/273/226 666/253/209
f 771/255/211 666/253/209 899/273/226
f 899/273/226 812/274/227 771/255/211
f 860/275/228 814/276/229 866/277/230
f 832/278/231 866/279/230 814/280/229
f 866/279/230 832/278/231 949/281/232
f 880/282/233 949/283/232 832/284/231
f 880/282/233 832/284/231 841/285/234
f 813/286/235 843/287/236 886/288/237
f 901/289/238 899/290/226 954/291/239
f 901/292/238 954/293/239 956/294/240
f 901/292/238 956/294/240 861/295/241
f 954/291/239 959/296/242 956/297/240
f 861/295/241 956/294/240 884/298/243
f 956/297/240 959/296/242 960/299/244
f 870/300/245 960/299/244 894/269/223
f 931/301/246 884/298/243 956/294/240
f 956/297/240 960/299/244 931/302/246
f 870/300/245 931/302/246 960/299/244
f 931/302/246 870/300/245 939/303/247
f 144/304/248 24/305/249 141/306/250
f 180/307/251 191/308/252 13/309/253
f 119/310/254 125/311/255 194/312/256
f 148/313/257 246/314/258 146/315/259
f 146/315/259 246/314/258 224/316/260
f 189/317/261 223/318/262 174/319/263
f 253/320/264 222/321/265 137/322/266
f 313/323/267 152/324/268 222/325/265
f 261/326/269 177/327/270 152/324/268
f 226/328/271 368/329/272 312/330/273
f 226/328/271 262/331/274 322/332/275
f 262/333/274 275/334/276 322/335/275
f 309/336/277 315/337/278 370/338/279
f 340/339/280 275/334/276 259/340/281
f 259/340/281 317/341/282 340/339/280
f 317/341/282 272/342/283 283/343/284
f 343/195/165 342/344/285 448/196/166
f 387/345/286 343/195/165 401/197/167
f 419/45/44 420/346/287 392/44/31
f 472/347/288 407/348/289 408/349/290
f 408/349/290 372/350/291 435/351/292
f 453/46/45 341/48/47 413/23/23
f 482/352/293 415/353/294 563/354/295
f 455/355/296 482/352/293 533/356/297
f 533/356/297 504/357/298 455/355/296
f 555/358/299 526/359/300 396/360/301
f 396/360/301 485/361/302 555/358/299
f 555/362/299 485/363/302 618/100/92
f 562/102/94 618/100/92 485/363/302
f 485/363/302 491/364/303 562/102/94
f 491/364/303 447/365/304 511/366/305
f 641/367/306 578/368/175 650/369/307
f 727/370/308 609/371/309 707/372/310
f 650/369/307 609/371/309 727/370/308
f 710/373/311 708/374/312 623/375/313
f 708/374/312 707/372/310 623/375/313
f 734/376/314 590/377/315 581/378/316
f 734/376/314 710/379/311 590/377/315
f 654/380/317 733/381/318 558/382/193
f 733/381/318 687/383/191 558/382/193
f 740/384/319 585/385/192 687/386/191
f 644/261/217 660/234/194 797/387/320
f 660/388/194 709/389/196 742/390/321
f 742/390/321 709/389/196 718/391/199
f 785/392/322 705/393/323 802/394/324
f 695/395/325 705/393/323 785/392/322
f 785/392/322 744/396/326 695/395/325
f 796/397/327 750/398/328 649/399/329
f 750/400/328 743/401/330 649/402/329
f 796/403/327 744/396/326 785/392/322
f 649/404/329 744/396/326 796/403/327
f 705/393/323 801/405/331 802/394/324
f 815/406/332 848/407/333 684/243/201
f 684/243/201 685/408/334 815/406/332
f 815/406/332 685/408/334 819/409/335
f 874/410/336 826/411/337 754/412/338
f 840/413/339 754/412/338 704/244/202
f 874/410/336 754/412/338 840/413/339
f 746/414/340 804/415/341 805/105/97
f 946/416/342 874/417/336 873/418/343
f 927/419/344 872/420/345 874/410/336
f 946/421/342 927/419/344 874/410/336
f 927/419/344 881/422/346 872/420/345
f 951/423/347 881/422/346 927/419/344
f 957/424/348 951/425/347 927/426/344
f 927/426/344 946/416/342 890/115/107
f 957/424/348 927/426/344 890/115/107
f 912/427/349 890/115/107 898/428/350
f 863/429/351 945/430/352 968/431/353
f 922/432/354 863/429/351 968/431/353
f 945/433/352 965/434/355 968/435/353
f 970/436/356 968/435/353 965/434/355
f 965/434/355 882/437/357 857/107/99
f 857/107/99 970/436/356 965/434/355
f 968/435/353 970/436/356 933/108/100
f 922/432/354 968/431/353 930/438/103
f 968/435/353 933/108/100 930/111/103
f 970/436/356 857/107/99 933/108/100
f 173/439/358 207/440/359 238/441/360
f 194/442/256 125/443/255 247/444/361
f 265/445/362 157/446/363 202/447/364
f 271/448/365 157/446/363 265/445/362
f 207/449/359 157/446/363 271/448/365
f 302/450/159 294/451/366 373/452/367
f 373/453/367 361/454/368 302/189/159
f 303/455/369 373/452/367 294/451/366
f 347/456/370 303/455/369 173/457/358
f 372/458/291 408/459/290 407/460/289
f 341/48/47 285/24/24 413/23/23
f 393/190/160 400/38/38 330/461/371
f 463/462/372 442/35/35 502/463/373
f 418/464/374 473/465/375 493/466/376
f 563/467/295 415/468/294 527/469/377
f 497/470/378 460/471/379 541/472/380
f 604/473/381 477/474/382 592/475/383
f 486/36/36 477/474/382 604/473/381
f 600/476/384 634/477/385 536/478/386
f 595/76/73 594/73/70 651/479/387
f 651/480/387 621/481/71 595/482/73
f 541/483/380 515/484/388 669/485/389
f 669/486/389 643/487/390 541/472/380
f 667/488/391 557/489/392 694/490/393
f 658/491/394 626/492/395 698/493/396
f 658/494/394 704/244/202 627/495/397
f 580/246/203 627/495/397 704/244/202
f 701/496/398 662/497/399 723/498/400
f 737/499/401 706/500/402 665/501/403
f 658/494/394 698/502/396 749/503/404
f 749/503/404 704/244/202 658/494/394
f 848/407/333 679/242/200 684/243/201
f 772/504/405 685/408/334 631/82/77
f 772/505/405 631/506/77 659/507/81
f 43/508/406 105/509/407 11/510/408
f 39/511/409 11/510/408 69/512/410
f 69/513/410 11/514/408 105/515/407
f 41/516/411 78/517/412 134/518/413
f 78/517/412 41/516/411 111/519/414
f 89/520/415 78/517/412 70/521/416
f 70/521/416 78/517/412 111/519/414
f 89/522/415 71/523/417 92/524/418
f 70/525/416 71/523/417 89/522/415
f 73/526/419 92/527/418 71/528/417
f 94/529/420 92/527/418 73/526/419
f 72/530/421 111/519/414 58/531/422
f 70/521/416 111/519/414 72/530/421
f 188/532/423 203/533/424 158/534/425
f 203/533/424 43/508/406 158/534/425
f 185/535/426 69/513/410 131/536/427
f 293/37/37 427/39/39 295/183/154
f 326/184/155 295/183/154 427/39/39
f 295/183/154 388/42/42 305/537/428
f 281/185/156 305/537/428 388/42/42
f 388/42/42 332/41/41 281/185/156
f 284/186/157 281/185/156 335/43/43
f 284/186/157 310/187/30 251/538/429
f 350/539/430 299/540/431 398/211/177
f 398/541/177 299/542/431 474/219/179
f 474/219/179 252/543/142 481/544/432
f 299/542/431 252/543/142 474/219/179
f 384/545/433 319/546/434 431/193/163
f 402/547/435 481/548/432 314/549/436
f 252/543/142 314/550/436 481/544/432
f 442/35/35 463/462/372 339/34/34
f 390/551/437 339/34/34 463/462/372
f 425/552/438 390/551/437 463/462/372
f 425/552/438 473/465/375 405/553/439
f 473/465/375 374/554/440 405/553/439
f 418/464/374 374/554/440 473/465/375
f 418/464/374 380/555/441 374/554/440
f 493/466/376 528/225/185 418/464/374
f 406/556/442 403/557/443 504/357/298
f 519/558/444 410/559/445 490/560/446
f 583/227/187 607/561/447 514/224/184
f 542/562/448 514/224/184 607/561/447
f 835/563/449 733/564/318 654/565/317
f 843/287/236 769/566/450 733/564/318
f 797/387/320 742/567/321 842/568/451
f 852/569/452 718/241/199 798/570/453
f 718/241/199 638/571/454 798/570/453
f 63/142/125 122/572/455 65/144/126
f 233/573/456 128/574/457 212/167/138
f 216/168/139 212/167/138 128/574/457
f 218/172/143 168/575/458 150/576/459
f 168/575/458 218/172/143 216/168/139
f 219/173/144 150/576/459 122/572/455
f 218/172/143 150/576/459 219/173/144
f 311/577/460 250/578/461 319/546/434
f 314/549/436 311/577/460 402/547/435
f 329/579/462 244/580/141 299/581/431
f 300/178/149 255/177/148 351/582/463
f 351/583/463 404/584/464 300/585/149
f 327/586/465 300/585/149 404/584/464
f 334/587/466 288/588/467 367/589/468
f 288/588/467 336/590/469 367/589/468
f 248/591/470 383/592/471 336/590/469
f 383/593/471 301/594/472 395/595/473
f 256/596/474 301/597/472 383/598/471
f 348/599/475 354/600/476 422/601/477
f 465/602/478 354/600/476 359/603/479
f 422/601/477 354/600/476 465/602/478
f 465/602/478 359/603/479 364/604/480
f 357/605/168 387/345/286 470/606/169
f 385/207/174 357/605/168 464/208/170
f 489/607/481 511/366/305 447/365/304
f 486/36/36 326/184/155 427/39/39
f 523/608/482 524/609/483 326/610/155
f 483/611/484 388/42/42 524/612/483
f 535/613/485 524/612/483 572/230/190
f 419/45/44 558/614/193 585/615/192
f 437/616/50 419/617/44 585/618/192
f 619/235/195 508/237/197 435/619/292
f 435/619/292 516/620/486 619/235/195
f 619/621/195 516/622/486 537/623/487
f 583/227/187 530/226/186 635/624/488
f 795/259/215 854/625/489 642/260/216
f 795/259/215 644/261/217 833/626/490
f 782/627/491 748/628/492 818/629/493
f 748/630/492 830/631/494 818/632/493
f 789/633/495 830/634/494 753/635/496
f 821/636/497 789/633/495 741/637/498
f 741/637/498 790/263/219 821/636/497
f 858/638/499 877/639/500 935/640/501
f 856/641/502 935/640/501 877/639/500
f 935/640/501 856/641/502 938/642/503
f 855/643/504 935/640/501 915/644/505
f 915/644/505 914/645/506 855/643/504
f 915/644/505 935/640/501 950/646/507
f 916/647/508 915/644/505 902/648/509
f 915/644/505 950/646/507 853/649/510
f 853/649/510 902/648/509 915/644/505
f 938/642/503 950/646/507 935/640/501
f 950/646/507 938/642/503 958/650/511
f 892/651/512 853/649/510 958/650/511
f 853/649/510 950/646/507 958/650/511
f 845/652/513 865/653/514 962/654/515
f 845/652/513 962/654/515 963/655/516
f 963/655/516 869/656/517 845/652/513
f 869/656/517 963/655/516 966/657/518
f 820/658/519 869/656/517 895/659/520
f 966/657/518 895/659/520 869/656/517
f 895/660/520 966/661/518 940/662/521
f 966/661/518 900/663/522 940/662/521
f 80/664/523 84/665/524 14/666/525
f 57/667/526 13/668/253 94/529/420
f 18/669/527 57/670/526 94/671/420
f 15/672/528 94/673/420 73/674/419
f 18/675/527 94/676/420 15/677/528
f 80/664/523 57/678/526 18/679/527
f 47/680/529 111/519/414 41/516/411
f 47/680/529 58/531/422 111/519/414
f 118/681/530 14/666/525 7/682/531
f 129/683/532 7/684/531 22/685/533
f 137/322/266 152/686/268 32/687/534
f 33/688/535 32/687/534 152/686/268
f 226/689/271 198/690/536 262/333/274
f 259/340/281 147/691/537 181/692/538
f 259/340/281 275/334/276 147/691/537
f 275/334/276 262/333/274 147/691/537
f 259/340/281 181/692/538 164/693/539
f 317/341/282 164/693/539 272/342/283
f 185/535/426 272/342/283 69/513/410
f 282/694/161 250/695/461 234/696/540
f 243/697/541 254/698/542 229/699/543
f 249/700/544 254/701/542 286/702/545
f 286/702/545 234/703/540 249/700/544
f 318/704/546 365/705/547 436/706/548
f 365/705/547 325/707/549 444/708/550
f 394/709/551 444/708/550 328/710/552
f 428/711/553 440/712/554 460/471/379
f 400/38/38 393/190/160 477/474/382
f 477/474/382 486/36/36 400/38/38
f 451/713/555 472/347/288 503/714/556
f 436/706/548 468/715/557 318/704/546
f 436/706/548 444/708/550 513/716/558
f 534/717/559 494/718/560 597/719/561
f 578/720/175 512/721/178 609/722/309
f 545/215/180 550/216/181 609/723/309
f 512/213/178 545/215/180 609/723/309
f 707/372/310 522/724/182 623/375/313
f 550/725/181 522/724/182 707/372/310
f 522/726/182 590/727/315 623/728/313
f 645/265/221 741/637/498 598/729/562
f 645/265/221 571/730/563 688/264/220
f 700/731/564 573/732/88 731/272/225
f 539/58/55 573/732/88 700/731/564
f 739/249/205 711/251/207 624/733/565
f 673/734/566 596/254/210 771/255/211
f 650/735/307 725/736/567 762/737/568
f 778/738/569 708/374/312 710/373/311
f 710/739/311 734/740/314 750/400/328
f 750/400/328 778/741/569 710/739/311
f 727/370/308 708/374/312 780/742/570
f 778/743/569 780/744/570 708/745/312
f 725/746/567 727/370/308 780/742/570
f 682/747/571 748/628/492 782/627/491
f 830/631/494 748/630/492 753/748/496
f 753/635/496 761/749/572 789/633/495
f 789/750/495 761/751/572 741/752/498
f 790/263/219 741/637/498 645/265/221
f 800/753/573 719/754/574 667/488/391
f 774/755/575 719/754/574 800/753/573
f 800/753/573 868/756/576 774/755/575
f 801/405/331 774/755/575 868/756/576
f 791/757/577 698/502/396 724/758/578
f 749/503/404 698/502/396 791/757/577
f 791/757/577 840/413/339 749/503/404
f 840/413/339 704/244/202 749/503/404
f 117/759/579 67/126/115 159/760/580
f 117/761/579 91/118/110 67/762/115
f 24/305/249 144/304/248 26/763/581
f 144/304/248 145/764/582 68/765/583
f 26/763/581 144/304/248 68/765/583
f 59/766/584 26/763/581 68/765/583
f 145/764/582 61/767/585 68/765/583
f 159/760/580 67/126/115 61/767/585
f 165/768/586 20/769/587 179/770/588
f 165/768/586 79/771/589 20/769/587
f 79/771/589 165/768/586 17/772/590
f 120/773/591 29/774/592 36/775/593
f 141/306/250 42/776/594 165/768/586
f 17/772/590 165/768/586 42/776/594
f 24/305/249 42/776/594 141/306/250
f 192/777/595 115/778/15 132/779/596
f 211/8/8 213/147/128 45/10/10
f 230/780/597 186/781/598 190/782/599
f 197/783/600 230/780/597 190/782/599
f 197/783/600 199/784/601 260/785/602
f 200/786/603 260/785/602 199/784/601
f 351/583/463 455/355/296 404/584/464
f 455/355/296 403/557/443 404/584/464
f 404/584/464 406/556/442 327/586/465
f 410/559/445 327/586/465 406/556/442
f 395/595/473 327/586/465 410/559/445
f 301/597/472 327/787/465 395/788/473
f 434/789/604 336/590/469 383/592/471
f 419/45/44 443/40/40 496/790/605
f 437/791/50 420/346/287 419/45/44
f 435/351/292 372/350/291 516/792/486
f 516/793/486 341/794/47 454/795/46
f 372/796/291 341/794/47 516/793/486
f 487/797/606 336/798/469 434/799/604
f 519/558/444 429/800/607 410/559/445
f 519/558/444 484/801/608 429/800/607
f 489/802/481 411/803/609 494/804/560
f 503/805/556 569/806/610 520/807/611
f 546/808/612 513/716/558 587/809/613
f 567/810/614 587/809/613 513/716/558
f 513/716/558 457/54/51 567/810/614
f 642/260/216 503/811/556 644/261/217
f 569/812/610 503/813/556 642/814/216
f 653/815/615 612/816/616 587/809/613
f 587/809/613 598/729/562 661/817/617
f 568/818/618 647/819/619 721/820/620
f 663/821/621 616/822/622 691/823/623
f 734/740/314 697/824/624 750/400/328
f 730/825/625 746/414/340 817/826/626
f 738/827/627 766/828/628 605/829/629
f 654/565/317 640/229/189 766/828/628
f 835/563/449 654/565/317 766/828/628
f 834/830/630 812/274/227 861/831/241
f 861/831/241 884/832/243 834/830/630
f 755/833/631 834/834/630 884/835/243
f 884/835/243 891/836/632 755/833/631
f 891/836/632 849/837/633 755/833/631
f 76/838/634 16/839/133 23/840/132
f 99/841/635 16/839/133 76/838/634
f 16/839/133 99/841/635 5/842/636
f 25/120/109 16/839/133 5/842/636
f 93/121/112 25/120/109 5/842/636
f 31/163/136 99/841/635 9/164/130
f 5/842/636 99/841/635 31/163/136
f 31/163/136 110/131/117 5/842/636
f 93/843/112 5/844/636 110/845/117
f 110/131/117 31/163/136 139/133/119
f 229/846/543 127/847/637 176/848/638
f 178/849/639 219/173/144 122/572/455
f 178/849/639 122/572/455 63/142/125
f 285/24/24 192/850/595 227/851/640
f 231/27/27 227/851/640 154/157/131
f 231/27/27 182/852/641 307/853/642
f 251/854/429 310/30/30 211/855/8
f 245/856/643 211/855/8 310/30/30
f 285/24/24 320/25/25 356/22/22
f 307/853/642 376/28/28 231/27/27
f 273/857/644 339/34/34 390/551/437
f 391/858/645 273/857/644 390/551/437
f 349/859/646 348/860/475 423/861/647
f 423/862/647 348/599/475 422/601/477
f 440/863/554 373/452/367 303/455/369
f 488/864/648 303/455/369 347/456/370
f 440/712/554 428/711/553 361/454/368
f 472/865/288 451/866/555 381/867/649
f 381/867/649 407/868/289 472/865/288
f 365/705/547 444/708/550 436/706/548
f 444/708/550 394/709/551 457/54/51
f 566/869/650 493/466/376 557/489/392
f 528/225/185 493/466/376 566/869/650
f 574/870/651 504/871/298 533/872/297
f 574/873/651 406/556/442 504/357/298
f 490/560/446 406/556/442 574/873/651
f 519/558/444 490/560/446 580/246/203
f 812/274/227 834/830/630 751/874/652
f 755/833/631 751/875/652 834/834/630
f 849/837/633 764/876/653 755/833/631
f 851/877/654 764/876/653 849/837/633
f 851/877/654 803/878/655 764/876/653
f 928/879/656 864/880/657 806/881/658
f 864/880/657 916/647/508 902/648/509
f 278/882/659 191/883/252 180/884/251
f 303/455/369 294/451/366 240/885/660
f 294/886/366 302/887/159 246/314/258
f 294/886/366 246/314/258 240/888/660
f 240/885/660 173/457/358 303/455/369
f 224/316/260 302/887/159 225/889/661
f 246/314/258 302/887/159 224/316/260
f 529/890/662 517/891/663 458/892/664
f 580/246/203 484/801/608 519/558/444
f 487/893/606 549/84/79 579/83/78
f 499/894/665 521/66/63 601/895/666
f 459/896/667 499/894/665 601/895/666
f 601/895/666 615/897/668 459/896/667
f 617/898/669 459/896/667 615/897/668
f 461/899/670 459/900/667 617/901/669
f 617/902/669 525/903/671 461/904/670
f 617/905/669 527/906/377 525/907/671
f 527/906/377 599/908/672 563/354/295
f 565/909/673 560/910/674 740/911/319
f 740/911/319 647/819/619 565/909/673
f 568/818/618 680/912/675 540/913/676
f 680/912/675 616/822/622 540/913/676
f 551/914/677 616/822/622 663/821/621
f 692/915/678 635/624/488 690/916/679
f 705/393/323 635/624/488 692/915/678
f 583/227/187 635/624/488 705/393/323
f 583/227/187 693/917/680 607/561/447
f 734/376/314 581/378/316 697/918/624
f 786/109/101 762/737/568 725/736/567
f 780/919/570 786/109/101 725/736/567
f 778/920/569 750/398/328 847/116/108
f 887/921/681 932/922/682 907/923/683
f 862/924/684 907/923/683 932/922/682
f 932/925/682 906/926/685 903/927/686
f 926/928/687 932/925/682 903/927/686
f 862/924/684 932/922/682 961/929/688
f 932/925/682 926/928/687 961/930/688
f 961/930/688 926/928/687 936/931/689
f 862/924/684 961/929/688 897/932/690
f 897/932/690 961/929/688 942/933/691
f 961/930/688 936/931/689 942/934/691
f 886/288/237 897/932/690 942/933/691
f 14/666/525 74/935/692 7/682/531
f 74/935/692 14/666/525 84/665/524
f 135/3/3 217/936/693 138/4/4
f 211/8/8 138/4/4 217/936/693
f 268/937/694 133/11/11 160/13/13
f 269/938/695 160/939/13 115/940/15
f 215/941/696 203/942/424 228/182/153
f 215/941/696 305/537/428 130/943/2
f 135/944/3 130/943/2 305/537/428
f 239/945/697 135/944/3 305/537/428
f 365/705/547 318/704/546 308/946/698
f 382/947/699 353/948/700 394/709/551
f 370/338/279 417/61/58 309/336/277
f 417/61/58 313/323/267 309/336/277
f 397/949/701 337/950/702 450/65/62
f 279/951/703 337/950/702 397/949/701
f 443/40/40 483/611/484 496/790/605
f 419/45/44 496/790/605 498/952/704
f 472/347/288 408/349/290 508/953/197
f 508/953/197 503/714/556 472/347/288
f 435/351/292 508/953/197 408/349/290
f 514/224/184 462/954/705 528/225/185
f 401/197/167 462/954/705 514/224/184
f 617/905/669 655/955/706 527/906/377
f 599/908/672 527/906/377 655/955/706
f 625/956/707 643/957/390 670/958/708
f 604/473/381 630/959/709 689/960/710
f 686/961/87 732/962/90 768/963/711
f 732/96/90 712/97/91 768/964/711
f 770/965/712 768/963/711 712/966/91
f 770/965/712 712/966/91 672/967/96
f 773/968/713 770/965/712 672/967/96
f 730/825/625 773/968/713 672/967/96
f 726/969/714 689/960/710 793/970/715
f 793/970/715 699/971/716 726/969/714
f 806/881/658 678/972/717 756/257/213
f 678/973/717 811/974/718 674/975/719
f 814/280/229 860/976/228 798/977/453
f 814/280/229 798/977/453 784/978/720
f 832/284/231 814/979/229 784/980/720
f 784/980/720 723/498/400 832/284/231
f 832/284/231 723/498/400 765/981/721
f 832/284/231 765/981/721 706/500/402
f 841/285/234 832/284/231 706/500/402
f 843/982/236 813/983/235 769/984/450
f 813/983/235 721/820/620 769/984/450
f 863/429/351 775/985/722 885/986/723
f 776/987/724 775/985/722 863/429/351
f 882/437/357 871/988/725 746/414/340
f 871/988/725 817/826/626 746/414/340
f 825/989/726 909/990/727 887/921/681
f 889/991/728 833/626/490 797/387/320
f 906/926/685 889/991/728 797/387/320
f 906/926/685 797/387/320 842/568/451
f 825/989/726 887/921/681 907/923/683
f 907/923/683 766/828/628 825/989/726
f 903/927/686 906/926/685 842/568/451
f 26/763/581 59/766/584 109/992/729
f 61/767/585 97/135/120 68/765/583
f 61/767/585 67/126/115 97/135/120
f 68/765/583 97/135/120 59/766/584
f 59/766/584 97/135/120 101/136/121
f 248/591/470 288/588/467 159/993/580
f 288/588/467 182/852/641 117/761/579
f 288/588/467 117/761/579 159/993/580
f 214/994/730 145/995/582 256/996/474
f 159/993/580 214/994/730 248/591/470
f 323/192/162 363/997/731 426/194/164
f 282/191/161 431/193/163 319/546/434
f 426/194/164 363/997/731 385/207/174
f 476/998/732 361/454/368 428/711/553
f 393/190/160 361/454/368 476/998/732
f 488/864/648 440/863/554 303/455/369
f 428/711/553 460/471/379 497/470/378
f 477/474/382 393/190/160 476/998/732
f 464/999/170 470/1000/169 542/1001/448
f 530/226/186 528/225/185 566/869/650
f 603/1002/733 464/999/170 542/1001/448
f 509/1003/173 556/221/171 581/378/316
f 570/1004/183 507/202/172 464/208/170
f 600/476/384 536/478/386 492/1005/734
f 600/476/384 593/1006/74 639/1007/735
f 600/476/384 492/1005/734 593/1006/74
f 476/998/732 497/470/378 622/1008/736
f 759/1009/737 652/1010/738 745/1011/739
f 678/972/717 602/1012/740 756/257/213
f 864/1013/657 759/1014/737 811/974/718
f 806/881/658 794/256/212 900/663/522
f 806/1015/658 864/1013/657 811/974/718
f 902/648/509 759/1016/737 864/880/657
f 902/648/509 758/1017/741 759/1016/737
f 902/1018/509 853/1019/510 758/1020/741
f 892/1021/512 792/250/206 853/1019/510
f 900/663/522 794/256/212 854/625/489
f 914/645/506 915/644/505 916/647/508
f 153/119/111 91/118/110 117/761/579
f 176/848/638 113/1022/118 139/1023/119
f 107/1024/114 113/1022/118 127/847/637
f 127/847/637 113/1022/118 176/848/638
f 127/847/637 66/146/127 107/1024/114
f 164/693/539 69/513/410 272/342/283
f 201/1025/742 118/1026/530 7/684/531
f 247/1027/361 118/1026/530 201/1025/742
f 201/1025/742 7/684/531 129/683/532
f 174/319/263 201/1025/742 129/683/532
f 247/1027/361 236/1028/743 235/1029/744
f 247/1027/361 201/1025/742 236/1028/743
f 236/1028/743 201/1025/742 263/1030/745
f 263/1030/745 174/319/263 264/1031/746
f 201/1025/742 174/319/263 263/1030/745
f 215/941/696 228/182/153 293/37/37
f 293/37/37 295/183/154 215/941/696
f 295/183/154 305/537/428 215/941/696
f 239/945/697 305/537/428 281/185/156
f 185/535/426 291/1032/747 283/343/284
f 338/1033/748 268/937/694 304/1034/749
f 341/1035/47 304/1034/749 115/15/15
f 115/1036/15 285/24/24 341/48/47
f 462/954/705 399/1037/750 418/464/374
f 448/196/166 399/1037/750 462/954/705
f 401/197/167 448/196/166 462/954/705
f 533/356/297 482/352/293 563/354/295
f 573/732/88 588/1038/751 547/1039/752
f 555/1040/299 573/93/88 547/1041/752
f 547/1042/752 526/359/300 555/358/299
f 562/102/94 491/364/303 564/103/95
f 491/364/303 511/366/305 564/103/95
f 598/729/562 567/810/614 645/265/221
f 567/810/614 571/730/563 645/265/221
f 666/253/209 559/64/61 591/1043/753
f 666/253/209 596/254/210 559/64/61
f 596/254/210 601/895/666 521/66/63
f 826/411/337 763/1044/204 754/412/338
f 659/507/81 763/1044/204 772/505/405
f 772/505/405 763/1044/204 826/411/337
f 777/106/98 805/105/97 804/415/341
f 848/407/333 815/406/332 876/1045/754
f 876/1046/754 815/1047/332 908/1048/755
f 819/409/335 908/1049/755 815/406/332
f 801/405/331 868/756/576 802/394/324
f 802/1050/324 868/1051/576 910/1052/756
f 802/1050/324 910/1052/756 838/1053/757
f 910/1052/756 911/1054/758 838/1053/757
f 796/397/327 911/1054/758 913/1055/759
f 838/1053/757 911/1054/758 796/397/327
f 796/397/327 913/1055/759 912/427/349
f 796/397/327 912/427/349 898/428/350
f 867/1056/760 923/1057/761 868/1051/576
f 95/1058/762 51/1059/763 1/1060/764
f 1/1060/764 51/1059/763 6/1061/765
f 1/1060/764 6/1061/765 20/769/587
f 20/769/587 79/771/589 1/1060/764
f 1/1062/764 102/1063/766 95/1064/762
f 95/1064/762 102/1063/766 116/1065/767
f 79/771/589 98/1066/768 1/1060/764
f 98/1067/768 102/1063/766 1/1062/764
f 98/1067/768 29/774/592 102/1063/766
f 105/509/407 43/508/406 106/1068/769
f 106/1068/769 43/508/406 44/1069/770
f 105/515/407 106/1070/769 108/1071/771
f 108/1071/771 69/513/410 105/515/407
f 106/1068/769 44/1069/770 62/1072/772
f 108/1071/771 106/1070/769 62/1073/772
f 62/1072/772 112/1074/773 108/1075/771
f 112/1074/773 62/1072/772 82/5/5
f 82/5/5 62/1072/772 12/1/1
f 64/1076/774 108/1071/771 112/1077/773
f 112/1077/773 28/12/12 64/1076/774
f 28/12/12 112/1077/773 82/1078/5
f 116/1065/767 102/1063/766 29/774/592
f 116/1065/767 29/774/592 120/773/591
f 131/536/427 69/513/410 108/1071/771
f 108/1071/771 64/1076/774 131/536/427
f 131/536/427 64/1076/774 133/11/11
f 44/1069/770 130/2/2 62/1072/772
f 12/1/1 62/1072/772 130/2/2
f 64/1076/774 28/12/12 133/11/11
f 248/591/470 214/994/730 383/592/471
f 193/1079/775 233/1080/456 362/1081/776
f 362/1081/776 360/1082/777 193/1079/775
f 324/1083/778 242/1084/140 329/1085/462
f 382/947/699 276/1086/779 353/948/700
f 353/948/700 276/1086/779 358/1087/780
f 358/1087/780 287/1088/781 366/59/56
f 366/59/56 287/1088/781 306/1089/782
f 430/1090/783 432/1091/784 584/1092/785
f 445/1093/786 430/1094/783 584/1095/785
f 584/1095/785 544/1096/787 445/1093/786
f 544/1096/787 561/1097/788 439/1098/789
f 439/1098/789 445/1093/786 544/1096/787
f 589/1099/790 439/1098/789 561/1097/788
f 480/62/59 409/1100/791 589/1099/790
f 589/1099/790 518/63/60 480/62/59
f 432/1091/784 438/1101/792 576/1102/793
f 438/1101/792 520/1103/611 576/1102/793
f 573/93/88 555/1040/299 610/91/86
f 613/95/89 610/94/86 555/1104/299
f 555/362/299 618/100/92 613/99/89
f 690/916/679 635/624/488 566/869/650
f 635/624/488 530/226/186 566/869/650
f 607/561/447 648/1105/794 542/562/448
f 603/1002/733 542/1001/448 648/1106/794
f 636/1107/795 603/1002/733 648/1106/794
f 581/378/316 614/1108/796 697/918/624
f 614/1108/796 570/223/183 649/1109/329
f 570/1004/183 603/1110/733 636/1111/795
f 696/1112/797 688/264/220 571/730/563
f 571/730/563 539/58/55 696/1112/797
f 696/1112/797 539/58/55 700/731/564
f 573/732/88 539/58/55 588/1038/751
f 711/251/207 591/1043/753 624/733/565
f 666/253/209 591/1043/753 711/251/207
f 596/254/210 673/734/566 601/895/666
f 557/489/392 667/488/391 719/754/574
f 692/915/678 557/489/392 719/754/574
f 690/1113/679 557/1114/392 692/1115/678
f 677/89/84 724/758/578 626/1116/395
f 724/758/578 698/502/396 626/1116/395
f 877/1117/500 783/1118/798 782/1119/491
f 818/632/493 877/639/500 782/1120/491
f 829/1121/799 714/1122/800 816/1123/801
f 787/1124/802 816/1125/801 735/1126/803
f 900/663/522 854/625/489 940/662/521
f 823/1127/804 822/1128/805 909/990/727
f 909/990/727 825/989/726 823/1127/804
f 854/625/489 795/259/215 833/626/490
f 833/626/490 940/662/521 854/625/489
f 855/1129/504 888/1130/806 787/1124/802
f 914/1131/506 888/1130/806 855/1129/504
f 883/1132/807 888/1130/806 919/1133/808
f 914/1131/506 919/1133/808 888/1130/806
f 855/643/504 858/638/499 935/640/501
f 19/1134/809 8/1135/810 10/1136/811
f 90/1137/812 8/1135/810 19/1134/809
f 90/1137/812 34/1138/813 8/1135/810
f 34/1138/813 90/1137/812 51/1059/763
f 46/1139/814 34/1138/813 51/1059/763
f 51/1059/763 95/1058/762 46/1139/814
f 156/1140/815 46/1141/814 95/1064/762
f 172/1142/816 47/680/529 224/316/260
f 172/1142/816 166/1143/817 47/680/529
f 58/531/422 47/680/529 167/1144/818
f 166/1143/817 172/1142/816 205/1145/819
f 205/1145/819 11/510/408 166/1143/817
f 11/510/408 39/511/409 166/1143/817
f 39/511/409 47/680/529 166/1143/817
f 39/1146/409 167/1147/818 47/1148/529
f 205/1145/819 188/532/423 158/534/425
f 158/534/425 11/510/408 205/1145/819
f 11/510/408 158/534/425 43/508/406
f 69/513/410 167/1147/818 39/1146/409
f 167/1147/818 69/513/410 164/693/539
f 183/1149/820 123/1150/821 186/781/598
f 186/781/598 123/1150/821 190/782/599
f 190/782/599 149/1151/822 197/783/600
f 197/783/600 149/1151/822 156/1140/815
f 199/784/601 197/783/600 156/1140/815
f 199/784/601 116/1065/767 200/786/603
f 156/1140/815 116/1065/767 199/784/601
f 270/1152/823 245/856/643 277/32/32
f 273/857/644 184/17/17 270/1152/823
f 184/17/17 273/857/644 289/1153/824
f 197/783/600 260/785/602 321/1154/825
f 333/1155/826 260/785/602 200/786/603
f 233/1080/456 324/1083/778 362/1081/776
f 505/210/176 350/539/430 398/211/177
f 370/338/279 409/1100/791 480/62/59
f 466/49/48 356/22/22 554/1156/827
f 554/1156/827 356/22/22 471/26/26
f 471/26/26 475/50/49 510/1157/828
f 376/28/28 458/892/664 517/891/663
f 425/552/438 463/462/372 540/913/676
f 551/914/677 425/552/438 540/913/676
f 473/465/375 425/552/438 551/914/677
f 552/1158/829 473/465/375 551/914/677
f 552/1158/829 553/1159/830 473/465/375
f 553/1159/830 493/466/376 473/465/375
f 553/1159/830 557/489/392 493/466/376
f 717/1160/831 625/956/707 670/958/708
f 717/1160/831 720/1161/832 625/956/707
f 720/1162/832 689/960/710 625/1163/707
f 622/1008/736 625/1163/707 689/960/710
f 630/959/709 622/1008/736 689/960/710
f 604/473/381 689/960/710 726/969/714
f 699/971/716 604/473/381 726/969/714
f 775/985/722 803/878/655 851/877/654
f 824/270/224 731/1164/225 788/1165/833
f 839/1166/834 788/1165/833 807/1167/835
f 875/1168/836 839/1166/834 807/1167/835
f 807/1167/835 850/1169/837 875/1168/836
f 850/1169/837 807/1167/835 808/1170/838
f 850/1169/837 808/1170/838 817/826/626
f 138/4/4 82/5/5 12/1/1
f 82/1078/5 48/14/14 28/12/12
f 48/14/14 82/1078/5 40/1171/7
f 50/1172/16 48/1173/14 40/7/7
f 40/7/7 75/1174/839 50/1172/16
f 83/1175/840 50/1172/16 75/1174/839
f 41/516/411 134/518/413 148/313/257
f 134/518/413 21/1176/841 157/1177/363
f 157/1177/363 21/1176/841 55/1178/842
f 119/310/254 194/312/256 180/884/251
f 240/888/660 246/314/258 148/313/257
f 240/888/660 148/313/257 173/1179/358
f 266/1180/843 351/582/463 255/177/148
f 306/1181/782 186/781/598 292/1182/844
f 389/1183/845 292/1184/844 230/1185/597
f 311/577/460 319/546/434 384/545/433
f 402/547/435 311/577/460 384/545/433
f 329/1186/462 299/540/431 350/539/430
f 362/1187/776 324/1188/778 411/1189/609
f 401/197/167 470/606/169 387/345/286
f 403/557/443 455/355/296 504/357/298
f 404/584/464 403/557/443 406/556/442
f 406/556/442 490/560/446 410/559/445
f 622/1008/736 497/470/378 625/1163/707
f 622/1008/736 630/959/709 476/998/732
f 592/475/383 476/998/732 630/959/709
f 690/916/679 566/869/650 557/489/392
f 658/494/394 574/873/651 626/1116/395
f 627/495/397 574/873/651 658/494/394
f 568/818/618 565/909/673 647/819/619
f 552/1158/829 663/821/621 691/823/623
f 691/823/623 694/490/393 552/1158/829
f 703/1190/846 611/1191/847 728/1192/848
f 611/1191/847 653/815/615 728/1192/848
f 761/749/572 728/1192/848 661/817/617
f 728/1192/848 653/815/615 661/817/617
f 761/749/572 661/817/617 741/637/498
f 661/817/617 598/729/562 741/637/498
f 841/285/234 706/500/402 737/499/401
f 848/407/333 841/285/234 737/499/401
f 786/109/101 777/106/98 762/737/568
f 828/113/105 786/109/101 780/919/570
f 879/112/104 778/920/569 844/110/102
f 844/110/102 778/920/569 847/116/108
f 780/919/570 778/920/569 879/112/104
f 879/1193/104 828/1194/105 780/1195/570
f 855/1129/504 787/1124/802 827/1196/849
f 883/1132/807 829/1197/799 816/1125/801
f 865/653/514 829/1197/799 883/1132/807
f 816/1125/801 787/1124/802 888/1130/806
f 888/1130/806 883/1132/807 816/1125/801
f 851/877/654 925/1198/850 934/1199/851
f 924/1200/852 925/1198/850 851/877/654
f 878/1201/853 934/1202/851 925/1203/850
f 851/877/654 934/1199/851 885/986/723
f 934/1202/851 878/1201/853 945/433/352
f 885/986/723 934/1199/851 945/430/352
f 945/433/352 878/1201/853 871/988/725
f 945/430/352 863/429/351 885/986/723
f 945/433/352 871/988/725 965/434/355
f 882/437/357 965/434/355 871/988/725
f 953/1204/854 887/921/681 909/990/727
f 887/921/681 953/1204/854 969/1205/855
f 887/921/681 969/1205/855 932/922/682
f 969/1206/855 889/991/728 906/926/685
f 906/926/685 932/925/682 969/1206/855
f 121/1207/856 30/1208/857 162/1209/858
f 100/1210/859 30/1208/857 121/1207/856
f 100/1210/859 121/1207/856 169/1211/860
f 121/1207/856 140/1212/861 169/1211/860
f 19/1134/809 100/1210/859 169/1211/860
f 90/1137/812 169/1211/860 140/1212/861
f 19/1134/809 169/1211/860 90/1137/812
f 90/1137/812 140/1212/861 171/1213/862
f 256/596/474 145/764/582 301/597/472
f 210/1214/863 301/597/472 145/764/582
f 485/361/302 396/360/301 355/1215/864
f 485/363/302 447/365/304 491/364/303
f 456/67/64 499/894/665 424/1216/865
f 499/894/665 459/896/667 424/1216/865
f 525/903/671 378/1217/866 461/904/670
f 414/1218/867 378/1219/866 525/1220/671
f 527/469/377 414/1218/867 525/1220/671
f 527/469/377 415/468/294 414/1218/867
f 501/72/69 532/71/68 422/601/477
f 501/72/69 465/602/478 506/69/66
f 423/862/647 479/1221/868 595/76/73
f 495/75/72 423/862/647 595/76/73
f 575/68/65 543/70/67 611/1191/847
f 543/70/67 546/808/612 611/1191/847
f 611/1222/847 546/1223/612 612/1224/616
f 612/816/616 546/808/612 587/809/613
f 587/809/613 567/810/614 598/729/562
f 683/1225/869 681/1226/870 783/1227/798
f 722/1228/871 683/1225/869 799/1229/872
f 799/1229/872 683/1225/869 783/1227/798
f 820/658/519 793/970/715 809/1230/873
f 822/1128/805 793/970/715 820/658/519
f 823/1127/804 793/970/715 822/1128/805
f 793/970/715 823/1127/804 699/971/716
f 699/971/716 823/1127/804 738/827/627
f 823/1127/804 825/989/726 738/827/627
f 868/756/576 800/753/573 867/1231/760
f 791/757/577 863/429/351 922/432/354
f 922/432/354 840/413/339 791/757/577
f 930/111/103 873/418/343 922/1232/354
f 930/111/103 946/416/342 873/418/343
f 930/111/103 933/108/100 937/114/106
f 930/111/103 937/114/106 879/112/104
f 890/115/107 930/111/103 844/110/102
f 946/416/342 930/111/103 890/115/107
f 955/1233/874 876/1046/754 921/1234/875
f 876/1046/754 908/1048/755 921/1234/875
f 955/1233/874 921/1234/875 923/1057/761
f 921/1234/875 908/1048/755 952/1235/876
f 908/1048/755 819/1236/335 952/1235/876
f 952/1237/876 819/1238/335 881/422/346
f 921/1234/875 952/1235/876 911/1054/758
f 952/1235/876 913/1055/759 911/1054/758
f 868/1051/576 923/1057/761 921/1234/875
f 193/1239/775 200/786/603 116/1065/767
f 116/1065/767 120/773/591 193/1239/775
f 203/533/424 215/1240/696 43/508/406
f 44/1069/770 43/508/406 215/1240/696
f 130/2/2 44/1069/770 215/1240/696
f 348/599/475 278/882/659 345/1241/877
f 265/445/362 278/882/659 349/1242/646
f 349/1242/646 278/882/659 348/599/475
f 346/1243/878 207/449/359 271/448/365
f 265/445/362 346/1243/878 271/448/365
f 238/441/360 207/440/359 346/1244/878
f 399/1037/750 380/555/441 418/464/374
f 334/587/466 458/892/664 307/853/642
f 367/589/468 452/1245/879 334/587/466
f 367/589/468 336/590/469 467/1246/880
f 576/1102/793 584/1092/785 432/1091/784
f 628/1247/881 537/623/487 548/1248/882
f 548/1248/882 554/1156/827 629/1249/883
f 554/1156/827 510/1157/828 629/1249/883
f 633/1250/884 629/1249/883 510/1157/828
f 633/1250/884 510/1157/828 475/50/49
f 784/980/720 701/496/398 723/498/400
f 723/498/400 662/497/399 765/981/721
f 662/497/399 706/500/402 765/981/721
f 848/407/333 737/499/401 679/242/200
f 647/819/619 740/911/319 769/984/450
f 769/984/450 721/820/620 647/819/619
f 779/1251/885 568/818/618 721/820/620
f 680/912/675 568/818/618 779/1251/885
f 747/1252/886 680/912/675 779/1251/885
f 789/1253/495 856/641/502 830/631/494
f 856/641/502 789/1253/495 938/642/503
f 938/642/503 789/1253/495 821/1254/497
f 958/650/511 938/642/503 964/1255/887
f 892/651/512 958/650/511 964/1255/887
f 964/1255/887 767/1256/208 892/651/512
f 899/1257/226 767/1258/208 964/1259/887
f 938/642/503 821/1254/497 967/1260/888
f 938/642/503 967/1260/888 964/1255/887
f 964/1255/887 967/1260/888 954/291/239
f 967/1260/888 821/1254/497 859/1261/889
f 859/1261/889 954/291/239 967/1260/888
f 954/291/239 899/290/226 964/1255/887
f 959/296/242 954/291/239 859/1261/889
f 859/1261/889 831/267/218 959/296/242
f 894/269/223 959/296/242 831/267/218
f 959/296/242 894/269/223 960/299/244
f 227/851/640 192/850/595 132/1262/596
f 132/1262/596 154/157/131 227/851/640
f 231/27/27 154/157/131 155/160/134
f 182/852/641 231/27/27 155/160/134
f 213/1263/128 211/855/8 245/856/643
f 290/1264/890 177/327/270 279/951/703
f 195/1265/891 177/327/270 290/1264/890
f 290/1264/890 298/1266/892 195/1265/891
f 298/1266/892 257/1267/893 195/1265/891
f 316/1268/894 257/1269/893 298/1270/892
f 316/1268/894 266/1271/843 257/1269/893
f 255/177/148 208/1272/895 266/1180/843
f 355/1273/864 230/780/597 197/783/600
f 355/1273/864 197/783/600 321/1154/825
f 333/1274/826 321/1275/825 260/1276/602
f 360/1277/777 369/1278/896 333/1274/826
f 325/707/549 328/710/552 444/708/550
f 328/710/552 382/947/699 394/709/551
f 537/623/487 454/47/46 453/46/45
f 453/46/45 466/49/48 548/1248/882
f 548/1248/882 537/623/487 453/46/45
f 554/1156/827 548/1248/882 466/49/48
f 554/1156/827 471/26/26 510/1157/828
f 442/35/35 437/616/50 560/910/674
f 529/890/662 531/81/76 620/80/75
f 631/82/77 531/81/76 579/83/78
f 580/1279/203 549/84/79 484/1280/608
f 675/1281/897 594/73/70 501/72/69
f 575/68/65 675/1281/897 501/72/69
f 501/72/69 506/69/66 575/68/65
f 615/897/668 655/1282/706 617/898/669
f 655/955/706 676/88/83 599/908/672
f 637/90/85 599/908/672 676/88/83
f 736/1283/898 673/734/566 751/874/652
f 736/1283/898 755/1284/631 615/897/668
f 655/1282/706 615/897/668 755/1284/631
f 755/833/631 764/876/653 655/955/706
f 803/878/655 676/88/83 764/876/653
f 803/878/655 775/985/722 676/88/83
f 775/985/722 677/89/84 676/88/83
f 775/985/722 776/987/724 677/89/84
f 724/758/578 677/89/84 776/987/724
f 851/877/654 885/986/723 775/985/722
f 870/300/245 894/269/223 824/270/224
f 870/300/245 824/270/224 788/1165/833
f 870/300/245 788/1165/833 839/1166/834
f 878/1201/853 875/1168/836 850/1169/837
f 850/1169/837 871/988/725 878/1201/853
f 871/988/725 850/1169/837 817/826/626
f 921/1234/875 910/1052/756 868/1051/576
f 921/1234/875 911/1054/758 910/1052/756
f 881/1285/346 951/1286/347 957/1287/348
f 957/424/348 952/1235/876 881/1288/346
f 952/1235/876 957/424/348 913/1055/759
f 957/424/348 890/115/107 912/427/349
f 913/1055/759 957/424/348 912/427/349
f 174/319/263 129/683/532 38/1289/899
f 174/319/263 38/1289/899 124/1290/900
f 174/319/263 124/1290/900 189/317/261
f 189/317/261 124/1290/900 221/1291/901
f 221/1292/901 124/1293/900 35/1294/902
f 183/1295/820 221/1291/901 35/1296/902
f 37/1297/903 183/1149/820 35/1294/902
f 183/1149/820 37/1297/903 123/1150/821
f 152/686/268 137/322/266 222/321/265
f 152/324/268 177/327/270 162/1298/858
f 177/327/270 121/1299/856 162/1298/858
f 175/19/19 213/1263/128 245/856/643
f 245/856/643 270/1152/823 175/19/19
f 184/17/17 175/19/19 270/1152/823
f 184/17/17 289/1153/824 220/21/21
f 274/174/145 220/21/21 289/1153/824
f 163/162/135 220/21/21 274/174/145
f 223/318/262 189/317/261 276/1086/779
f 189/317/261 221/1291/901 276/1086/779
f 287/1088/781 276/1086/779 221/1291/901
f 221/1291/901 183/1295/820 287/1088/781
f 287/1088/781 183/1295/820 306/1089/782
f 306/1089/782 183/1295/820 186/1300/598
f 222/325/265 253/1301/264 309/336/277
f 313/323/267 222/325/265 309/336/277
f 261/326/269 152/324/268 313/323/267
f 261/326/269 279/951/703 177/327/270
f 376/28/28 307/853/642 458/892/664
f 386/29/29 392/31/31 420/1302/287
f 420/1302/287 416/33/33 386/29/29
f 420/1302/287 437/616/50 416/33/33
f 416/33/33 442/35/35 277/32/32
f 489/607/481 494/1303/560 534/1304/559
f 494/804/560 505/1305/176 578/1306/175
f 522/726/182 509/1307/173 581/1308/316
f 581/1308/316 590/727/315 522/726/182
f 608/240/198 638/571/454 718/241/199
f 638/571/454 628/1247/881 701/496/398
f 537/623/487 628/1247/881 638/571/454
f 662/497/399 701/496/398 628/1247/881
f 629/1249/883 633/1250/884 706/500/402
f 706/500/402 662/497/399 629/1249/883
f 706/500/402 633/1250/884 665/501/403
f 665/501/403 517/891/663 679/242/200
f 679/242/200 737/499/401 665/501/403
f 740/384/319 560/1309/674 585/385/192
f 725/746/567 650/369/307 727/370/308
f 727/370/308 707/372/310 708/374/312
f 733/1310/318 769/984/450 687/1311/191
f 740/911/319 687/1311/191 769/984/450
f 797/387/320 660/234/194 742/567/321
f 798/977/453 638/1312/454 784/978/720
f 638/1312/454 701/1313/398 784/978/720
f 926/928/687 903/927/686 860/976/228
f 860/976/228 936/931/689 926/928/687
f 942/934/691 936/931/689 893/1314/904
f 936/931/689 860/976/228 943/1315/905
f 943/1315/905 860/976/228 866/279/230
f 943/1315/905 893/1314/904 936/931/689
f 942/934/691 893/1314/904 886/1316/237
f 949/281/232 943/1315/905 866/279/230
f 893/1314/904 949/281/232 941/1317/906
f 943/1315/905 949/281/232 893/1314/904
f 232/188/158 258/1318/907 188/1319/423
f 203/942/424 258/1318/907 297/181/152
f 228/1320/153 203/1321/424 297/1322/152
f 285/24/24 227/851/640 320/25/25
f 320/25/25 227/851/640 231/27/27
f 245/856/643 310/30/30 386/29/29
f 386/29/29 277/32/32 245/856/643
f 277/32/32 339/34/34 270/1152/823
f 273/857/644 270/1152/823 339/34/34
f 369/1278/896 362/1323/776 447/1324/304
f 388/42/42 326/184/155 524/612/483
f 443/40/40 388/42/42 483/611/484
f 422/601/477 465/602/478 501/72/69
f 465/602/478 468/715/557 506/69/66
f 543/70/67 506/69/66 468/715/557
f 423/862/647 495/75/72 449/1325/908
f 412/1326/909 478/1327/910 492/1328/734
f 451/713/555 503/714/556 520/1103/611
f 546/808/612 543/70/67 468/715/557
f 546/808/612 468/715/557 436/706/548
f 513/716/558 546/808/612 436/706/548
f 513/716/558 444/708/550 457/54/51
f 568/818/618 502/463/373 565/909/673
f 551/914/677 540/913/676 616/822/622
f 552/1158/829 551/914/677 663/821/621
f 681/1226/870 683/1225/869 675/1281/897
f 735/1329/803 621/74/71 722/1228/871
f 714/1122/800 639/1007/735 735/1329/803
f 600/476/384 639/1007/735 714/1122/800
f 634/477/385 600/476/384 714/1122/800
f 691/823/623 616/822/622 747/1252/886
f 747/1252/886 757/1330/911 691/823/623
f 810/1331/912 827/1332/849 799/1229/872
f 783/1227/798 810/1331/912 799/1229/872
f 845/652/513 837/1333/913 752/1334/914
f 845/1335/513 714/1122/800 829/1121/799
f 752/1336/914 714/1122/800 845/1335/513
f 869/656/517 809/1230/873 837/1333/913
f 720/1162/832 809/1230/873 793/970/715
f 810/1331/912 783/1227/798 858/1337/499
f 858/1338/499 827/1196/849 810/1339/912
f 858/1338/499 855/1129/504 827/1196/849
f 877/1117/500 858/1340/499 783/1118/798
f 856/641/502 877/639/500 818/632/493
f 845/652/513 829/1197/799 865/653/514
f 869/656/517 837/1333/913 845/652/513
f 809/1230/873 869/656/517 820/658/519
f 3/139/122 97/1341/120 2/140/116
f 330/461/371 400/38/38 297/181/152
f 393/190/160 302/189/159 361/454/368
f 361/454/368 373/453/367 440/712/554
f 411/1342/609 350/539/430 505/210/176
f 522/726/182 384/545/433 431/193/163
f 384/545/433 481/548/432 402/547/435
f 456/67/64 521/66/63 499/894/665
f 576/1343/793 602/1344/740 678/1345/717
f 674/975/719 606/1346/915 678/973/717
f 652/1347/738 606/1346/915 674/975/719
f 606/1346/915 576/1348/793 678/973/717
f 729/1349/916 657/1350/917 561/1097/788
f 671/258/214 602/1012/740 632/1351/918
f 736/1283/898 601/895/666 673/734/566
f 615/897/668 601/895/666 736/1283/898
f 764/876/653 676/88/83 655/955/706
f 733/564/318 835/563/449 836/1352/919
f 843/287/236 733/564/318 836/1352/919
f 852/1353/452 842/568/451 742/567/321
f 852/1353/452 742/567/321 718/1354/199
f 860/976/228 852/1353/452 798/977/453
f 891/1355/632 884/1356/243 931/302/246
f 931/302/246 939/303/247 891/1355/632
f 891/836/632 924/1200/852 849/837/633
f 849/837/633 924/1200/852 851/877/654
f 939/303/247 870/300/245 839/1166/834
f 891/1355/632 939/303/247 924/1357/852
f 939/303/247 839/1166/834 875/1168/836
f 924/1357/852 939/303/247 925/1203/850
f 925/1203/850 875/1168/836 878/1201/853
f 939/303/247 875/1168/836 925/1203/850
f 918/1358/920 962/1359/515 917/1360/921
f 917/1360/921 920/1361/922 918/1358/920
f 919/1362/808 914/645/506 916/647/508
f 916/647/508 920/1361/922 919/1362/808
f 77/1363/923 33/688/535 162/1209/858
f 30/1208/857 77/1363/923 162/1209/858
f 100/1210/859 85/1364/924 30/1208/857
f 100/1210/859 88/1365/925 85/1364/924
f 35/1294/902 88/1366/925 37/1297/903
f 100/1367/859 10/1368/811 88/1366/925
f 10/1368/811 37/1297/903 88/1366/925
f 123/1150/821 37/1297/903 10/1368/811
f 8/1135/810 123/1369/821 10/1136/811
f 123/1150/821 8/1370/810 190/782/599
f 19/1134/809 10/1136/811 100/1210/859
f 149/1151/822 190/782/599 8/1370/810
f 149/1151/822 8/1370/810 34/1371/813
f 149/1151/822 34/1371/813 46/1141/814
f 149/1151/822 46/1141/814 156/1140/815
f 171/1213/862 51/1059/763 90/1137/812
f 6/1061/765 51/1059/763 171/1213/862
f 116/1065/767 156/1140/815 95/1064/762
f 179/770/588 6/1061/765 171/1213/862
f 20/769/587 6/1061/765 179/770/588
f 262/333/274 126/1372/926 114/1373/927
f 262/333/274 198/690/536 126/1372/926
f 262/333/274 114/1373/927 147/691/537
f 15/672/528 126/1372/926 267/1374/928
f 267/1375/928 126/1376/926 198/1377/536
f 161/1378/929 15/672/528 267/1374/928
f 253/1379/264 161/1378/929 267/1374/928
f 137/1380/266 161/1381/929 253/1382/264
f 237/1383/930 342/344/285 241/1384/931
f 319/1385/434 250/695/461 282/694/161
f 232/1386/158 225/889/661 302/887/159
f 347/456/370 173/457/358 238/1387/360
f 354/600/476 348/599/475 345/1241/877
f 235/1029/744 359/603/479 296/1388/932
f 235/1029/744 318/704/546 364/604/480
f 478/1389/910 265/445/362 349/1242/646
f 346/1243/878 265/445/362 478/1389/910
f 390/551/437 425/552/438 391/858/645
f 405/553/439 391/858/645 425/552/438
f 334/587/466 452/1245/879 458/892/664
f 452/1245/879 367/589/468 467/1246/880
f 434/1390/604 429/800/607 484/801/608
f 487/893/606 434/789/604 484/1280/608
f 447/365/304 362/1187/776 489/607/481
f 362/1187/776 411/1189/609 489/607/481
f 515/484/388 347/456/370 536/478/386
f 492/1005/734 536/478/386 347/456/370
f 476/998/732 592/475/383 477/474/382
f 492/1328/734 538/1391/933 593/78/74
f 538/1391/933 495/79/72 593/78/74
f 479/1392/868 532/1393/68 594/1394/70
f 594/73/70 595/76/73 479/1221/868
f 515/484/388 541/483/380 488/864/648
f 572/1395/190 577/1396/934 535/1397/485
f 558/1398/193 535/1397/485 577/1396/934
f 498/1399/704 535/1397/485 558/1398/193
f 619/235/195 537/1400/487 608/238/198
f 646/1401/935 597/1402/561 715/1403/936
f 668/1404/937 715/1403/936 597/1402/561
f 586/1405/938 604/473/381 699/971/716
f 672/104/96 564/103/95 646/1401/935
f 672/104/96 646/1401/935 730/1406/625
f 730/1406/625 646/1401/935 715/1403/936
f 738/827/627 586/1405/938 699/971/716
f 605/829/629 586/1405/938 738/827/627
f 754/412/338 664/1407/80 704/244/202
f 763/248/204 664/85/80 754/1408/338
f 746/1409/340 668/1404/937 804/1410/341
f 715/1411/936 668/1412/937 746/414/340
f 668/1404/937 641/367/306 804/1410/341
f 804/415/341 641/1413/306 777/106/98
f 641/1413/306 650/735/307 777/106/98
f 762/737/568 777/106/98 650/735/307
f 766/828/628 907/923/683 835/563/449
f 835/563/449 907/923/683 862/924/684
f 836/1352/919 835/563/449 862/924/684
f 897/932/690 836/1352/919 862/924/684
f 843/287/236 836/1352/919 897/932/690
f 897/932/690 886/288/237 843/287/236
f 903/927/686 842/568/451 852/1353/452
f 903/927/686 852/1353/452 860/976/228
f 98/1067/768 36/775/593 29/774/592
f 98/1066/768 79/771/589 17/772/590
f 98/1066/768 17/772/590 52/1414/939
f 36/775/593 98/1067/768 52/1415/939
f 52/1414/939 42/776/594 24/305/249
f 24/305/249 56/1416/940 52/1414/939
f 52/1414/939 17/772/590 42/776/594
f 54/1417/941 52/1415/939 56/1418/940
f 56/1416/940 24/305/249 109/992/729
f 24/305/249 26/763/581 109/992/729
f 109/1419/729 59/1420/584 65/144/126
f 65/144/126 59/1420/584 101/143/121
f 73/674/419 71/523/417 126/1372/926
f 71/523/417 70/525/416 114/1373/927
f 126/1372/926 71/523/417 114/1373/927
f 114/1373/927 70/525/416 72/1421/421
f 147/691/537 114/1373/927 72/1421/421
f 181/692/538 58/1422/422 167/1147/818
f 72/1421/421 58/1422/422 181/692/538
f 181/692/538 147/691/537 72/1421/421
f 126/1372/926 15/672/528 73/674/419
f 167/1147/818 164/693/539 181/692/538
f 163/162/135 187/176/147 136/1423/137
f 136/1423/137 187/176/147 237/1383/930
f 139/1424/119 136/1423/137 237/1383/930
f 179/770/588 204/179/150 165/768/586
f 204/179/150 141/306/250 165/768/586
f 204/179/150 209/180/151 141/306/250
f 141/306/250 209/180/151 144/304/248
f 209/180/151 210/1214/863 144/304/248
f 155/160/134 153/119/111 182/852/641
f 292/1182/844 186/781/598 230/780/597
f 360/1425/777 333/1155/826 200/786/603
f 193/1079/775 360/1082/777 200/1426/603
f 465/602/478 364/604/480 468/715/557
f 468/715/557 364/604/480 318/704/546
f 495/75/72 478/1389/910 449/1325/908
f 589/1099/790 409/1100/791 439/1098/789
f 438/1101/792 451/713/555 520/1103/611
f 606/1346/915 652/1347/738 544/1427/787
f 576/1102/793 606/1428/915 584/1092/785
f 657/1350/917 589/1099/790 561/1097/788
f 652/1429/738 561/1430/788 544/1431/787
f 624/733/565 589/1099/790 657/1350/917
f 632/1351/918 569/1432/610 671/258/214
f 639/1007/735 593/1006/74 735/1329/803
f 621/481/71 651/480/387 683/1433/869
f 651/479/387 594/73/70 683/1225/869
f 683/1225/869 594/73/70 675/1281/897
f 515/484/388 634/477/385 669/485/389
f 636/1111/795 648/1105/794 695/395/325
f 695/395/325 744/396/326 636/1111/795
f 697/824/624 614/1434/796 743/401/330
f 649/1109/329 743/1435/330 614/1108/796
f 744/396/326 570/1004/183 636/1111/795
f 649/404/329 570/1004/183 744/396/326
f 819/1238/335 772/505/405 881/422/346
f 826/411/337 874/410/336 872/420/345
f 873/1436/343 840/413/339 922/432/354
f 873/1436/343 874/410/336 840/413/339
f 772/505/405 826/411/337 881/422/346
f 872/420/345 881/422/346 826/411/337
f 890/115/107 847/116/108 898/428/350
f 863/429/351 791/757/577 776/987/724
f 746/414/340 805/105/97 882/437/357
f 857/107/99 882/437/357 805/105/97
f 266/1180/843 208/1272/895 257/1437/893
f 255/177/148 179/770/588 208/1272/895
f 267/1375/928 198/1377/536 312/330/273
f 312/1438/273 198/690/536 226/689/271
f 371/1439/942 267/1375/928 312/330/273
f 253/1301/264 267/1375/928 315/337/278
f 315/337/278 309/336/277 253/1301/264
f 315/337/278 267/1375/928 371/1439/942
f 164/693/539 317/341/282 259/340/281
f 235/1029/744 236/1028/743 318/704/546
f 318/704/546 236/1028/743 308/946/698
f 365/705/547 308/946/698 263/1030/745
f 325/707/549 365/705/547 263/1030/745
f 325/707/549 264/1031/746 328/710/552
f 328/710/552 264/1031/746 223/318/262
f 382/947/699 328/710/552 223/318/262
f 276/1086/779 382/947/699 223/318/262
f 363/997/731 331/1440/943 385/207/174
f 385/207/174 331/1440/943 357/605/168
f 399/1037/750 448/196/166 342/344/285
f 387/345/286 357/605/168 344/1441/944
f 343/1442/165 387/1443/286 344/1444/944
f 368/329/272 322/332/275 430/1094/783
f 371/1439/942 312/330/273 445/1093/786
f 312/330/273 368/329/272 445/1093/786
f 409/1100/791 315/337/278 371/1439/942
f 409/1100/791 370/338/279 315/337/278
f 377/1445/945 317/341/282 381/1446/649
f 381/1446/649 283/343/284 407/1447/289
f 397/949/701 424/1216/865 352/1448/946
f 424/1216/865 433/1449/947 352/1448/946
f 433/1449/947 375/1450/948 352/1448/946
f 378/1451/866 375/1450/948 433/1449/947
f 446/1452/949 379/1453/950 415/353/294
f 455/355/296 379/1453/950 446/1452/949
f 351/583/463 379/1453/950 455/355/296
f 494/804/560 411/803/609 505/1305/176
f 474/1454/179 512/212/178 398/211/177
f 522/726/182 431/193/163 509/1307/173
f 522/726/182 481/548/432 384/545/433
f 474/219/179 481/544/432 522/220/182
f 483/611/484 524/612/483 535/613/485
f 496/790/605 483/611/484 535/613/485
f 498/952/704 496/790/605 535/613/485
f 558/614/193 419/45/44 498/952/704
f 537/623/487 516/622/486 454/47/46
f 537/623/487 638/571/454 608/240/198
f 628/1247/881 629/1249/883 662/497/399
f 628/1247/881 548/1248/882 629/1249/883
f 633/1250/884 475/50/49 665/501/403
f 475/50/49 517/891/663 665/501/403
f 620/80/75 679/242/200 529/890/662
f 517/891/663 529/890/662 679/242/200
f 685/408/334 684/243/201 620/80/75
f 631/82/77 579/83/78 659/86/81
f 620/80/75 631/82/77 685/408/334
f 549/1455/79 580/246/203 702/245/82
f 686/1456/87 731/272/225 573/732/88
f 686/1457/87 610/94/86 732/96/90
f 712/98/91 713/101/93 672/104/96
f 695/395/325 693/917/680 705/393/323
f 743/401/330 750/400/328 697/824/624
f 774/755/575 801/405/331 692/915/678
f 705/393/323 692/915/678 801/405/331
f 781/266/222 688/264/220 696/1112/797
f 696/1112/797 700/731/564 781/266/222
f 781/266/222 700/731/564 731/272/225
f 771/255/211 812/274/227 673/734/566
f 812/274/227 751/874/652 673/734/566
f 813/983/235 886/1458/237 893/1459/904
f 944/1460/951 941/1317/906 949/281/232
f 896/1461/952 893/1462/904 941/1463/906
f 896/1464/952 941/1317/906 905/1465/953
f 949/281/232 880/1466/233 944/1460/951
f 904/1467/954 944/1460/951 880/1466/233
f 944/1460/951 904/1467/954 948/1468/955
f 941/1317/906 944/1460/951 905/1465/953
f 948/1468/955 905/1465/953 944/1460/951
f 955/1469/874 948/1470/955 904/1471/954
f 904/1471/954 876/1472/754 955/1469/874
f 948/1468/955 955/1233/874 867/1056/760
f 867/1056/760 905/1465/953 948/1468/955
f 923/1057/761 867/1056/760 955/1233/874
f 13/1473/253 57/1474/526 119/310/254
f 119/310/254 180/884/251 13/1473/253
f 125/443/255 119/1475/254 57/678/526
f 125/443/255 14/666/525 118/681/530
f 125/443/255 57/678/526 14/666/525
f 161/1378/929 18/1476/527 15/672/528
f 18/679/527 32/687/534 80/664/523
f 161/1477/929 32/687/534 18/679/527
f 161/1477/929 137/322/266 32/687/534
f 146/315/259 41/516/411 148/313/257
f 47/680/529 41/516/411 146/315/259
f 47/680/529 146/315/259 224/316/260
f 225/889/661 172/1142/816 224/316/260
f 203/942/424 188/1319/423 258/1318/907
f 225/889/661 232/1386/158 172/1142/816
f 232/1386/158 205/1145/819 172/1142/816
f 205/1145/819 232/1386/158 188/532/423
f 283/343/284 272/342/283 185/535/426
f 263/1030/745 308/946/698 236/1028/743
f 263/1030/745 264/1031/746 325/707/549
f 264/1031/746 174/319/263 223/318/262
f 330/461/371 232/188/158 393/190/160
f 258/1318/907 232/188/158 330/461/371
f 297/181/152 258/1318/907 330/461/371
f 529/890/662 458/892/664 452/1245/879
f 529/890/662 452/1245/879 531/81/76
f 452/1245/879 467/1246/880 531/81/76
f 336/590/469 487/893/606 579/83/78
f 467/1246/880 336/590/469 579/83/78
f 579/83/78 531/81/76 467/1246/880
f 487/893/606 484/1280/608 549/84/79
f 475/50/49 376/28/28 517/891/663
f 560/910/674 437/616/50 585/618/192
f 565/909/673 442/35/35 560/910/674
f 457/54/51 571/730/563 567/810/614
f 539/58/55 571/730/563 500/56/53
f 591/1043/753 518/63/60 624/733/565
f 577/1396/934 572/1395/190 640/1478/189
f 640/229/189 654/565/317 577/1479/934
f 654/1480/317 558/1481/193 577/1482/934
f 644/261/217 503/811/556 660/234/194
f 503/811/556 508/237/197 660/234/194
f 675/1281/897 575/68/65 681/1226/870
f 681/1226/870 575/68/65 682/747/571
f 735/1329/803 593/1006/74 621/74/71
f 583/227/187 705/393/323 693/917/680
f 616/822/622 680/912/675 747/1252/886
f 694/490/393 691/823/623 757/1330/911
f 757/1330/911 667/488/391 694/490/393
f 692/915/678 719/754/574 774/755/575
f 776/987/724 791/757/577 724/758/578
f 772/505/405 819/1238/335 685/1483/334
f 391/858/645 405/553/439 289/1153/824
f 374/554/440 289/1153/824 405/553/439
f 410/559/445 429/800/607 395/595/473
f 429/800/607 383/593/471 395/595/473
f 429/1484/607 434/789/604 383/592/471
f 324/1188/778 329/1485/462 411/1189/609
f 411/1486/609 329/1487/462 350/1488/430
f 394/709/551 421/55/52 457/54/51
f 469/57/54 421/55/52 366/59/56
f 417/61/58 370/338/279 480/62/59
f 397/949/701 450/65/62 456/67/64
f 469/57/54 441/60/57 547/1039/752
f 547/1039/752 441/60/57 526/1489/300
f 441/60/57 389/1490/845 526/1489/300
f 389/1491/845 396/360/301 526/359/300
f 571/730/563 457/54/51 500/56/53
f 539/58/55 469/57/54 588/1038/751
f 469/57/54 547/1039/752 588/1038/751
f 559/64/61 518/63/60 591/1043/753
f 596/254/210 521/66/63 559/64/61
f 614/1108/796 581/378/316 556/221/171
f 614/1108/796 556/221/171 570/223/183
f 570/1004/183 464/208/170 603/1110/733
f 597/1402/561 494/1303/560 668/1404/937
f 641/367/306 668/1404/937 494/1303/560
f 494/1303/560 578/368/175 641/367/306
f 650/369/307 578/368/175 609/371/309
f 707/372/310 609/371/309 550/725/181
f 623/728/313 590/727/315 710/1492/311
f 670/1493/708 716/1494/956 717/1495/831
f 669/485/389 634/477/385 752/1336/914
f 752/1336/914 716/1494/956 669/485/389
f 752/1336/914 634/477/385 714/1122/800
f 755/1284/631 736/1283/898 751/874/652
f 731/272/225 686/1456/87 788/1496/833
f 721/820/620 813/983/235 779/1251/885
f 747/1252/886 846/1497/957 757/1330/911
f 846/1497/957 800/753/573 757/1330/911
f 800/753/573 667/488/391 757/1330/911
f 115/1498/15 50/1499/16 83/1500/840
f 83/1500/840 132/1501/596 115/1498/15
f 23/1502/132 132/1503/596 83/1504/840
f 132/1262/596 23/158/132 154/157/131
f 173/1179/358 134/518/413 207/1505/359
f 173/1179/358 148/313/257 134/518/413
f 125/443/255 118/681/530 247/444/361
f 157/1177/363 55/1178/842 202/1506/364
f 202/1507/364 13/309/253 191/308/252
f 55/1508/842 13/1509/253 202/1510/364
f 207/449/359 134/1511/413 157/446/363
f 178/1512/639 196/1513/958 234/1514/540
f 250/578/461 178/1512/639 234/1514/540
f 196/1515/958 206/1516/959 254/698/542
f 206/1516/959 229/699/543 254/698/542
f 249/1517/544 196/1515/958 254/698/542
f 249/1518/544 234/1519/540 196/1520/958
f 324/1083/778 233/1080/456 242/1084/140
f 233/1080/456 212/1521/138 242/1084/140
f 242/169/140 244/170/141 329/1485/462
f 299/1522/431 244/170/141 252/171/142
f 219/1523/144 250/578/461 311/577/460
f 252/1524/142 219/1523/144 314/549/436
f 311/577/460 314/549/436 219/1523/144
f 357/1525/168 243/1526/541 344/1527/944
f 323/1528/162 286/702/545 363/1529/731
f 282/191/161 234/1514/540 323/192/162
f 323/1528/162 234/703/540 286/702/545
f 286/702/545 331/1530/943 363/1529/731
f 357/1531/168 331/1530/943 254/701/542
f 254/701/542 331/1530/943 286/702/545
f 254/698/542 243/697/541 357/1532/168
f 342/344/285 187/176/147 399/1037/750
f 237/1383/930 187/176/147 342/344/285
f 342/344/285 343/195/165 241/1384/931
f 344/1441/944 241/1384/931 343/195/165
f 243/1533/541 241/1384/931 344/1441/944
f 289/1153/824 273/857/644 391/858/645
f 374/554/440 274/174/145 289/1153/824
f 380/555/441 274/174/145 374/554/440
f 280/175/146 274/174/145 380/555/441
f 187/176/147 380/555/441 399/1037/750
f 532/71/68 479/1221/868 422/601/477
f 541/483/380 460/1534/379 488/864/648
f 582/1535/960 564/103/95 511/366/305
f 582/1536/960 511/1537/305 534/717/559
f 604/1538/381 586/1539/938 486/1540/36
f 523/1541/482 486/1540/36 586/1539/938
f 523/1542/482 572/230/190 524/612/483
f 563/354/295 599/908/672 637/90/85
f 637/90/85 533/356/297 563/354/295
f 677/89/84 533/356/297 637/90/85
f 533/356/297 677/89/84 626/1116/395
f 695/395/325 607/561/447 693/917/680
f 695/395/325 648/1105/794 607/561/447
f 652/1347/738 674/975/719 745/1543/739
f 758/1020/741 729/1349/916 759/1544/737
f 760/1545/961 729/1349/916 758/1020/741
f 657/1350/917 729/1349/916 760/1545/961
f 729/1546/916 652/1010/738 759/1009/737
f 760/1545/961 739/249/205 657/1350/917
f 779/1251/885 813/983/235 893/1459/904
f 896/1461/952 779/1547/885 893/1462/904
f 747/1252/886 779/1251/885 896/1548/952
f 846/1497/957 747/1252/886 896/1548/952
f 904/1549/954 880/282/233 841/285/234
f 841/285/234 848/407/333 904/1549/954
f 904/1549/954 848/407/333 876/1045/754
f 846/1497/957 896/1548/952 905/1550/953
f 905/1551/953 867/1552/760 846/1553/957
f 800/1554/573 846/1553/957 867/1552/760
f 7/682/531 74/935/692 22/1555/533
f 74/935/692 81/1556/962 22/1555/533
f 81/1556/962 87/1557/963 22/1555/533
f 32/687/534 84/665/524 80/664/523
f 32/687/534 81/1556/962 84/665/524
f 81/1556/962 74/935/692 84/665/524
f 32/687/534 33/688/535 81/1556/962
f 87/1557/963 81/1556/962 77/1363/923
f 104/1558/964 87/1557/963 77/1363/923
f 33/688/535 77/1363/923 81/1556/962
f 87/1559/963 38/1560/899 22/1561/533
f 49/1562/965 38/1560/899 87/1559/963
f 49/1562/965 87/1559/963 104/1563/964
f 30/1208/857 104/1558/964 77/1363/923
f 30/1208/857 85/1364/924 104/1558/964
f 104/1563/964 35/1294/902 49/1562/965
f 85/1364/924 88/1365/925 104/1558/964
f 35/1294/902 104/1563/964 88/1366/925
f 127/847/637 206/1564/959 66/146/127
f 206/1516/959 127/1565/637 229/699/543
f 178/849/639 60/141/124 196/1566/958
f 178/1567/639 142/1568/123 60/1569/124
f 63/142/125 142/138/123 178/849/639
f 196/1566/958 60/141/124 206/1564/959
f 60/141/124 66/146/127 206/1564/959
f 237/1383/930 241/1384/931 139/1424/119
f 176/1570/638 139/1424/119 241/1384/931
f 243/697/541 229/699/543 176/1571/638
f 241/1572/931 243/1573/541 176/1574/638
f 219/1523/144 178/1512/639 250/578/461
f 209/180/151 300/178/149 327/787/465
f 327/787/465 301/597/472 209/180/151
f 301/597/472 210/1214/863 209/180/151
f 307/853/642 182/852/641 334/587/466
f 182/852/641 288/588/467 334/587/466
f 336/590/469 288/588/467 248/591/470
f 383/592/471 214/994/730 256/996/474
f 283/343/284 291/1032/747 407/1447/289
f 291/1032/747 338/1033/748 407/1447/289
f 407/1447/289 338/1033/748 372/1575/291
f 372/1575/291 304/1034/749 341/1035/47
f 338/1033/748 304/1034/749 372/1575/291
f 347/456/370 238/1387/360 412/1576/909
f 354/600/476 296/1388/932 359/603/479
f 345/1241/877 296/1388/932 354/600/476
f 364/604/480 359/603/479 235/1029/744
f 423/862/647 449/1325/908 349/1242/646
f 449/1325/908 478/1389/910 349/1242/646
f 346/1243/878 478/1389/910 412/1576/909
f 238/1387/360 346/1243/878 412/1576/909
f 462/954/705 418/464/374 528/225/185
f 470/606/169 401/197/167 514/224/184
f 514/224/184 542/562/448 470/606/169
f 500/56/53 421/55/52 539/58/55
f 518/63/60 559/64/61 417/61/58
f 552/1158/829 694/490/393 553/1159/830
f 557/489/392 553/1159/830 694/490/393
f 574/873/651 533/356/297 626/1116/395
f 627/495/397 490/560/446 574/873/651
f 627/495/397 580/246/203 490/560/446
f 515/484/388 536/478/386 634/477/385
f 497/470/378 541/472/380 643/487/390
f 643/487/390 625/1163/707 497/470/378
f 630/959/709 604/473/381 592/475/383
f 642/814/216 671/1577/214 569/812/610
f 575/68/65 611/1191/847 703/1190/846
f 703/1190/846 682/747/571 575/68/65
f 653/1578/615 611/1222/847 612/1224/616
f 661/817/617 653/815/615 587/809/613
f 729/1546/916 561/1579/788 652/1010/738
f 624/733/565 657/1350/917 739/249/205
f 756/257/213 602/1012/740 671/258/214
f 730/825/625 715/1411/936 746/414/340
f 605/1580/629 766/1581/628 656/1582/188
f 640/229/189 656/228/188 766/828/628
f 766/828/628 738/827/627 825/989/726
f 833/626/490 644/261/217 797/387/320
f 345/1241/877 278/882/659 180/884/251
f 180/884/251 194/312/256 345/1241/877
f 296/1388/932 345/1241/877 194/312/256
f 235/1029/744 296/1388/932 247/1027/361
f 194/312/256 247/1027/361 296/1388/932
f 265/445/362 202/447/364 278/882/659
f 202/447/364 191/883/252 278/882/659
f 287/1088/781 358/1087/780 276/1086/779
f 261/326/269 313/323/267 337/950/702
f 337/950/702 279/951/703 261/326/269
f 279/951/703 352/1448/946 290/1264/890
f 375/1450/948 290/1264/890 352/1448/946
f 375/1583/948 298/1270/892 290/1584/890
f 375/1583/948 378/1585/866 298/1270/892
f 378/1585/866 316/1268/894 298/1270/892
f 316/1586/894 351/582/463 266/1180/843
f 306/1587/782 292/1184/844 389/1183/845
f 389/1183/845 230/1185/597 355/1588/864
f 430/1094/783 322/332/275 432/1589/784
f 445/1093/786 368/329/272 430/1094/783
f 322/335/275 340/339/280 438/1590/792
f 438/1591/792 432/1592/784 322/1593/275
f 409/1100/791 371/1439/942 439/1098/789
f 439/1098/789 371/1439/942 445/1093/786
f 340/1594/280 377/1595/945 438/1596/792
f 451/866/555 438/1596/792 377/1595/945
f 377/1595/945 381/867/649 451/866/555
f 424/1216/865 397/949/701 456/67/64
f 433/1449/947 424/1216/865 459/896/667
f 459/671/667 461/1597/670 433/1598/947
f 378/1599/866 433/1598/947 461/1597/670
f 455/355/296 446/1452/949 482/352/293
f 446/1452/949 415/353/294 482/352/293
f 492/1328/734 478/1327/910 538/1391/933
f 538/1391/933 478/1327/910 495/79/72
f 423/862/647 422/601/477 479/1221/868
f 476/998/732 428/711/553 497/470/378
f 460/1534/379 440/863/554 488/864/648
f 515/484/388 488/864/648 347/456/370
f 492/1005/734 347/456/370 412/1576/909
f 502/463/373 442/35/35 565/909/673
f 568/818/618 463/462/372 502/463/373
f 540/913/676 463/462/372 568/818/618
f 597/719/561 582/1536/960 534/717/559
f 523/1542/482 586/1405/938 605/829/629
f 564/103/95 582/1535/960 646/1401/935
f 597/1402/561 646/1401/935 582/1535/960
f 523/1542/482 605/829/629 656/228/188
f 572/230/190 523/1542/482 656/228/188
f 621/74/71 683/1225/869 722/1228/871
f 670/1493/708 643/1600/390 716/1494/956
f 643/1600/390 669/485/389 716/1494/956
f 717/1495/831 716/1494/956 809/1601/873
f 809/1601/873 716/1494/956 837/1602/913
f 716/1603/956 752/1334/914 837/1333/913
f 809/1230/873 720/1162/832 717/1604/831
f 793/970/715 689/960/710 720/1162/832
f 759/1009/737 745/1011/739 811/1605/718
f 811/974/718 678/973/717 806/1015/658
f 806/881/658 756/257/213 794/256/212
f 811/974/718 745/1543/739 674/975/719
f 758/1020/741 853/1019/510 760/1545/961
f 853/1019/510 739/249/205 760/1545/961
f 853/1019/510 792/250/206 739/249/205
f 854/625/489 794/256/212 671/258/214
f 671/258/214 642/260/216 854/625/489
f 134/518/413 78/517/412 21/1176/841
f 78/517/412 89/520/415 21/1176/841
f 21/1176/841 92/527/418 55/1178/842
f 55/1178/842 94/529/420 13/668/253
f 94/529/420 55/1178/842 92/527/418
f 21/1176/841 89/520/415 92/527/418
f 14/666/525 57/678/526 80/664/523
f 38/1289/899 129/683/532 22/685/533
f 124/1293/900 38/1560/899 49/1562/965
f 124/1293/900 49/1562/965 35/1294/902
f 152/686/268 162/1209/858 33/688/535
f 195/1606/891 121/1207/856 177/1607/270
f 195/1606/891 140/1212/861 121/1207/856
f 257/1437/893 140/1212/861 195/1606/891
f 171/1213/862 257/1437/893 208/1272/895
f 140/1212/861 257/1437/893 171/1213/862
f 179/770/588 171/1213/862 208/1272/895
f 217/936/693 135/3/3 239/1608/697
f 239/1608/697 251/1609/429 217/936/693
f 211/8/8 217/936/693 251/1609/429
f 185/535/426 131/536/427 291/1032/747
f 291/1032/747 131/536/427 133/11/11
f 291/1032/747 133/11/11 268/937/694
f 269/1610/695 268/937/694 160/13/13
f 251/538/429 239/945/697 281/185/156
f 281/1611/156 284/1612/157 251/1613/429
f 291/1032/747 268/937/694 338/1033/748
f 304/1034/749 268/937/694 269/1610/695
f 304/1614/749 269/938/695 115/940/15
f 285/24/24 115/1036/15 192/850/595
f 187/176/147 280/175/146 380/555/441
f 389/1615/845 355/1616/864 396/1617/301
f 447/1324/304 321/1275/825 333/1274/826
f 369/1278/896 447/1324/304 333/1274/826
f 362/1618/776 369/1619/896 360/1620/777
f 355/1273/864 321/1154/825 485/363/302
f 447/365/304 485/363/302 321/1154/825
f 511/366/305 489/607/481 534/1304/559
f 326/184/155 486/36/36 523/1542/482
f 544/1621/787 584/1092/785 606/1428/915
f 518/63/60 589/1099/790 624/733/565
f 602/1012/740 576/1622/793 632/1351/918
f 576/1102/793 520/1103/611 632/1623/918
f 520/1103/611 569/1624/610 632/1623/918
f 782/627/491 783/1227/798 681/1226/870
f 681/1226/870 682/747/571 782/627/491
f 735/1329/803 722/1228/871 827/1332/849
f 827/1332/849 787/1625/802 735/1329/803
f 816/1125/801 714/1626/800 735/1126/803
f 827/1332/849 722/1228/871 799/1229/872
f 856/641/502 818/632/493 830/631/494
f 821/1254/497 790/1627/219 859/1261/889
f 929/1628/966 820/658/519 895/659/520
f 929/1628/966 822/1128/805 820/658/519
f 940/662/521 929/1629/966 895/660/520
f 929/1629/966 940/662/521 947/1630/967
f 822/1128/805 929/1628/966 947/1631/967
f 947/1631/967 909/990/727 822/1128/805
f 909/990/727 947/1631/967 953/1204/854
f 947/1630/967 940/662/521 833/626/490
f 889/991/728 947/1630/967 833/626/490
f 953/1204/854 947/1631/967 969/1205/855
f 947/1630/967 889/991/728 969/1206/855
f 865/653/514 917/1632/921 962/654/515
f 917/1632/921 865/653/514 883/1132/807
f 918/1358/920 928/879/656 962/1359/515
f 920/1361/922 917/1360/921 919/1362/808
f 917/1632/921 883/1132/807 919/1133/808
f 864/880/657 928/879/656 920/1361/922
f 928/879/656 918/1358/920 920/1361/922
f 920/1361/922 916/647/508 864/880/657
f 963/1633/516 962/1359/515 966/661/518
f 966/661/518 962/1359/515 928/879/656
f 900/663/522 928/879/656 806/881/658
f 966/661/518 928/879/656 900/663/522
f 40/7/7 27/9/9 75/1174/839
f 75/1174/839 86/1634/968 83/1175/840
f 83/1504/840 86/1635/968 23/1502/132
f 23/1502/132 86/1635/968 76/1636/634
f 75/1174/839 27/9/9 45/10/10
f 45/10/10 53/148/129 75/1174/839
f 4/1637/969 75/1174/839 53/148/129
f 4/1637/969 86/1634/968 75/1174/839
f 76/838/634 86/1634/968 4/1637/969
f 76/838/634 4/1637/969 103/1638/970
f 103/1638/970 99/841/635 76/838/634
f 9/164/130 4/1637/969 53/148/129
f 103/1638/970 4/1637/969 9/164/130
f 99/841/635 103/1638/970 9/164/130
f 128/574/457 120/773/591 36/775/593
f 128/574/457 36/775/593 52/1415/939
f 128/574/457 52/1415/939 54/1417/941
f 168/575/458 54/1417/941 56/1418/940
f 216/168/139 128/574/457 54/1417/941
f 168/575/458 216/168/139 54/1417/941
f 168/575/458 56/1418/940 150/576/459
f 150/576/459 109/1419/729 65/144/126
f 56/1418/940 109/1419/729 150/576/459
f 65/144/126 122/572/455 150/576/459
f 117/761/579 182/852/641 153/119/111
f 214/1639/730 61/767/585 145/764/582
f 144/304/248 210/1214/863 145/764/582
f 214/994/730 159/993/580 61/1640/585
f 233/573/456 193/1239/775 120/773/591
f 120/773/591 128/574/457 233/573/456
f 187/176/147 163/162/135 274/174/145
f 255/177/148 204/179/150 179/770/588
f 226/328/271 322/332/275 368/329/272
f 340/339/280 322/335/275 275/334/276
f 340/339/280 317/341/282 377/1445/945
f 317/341/282 283/343/284 381/1446/649
f 352/1448/946 279/951/703 397/949/701
f 415/353/294 378/1585/866 414/1641/867
f 316/1268/894 378/1585/866 415/353/294
f 379/1453/950 316/1268/894 415/353/294
f 316/1268/894 379/1453/950 351/583/463
f 394/709/551 353/948/700 421/55/52
f 353/948/700 358/1087/780 421/55/52
f 358/1087/780 366/59/56 421/55/52
f 366/59/56 306/1089/782 441/60/57
f 306/1587/782 389/1183/845 441/1642/57
f 417/61/58 450/65/62 313/323/267
f 450/65/62 337/950/702 313/323/267
f 682/747/571 703/1190/846 748/628/492
f 748/628/492 703/1190/846 728/1192/848
f 753/635/496 748/628/492 728/1192/848
f 761/749/572 753/635/496 728/1192/848
f 788/1165/833 686/961/87 768/963/711
f 807/1167/835 788/1165/833 768/963/711
f 807/1167/835 768/963/711 770/965/712
f 807/1167/835 770/965/712 773/968/713
f 808/1170/838 807/1167/835 773/968/713
f 773/968/713 730/825/625 808/1170/838
f 817/826/626 808/1170/838 730/825/625
f 796/397/327 785/1643/322 838/1053/757
f 802/394/324 838/1644/757 785/392/322
f 898/428/350 847/116/108 750/398/328
f 898/428/350 750/398/328 796/397/327
f 859/1261/889 790/1627/219 831/267/218
f 792/250/206 892/1021/512 767/252/208
f 812/274/227 899/273/226 901/1645/238
f 901/1645/238 861/831/241 812/274/227
