# Blender 4.3.2
# www.blender.org
mtllib fused_model.mtl
o gear-small_mesh
v 0.007355 -0.009192 0.006785
v 0.009913 -0.009182 0.004258
v -0.001652 -0.009120 -0.005267
v -0.008152 -0.009013 0.001274
v 0.004567 -0.008888 -0.005031
v -0.007545 -0.008993 -0.004506
v -0.008334 -0.009132 -0.001797
v 0.002015 -0.009094 -0.011393
v 0.005776 -0.009092 -0.004881
v -0.002119 -0.009076 -0.003886
v 0.005019 -0.009016 0.002248
v -0.002744 -0.009234 -0.004123
v 0.004635 -0.008813 -0.006631
v 0.006514 -0.009060 -0.003587
v -0.001053 -0.008991 -0.006758
v -0.003327 -0.009137 0.000446
v -0.000257 -0.008952 -0.006317
v -0.006454 -0.009137 -0.007515
v -0.002280 -0.008656 -0.009594
v -0.001012 -0.009118 -0.010993
v 0.004588 -0.009132 -0.005615
v -0.004779 -0.008512 0.006900
v -0.004938 -0.008604 0.005380
v -0.005844 -0.007956 0.005280
v 0.005637 -0.008554 0.007090
v -0.004600 -0.008182 -0.010337
v -0.007011 -0.008465 0.004149
v 0.006191 -0.008229 -0.000242
v 0.005841 -0.008444 -0.009572
v 0.006100 -0.008358 -0.002820
v -0.001833 -0.008292 0.008742
v -0.001357 -0.008494 -0.004788
v -0.002072 -0.008219 0.001135
v 0.007520 -0.008460 0.007580
v 0.007352 -0.008452 -0.010124
v 0.008198 -0.008456 0.006970
v 0.005378 -0.008402 -0.004270
v -0.008433 -0.008566 -0.004677
v 0.001515 -0.008162 0.009326
v -0.009153 -0.008432 -0.001522
v 0.000654 -0.008129 -0.011298
v -0.002764 -0.008349 -0.010353
v -0.006976 -0.008296 0.003209
v 0.008721 -0.008105 -0.008222
v -0.000151 -0.008121 0.008165
v 0.000562 -0.008287 0.008561
v 0.008604 -0.008262 0.005429
v -0.008351 -0.008308 0.001937
v -0.006965 -0.008146 -0.006116
v 0.002881 -0.008460 0.008270
v -0.001598 -0.008430 -0.011601
v -0.002590 -0.008300 0.007059
v -0.007464 -0.008689 0.000225
v 0.001731 -0.008479 -0.012058
v 0.010377 -0.008470 0.004954
v 0.008229 -0.008529 -0.009503
v -0.007721 -0.008650 -0.000593
v -0.006767 -0.008294 0.002441
v 0.010071 -0.008663 -0.007727
v 0.002579 -0.008140 -0.012057
v -0.000594 -0.008306 0.002629
v -0.008632 -0.008497 0.001019
v 0.003070 -0.008589 -0.010703
v -0.000190 -0.008379 -0.005809
v 0.011387 -0.008368 0.000346
v 0.004570 -0.008369 0.008899
v 0.010726 -0.007487 0.003267
v 0.012401 -0.008310 -0.000886
v 0.003850 -0.008299 -0.011008
v 0.010199 -0.008390 0.002908
v 0.003584 -0.008293 -0.005906
v 0.001096 -0.008623 0.002854
v -0.003084 -0.008576 -0.000621
v 0.002701 -0.008582 0.003186
v -0.007277 -0.008020 -0.007508
v -0.008891 -0.008255 -0.002476
v 0.011569 -0.008239 0.002610
v 0.005409 -0.008569 -0.011547
v 0.004017 -0.008441 0.002665
v 0.011981 -0.008412 0.001695
v 0.005347 -0.008565 0.008302
v -0.008014 -0.008535 -0.003068
v 0.010676 -0.008604 -0.002324
v 0.011962 -0.008587 -0.001941
v -0.006707 -0.008468 -0.008259
v -0.004690 -0.008435 -0.007903
v -0.005545 -0.008259 -0.008334
v 0.010326 -0.008585 -0.005452
v 0.011891 -0.008513 -0.004723
v 0.010828 -0.008374 -0.007374
v -0.002567 -0.008089 -0.002647
v -0.005248 -0.007744 -0.008915
v -0.001619 -0.008990 0.008057
v 0.007565 -0.008539 0.002435
v 0.000237 -0.008636 0.007229
v 0.007074 -0.008468 -0.002024
v -0.006330 -0.008649 -0.005738
v 0.007404 -0.008633 -0.007531
v -0.001595 -0.008784 0.002812
v -0.004164 -0.008936 -0.009737
v 0.000026 -0.008785 -0.009824
v -0.004118 -0.009039 0.006071
v -0.002246 -0.008724 0.006237
v -0.002773 -0.008880 0.001494
v 0.001514 -0.009016 0.008822
v -0.004091 -0.008792 -0.004686
v 0.006523 -0.008984 0.000478
v 0.001406 -0.008773 -0.010503
v -0.003728 -0.008711 -0.006630
v 0.006358 -0.008657 0.004780
v 0.007773 -0.008679 -0.004479
v 0.000122 -0.008640 0.005654
v 0.008054 -0.008684 0.004361
v 0.002643 -0.008634 0.006718
v -0.005446 -0.008553 -0.000617
v 0.004318 -0.009028 0.008106
v -0.006242 -0.008890 0.004061
v 0.004090 -0.008781 -0.009258
v 0.009355 -0.008673 0.002310
v 0.004997 -0.008983 -0.010939
v 0.008287 -0.008637 0.000681
v 0.008801 -0.008426 -0.003320
v 0.007400 -0.008989 -0.009435
v 0.010251 -0.008676 -0.003601
v -0.004772 -0.008727 0.002292
v -0.000085 -0.008886 0.003667
v 0.009886 -0.008579 0.000224
v -0.006454 -0.008710 -0.002334
v 0.002443 -0.008720 0.004126
v -0.003664 -0.008939 -0.002413
v 0.011734 -0.009018 -0.000987
v 0.004828 -0.008518 0.006126
v 0.011276 -0.009032 0.001699
v -0.001080 -0.008538 -0.009034
v 0.001535 -0.008711 -0.007774
v -0.003367 -0.008530 0.003583
v -0.002795 -0.008828 -0.008247
v 0.002118 -0.008926 -0.006466
v 0.004554 -0.008701 0.003288
v 0.011269 -0.008931 -0.004206
v 0.009856 -0.008985 -0.006741
v -0.007098 -0.007674 0.004281
v 0.006277 -0.007712 0.007555
v 0.004589 -0.007531 -0.004748
v 0.008706 -0.007245 -0.008731
v -0.008945 -0.007333 -0.001016
v 0.007975 -0.007830 0.007417
v -0.008447 -0.007487 -0.004923
v -0.008353 -0.007358 0.000180
v 0.010168 -0.007386 0.004845
v -0.000444 -0.007438 0.002364
v 0.000569 -0.007500 -0.005773
v 0.003150 -0.007041 -0.005681
v -0.007262 -0.007376 -0.005880
v 0.007961 -0.007767 -0.010026
v 0.011911 -0.007565 -0.000291
v 0.008867 -0.007579 0.005712
v 0.011562 -0.008056 -0.003183
v 0.011901 -0.007390 0.001561
v -0.008297 -0.007526 -0.003421
v -0.002798 -0.007428 0.007455
v 0.002343 -0.007301 -0.012135
v 0.003975 -0.007331 -0.011280
v 0.001955 -0.007404 0.002696
v 0.012130 -0.008133 -0.004014
v -0.002832 -0.007347 -0.000517
v -0.000791 -0.008121 -0.011798
v 0.011493 -0.007453 -0.005238
v 0.004616 -0.007273 0.001504
v -0.001297 -0.007062 -0.004713
v 0.010731 -0.007654 -0.006408
v 0.000155 -0.007266 0.008394
v 0.002730 -0.007435 0.008652
v 0.006225 -0.007824 -0.010205
v 0.005340 -0.007622 0.008413
v 0.006209 -0.007389 -0.002066
v 0.005823 -0.006802 -0.011027
v 0.005559 -0.007165 -0.003345
v -0.007592 -0.007135 0.002698
v 0.003316 -0.007072 0.002470
v -0.004865 -0.006650 -0.009616
v 0.011756 -0.007355 -0.002554
v -0.003456 -0.006921 -0.010493
v -0.008170 -0.005936 0.001474
v 0.011931 -0.007062 -0.000982
v -0.002550 -0.006773 0.000194
v -0.001557 -0.006267 0.008030
v -0.001389 -0.005685 0.001600
v -0.004888 -0.006379 0.006935
v -0.002301 -0.006035 -0.011437
v 0.006136 -0.006542 -0.000305
v 0.000294 -0.006628 -0.011504
v -0.002685 -0.006402 -0.002244
v 0.007877 -0.006815 0.006665
v 0.006729 -0.006840 -0.010196
v 0.000031 -0.005996 0.007981
v -0.006710 -0.006012 0.004665
v 0.007746 -0.006012 -0.009610
v -0.008087 -0.006067 -0.004029
v 0.008628 -0.005582 -0.008542
v 0.009808 -0.007367 -0.008041
v 0.011195 -0.005945 -0.004495
v -0.007070 -0.005715 -0.005498
v 0.004820 -0.006214 0.007946
v 0.010257 -0.006302 -0.005746
v -0.003024 -0.006502 0.007575
v 0.006375 -0.005527 -0.001945
v 0.007114 -0.005542 0.006703
v 0.009987 -0.005878 0.004182
v -0.006908 -0.006095 -0.007773
v 0.001398 -0.006025 -0.006121
v 0.002008 -0.004957 -0.011217
v 0.002615 -0.006235 -0.011332
v 0.003722 -0.005223 -0.005604
v -0.000096 -0.005426 0.002522
v 0.004836 -0.005446 -0.011095
v 0.011442 -0.005819 -0.002469
v 0.004327 -0.005277 0.002400
v 0.010729 -0.006244 0.002540
v 0.004739 -0.005449 -0.004836
v -0.005596 -0.005414 0.005480
v 0.010244 -0.005348 -0.007490
v -0.002967 -0.004580 -0.002516
v -0.002971 -0.004945 -0.010480
v -0.007326 -0.005604 0.002501
v 0.000687 -0.005003 0.007873
v 0.011233 -0.004682 0.000621
v 0.005641 -0.005560 0.001157
v -0.002486 -0.004553 -0.003768
v 0.008352 -0.005403 0.005693
v -0.008210 -0.005193 -0.000387
v -0.004021 -0.004352 0.007280
v 0.009971 -0.004906 0.003277
v -0.008507 -0.005310 -0.002202
v 0.002050 -0.004775 0.003226
v -0.001218 -0.004957 -0.004879
v 0.003223 -0.005561 -0.010635
v 0.005889 -0.005722 -0.003468
v -0.006754 -0.004867 -0.007307
v -0.005975 -0.004855 -0.008273
v 0.002259 -0.005234 0.008254
v -0.002776 -0.005037 -0.000779
v -0.004375 -0.004595 -0.009924
v 0.010791 -0.005269 0.002189
v 0.005096 -0.003442 0.007826
v -0.000766 -0.005342 -0.011323
v -0.002752 -0.004407 0.007619
v 0.007631 -0.004454 -0.009611
v -0.008342 -0.004914 0.001623
v 0.005842 -0.004638 -0.010735
v -0.007995 -0.005161 -0.003435
v 0.012107 -0.003188 -0.001447
v -0.000399 -0.004301 -0.005912
v 0.002348 -0.005349 -0.006473
v 0.003258 -0.004839 -0.006351
v 0.010609 -0.005135 -0.004995
v -0.006805 -0.004672 0.004560
v 0.000924 -0.003996 0.002764
v 0.011184 -0.003863 0.001052
v -0.007482 -0.003581 0.002508
v 0.004427 -0.004180 -0.005934
v 0.010710 -0.004411 -0.006679
v 0.007001 -0.003992 -0.001875
v 0.009772 -0.003422 0.004587
v -0.000852 -0.004573 0.008170
v 0.003522 -0.003559 0.008522
v 0.006005 -0.004536 -0.004261
v 0.000018 -0.004239 -0.011540
v 0.006349 -0.004385 0.006973
v -0.001004 -0.004134 0.001802
v 0.003441 -0.004132 -0.010976
v 0.011994 -0.003506 -0.000347
v -0.001357 -0.004300 -0.011238
v 0.000641 -0.004584 -0.006390
v 0.011360 -0.003862 -0.002859
v 0.001861 -0.003433 0.008438
v -0.005155 -0.003401 0.005840
v -0.002367 -0.003546 -0.004767
v -0.002107 -0.002728 -0.000287
v 0.010783 -0.003740 -0.005478
v 0.010962 -0.003704 0.002615
v 0.004945 -0.002340 0.001848
v -0.001916 -0.003966 0.000616
v -0.008323 -0.002667 0.001432
v 0.008216 -0.002946 0.006388
v 0.010021 -0.003313 -0.007718
v -0.008064 -0.003182 -0.004654
v 0.000313 -0.002907 0.007843
v -0.007038 -0.003103 -0.006449
v 0.005904 -0.003280 0.000935
v 0.001925 -0.003328 -0.011958
v -0.008690 -0.002647 -0.001654
v 0.002914 -0.002782 -0.006313
v 0.002815 -0.003141 0.002753
v -0.008190 -0.002938 -0.003462
v -0.006773 -0.002241 -0.007664
v 0.009119 -0.003417 -0.008268
v 0.011297 -0.003030 -0.004409
v -0.006637 -0.002594 0.004020
v -0.001688 -0.002490 0.007603
v 0.011096 -0.002637 0.000733
v 0.005404 -0.002496 -0.004876
v 0.006299 -0.002523 -0.009763
v 0.007749 -0.003062 -0.009232
v -0.004495 -0.002255 0.006783
v 0.000992 -0.003155 -0.006058
v 0.006951 -0.002370 -0.001719
v -0.003992 -0.002917 -0.009874
v -0.002429 -0.001823 -0.004071
v -0.002241 -0.002931 -0.010721
v 0.010418 -0.002180 -0.006547
v 0.007658 -0.001286 0.007053
v -0.002136 -0.001393 -0.011145
v -0.006115 -0.003517 -0.008373
v -0.001111 -0.001619 -0.011740
v 0.005218 -0.002714 -0.011196
v 0.011140 -0.002207 0.002182
v 0.003043 -0.001139 0.002581
v 0.000613 -0.002246 0.002816
v -0.001916 -0.002458 -0.005575
v 0.006343 -0.001853 -0.000704
v 0.011443 -0.001381 -0.003130
v -0.002664 -0.002030 -0.001899
v 0.009476 -0.001673 0.004736
v -0.000872 -0.000872 -0.005836
v 0.001717 -0.001893 0.008215
v -0.008215 -0.002278 -0.000135
v 0.005098 -0.001395 0.008239
v -0.003420 -0.001435 0.007241
v -0.001072 -0.002295 0.001278
v 0.000758 -0.001874 -0.011477
v 0.010976 -0.000816 0.002966
v 0.006005 -0.002370 0.007165
v 0.003961 -0.001335 -0.011089
v 0.008247 -0.001988 -0.009136
v 0.012134 -0.001999 -0.001197
v 0.003915 -0.001902 -0.005450
v -0.005285 -0.002254 -0.008760
v -0.005385 -0.000365 0.006155
v -0.005505 -0.001550 0.005534
v -0.007616 -0.001287 0.002953
v 0.003106 -0.001175 0.008399
v 0.009933 -0.001906 -0.008066
v 0.006061 -0.001764 -0.003264
v -0.001670 -0.001356 -0.000592
v 0.002239 -0.001574 -0.011633
v 0.002355 -0.001528 -0.006373
v -0.007434 -0.001061 -0.005735
v 0.005328 -0.001177 -0.011077
v 0.000665 -0.001140 0.002519
v 0.004856 -0.001704 0.001524
v 0.000115 -0.000821 0.008038
v 0.004276 -0.001618 -0.005005
v 0.008257 -0.000327 -0.009734
v 0.010158 -0.000316 -0.007930
v 0.005592 -0.001791 -0.000064
v -0.004480 -0.000300 -0.009922
v -0.008265 -0.000522 -0.000216
v -0.002079 -0.000680 0.008206
v -0.008538 -0.000233 0.001099
v -0.001863 -0.000008 -0.001823
v -0.008843 -0.000358 -0.001514
v 0.010175 -0.000171 0.003942
v -0.008344 -0.001308 -0.003097
v -0.000990 -0.000552 0.001417
v 0.009507 -0.000109 0.005187
v 0.000862 -0.001232 -0.006465
v 0.006568 -0.000525 -0.010120
v -0.006787 -0.000333 0.004877
v 0.001550 -0.000120 0.008839
v 0.004095 -0.000745 -0.005533
v 0.011600 -0.000349 0.001992
v 0.005358 -0.000540 0.000203
v 0.011673 -0.000395 0.000317
v 0.006377 -0.000254 -0.001270
v 0.005823 -0.000932 -0.002078
v -0.004404 -0.000309 0.006948
v 0.004902 -0.000116 0.008582
v 0.011480 -0.000337 -0.004815
v 0.008957 -0.000262 -0.008664
v -0.007165 -0.000209 -0.005781
v 0.004995 -0.000452 -0.003657
v 0.006310 -0.000397 0.007557
v -0.007043 -0.000181 -0.007875
v 0.002924 0.000781 -0.005882
v -0.005875 -0.001012 -0.008468
v 0.012285 -0.000151 -0.001434
v -0.008038 -0.000615 -0.003800
v -0.008288 -0.000806 -0.004662
v 0.001921 -0.000200 -0.011916
v -0.007921 -0.000378 0.002269
v -0.001381 -0.000019 -0.000787
v -0.007070 0.000245 0.004015
v 0.004312 0.000436 -0.004580
v 0.000610 -0.000079 0.007982
v 0.003385 -0.000203 0.001981
v 0.004137 -0.000136 0.001200
v -0.000221 0.000208 0.007674
v -0.002679 0.000028 0.007689
v 0.010136 0.000053 0.003231
v -0.001752 -0.000251 -0.011299
v 0.010883 -0.000480 -0.006304
v -0.003020 -0.000191 0.006912
v 0.005510 0.000307 -0.001907
v 0.008695 0.000102 0.005489
v 0.003146 0.000070 -0.011156
v -0.007827 -0.000040 -0.004704
v -0.005434 -0.000037 -0.008465
v -0.006217 0.000387 0.004869
v -0.004724 0.000503 0.006366
v -0.000202 0.000287 0.001625
v 0.001416 0.001237 0.001460
v -0.005117 0.000437 -0.007137
v 0.001845 0.000122 0.001793
v -0.001701 0.000647 0.007864
v -0.004159 0.000725 -0.007399
v 0.011282 0.000104 -0.002733
v 0.001684 0.000644 0.008284
v 0.004951 0.000069 -0.010766
v 0.011423 0.000643 0.001760
v 0.000672 0.000405 -0.006247
v 0.011253 0.000392 -0.003790
v 0.011172 0.000665 -0.004590
v -0.005974 0.000675 -0.005979
v -0.006881 0.000225 0.002511
v 0.003055 0.000144 0.007989
v 0.008128 0.000718 -0.009498
v -0.004080 0.000475 -0.009732
v -0.008217 0.000473 0.001079
v 0.008160 0.000702 -0.007871
v 0.004697 0.000499 0.008317
v -0.006792 0.000550 0.001418
v 0.010595 0.000261 -0.005676
v 0.011090 0.000364 0.000316
v -0.003791 0.000554 0.006013
v 0.006310 -0.000096 -0.000571
v -0.001780 0.000527 -0.010694
v -0.001833 0.000131 -0.004283
v 0.009422 0.000458 0.004053
v -0.008072 0.000473 -0.001225
v -0.006568 0.000508 -0.007462
v 0.000008 -0.000035 -0.011208
v 0.010263 0.000563 -0.007506
v -0.001946 0.000836 0.006696
v 0.005406 0.001036 -0.003281
v 0.005254 0.000796 0.007816
v 0.006190 0.000571 0.006568
v 0.007547 0.000285 0.006859
v -0.008360 0.000264 -0.002146
v 0.001714 0.000686 -0.011521
v -0.007449 0.000050 -0.003133
v -0.007050 0.000245 0.000084
v -0.004840 0.001214 0.003039
v 0.002294 0.001081 0.006394
v 0.005034 0.000948 0.005168
v -0.006278 0.000923 0.000478
v -0.005800 0.001160 -0.003661
v -0.001019 0.001322 0.005647
v 0.001214 0.001107 0.005743
v -0.000034 0.000789 0.006720
v 0.002766 0.001017 -0.010053
v 0.000558 0.001660 0.000122
v -0.006526 0.001120 -0.002110
v 0.005520 0.000891 0.000106
v -0.000131 0.001372 -0.001439
v 0.004227 0.001024 0.006448
v 0.005383 0.001022 -0.008565
v -0.002376 0.001108 0.004650
v 0.003825 0.001361 -0.009270
v 0.005597 0.000988 -0.001157
v -0.001306 0.001114 -0.001901
v -0.000630 0.000711 0.000544
v 0.003427 0.001751 0.001723
v 0.004334 0.001250 0.001298
v 0.009383 0.000879 -0.005938
v 0.009300 0.001040 -0.007254
v 0.006852 0.001057 0.004107
v 0.010164 0.000921 -0.001692
v -0.002905 0.001179 -0.008661
v 0.007888 0.001200 0.002730
v 0.009277 0.001092 0.000280
v 0.008216 0.000957 -0.004587
v 0.006749 0.001187 -0.007975
v 0.001362 0.001416 -0.005594
v 0.007872 0.000969 0.004546
v 0.009216 0.000666 0.002158
v 0.012031 0.000702 -0.001070
v -0.000034 0.002085 0.005018
v -0.005566 0.001697 0.000322
v 0.003755 0.001649 0.005529
v -0.003097 0.001984 -0.007098
v 0.007231 0.001642 -0.006750
v -0.004969 0.001299 -0.005619
v 0.005901 0.001665 -0.007495
v -0.004333 0.001732 0.002320
v -0.002038 0.001687 -0.008352
v 0.009229 0.001586 -0.000235
v -0.000324 0.001456 -0.009011
v 0.007703 0.001592 -0.005585
v 0.009424 0.001177 -0.002513
v 0.004569 0.002007 0.000717
v 0.005016 0.002844 -0.003436
v -0.000360 0.001514 -0.004647
v 0.004681 0.001711 -0.008499
v -0.000769 0.001763 -0.003383
v 0.008457 0.001678 -0.003625
v 0.006219 0.001787 0.003969
v 0.003558 0.002110 -0.004792
v -0.004262 0.002064 -0.006447
v 0.008095 0.001552 0.001888
v 0.001156 0.001231 -0.009496
v 0.005770 0.002403 -0.000607
v -0.005000 0.004617 -0.004403
v -0.005584 0.002311 -0.000495
v 0.001388 0.002270 0.001167
v 0.005214 0.002475 -0.001885
v -0.000727 0.002297 -0.003821
v -0.002633 0.003138 0.003768
v -0.001112 0.002825 -0.008088
v 0.009033 0.003400 0.000248
v 0.009183 0.003232 -0.000990
v 0.000302 0.002237 -0.004425
v -0.005230 0.002993 -0.003106
v 0.001198 0.003435 0.005518
v -0.001023 0.001913 0.004930
v -0.001642 0.002793 0.004429
v 0.002819 0.003060 0.005871
v 0.004593 0.002837 0.005272
v 0.002008 0.002682 -0.005009
v 0.004337 0.003195 -0.008364
v 0.002797 0.002738 -0.009103
v 0.006845 0.003313 0.003185
v -0.005146 0.004191 0.000902
v 0.000815 0.002933 -0.004292
v 0.005588 0.002737 0.000022
v -0.002896 0.003037 -0.006840
v 0.002226 0.002529 0.001871
v -0.001668 0.003175 -0.007355
v 0.001336 0.003176 0.001358
v -0.001357 0.002914 -0.003330
v -0.001335 0.002870 -0.003894
v 0.003483 0.004321 -0.004641
v 0.002761 0.003688 0.002681
v 0.000156 0.002424 -0.003118
v 0.008154 0.003213 -0.004142
v 0.005631 0.002983 0.004103
v 0.000051 0.002992 -0.003082
v 0.000002 0.004277 0.005158
v -0.004172 0.003930 0.002508
v 0.004382 0.004573 0.004919
v 0.008255 0.004699 0.001873
v -0.000184 0.003947 -0.004562
v 0.001410 0.004005 -0.004972
v -0.005276 0.004012 -0.001719
v 0.002693 0.004172 -0.009515
v 0.000786 0.003993 0.000146
v 0.005086 0.004177 -0.007983
v 0.004432 0.003735 0.001637
v -0.000160 0.003569 -0.008496
v 0.002510 0.004026 0.005756
v 0.007625 0.004302 -0.005635
v 0.006516 0.003948 -0.007218
v 0.009082 0.004364 -0.000872
v 0.008691 0.003753 -0.002479
v -0.000333 0.002899 -0.004484
v 0.001316 0.004241 0.002808
v -0.001333 0.004708 -0.004136
v -0.005558 0.005530 -0.002130
v 0.005214 0.004923 -0.003582
v -0.003979 0.003862 -0.006336
v -0.000200 0.004340 -0.001001
v 0.004545 0.004883 0.001356
v -0.002141 0.005349 -0.007886
v 0.005190 0.004766 -0.001039
v -0.002092 0.004808 -0.002114
v -0.001161 0.004218 -0.001848
v 0.003252 0.004958 0.002547
v 0.007149 0.005733 0.003510
v 0.008788 0.004829 -0.004375
v 0.002451 0.004923 -0.005042
v -0.001910 0.004394 -0.000177
v -0.000064 0.005714 -0.004858
v -0.005708 0.005833 -0.000640
v 0.000883 0.005070 -0.005455
v -0.000849 0.004781 0.000044
v 0.001318 0.005524 -0.009368
v -0.001724 0.005753 0.004815
v 0.005610 0.006308 -0.002306
v 0.001906 0.006218 0.006824
v 0.002775 0.004772 0.005828
v -0.002135 0.004875 -0.003421
v -0.000831 0.005148 -0.008621
v 0.005418 0.005022 0.004731
v -0.000264 0.006665 0.003062
v -0.004928 0.005623 -0.005222
v -0.001722 0.006112 0.000695
v -0.002487 0.004982 -0.000468
v -0.002819 0.005594 0.004266
v -0.000139 0.005139 0.000414
v -0.004522 0.006385 0.002937
v -0.002706 0.005815 -0.001574
v 0.009074 0.005957 -0.000469
v 0.004792 0.005816 -0.000636
v 0.008043 0.005997 -0.005457
v 0.001173 0.006195 0.003276
v -0.005065 0.006411 0.002114
v 0.002058 0.007075 0.003394
v 0.000100 0.006054 0.006392
v 0.004892 0.007792 -0.004415
v -0.003792 0.007688 -0.006584
v -0.000208 0.005549 0.001668
v -0.005575 0.007031 -0.003301
v 0.004680 0.006296 0.004961
v 0.005048 0.006049 0.000126
v 0.003962 0.006947 -0.008368
v 0.003871 0.005768 -0.008392
v 0.008981 0.007681 -0.001191
v 0.009109 0.008104 -0.002710
v -0.003105 0.006259 -0.002918
v -0.002208 0.006005 -0.004323
v 0.007310 0.006347 -0.006579
v 0.000273 0.007327 0.006803
v -0.001169 0.007106 0.002380
v -0.001389 0.007298 0.005267
v -0.004657 0.008067 -0.005377
v -0.005421 0.007723 -0.001346
v -0.002225 0.006964 0.000798
v -0.002535 0.008294 -0.007780
v -0.002004 0.007073 -0.008206
v 0.004596 0.007876 0.005115
v -0.000157 0.006700 -0.005776
v 0.005828 0.006890 0.000126
v 0.004788 0.007408 0.002407
v 0.005577 0.006726 -0.001389
v 0.001638 0.007200 0.007322
v 0.007007 0.007584 -0.006428
v 0.003527 0.006397 0.006165
v -0.001382 0.006938 -0.005428
v 0.008441 0.007306 -0.004530
v 0.001056 0.006389 -0.006378
v 0.001941 0.006674 -0.006380
v 0.008547 0.007718 0.000910
v 0.000548 0.008144 -0.008856
v 0.002103 0.008545 -0.009067
v -0.003258 0.007925 -0.001468
v 0.006277 0.008076 -0.001709
v -0.003437 0.007961 0.003383
v 0.006237 0.008132 0.003952
v 0.008018 0.008167 0.002044
v 0.002867 0.007237 0.006462
v 0.000925 0.007615 -0.006511
v 0.005910 0.009662 -0.003310
v 0.000826 0.009131 0.003196
v -0.000322 0.008718 0.006041
v 0.002937 0.008548 -0.005793
v 0.006549 0.009760 -0.000359
v 0.001059 0.008160 0.006626
v -0.004796 0.008204 0.001910
v 0.004871 0.007902 -0.008010
v 0.005714 0.007568 0.001177
v 0.008666 0.009110 -0.004338
v -0.005615 0.009039 0.000859
v 0.004356 0.009367 0.002740
v 0.004329 0.009410 -0.005300
v -0.005740 0.008613 -0.002603
v -0.000943 0.009206 0.002354
v 0.005524 0.009461 0.001643
v 0.006757 0.010247 -0.001500
v -0.000356 0.009403 -0.005852
v -0.003768 0.009222 0.003721
v -0.005567 0.009584 -0.004457
v 0.009362 0.009611 -0.000246
v 0.003208 0.008759 0.006029
v -0.000458 0.009750 -0.009099
v 0.006204 0.009287 -0.007726
v 0.000825 0.008954 -0.006213
v 0.008263 0.009738 -0.005513
v -0.006147 0.009752 -0.001350
v 0.004496 0.009798 -0.008593
v -0.003024 0.009694 0.000004
v -0.002046 0.009160 0.005007
v 0.002321 0.009664 -0.009217
v -0.004086 0.009802 0.003669
v -0.004491 0.009562 -0.006641
v 0.000395 0.009593 0.006394
v 0.006232 0.009737 0.004833
v -0.003561 0.009688 -0.007686
v -0.003512 0.009841 -0.002744
v 0.009488 0.009692 -0.002582
v 0.002648 0.010024 0.006145
v -0.002884 0.009250 -0.004085
v 0.008228 0.009713 0.002790
v 0.008827 0.009802 0.001299
v -0.002577 0.009536 -0.008276
v -0.001719 0.009803 0.005211
v 0.001253 0.009557 0.003185
v -0.001913 0.010385 0.001855
v -0.005728 0.009853 0.000666
v -0.000564 0.010370 -0.006023
v 0.006838 0.009986 -0.007129
v -0.003599 0.010262 -0.000225
v 0.008578 0.010400 -0.004521
v 0.002569 0.009886 -0.006286
v -0.002778 0.010405 -0.004654
v -0.005081 0.010613 0.000809
v 0.004074 0.010357 0.003153
v 0.000503 0.010552 0.005495
v -0.004149 0.010759 -0.006296
v -0.002398 0.010636 -0.007783
v -0.005875 0.010563 -0.000507
v 0.004657 0.010647 -0.007853
v -0.002136 0.010589 0.004672
v 0.009439 0.010470 -0.001918
v -0.005742 0.010651 -0.001984
v -0.001020 0.010418 0.003030
v 0.005975 0.010460 -0.004031
v -0.004222 0.010428 0.002691
v 0.005956 0.010487 0.004552
v 0.008149 0.010557 0.002488
v 0.003696 0.010652 0.005193
v 0.005948 0.010499 0.002065
v -0.005053 0.010565 -0.004478
v 0.000584 0.010677 -0.006776
v 0.000536 0.010557 0.004006
v 0.002135 0.010825 0.003657
v 0.006814 0.010671 0.000307
v 0.002548 0.010658 -0.006992
v 0.003837 0.010624 -0.005821
v 0.000240 0.010787 -0.008467
v 0.008690 0.010414 0.000189
v 0.007469 0.010583 -0.000404
v -0.003740 0.010532 -0.003075
v 0.001553 0.010474 -0.008600
v 0.003293 0.010663 -0.008435
v 0.006993 0.010504 -0.006443
v 0.003973 0.010741 0.003832
v -0.004714 0.010896 -0.000198
v 0.006025 0.010897 0.003045
v 0.008654 0.011002 -0.001715
v -0.002143 0.010951 0.003451
v -0.003730 0.010628 0.001763
v 0.007722 0.010937 0.002158
v -0.001407 0.011051 -0.006335
v 0.007398 0.011000 -0.002578
v 0.006503 0.010748 -0.004356
v -0.004072 0.010791 -0.004144
v 0.004400 0.011013 -0.006160
vn 0.0453 -0.9960 0.0776
vn -0.3877 -0.6735 0.6293
vn -0.2712 -0.9548 0.1215
vn -0.0504 -0.9972 -0.0560
vn 0.4176 0.1595 0.8945
vn 0.1193 0.2695 0.9556
vn 0.3181 0.0448 0.9470
vn 0.1556 0.0278 0.9874
vn -0.1230 0.1842 0.9752
vn -0.4911 0.3910 0.7784
vn -0.2995 -0.0045 0.9541
vn -0.3539 0.3177 0.8797
vn 0.1352 -0.0439 0.9898
vn -0.0470 0.0891 0.9949
vn 0.3584 0.1555 0.9205
vn 0.5162 -0.0685 0.8537
vn 0.5182 0.1298 0.8454
vn 0.4972 0.0853 0.8634
vn 0.6613 0.0675 0.7471
vn 0.8701 0.1692 0.4629
vn 0.7671 -0.0559 0.6391
vn 0.8741 0.1890 0.4474
vn 0.7069 0.1801 0.6840
vn -0.4854 0.1127 -0.8670
vn -0.5170 0.0294 -0.8555
vn -0.5476 0.0100 -0.8367
vn 0.8925 -0.1637 0.4202
vn 0.9555 -0.0696 0.2867
vn 0.9818 -0.0839 0.1704
vn 0.9721 -0.0129 0.2341
vn 0.9452 0.0607 0.3209
vn -0.9990 -0.0419 0.0162
vn -0.9963 0.0436 0.0737
vn -0.9910 -0.0463 0.1255
vn -0.9830 -0.0440 -0.1780
vn -0.9943 0.0590 -0.0889
vn 0.9039 -0.3716 -0.2118
vn 0.9573 -0.2464 -0.1511
vn 0.9572 -0.2026 0.2065
vn -0.8281 -0.1201 -0.5476
vn -0.8562 0.0962 -0.5077
vn -0.8016 0.5468 -0.2416
vn -0.7809 0.3610 -0.5098
vn -0.5909 0.0264 -0.8063
vn -0.8864 -0.1014 0.4516
vn -0.7526 0.1572 0.6394
vn -0.7159 0.6494 0.2564
vn -0.8647 0.3757 0.3334
vn 0.2163 -0.3670 -0.9047
vn 0.7775 -0.2703 -0.5678
vn 0.4404 -0.4961 -0.7483
vn -0.7295 0.5950 -0.3375
vn -0.4810 0.7963 -0.3668
vn -0.2264 0.9189 -0.3230
vn -0.3272 0.8597 -0.3923
vn -0.4873 0.6439 -0.5898
vn -0.4089 0.7392 -0.5351
vn -0.1111 0.7538 -0.6477
vn -0.1815 0.6217 -0.7620
vn -0.0920 0.6989 -0.7093
vn -0.1366 0.5084 -0.8502
vn -0.6487 0.7402 0.1768
vn -0.3340 0.9069 0.2568
vn -0.6786 0.4708 0.5639
vn -0.7180 0.5047 0.4792
vn -0.3464 0.7310 0.5879
vn -0.7276 0.6420 -0.2417
vn -0.9882 0.1035 -0.1131
vn 0.1776 0.2488 0.9521
vn 0.2658 0.1938 0.9444
vn 0.2045 0.0171 0.9787
vn 0.1976 0.1012 0.9751
vn 0.0838 -0.2779 0.9570
vn -0.2819 0.2814 0.9172
vn -0.4284 0.0335 0.9030
vn -0.5369 -0.2399 0.8088
vn -0.8567 -0.0352 0.5146
vn 0.9443 0.0655 0.3225
vn 0.9923 0.1098 -0.0571
vn 0.9988 0.0482 0.0091
vn 0.4051 -0.0437 0.9132
vn 0.4192 -0.0823 0.9041
vn 0.5937 -0.0290 0.8042
vn 0.4900 0.2149 -0.8448
vn 0.4693 0.4482 -0.7609
vn 0.6813 0.6311 -0.3709
vn -0.4749 -0.1857 0.8602
vn -0.3084 -0.2657 0.9134
vn -0.3997 -0.3336 0.8538
vn -0.9984 -0.0148 0.0542
vn -0.9482 -0.0838 0.3063
vn -0.9059 -0.0136 0.4233
vn -0.4822 -0.0127 0.8760
vn 0.2098 0.0918 0.9734
vn 0.0117 0.3696 0.9291
vn 0.5154 0.0908 0.8522
vn 0.5922 -0.1020 0.7993
vn 0.5366 -0.1598 0.8285
vn 0.0691 0.1610 -0.9845
vn 0.0970 0.1847 -0.9780
vn -0.4401 -0.7678 0.4655
vn -0.1474 -0.9323 0.3302
vn -0.3153 -0.2430 0.9173
vn 0.1137 -0.6394 0.7604
vn -0.1546 -0.9794 0.1301
vn -0.5452 -0.4712 0.6934
vn -0.1052 -0.9814 0.1604
vn -0.0105 -0.9994 0.0319
vn -0.7132 -0.5215 0.4684
vn 0.0191 -0.9997 0.0124
vn -0.8852 0.0301 -0.4642
vn -0.7262 -0.6672 -0.1657
vn -0.9319 0.0781 -0.3541
vn -0.7520 -0.6329 -0.1845
vn -0.6927 -0.3239 -0.6444
vn -0.0096 -0.9805 -0.1963
vn 0.1334 -0.8118 -0.5685
vn 0.7575 -0.3328 0.5616
vn 0.3395 -0.5115 0.7894
vn 0.7285 0.0397 0.6839
vn -0.2760 -0.8987 -0.3408
vn 0.9552 0.1236 0.2689
vn 0.9864 -0.0461 -0.1576
vn 0.8566 -0.3515 0.3778
vn -0.9343 -0.2370 -0.2663
vn -0.4382 -0.4750 -0.7631
vn -0.8271 0.0725 -0.5573
vn -0.8361 -0.1774 0.5192
vn -0.7730 -0.1493 0.6166
vn -0.7021 -0.2969 0.6473
vn -0.8044 -0.4262 0.4140
vn -0.2259 0.0022 0.9741
vn -0.2497 -0.1393 0.9583
vn -0.4686 -0.0454 0.8822
vn -0.6022 -0.0733 0.7949
vn -0.3565 0.0169 0.9341
vn -0.3524 0.3802 0.8551
vn -0.7370 0.1107 0.6668
vn -0.5031 0.6787 0.5350
vn -0.7308 0.6824 0.0146
vn -0.3242 0.9267 0.1901
vn -0.6699 0.7414 0.0390
vn -0.5086 0.8430 0.1751
vn -0.3045 0.7671 0.5646
vn 0.1735 0.7492 0.6392
vn 0.8544 -0.0103 0.5195
vn -0.9992 -0.0392 -0.0071
vn -0.9969 -0.0703 -0.0366
vn 0.4376 0.7652 -0.4722
vn 0.7945 0.5972 -0.1101
vn 0.8468 0.4533 -0.2783
vn 0.3294 0.8190 -0.4698
vn 0.0097 0.7852 -0.6192
vn 0.4530 0.8168 -0.3573
vn 0.3894 0.8334 -0.3922
vn 0.7571 0.5871 -0.2866
vn 0.8476 0.4474 0.2855
vn 0.5709 0.3144 0.7585
vn -0.6451 -0.2785 0.7116
vn -0.6904 -0.1046 0.7158
vn -0.5122 -0.0471 0.8576
vn -0.8985 -0.0484 0.4363
vn -0.6812 0.2082 0.7019
vn -0.9342 -0.1938 0.2995
vn 0.0148 0.0846 -0.9963
vn 0.6278 0.0721 -0.7750
vn 0.4414 -0.5424 -0.7149
vn 0.8573 0.0508 -0.5123
vn 0.6401 0.0439 -0.7671
vn 0.5316 -0.0734 -0.8438
vn 0.7698 0.0359 -0.6373
vn 0.5717 0.0765 -0.8169
vn 0.9356 -0.0915 -0.3411
vn 0.9856 -0.0439 -0.1632
vn 0.9575 0.0528 -0.2837
vn 0.9554 -0.0485 -0.2912
vn 0.9577 -0.1486 -0.2464
vn 0.9682 -0.0839 -0.2357
vn 0.8567 -0.1277 -0.4997
vn 0.9434 -0.1418 -0.2997
vn 0.8916 -0.2252 -0.3928
vn 0.9872 -0.0250 0.1574
vn 0.9090 0.1345 0.3946
vn -0.6775 -0.0465 -0.7340
vn -0.6303 -0.1897 -0.7528
vn -0.1954 -0.1154 -0.9739
vn -0.2601 -0.2889 -0.9214
vn 0.7848 0.1715 0.5955
vn -0.7022 -0.3057 -0.6430
vn -0.8199 -0.1303 -0.5574
vn -0.7212 -0.3959 -0.5684
vn -0.7865 -0.1121 -0.6074
vn 0.7822 -0.0567 0.6204
vn -0.6113 0.2328 -0.7564
vn -0.6253 -0.0146 -0.7802
vn -0.3106 0.3478 -0.8846
vn -0.1438 0.0324 -0.9891
vn -0.5174 -0.0384 -0.8549
vn -0.4557 0.5646 0.6881
vn -0.1804 -0.0077 0.9836
vn -0.0988 0.1810 0.9785
vn 0.1072 0.6346 0.7654
vn 0.0507 0.0355 0.9981
vn 0.1551 0.6955 0.7016
vn 0.2779 0.1305 0.9517
vn 0.3969 -0.1805 0.8999
vn 0.5910 0.2307 0.7730
vn 0.4680 -0.0327 0.8831
vn 0.5072 0.5758 0.6412
vn 0.4837 0.7168 0.5022
vn 0.7548 0.3682 0.5428
vn -0.4884 0.5426 -0.6834
vn -0.2873 0.6895 -0.6648
vn -0.9982 0.0032 0.0595
vn -0.7744 -0.0949 -0.6255
vn -0.9284 -0.0581 -0.3671
vn -0.9651 -0.2399 0.1046
vn -0.9410 0.3338 0.0562
vn -0.9556 -0.0567 -0.2891
vn 0.6433 0.3680 -0.6714
vn -0.7284 0.0551 0.6830
vn -0.7780 -0.1208 0.6166
vn -0.5742 -0.1266 0.8089
vn 0.4558 0.5256 -0.7183
vn 0.1660 -0.4349 0.8851
vn 0.4321 -0.2856 0.8554
vn -0.9898 -0.0647 0.1268
vn -0.9555 0.2568 0.1450
vn -0.8814 0.4702 -0.0461
vn -0.8901 0.4133 -0.1921
vn -0.9787 0.2027 -0.0320
vn -0.8808 0.4735 -0.0077
vn -0.8562 0.3205 0.4053
vn -0.3881 0.1303 0.9123
vn 0.0720 -0.0308 0.9969
vn -0.3145 0.1951 0.9290
vn -0.9847 -0.1615 -0.0660
vn -0.9139 0.1250 -0.3861
vn -0.9766 -0.0828 -0.1987
vn -0.8547 -0.1375 -0.5006
vn -0.7683 0.5907 0.2466
vn 0.9648 0.1196 0.2344
vn 0.9809 -0.1091 -0.1611
vn 0.9784 0.0291 -0.2047
vn -0.7009 0.1265 0.7019
vn -0.5874 0.2109 0.7813
vn 0.8843 -0.0549 -0.4636
vn 0.0864 0.0384 0.9955
vn 0.4479 0.1358 0.8837
vn -0.2367 0.1781 -0.9551
vn 0.0985 0.2198 -0.9706
vn -0.2014 -0.0527 -0.9781
vn 0.1282 -0.0756 -0.9889
vn -0.9998 -0.0051 0.0202
vn 0.6410 0.7285 -0.2414
vn 0.7673 0.3523 -0.5358
vn 0.9711 0.1525 -0.1838
vn 0.9652 0.2328 0.1195
vn 0.7751 0.2022 0.5986
vn 0.5031 0.6056 0.6166
vn 0.0721 -0.9586 0.2755
vn 0.1965 -0.9661 0.1676
vn 0.2475 -0.5112 0.8230
vn 0.0029 -0.9988 -0.0499
vn -0.0626 -0.9957 -0.0684
vn -0.0230 -0.9996 -0.0181
vn 0.8827 -0.3597 0.3025
vn 0.4997 -0.7616 0.4125
vn 0.0345 -0.9987 -0.0383
vn -0.0169 -0.9994 0.0315
vn -0.0398 -0.9880 -0.1491
vn 0.1426 -0.6621 -0.7358
vn 0.0735 -0.8649 -0.4966
vn -0.0783 -0.9969 -0.0026
vn -0.4114 -0.6684 -0.6197
vn -0.3103 -0.9443 -0.1092
vn -0.7906 -0.4107 -0.4542
vn 0.0317 -0.9990 0.0328
vn 0.4763 -0.8605 0.1808
vn 0.7745 -0.3399 0.5335
vn -0.0252 -0.9987 -0.0437
vn 0.4896 -0.8539 0.1763
vn -0.1618 -0.9598 -0.2294
vn -0.6473 -0.1056 0.7548
vn -0.6063 -0.5148 0.6061
vn -0.3363 -0.9417 0.0126
vn -0.9602 -0.1741 0.2182
vn -0.6931 -0.5629 0.4503
vn -0.8696 -0.0102 0.4936
vn -0.4974 -0.1174 0.8595
vn -0.1954 0.1262 0.9726
vn -0.6646 0.0761 0.7433
vn -0.9374 0.2910 0.1914
vn -0.8132 0.3379 0.4739
vn -0.6752 0.2386 0.6980
vn -0.2488 0.0791 0.9653
vn -0.2988 -0.0805 0.9509
vn -0.5159 0.0850 0.8524
vn -0.8084 -0.0064 0.5886
vn -0.7013 0.0990 0.7059
vn -0.8322 0.0735 0.5495
vn 0.0010 0.0410 0.9992
vn -0.0981 0.1599 0.9823
vn -0.9176 -0.0965 0.3856
vn -0.9649 -0.0053 0.2624
vn -0.1438 0.0564 0.9880
vn -0.1580 0.0406 0.9866
vn -0.7566 -0.1966 0.6236
vn -0.2270 -0.0327 0.9733
vn -0.6075 0.5548 0.5684
vn -0.3843 0.6930 0.6100
vn -0.0838 0.7259 0.6827
vn -0.4166 0.8782 0.2350
vn 0.6507 0.7133 -0.2604
vn 0.3569 0.9323 -0.0588
vn 0.7943 0.5661 -0.2206
vn 0.6865 0.7112 -0.1518
vn 0.9176 0.3943 0.0506
vn 0.0151 0.6364 -0.7712
vn 0.1953 0.8563 -0.4781
vn 0.3459 0.4708 -0.8116
vn 0.2596 0.6646 -0.7007
vn 0.3735 0.6076 -0.7009
vn -0.9684 0.1513 -0.1984
vn -0.7853 0.6130 0.0870
vn 0.4078 0.4876 0.7720
vn 0.4236 0.4028 0.8114
vn 0.2390 0.4175 0.8767
vn 0.1648 0.4224 0.8913
vn 0.9870 0.0672 -0.1458
vn 0.9257 -0.2712 0.2638
vn 0.8442 0.3938 -0.3636
vn 0.7820 0.0899 -0.6168
vn 0.9321 0.1914 -0.3074
vn 0.5126 0.4667 -0.7207
vn 0.0611 0.1566 -0.9858
vn 0.1880 -0.0394 -0.9814
vn 0.1503 -0.0093 -0.9886
vn -0.0061 0.0701 -0.9975
vn -0.0466 0.0629 -0.9969
vn 0.1378 0.1546 -0.9783
vn 0.4839 -0.0667 -0.8726
vn 0.5302 0.0803 -0.8441
vn -0.8547 -0.0010 0.5191
vn -0.8137 -0.0216 0.5809
vn 0.7811 -0.1195 -0.6129
vn 0.6518 -0.1312 -0.7470
vn 0.2852 -0.0963 -0.9536
vn 0.3059 -0.0642 -0.9499
vn 0.8732 -0.2540 -0.4160
vn -0.9476 0.3146 0.0550
vn -0.9208 0.3384 0.1941
vn -0.9465 0.2123 -0.2429
vn -0.9340 -0.1100 -0.3398
vn -0.9327 0.2918 -0.2118
vn 0.9500 0.0643 0.3055
vn 0.9688 0.0846 0.2330
vn -0.7587 0.6056 0.2398
vn 0.1863 0.9010 -0.3919
vn 0.4314 0.4140 -0.8016
vn 0.7210 0.5149 -0.4638
vn 0.3660 0.8620 -0.3507
vn 0.8097 0.5457 -0.2157
vn 0.6117 0.7765 -0.1509
vn 0.3201 0.9471 -0.0244
vn 0.1991 0.9447 -0.2606
vn 0.3327 0.7291 -0.5981
vn 0.4448 0.3900 -0.8063
vn 0.6869 -0.1703 -0.7065
vn 0.7060 -0.6524 -0.2755
vn 0.6113 -0.7446 -0.2681
vn 0.8361 -0.0860 -0.5418
vn -0.1245 0.0779 -0.9892
vn 0.6581 -0.1395 0.7399
vn -0.8876 0.1885 -0.4202
vn 0.4885 0.2238 0.8434
vn -0.7183 -0.1347 -0.6826
vn -0.8199 0.0694 -0.5682
vn -0.4840 -0.1741 -0.8576
vn 0.8198 0.2133 -0.5315
vn 0.6450 0.2047 -0.7363
vn -0.5136 0.0516 0.8565
vn -0.1940 0.3720 0.9077
vn 0.3461 0.0307 0.9377
vn 0.1536 0.5901 0.7926
vn 0.6041 0.0783 0.7931
vn 0.7648 0.5332 -0.3616
vn 0.8385 0.0400 -0.5434
vn -0.2363 0.4561 0.8580
vn -0.6087 -0.3491 0.7125
vn -0.0564 -0.8749 0.4811
vn -0.0098 -0.1148 0.9933
vn 0.1684 -0.7487 0.6412
vn 0.0318 -0.9986 -0.0424
vn -0.0128 -0.9697 0.2440
vn 0.2195 -0.2786 0.9350
vn 0.6507 -0.5530 0.5203
vn -0.9272 -0.0779 -0.3663
vn -0.9194 0.0879 -0.3835
vn -0.9294 0.0468 -0.3660
vn -0.7224 -0.0333 -0.6907
vn -0.9952 0.0866 0.0467
vn -0.8187 0.2156 0.5322
vn 0.1751 -0.0168 0.9844
vn -0.5479 0.0754 0.8331
vn 0.6468 -0.0168 0.7625
vn 0.4943 -0.1988 0.8462
vn -0.7199 -0.0207 0.6938
vn -0.7838 -0.0331 -0.6201
vn -0.9350 -0.2535 0.2478
vn -0.9859 -0.1641 -0.0335
vn -0.8084 -0.3985 0.4333
vn -0.3084 -0.3365 0.8897
vn 0.1118 0.0695 0.9913
vn -0.7849 -0.1531 0.6004
vn -0.9368 -0.1619 -0.3102
vn -0.9343 -0.1512 0.3228
vn 0.2516 -0.3579 0.8992
vn 0.5838 -0.5220 0.6218
vn 0.8212 -0.4320 0.3727
vn -0.9263 -0.0085 0.3768
vn 0.6392 0.6759 -0.3668
vn 0.2428 -0.5595 0.7925
vn 0.4761 0.0449 -0.8783
vn 0.8268 0.4865 -0.2825
vn 0.8551 0.3890 -0.3428
vn -0.8124 0.1373 0.5667
vn -0.9681 -0.1256 -0.2167
vn -0.8826 0.1006 -0.4592
vn -0.9773 -0.0962 0.1887
vn 0.9675 -0.0027 -0.2529
vn 0.9063 -0.1410 -0.3983
vn 0.9322 -0.1250 -0.3395
vn 0.8227 -0.0743 -0.5636
vn -0.5655 -0.1357 -0.8135
vn -0.4006 0.0119 -0.9162
vn -0.5032 0.0705 -0.8613
vn -0.3841 -0.1271 -0.9145
vn 0.1663 -0.9664 -0.1958
vn 0.0389 -0.9991 -0.0169
vn 0.0788 -0.9518 -0.2963
vn 0.0604 -0.9965 -0.0583
vn 0.0316 -0.9689 -0.2456
vn 0.2218 -0.5441 -0.8092
vn 0.5311 -0.6758 -0.5110
vn 0.6373 -0.6369 -0.4338
vn 0.6725 -0.7401 -0.0044
vn -0.0374 -0.9992 -0.0171
vn 0.3433 -0.9383 0.0422
vn 0.9716 -0.2156 0.0970
vn 0.1531 -0.9626 -0.2234
vn 0.6812 -0.5465 -0.4871
vn 0.6009 -0.6499 0.4653
vn -0.0542 -0.9914 0.1193
vn 0.1791 -0.9818 0.0630
vn 0.2980 -0.9458 -0.1288
vn 0.8196 -0.4023 -0.4080
vn 0.1744 -0.9800 -0.0955
vn 0.8098 -0.5115 -0.2875
vn 0.2232 -0.6641 -0.7135
vn -0.2518 0.1788 0.9511
vn 0.1986 0.0084 0.9800
vn 0.6115 0.0998 0.7849
vn 0.3175 -0.0276 0.9479
vn 0.9036 0.0132 0.4283
vn 0.7184 0.3368 0.6087
vn 0.7027 -0.3313 0.6296
vn 0.8212 0.2508 0.5126
vn 0.9739 0.1084 0.1993
vn 0.6490 0.0843 0.7561
vn 0.7381 0.3323 0.5872
vn 0.7059 -0.0760 0.7043
vn 0.0478 -0.0891 -0.9949
vn 0.3813 -0.1420 -0.9135
vn 0.4010 -0.0103 -0.9160
vn 0.8112 -0.4471 -0.3769
vn -0.1660 -0.0910 0.9819
vn 0.4352 -0.1468 0.8883
vn 0.1519 -0.0850 -0.9847
vn -0.1007 0.0175 -0.9948
vn 0.4371 0.0454 -0.8983
vn 0.5401 0.0375 -0.8408
vn 0.5114 0.0528 -0.8577
vn 0.0127 0.9999 0.0044
vn -0.6341 0.6976 0.3335
vn -0.3565 0.6842 0.6362
vn 0.0374 0.9984 -0.0418
vn -0.1101 0.8661 0.4875
vn 0.0131 0.8783 -0.4780
vn 0.5329 0.7130 -0.4557
vn 0.4376 0.7244 -0.5327
vn -0.5467 0.8037 0.2349
vn 0.0404 0.9976 0.0560
vn -0.8012 -0.4498 0.3947
vn -0.3267 -0.9297 0.1700
vn -0.6635 -0.3336 0.6697
vn -0.7466 -0.6614 0.0711
vn -0.4330 -0.8442 0.3160
vn -0.0439 -0.9985 0.0336
vn -0.9424 -0.2774 -0.1867
vn -0.4137 -0.9104 -0.0031
vn -0.6118 -0.3914 0.6874
vn -0.3271 -0.8983 -0.2932
vn -0.0660 -0.9978 -0.0032
vn 0.3242 -0.9450 -0.0431
vn 0.1183 -0.9895 -0.0834
vn 0.3003 -0.6063 -0.7364
vn 0.2817 -0.9530 -0.1118
vn 0.7428 -0.4061 -0.5323
vn 0.8369 -0.5143 -0.1875
vn -0.3405 -0.6377 0.6909
vn 0.5885 0.1576 -0.7930
vn 0.9242 0.0009 0.3819
vn 0.9865 0.1625 0.0184
vn 0.9145 -0.0714 0.3982
vn -0.9225 0.0731 -0.3790
vn -0.8137 0.1504 -0.5615
vn -0.5375 -0.0868 -0.8388
vn -0.0903 0.0826 -0.9925
vn -0.0786 -0.1599 -0.9840
vn 0.9956 -0.0177 0.0919
vn 0.9784 -0.0145 -0.2062
vn 0.9681 0.2156 -0.1275
vn 0.9187 0.1714 -0.3559
vn 0.9772 0.0905 -0.1920
vn 0.9260 -0.0773 -0.3696
vn 0.7371 -0.1196 -0.6651
vn 0.7182 0.1188 -0.6856
vn 0.2094 -0.0761 -0.9749
vn 0.0985 0.1615 -0.9819
vn 0.1477 0.0002 -0.9890
vn 0.3891 0.3207 -0.8635
vn 0.4933 0.6978 -0.5193
vn 0.5880 -0.0064 -0.8089
vn 0.7235 0.3108 -0.6164
vn 0.6258 0.6749 -0.3909
vn 0.7039 0.7103 -0.0027
vn 0.4597 0.8880 -0.0077
vn 0.9864 0.0121 0.1641
vn 0.9931 -0.0732 0.0919
vn 0.8633 0.0647 -0.5006
vn 0.8314 -0.0304 -0.5548
vn 0.9350 0.2845 0.2119
vn 0.7330 0.3004 0.6103
vn 0.7250 0.2143 -0.6546
vn -0.4147 0.1809 -0.8918
vn -0.2540 0.2968 -0.9205
vn -0.1870 0.6730 -0.7156
vn 0.9311 -0.3417 0.1281
vn 0.9685 -0.0563 0.2426
vn 0.8853 0.0954 0.4550
vn -0.9817 -0.1632 0.0984
vn -0.9452 -0.0298 0.3250
vn 0.8846 -0.0609 -0.4624
vn -0.7359 0.0377 -0.6760
vn -0.2625 0.0761 -0.9619
vn -0.4050 0.0646 -0.9120
vn -0.7490 0.0086 0.6625
vn -0.1434 -0.0316 0.9892
vn 0.6740 -0.1219 0.7286
vn -0.6784 0.7045 0.2085
vn -0.6885 0.6151 -0.3842
vn -0.5351 0.8239 -0.1868
vn -0.6199 0.6534 -0.4345
vn 0.8434 -0.5305 -0.0848
vn -0.6840 0.3251 -0.6530
vn 0.6463 0.1923 -0.7385
vn 0.8878 0.4535 -0.0785
vn -0.5060 0.7642 0.4000
vn 0.2443 0.8331 0.4963
vn -0.1279 0.9601 0.2486
vn -0.4774 0.6384 0.6038
vn -0.0468 0.8715 -0.4881
vn 0.1247 0.8027 -0.5832
vn 0.1042 0.8015 -0.5888
vn 0.2815 0.8587 -0.4281
vn 0.4020 0.2376 -0.8843
vn 0.4048 0.8323 -0.3788
vn 0.6753 0.3736 -0.6359
vn -0.3558 0.0132 -0.9345
vn -0.6944 -0.0019 -0.7196
vn -0.8668 -0.1622 0.4715
vn -0.8702 0.0080 0.4927
vn -0.8799 -0.0093 0.4751
vn 0.7060 -0.0468 -0.7066
vn -0.9355 0.0471 -0.3502
vn -0.1815 -0.0161 0.9833
vn 0.0129 -0.0399 -0.9991
vn 0.1756 -0.0332 -0.9839
vn 0.3784 0.0785 -0.9223
vn 0.1425 -0.1687 -0.9753
vn 0.5501 0.7989 0.2432
vn -0.5081 0.4030 -0.7612
vn 0.3683 -0.1932 0.9094
vn -0.6390 -0.0363 0.7683
vn -0.4420 0.1461 -0.8851
vn 0.7116 -0.0299 0.7020
vn 0.7129 -0.0953 -0.6947
vn 0.5279 -0.0203 -0.8491
vn -0.9139 -0.3736 0.1591
vn -0.8109 -0.1913 -0.5530
vn -0.9805 0.0091 -0.1965
vn -0.8861 0.3302 -0.3252
vn -0.5295 0.0794 -0.8446
vn -0.3878 -0.2723 -0.8806
vn -0.6857 -0.1274 -0.7166
vn 0.4388 0.1085 -0.8920
vn 0.7153 0.6666 0.2100
vn 0.2995 0.9349 0.1905
vn 0.5642 0.7539 0.3368
vn -0.0534 0.9463 0.3188
vn -0.0738 0.7493 0.6580
vn 0.3197 0.8002 0.5075
vn -0.0107 0.6539 0.7565
vn 0.0197 0.9323 0.3612
vn -0.0975 0.7241 0.6828
vn -0.2094 0.8647 0.4566
vn 0.1396 0.9426 0.3032
vn 0.3283 0.8720 0.3630
vn 0.4030 0.7814 0.4765
vn 0.2475 0.9419 0.2272
vn -0.4089 0.4482 0.7950
vn -0.1951 0.2194 0.9559
vn -0.2536 0.0702 0.9648
vn -0.7008 0.0349 -0.7125
vn -0.4086 0.0673 -0.9102
vn -0.8852 -0.0740 -0.4593
vn 0.9316 0.3628 -0.0196
vn 0.6767 -0.0277 -0.7358
vn -0.5888 0.1821 -0.7875
vn -0.7738 0.2811 -0.5676
vn 0.9326 -0.0735 0.3532
vn 0.8319 -0.1516 0.5338
vn 0.8296 -0.0530 0.5558
vn 0.9089 0.2312 0.3470
vn 0.0581 -0.9982 -0.0176
vn 0.2746 -0.9614 0.0156
vn 0.4777 0.0441 -0.8774
vn 0.5073 -0.1333 -0.8514
vn 0.7715 0.4523 0.4474
vn 0.0486 -0.4313 -0.9009
vn 0.3992 -0.2532 -0.8812
vn 0.5040 0.8468 0.1700
vn 0.6589 -0.6438 0.3891
vn 0.1357 -0.9820 0.1316
vn -0.1022 -0.9948 0.0015
vn -0.1181 -0.9904 -0.0715
vn 0.2914 -0.9493 0.1179
vn -0.2118 -0.9709 -0.1115
vn -0.1910 -0.9750 -0.1140
vn -0.0729 -0.9953 -0.0638
vn -0.3622 -0.9025 -0.2330
vn -0.0114 -0.9993 -0.0343
vn 0.0186 -0.9981 -0.0581
vn 0.1215 -0.9532 0.2768
vn 0.0168 -0.9995 0.0273
vn 0.0084 -0.9961 -0.0881
vn -0.0297 -0.9955 -0.0896
vn -0.5706 -0.2338 -0.7873
vn -0.3530 -0.6539 -0.6692
vn 0.0401 -0.9991 -0.0134
vn 0.9449 -0.1270 -0.3018
vn 0.5679 0.0167 -0.8230
vn -0.9630 0.2438 0.1147
vn 0.1749 0.0495 -0.9833
vn 0.5660 0.0133 -0.8243
vn 0.7276 0.4744 0.4955
vn -0.1864 0.2702 -0.9446
vn -0.6778 0.0981 -0.7287
vn 0.6714 0.0759 0.7372
vn 0.6862 -0.0534 0.7254
vn -0.6401 -0.0298 0.7677
vn -0.5972 0.1183 -0.7933
vn -0.4808 0.0975 -0.8714
vn -0.5059 0.1785 0.8439
vn -0.7944 0.6008 0.0889
vn -0.9420 0.1430 0.3037
vn 0.0003 0.9711 -0.2385
vn -0.0394 0.9976 -0.0577
vn 0.0165 0.8954 0.4450
vn 0.3499 0.6939 0.6294
vn 0.2937 0.9526 0.0788
vn 0.7517 0.5038 0.4256
vn -0.5938 0.6948 -0.4059
vn -0.4425 0.8162 -0.3716
vn -0.2242 0.9744 -0.0150
vn 0.5756 0.7927 0.2005
vn 0.0537 -0.9412 -0.3336
vn -0.4220 -0.4059 -0.8107
vn 0.0933 -0.2050 -0.9743
vn 0.0158 -0.9995 0.0265
vn -0.1007 -0.9840 0.1469
vn 0.3218 0.5005 0.8037
vn 0.4948 -0.3154 -0.8098
vn 0.5393 0.0326 -0.8415
vn 0.9856 0.0467 -0.1624
vn 0.7028 -0.6355 -0.3197
vn 0.6732 -0.6625 -0.3286
vn -0.4581 0.8750 -0.1563
vn -0.5609 0.7966 -0.2254
vn -0.6340 -0.0228 -0.7730
vn -0.5244 0.0162 -0.8513
vn 0.3819 0.4962 0.7797
vn 0.9522 0.2663 0.1499
vn -0.4749 0.0848 0.8759
vn 0.1079 -0.0519 0.9928
vn 0.1040 0.0435 0.9936
vn 0.5413 0.0488 0.8394
vn 0.4663 -0.2364 -0.8524
vn 0.6122 -0.0748 -0.7871
vn -0.0768 0.9180 -0.3891
vn -0.1883 -0.4746 -0.8598
vn -0.1809 -0.5524 -0.8137
vn 0.4480 -0.4608 -0.7661
vn -0.2943 -0.4982 -0.8156
vn 0.2754 -0.9236 -0.2669
vn -0.6655 -0.1045 -0.7391
vn 0.6195 0.3247 0.7147
vn 0.3368 0.8214 0.4603
vn 0.6432 0.6918 0.3282
vn 0.8122 0.3480 0.4682
vn 0.9437 0.2389 0.2288
vn 0.8852 0.1545 -0.4389
vn -0.3367 -0.9414 0.0210
vn -0.2798 -0.8971 0.3421
vn 0.0194 -0.9991 0.0374
vn -0.6201 -0.7439 -0.2491
vn 0.4087 0.2866 -0.8665
vn -0.2596 0.1017 -0.9603
vn -0.4702 0.8130 -0.3434
vn -0.2161 0.7936 -0.5687
vn 0.1282 -0.9917 -0.0115
vn 0.0681 -0.9638 0.2578
vn -0.1726 -0.9806 -0.0933
vn -0.3945 0.0212 -0.9186
vn -0.6994 0.6689 -0.2517
vn -0.6157 0.7555 -0.2240
vn 0.0476 0.9977 0.0479
vn 0.7254 0.6555 0.2098
vn -0.5550 0.7736 -0.3058
vn 0.1526 0.9614 0.2291
vn -0.8882 0.0487 0.4569
vn 0.2388 0.9696 0.0525
vn -0.1331 0.9899 0.0498
vn -0.2078 0.9759 0.0662
vn -0.0893 0.9907 0.1031
vn 0.0468 -0.9324 -0.3583
vt 0.239004 0.121027
vt 0.219828 0.117141
vt 0.220596 0.107788
vt 0.222797 0.091288
vt 0.410339 0.906934
vt 0.388396 0.937965
vt 0.393742 0.912536
vt 0.399469 0.960110
vt 0.375272 0.928674
vt 0.654535 0.583257
vt 0.680929 0.585201
vt 0.663091 0.612543
vt 0.667461 0.577231
vt 0.429772 0.584126
vt 0.402973 0.603729
vt 0.385906 0.571768
vt 0.539323 0.673266
vt 0.532079 0.630639
vt 0.556069 0.627372
vt 0.500766 0.669824
vt 0.510175 0.649092
vt 0.852867 0.286811
vt 0.841138 0.252120
vt 0.879984 0.256694
vt 0.445096 0.893643
vt 0.431019 0.918405
vt 0.665341 0.682092
vt 0.660632 0.701995
vt 0.633057 0.698351
vt 0.873636 0.219825
vt 0.872421 0.197217
vt 0.897044 0.210727
vt 0.892444 0.192421
vt 0.876797 0.170752
vt 0.741333 0.613644
vt 0.711301 0.646445
vt 0.724615 0.600886
vt 0.629298 0.822669
vt 0.666095 0.843794
vt 0.622613 0.851446
vt 0.481875 0.848670
vt 0.486646 0.878132
vt 0.456442 0.868624
vt 0.622399 0.752772
vt 0.601414 0.784156
vt 0.587414 0.780676
vt 0.589849 0.751248
vt 0.602646 0.733215
vt 0.468188 0.784726
vt 0.484315 0.756302
vt 0.493346 0.767776
vt 0.482691 0.794890
vt 0.091830 0.536861
vt 0.059355 0.528206
vt 0.071657 0.514632
vt 0.421370 0.260911
vt 0.442730 0.285191
vt 0.426752 0.286132
vt 0.468051 0.298034
vt 0.428425 0.308771
vt 0.455293 0.321139
vt 0.495547 0.324795
vt 0.509609 0.290602
vt 0.534968 0.291227
vt 0.525947 0.324795
vt 0.371866 0.173568
vt 0.381676 0.126712
vt 0.392788 0.134709
vt 0.744952 0.819216
vt 0.732922 0.827747
vt 0.745438 0.784691
vt 0.412136 0.090060
vt 0.189111 0.736472
vt 0.187488 0.702514
vt 0.218474 0.699986
vt 0.889412 0.486169
vt 0.910020 0.483047
vt 0.903940 0.502795
vt 0.561988 0.780755
vt 0.574637 0.792023
vt 0.561988 0.803819
vt 0.883116 0.508782
vt 0.666236 0.417940
vt 0.679800 0.432383
vt 0.672082 0.454089
vt 0.648697 0.427922
vt 0.649143 0.463881
vt 0.617251 0.451867
vt 0.038384 0.702123
vt 0.038006 0.684445
vt 0.055888 0.686844
vt 0.178753 0.843406
vt 0.167583 0.834738
vt 0.178753 0.815197
vt 0.080586 0.409607
vt 0.101122 0.449682
vt 0.069841 0.429480
vt 0.809811 0.725702
vt 0.784884 0.699746
vt 0.814069 0.686822
vt 0.811747 0.828272
vt 0.785314 0.807497
vt 0.821683 0.794827
vt 0.834745 0.680373
vt 0.831985 0.657280
vt 0.847672 0.671000
vt 0.125057 0.861349
vt 0.106513 0.865088
vt 0.105007 0.842071
vt 0.112447 0.807830
vt 0.090302 0.831971
vt 0.102394 0.417431
vt 0.095757 0.369929
vt 0.354577 0.680343
vt 0.343517 0.658320
vt 0.355285 0.655095
vt 0.104903 0.321810
vt 0.129308 0.324956
vt 0.101300 0.332415
vt 0.136166 0.310434
vt 0.090967 0.304302
vt 0.055575 0.299280
vt 0.066721 0.286807
vt 0.097081 0.291553
vt 0.054651 0.274530
vt 0.082157 0.247228
vt 0.703172 0.784000
vt 0.722048 0.811377
vt 0.705040 0.807605
vt 0.715554 0.778547
vt 0.066648 0.042539
vt 0.073884 0.059796
vt 0.060726 0.051772
vt 0.429953 0.973888
vt 0.405501 0.971849
vt 0.431804 0.951796
vt 0.084000 0.030910
vt 0.477937 0.945667
vt 0.500766 0.965593
vt 0.469864 0.971201
vt 0.870979 0.083007
vt 0.857472 0.092784
vt 0.852552 0.080898
vt 0.710998 0.725122
vt 0.723531 0.747427
vt 0.684825 0.754534
vt 0.041653 0.051714
vt 0.619685 0.505419
vt 0.641498 0.524720
vt 0.625092 0.539351
vt 0.601783 0.526904
vt 0.679728 0.523187
vt 0.671673 0.543715
vt 0.650371 0.529403
vt 0.453222 0.708338
vt 0.466318 0.689633
vt 0.484821 0.705546
vt 0.483890 0.725910
vt 0.342831 0.123643
vt 0.351873 0.106154
vt 0.182630 0.376509
vt 0.177699 0.398094
vt 0.177699 0.342385
vt 0.818948 0.640806
vt 0.814096 0.624613
vt 0.816517 0.607475
vt 0.790297 0.624915
vt 0.805124 0.645105
vt 0.367723 0.075677
vt 0.383865 0.076562
vt 0.057745 0.730744
vt 0.236184 0.680721
vt 0.241824 0.646288
vt 0.265922 0.662158
vt 0.259820 0.683724
vt 0.984055 0.481028
vt 0.960431 0.469315
vt 0.985795 0.469256
vt 0.530755 0.736287
vt 0.500766 0.729231
vt 0.516675 0.721503
vt 0.526521 0.712707
vt 0.504556 0.759931
vt 0.518555 0.753208
vt 0.937316 0.498542
vt 0.943706 0.465025
vt 0.926653 0.468471
vt 0.866986 0.761949
vt 0.846200 0.760921
vt 0.865318 0.727174
vt 0.850494 0.792375
vt 0.876568 0.766542
vt 0.864188 0.812555
vt 0.285423 0.529296
vt 0.308161 0.515453
vt 0.336869 0.526026
vt 0.285099 0.423850
vt 0.288485 0.455178
vt 0.253637 0.445567
vt 0.252207 0.428408
vt 0.270389 0.477842
vt 0.257585 0.368241
vt 0.245978 0.345644
vt 0.288942 0.364199
vt 0.279573 0.397268
vt 0.245561 0.382277
vt 0.257623 0.398716
vt 0.041089 0.584139
vt 0.017701 0.602980
vt 0.030218 0.565234
vt 0.479020 0.915463
vt 0.458147 0.912310
vt 0.643179 0.737965
vt 0.722411 0.217591
vt 0.691509 0.233503
vt 0.695198 0.200969
vt 0.918452 0.221063
vt 0.753946 0.209024
vt 0.743641 0.231762
vt 0.725824 0.207726
vt 0.769319 0.209183
vt 0.908390 0.259432
vt 0.591552 0.700698
vt 0.622361 0.724641
vt 0.589379 0.657629
vt 0.611264 0.646655
vt 0.608031 0.663752
vt 0.487083 0.628273
vt 0.475275 0.634538
vt 0.486485 0.607898
vt 0.491904 0.642275
vt 0.795029 0.839370
vt 0.800390 0.867993
vt 0.779559 0.859707
vt 0.468527 0.590742
vt 0.485076 0.564691
vt 0.489725 0.595018
vt 0.540195 0.578714
vt 0.535254 0.599071
vt 0.513841 0.587129
vt 0.936821 0.324796
vt 0.918338 0.306590
vt 0.943700 0.303265
vt 0.938250 0.274649
vt 0.932208 0.263343
vt 0.187407 0.796115
vt 0.179373 0.767854
vt 0.201615 0.773168
vt 0.457216 0.273823
vt 0.479792 0.288429
vt 0.761500 0.141502
vt 0.750100 0.165783
vt 0.751230 0.135963
vt 0.767918 0.165001
vt 0.209478 0.661409
vt 0.243756 0.719583
vt 0.542449 0.769991
vt 0.521046 0.778970
vt 0.821205 0.780155
vt 0.781033 0.780060
vt 0.807747 0.745493
vt 0.833112 0.001578
vt 0.861899 0.001485
vt 0.852082 0.019886
vt 0.815721 0.658426
vt 0.091299 0.856093
vt 0.067921 0.834884
vt 0.087640 0.805181
vt 0.278933 0.630488
vt 0.296162 0.674230
vt 0.779076 0.049965
vt 0.750561 0.068533
vt 0.762579 0.021380
vt 0.781857 0.080042
vt 0.768967 0.072703
vt 0.584485 0.366646
vt 0.603620 0.341610
vt 0.598945 0.395352
vt 0.666122 0.359743
vt 0.699864 0.374440
vt 0.684960 0.390039
vt 0.319220 0.642529
vt 0.308794 0.688423
vt 0.322907 0.715088
vt 0.282854 0.699414
vt 0.298961 0.735734
vt 0.779762 0.013994
vt 0.575997 0.331531
vt 0.136178 0.691810
vt 0.118764 0.662018
vt 0.142247 0.659909
vt 0.627370 0.372088
vt 0.642792 0.346087
vt 0.757636 0.339195
vt 0.742454 0.359024
vt 0.732183 0.332418
vt 0.698507 0.352540
vt 0.711301 0.344595
vt 0.728023 0.525287
vt 0.732100 0.488142
vt 0.754706 0.509848
vt 0.749861 0.490173
vt 0.327741 0.667749
vt 0.005033 0.354575
vt 0.015146 0.363649
vt 0.000000 0.394089
vt 0.966112 0.384136
vt 1.000000 0.383232
vt 0.980268 0.418123
vt 0.942485 0.392212
vt 0.895156 0.393547
vt 0.934093 0.373017
vt 0.223665 0.314404
vt 0.251201 0.311683
vt 0.253627 0.324480
vt 0.211722 0.297860
vt 0.237842 0.277888
vt 0.265713 0.273084
vt 0.265279 0.315384
vt 0.273780 0.290847
vt 0.175264 0.262797
vt 0.136082 0.284822
vt 0.134775 0.252515
vt 0.155027 0.240630
vt 0.180630 0.247844
vt 0.210347 0.251674
vt 0.202616 0.240879
vt 0.218748 0.235501
vt 0.763834 0.311903
vt 0.719869 0.324795
vt 0.705140 0.316951
vt 0.260131 0.241301
vt 0.295417 0.273738
vt 0.302770 0.285283
vt 0.289074 0.241387
vt 0.302289 0.251946
vt 0.245089 0.208574
vt 0.635284 0.620595
vt 0.638163 0.642729
vt 0.620376 0.634792
vt 0.795950 0.315531
vt 0.788496 0.299643
vt 0.589422 0.617559
vt 0.597674 0.633623
vt 0.577373 0.635389
vt 0.609619 0.614327
vt 0.369012 0.679588
vt 0.387636 0.657570
vt 0.351940 0.711474
vt 0.386588 0.712529
vt 0.586000 0.587374
vt 0.606153 0.591130
vt 0.633911 0.586930
vt 0.690724 0.595594
vt 0.418066 0.677357
vt 0.384173 0.681539
vt 0.419281 0.697600
vt 0.392095 0.757432
vt 0.401758 0.735034
vt 0.413799 0.759580
vt 0.414889 0.646670
vt 0.391374 0.636448
vt 0.177052 0.539825
vt 0.148852 0.532449
vt 0.152953 0.496512
vt 0.407159 0.628453
vt 0.441274 0.633694
vt 0.464413 0.733126
vt 0.478533 0.662817
vt 0.489982 0.675520
vt 0.486161 0.687075
vt 0.495751 0.748594
vt 0.497816 0.715020
vt 0.499707 0.660654
vt 0.575803 0.564691
vt 0.575803 0.597625
vt 0.566128 0.582235
vt 0.566694 0.649008
vt 0.575982 0.658971
vt 0.566694 0.671785
vt 0.409032 0.056731
vt 0.391771 0.059886
vt 0.393228 0.045967
vt 0.370208 0.066174
vt 0.629399 0.143500
vt 0.637018 0.127562
vt 0.659678 0.139258
vt 0.666696 0.167743
vt 0.153246 0.574023
vt 0.177052 0.586611
vt 0.163205 0.580064
vt 0.553587 0.320464
vt 0.562675 0.292305
vt 0.574252 0.308694
vt 0.575166 0.274661
vt 0.600341 0.293927
vt 0.178753 0.815197
vt 0.164405 0.806435
vt 0.178753 0.790145
vt 0.166444 0.793301
vt 0.752076 0.088174
vt 0.894054 0.436901
vt 0.905123 0.454908
vt 0.888191 0.466597
vt 0.874536 0.444179
vt 0.820294 0.148090
vt 0.808631 0.126143
vt 0.847263 0.125979
vt 0.833902 0.082455
vt 0.833902 0.121830
vt 0.820856 0.104390
vt 0.809748 0.078090
vt 0.296465 0.562046
vt 0.314254 0.572950
vt 0.275149 0.569094
vt 0.315331 0.543160
vt 0.754203 0.592790
vt 0.783649 0.594005
vt 0.778439 0.609982
vt 0.300955 0.595529
vt 0.279055 0.608246
vt 0.285424 0.547529
vt 0.308769 0.495845
vt 0.272890 0.512164
vt 0.430707 0.786967
vt 0.447151 0.762001
vt 0.445300 0.807917
vt 0.408975 0.806585
vt 0.057714 0.556549
vt 0.063882 0.585641
vt 0.175354 0.492471
vt 0.094089 0.554339
vt 0.098630 0.582805
vt 0.033084 0.543590
vt 0.754203 0.578680
vt 0.735157 0.574424
vt 0.602687 0.828121
vt 0.585710 0.853499
vt 0.634799 0.805542
vt 0.596801 0.806184
vt 0.924700 0.201814
vt 0.925979 0.178991
vt 0.592170 0.815510
vt 0.614291 0.240736
vt 0.598648 0.236831
vt 0.615674 0.218932
vt 0.635842 0.232920
vt 0.617386 0.198721
vt 0.620781 0.181638
vt 0.645398 0.196937
vt 0.650384 0.217461
vt 0.863226 0.426466
vt 0.874139 0.443004
vt 0.862268 0.451887
vt 0.596043 0.256665
vt 0.177052 0.369089
vt 0.168173 0.421545
vt 0.164099 0.394171
vt 0.177052 0.441461
vt 0.115252 0.403334
vt 0.113717 0.776886
vt 0.735028 0.057034
vt 0.910344 0.430134
vt 0.293022 0.759817
vt 0.322092 0.754305
vt 0.303568 0.787208
vt 0.874139 0.424153
vt 0.304879 0.829250
vt 0.328973 0.823530
vt 0.034052 0.407044
vt 0.064151 0.369208
vt 0.857407 0.694737
vt 0.871255 0.681570
vt 0.128827 0.832971
vt 0.150297 0.839683
vt 0.876693 0.653075
vt 0.137041 0.788336
vt 0.721685 0.361444
vt 0.733014 0.374516
vt 0.675427 0.338157
vt 0.354305 0.624197
vt 0.342254 0.609000
vt 0.356358 0.604451
vt 0.526791 0.822611
vt 0.521552 0.835517
vt 0.500767 0.832077
vt 0.154637 0.337821
vt 0.140218 0.332254
vt 0.175624 0.304941
vt 0.177868 0.330278
vt 0.842778 0.627920
vt 0.833901 0.646445
vt 0.818948 0.643650
vt 0.200763 0.329480
vt 0.204539 0.342385
vt 0.217592 0.333684
vt 0.000000 0.597780
vt 0.634860 0.772040
vt 0.675615 0.786578
vt 0.664177 0.758828
vt 0.664416 0.738773
vt 0.576798 0.562708
vt 0.611571 0.572343
vt 0.703305 0.572061
vt 0.695508 0.548863
vt 0.647851 0.566792
vt 0.431351 0.875157
vt 0.419414 0.852088
vt 0.561988 0.836868
vt 0.542641 0.820755
vt 0.561988 0.780755
vt 0.648594 0.510756
vt 0.747833 0.189051
vt 0.776780 0.183766
vt 0.788688 0.217212
vt 0.579686 0.501532
vt 0.594423 0.512714
vt 0.575997 0.536300
vt 0.667523 0.485723
vt 0.700795 0.517844
vt 0.637113 0.491215
vt 0.766633 0.180834
vt 0.597080 0.492418
vt 0.394030 0.860216
vt 0.400358 0.834698
vt 0.701337 0.491106
vt 0.432239 0.819696
vt 0.449882 0.838787
vt 0.586386 0.728794
vt 0.578285 0.699274
vt 0.575997 0.665655
vt 0.182630 0.615389
vt 0.193782 0.595375
vt 0.195824 0.620404
vt 0.610686 0.481260
vt 0.795066 0.166090
vt 0.777565 0.176672
vt 0.663154 0.187824
vt 0.178753 0.790146
vt 0.164013 0.764087
vt 0.178753 0.758415
vt 0.686120 0.474657
vt 0.837819 0.455005
vt 0.071093 0.456968
vt 0.089393 0.468791
vt 0.035053 0.486351
vt 0.088836 0.483708
vt 0.542449 0.715153
vt 0.615747 0.418301
vt 0.761440 0.104713
vt 0.723145 0.102191
vt 0.860654 0.614204
vt 0.842778 0.620381
vt 0.842778 0.580339
vt 0.827396 0.344242
vt 0.816396 0.324835
vt 0.834906 0.324796
vt 0.773920 0.142209
vt 0.796147 0.103965
vt 0.793105 0.137725
vt 0.811836 0.358949
vt 0.837167 0.366128
vt 0.820455 0.385958
vt 0.256590 0.792261
vt 0.230371 0.818222
vt 0.222792 0.789327
vt 0.254661 0.813893
vt 0.245975 0.044963
vt 0.216999 0.048140
vt 0.233388 0.022054
vt 0.268739 0.079868
vt 0.270515 0.049185
vt 0.271016 0.037791
vt 0.291296 0.070016
vt 0.284410 0.048871
vt 0.324426 0.211846
vt 0.300104 0.208215
vt 0.330949 0.190914
vt 0.342254 0.193070
vt 0.315749 0.167900
vt 0.336114 0.175576
vt 0.331535 0.154828
vt 0.310256 0.146773
vt 0.327157 0.138250
vt 0.341600 0.142069
vt 0.313644 0.116866
vt 0.338187 0.130459
vt 0.307149 0.095605
vt 0.324135 0.086276
vt 0.312034 0.079789
vt 0.370950 0.631160
vt 0.505489 0.815743
vt 0.357086 0.637383
vt 0.831794 0.615032
vt 0.556678 0.707463
vt 0.541755 0.712707
vt 0.542240 0.698024
vt 0.522985 0.711977
vt 0.166488 0.843406
vt 0.178753 0.848426
vt 0.166488 0.864848
vt 0.797889 0.261690
vt 0.814273 0.234963
vt 0.815863 0.260948
vt 0.800105 0.219283
vt 0.834757 0.223884
vt 0.813570 0.201326
vt 0.522257 0.701859
vt 0.854105 0.311858
vt 0.813863 0.315929
vt 0.831213 0.305711
vt 0.806087 0.565932
vt 0.784615 0.561274
vt 0.813744 0.532152
vt 0.816679 0.284754
vt 0.113603 0.638365
vt 0.077734 0.638523
vt 0.083076 0.605904
vt 0.791786 0.243394
vt 0.034843 0.522311
vt 0.008443 0.555843
vt 0.019323 0.523325
vt 0.457342 0.611265
vt 0.464091 0.565135
vt 0.513674 0.616394
vt 0.852552 0.074038
vt 0.833902 0.054069
vt 0.849846 0.041158
vt 0.589190 0.481023
vt 0.797037 0.191057
vt 0.040426 0.421122
vt 0.031051 0.449985
vt 0.020364 0.440650
vt 0.047398 0.443792
vt 0.060205 0.437769
vt 0.061573 0.807657
vt 0.821550 0.487239
vt 0.798266 0.504455
vt 0.776787 0.459077
vt 0.795792 0.460888
vt 0.822281 0.441133
vt 0.358013 0.427142
vt 0.342254 0.459671
vt 0.344928 0.412994
vt 0.358146 0.464994
vt 0.367143 0.374045
vt 0.383978 0.391270
vt 0.378891 0.443992
vt 0.376457 0.420181
vt 0.352698 0.491244
vt 0.367912 0.498801
vt 0.352174 0.766237
vt 0.344928 0.756604
vt 0.360542 0.740300
vt 0.349727 0.727153
vt 0.024457 0.236926
vt 0.034807 0.251774
vt 0.022668 0.252160
vt 0.028709 0.224736
vt 0.060733 0.224791
vt 0.350683 0.816071
vt 0.342254 0.807311
vt 0.354110 0.804080
vt 0.353972 0.778111
vt 0.000000 0.199650
vt 0.019606 0.188209
vt 0.006998 0.204513
vt 0.053293 0.176874
vt 0.342695 0.709902
vt 0.093804 0.214234
vt 0.111435 0.236892
vt 0.128258 0.234923
vt 0.085794 0.196730
vt 0.106145 0.209003
vt 0.091457 0.179548
vt 0.698960 0.619000
vt 0.709629 0.632958
vt 0.659267 0.633141
vt 0.295693 0.476606
vt 0.859963 0.191980
vt 0.822080 0.166961
vt 0.882851 0.154747
vt 0.308033 0.344944
vt 0.845505 0.150388
vt 0.862923 0.123868
vt 0.857699 0.239183
vt 0.763642 0.284844
vt 0.739058 0.268808
vt 0.632336 0.671242
vt 0.224445 0.587810
vt 0.262106 0.599072
vt 0.218930 0.615721
vt 0.226534 0.342850
vt 0.217781 0.368856
vt 0.196990 0.342385
vt 0.205778 0.403706
vt 0.202560 0.382637
vt 0.233108 0.412599
vt 0.229701 0.432292
vt 0.204053 0.427654
vt 0.221032 0.568737
vt 0.198800 0.575218
vt 0.218160 0.540318
vt 0.622519 0.276896
vt 0.643187 0.258183
vt 0.204310 0.469343
vt 0.206403 0.495937
vt 0.187056 0.468838
vt 0.375272 0.878275
vt 0.356218 0.863657
vt 0.375272 0.856820
vt 0.189525 0.422353
vt 0.202840 0.450475
vt 0.943700 0.156030
vt 0.940146 0.183528
vt 0.929833 0.149813
vt 0.182630 0.342540
vt 0.193241 0.367315
vt 0.864147 0.401772
vt 0.864316 0.385253
vt 0.080101 0.692032
vt 0.109149 0.683240
vt 0.771597 0.364322
vt 0.566128 0.780755
vt 0.542641 0.757171
vt 0.566128 0.712707
vt 0.793263 0.378166
vt 0.691178 0.415147
vt 0.696969 0.394302
vt 0.177182 0.710160
vt 0.163655 0.675711
vt 0.177182 0.659909
vt 0.959678 0.441380
vt 0.932667 0.444855
vt 0.062098 0.403055
vt 0.140374 0.367910
vt 0.101377 0.363197
vt 0.139627 0.351264
vt 0.711300 0.525287
vt 0.725315 0.525287
vt 0.716012 0.540627
vt 0.797037 0.203519
vt 0.575604 0.815981
vt 0.562169 0.830511
vt 0.562169 0.806248
vt 0.813314 0.176892
vt 0.801869 0.191105
vt 0.850320 0.217551
vt 0.803262 0.035807
vt 0.797037 0.001485
vt 0.821267 0.030890
vt 0.661217 0.865645
vt 0.697524 0.864837
vt 0.029856 0.629877
vt 0.020096 0.639982
vt 0.693919 0.711619
vt 0.654050 0.657067
vt 0.683475 0.663728
vt 0.289038 0.630488
vt 0.261602 0.615391
vt 0.434415 0.725751
vt 0.448703 0.662954
vt 0.891023 0.294480
vt 0.125099 0.537567
vt 0.746212 0.561811
vt 0.720984 0.556709
vt 0.711301 0.541835
vt 0.352535 0.224985
vt 0.352470 0.209113
vt 0.380418 0.214475
vt 0.371480 0.236079
vt 0.399128 0.234867
vt 0.174937 0.343078
vt 0.163182 0.360920
vt 0.149026 0.342385
vt 0.201736 0.753965
vt 0.787953 0.397823
vt 0.153182 0.669010
vt 0.609105 0.329067
vt 0.718929 0.327132
vt 0.874139 0.374254
vt 0.879092 0.403472
vt 0.706686 0.324796
vt 0.860654 0.601714
vt 0.867401 0.580339
vt 0.877210 0.601714
vt 0.654043 0.326467
vt 0.681942 0.325992
vt 0.711301 0.509949
vt 0.717719 0.493142
vt 0.716134 0.467741
vt 0.717113 0.443986
vt 0.731386 0.452829
vt 0.720308 0.399760
vt 0.729176 0.407965
vt 0.813744 0.583052
vt 0.785830 0.572228
vt 0.805515 0.323039
vt 0.803792 0.308644
vt 0.807362 0.284217
vt 0.538744 0.840066
vt 0.526791 0.856455
vt 0.526791 0.835817
vt 0.103619 0.657589
vt 0.078289 0.652178
vt 0.128552 0.657029
vt 0.856314 0.123868
vt 0.852552 0.105086
vt 0.869905 0.105086
vt 0.526791 0.778970
vt 0.539443 0.790770
vt 0.526791 0.812458
vt 0.725834 0.297933
vt 0.701108 0.296224
vt 0.354417 0.774116
vt 0.365103 0.766205
vt 0.373222 0.786963
vt 0.392265 0.805622
vt 0.857841 0.559003
vt 0.838666 0.571107
vt 0.851290 0.530511
vt 0.045085 0.652196
vt 0.057470 0.610849
vt 0.664848 0.822464
vt 0.432440 0.607411
vt 0.844676 0.106117
vt 0.833902 0.123868
vt 0.124233 0.569636
vt 0.118414 0.595196
vt 0.872491 0.060623
vt 0.852552 0.080898
vt 0.852552 0.041158
vt 0.241661 0.524268
vt 0.262829 0.547130
vt 0.396073 0.892041
vt 0.666713 0.217291
vt 0.652403 0.242522
vt 0.613700 0.101184
vt 0.641911 0.092776
vt 0.663025 0.109203
vt 0.217287 0.804238
vt 0.197251 0.799620
vt 0.195537 0.823815
vt 0.907046 0.511818
vt 0.910417 0.520595
vt 0.881529 0.525287
vt 0.856470 0.640430
vt 0.767641 0.748251
vt 0.125258 0.439084
vt 0.743918 0.083426
vt 0.065693 0.795273
vt 0.073970 0.762663
vt 0.315637 0.456119
vt 0.317906 0.435058
vt 0.329075 0.451733
vt 0.800534 0.165300
vt 0.716222 0.860433
vt 0.714421 0.845087
vt 0.703303 0.826603
vt 0.680425 0.815725
vt 0.710426 0.265610
vt 0.706062 0.185730
vt 0.723316 0.183913
vt 0.171192 0.609820
vt 0.147975 0.590478
vt 0.375272 0.835648
vt 0.350354 0.856820
vt 0.350354 0.826251
vt 0.216778 0.521384
vt 0.194777 0.551780
vt 0.195996 0.523586
vt 0.639999 0.068531
vt 0.603882 0.073021
vt 0.613206 0.052784
vt 0.941265 0.199249
vt 0.934977 0.231384
vt 0.860654 0.620402
vt 0.860654 0.602422
vt 0.875243 0.616944
vt 0.342254 0.218341
vt 0.365841 0.250063
vt 0.480550 0.013451
vt 0.476070 0.040576
vt 0.457695 0.014900
vt 0.515181 0.004669
vt 0.504256 0.000000
vt 0.431303 0.034074
vt 0.442804 0.025661
vt 0.438559 0.047167
vt 0.498533 0.610975
vt 0.500767 0.648193
vt 0.462469 0.055830
vt 0.428262 0.067832
vt 0.505781 0.030477
vt 0.535795 0.019693
vt 0.524475 0.046433
vt 0.555525 0.008998
vt 0.571419 0.042271
vt 0.579988 0.024819
vt 0.747142 0.716502
vt 0.749331 0.702236
vt 0.770591 0.680620
vt 0.231274 0.754916
vt 0.219165 0.771418
vt 0.033689 0.477086
vt 0.259288 0.731299
vt 0.973442 0.452816
vt 0.263338 0.843131
vt 0.767535 0.400308
vt 0.710171 0.060318
vt 0.672663 0.069653
vt 0.701153 0.029245
vt 0.726381 0.026520
vt 0.106464 0.714979
vt 0.112728 0.734864
vt 0.134720 0.742483
vt 0.137494 0.717182
vt 0.046044 0.350460
vt 0.241236 0.196277
vt 0.273698 0.213783
vt 0.311232 0.258040
vt 0.320475 0.233842
vt 0.324909 0.248652
vt 0.332456 0.234385
vt 0.787695 0.269257
vt 0.247616 0.472631
vt 0.230597 0.464708
vt 0.901068 0.156469
vt 0.930348 0.240707
vt 0.101340 0.517797
vt 0.092140 0.500036
vt 0.598020 0.043027
vt 0.594104 0.025818
vt 0.942975 0.248460
vt 0.110295 0.127994
vt 0.083777 0.150006
vt 0.100313 0.123491
vt 0.079585 0.112672
vt 0.119360 0.106211
vt 0.023377 0.111665
vt 0.009614 0.107723
vt 0.035363 0.085979
vt 0.044733 0.093012
vt 0.087743 0.081611
vt 0.044294 0.064285
vt 0.870979 0.104505
vt 0.732922 0.755581
vt 0.715934 0.762444
vt 0.104534 0.056563
vt 0.130854 0.082720
vt 0.575982 0.646615
vt 0.567078 0.649008
vt 0.567078 0.623018
vt 0.148939 0.484225
vt 0.141173 0.505494
vt 0.141173 0.478385
vt 0.133423 0.045708
vt 0.174099 0.069187
vt 0.114544 0.035304
vt 0.719323 0.700304
vt 0.730064 0.704940
vt 0.107867 0.022341
vt 0.151969 0.034281
vt 0.575553 0.690206
vt 0.575553 0.709272
vt 0.566563 0.699608
vt 0.783994 0.544340
vt 0.771719 0.544956
vt 0.771719 0.527634
vt 0.857841 0.580340
vt 0.016237 0.659909
vt 0.499172 0.928617
vt 0.759452 0.580951
vt 0.773842 0.572202
vt 0.269579 0.410238
vt 0.249447 0.576253
vt 0.238142 0.497018
vt 0.177052 0.464354
vt 0.157000 0.458055
vt 0.754635 0.826518
vt 0.526791 0.843548
vt 0.501989 0.865185
vt 0.501989 0.835517
vt 0.386736 0.183487
vt 0.220969 0.852783
vt 0.243527 0.857405
vt 0.844459 0.482671
vt 0.826618 0.414954
vt 0.912397 0.499249
vt 0.929710 0.497969
vt 0.120148 0.459275
vt 0.666713 0.085456
vt 0.695472 0.102351
vt 0.689722 0.123564
vt 0.861899 0.032665
vt 0.718705 0.120689
vt 0.034305 0.785222
vt 0.037591 0.761561
vt 0.797037 0.026189
vt 0.834804 0.716591
vt 0.308052 0.635587
vt 0.324553 0.776761
vt 0.323041 0.793523
vt 0.875607 0.720694
vt 0.886402 0.687769
vt 0.888420 0.730882
vt 0.889346 0.805204
vt 0.888582 0.827704
vt 0.877390 0.815520
vt 0.886462 0.776863
vt 0.098146 0.345723
vt 0.068405 0.348698
vt 0.382001 0.487373
vt 0.435504 0.362310
vt 0.426454 0.355036
vt 0.459334 0.341440
vt 0.408211 0.342122
vt 0.442227 0.324796
vt 0.489202 0.333054
vt 0.490962 0.324796
vt 0.469605 0.354248
vt 0.499136 0.365234
vt 0.755563 0.005759
vt 0.724059 0.008749
vt 0.711300 0.001485
vt 0.514835 0.366469
vt 0.522911 0.346076
vt 0.078341 0.020420
vt 0.136212 0.014285
vt 0.128061 0.003525
vt 0.141612 0.001166
vt 0.757248 0.322981
vt 0.257311 0.168554
vt 0.286726 0.149562
vt 0.242574 0.154495
vt 0.232509 0.130209
vt 0.249499 0.142814
vt 0.737816 0.710261
vt 0.732922 0.679206
vt 0.502645 0.046148
vt 0.876080 0.848881
vt 0.859249 0.863160
vt 0.859249 0.839187
vt 0.875312 0.839187
vt 0.143250 0.090766
vt 0.253461 0.034951
vt 0.336733 0.469632
vt 0.338800 0.429038
vt 0.324670 0.477648
vt 0.335312 0.487014
vt 0.561988 0.865073
vt 0.549597 0.854908
vt 0.561988 0.837921
vt 0.538872 0.836868
vt 0.867029 0.032665
vt 0.861899 0.012083
vt 0.872906 0.012083
vt 0.822514 0.123868
vt 0.797037 0.112658
vt 0.766995 0.632243
vt 0.784615 0.646445
vt 0.754203 0.642721
vt 0.771719 0.544956
vt 0.754203 0.544956
vt 0.766033 0.525612
vt 0.334447 0.415520
vt 0.146867 0.422981
vt 0.140374 0.398963
vt 0.025881 0.505464
vt 0.045926 0.501085
vt 0.147600 0.381753
vt 0.476587 0.832223
vt 0.407793 0.272105
vt 0.405799 0.298077
vt 0.732992 0.148980
vt 0.284294 0.797754
vt 0.894975 0.377258
vt 0.566129 0.648440
vt 0.686083 0.303748
vt 0.678847 0.260823
vt 0.761050 0.544956
vt 0.156676 0.632918
vt 0.192937 0.402097
vt 0.185856 0.384696
vt 0.526791 0.835817
vt 0.526791 0.812458
vt 0.541445 0.830361
vt 0.373338 0.819696
vt 0.183910 0.574452
vt 0.407284 0.037752
vt 0.566129 0.622335
vt 0.575982 0.613155
vt 0.575291 0.623018
vt 0.566129 0.597625
vt 0.012209 0.478184
vt 0.924809 0.509079
vt 0.761631 0.729048
vt 0.779406 0.660486
vt 0.763591 0.655614
vt 0.040731 0.835215
vt 0.032788 0.810472
vt 0.057192 0.836548
vt 0.761867 0.443221
vt 0.740438 0.422040
vt 0.406536 0.377398
vt 0.385856 0.343093
vt 0.779559 0.867251
vt 0.758680 0.866962
vt 0.757291 0.846558
vt 0.327956 0.569222
vt 0.332689 0.580976
vt 0.732922 0.839187
vt 0.741181 0.853189
vt 0.737846 0.865123
vt 0.218766 0.014776
vt 0.202343 0.023513
vt 0.196350 0.000884
vt 0.757291 0.839187
vt 0.241120 0.012546
vt 0.324248 0.503071
vt 0.838666 0.548035
vt 0.818948 0.555129
vt 0.821764 0.531341
vt 0.177052 0.649049
vt 0.484678 0.813672
vt 0.779559 0.839187
vt 0.494995 0.569800
vt 0.537918 0.567897
vt 0.525767 0.564691
vt 0.500766 0.570100
vt 0.533269 0.005060
vt 0.175175 0.446316
vt 0.723270 0.161166
vt 0.016238 0.821973
vt 0.001839 0.805120
vt 0.013869 0.777981
vt 0.000000 0.773863
vt 0.001952 0.745881
vt 0.008699 0.732806
vt 0.001191 0.700479
vt 0.010265 0.694106
vt 0.739996 0.646445
vt 0.575604 0.806248
vt 0.869774 0.335244
vt 0.861804 0.357968
vt 0.833112 0.046318
vt 0.827877 0.059992
vt 0.807349 0.057072
vt 0.726890 0.849757
vt 0.016406 0.174662
vt 0.038808 0.147976
vt 0.007429 0.154645
vt 0.000000 0.142700
vt 0.014586 0.134229
vt 0.102558 0.147192
vt 0.482708 0.982480
vt 0.448456 0.983929
vt 0.426002 0.981462
vt 0.334610 0.164994
vt 0.800603 0.099112
vt 0.779559 0.839187
vt 0.838666 0.580339
vt 0.799030 0.608322
vt 0.818948 0.583052
vt 0.495997 0.809457
vt 0.160563 0.446316
vt 0.784615 0.646445
vt 0.056322 0.509040
vt 0.106301 0.478897
vt 0.709295 0.154339
vt 0.858681 0.866531
vt 0.841197 0.839187
vt 0.859249 0.839187
vt 0.841959 0.830006
vt 0.342254 0.752618
vt 0.341535 0.788378
vt 0.518085 0.541654
vt 0.517738 0.557834
vt 0.479397 0.562962
vt 0.771066 0.006571
vt 0.518819 0.387622
vt 0.504193 0.376916
vt 0.150037 0.703837
vt 0.598905 0.645558
vt 0.620441 0.646445
vt 0.271208 0.129705
vt 0.181835 0.091090
vt 0.144291 0.098866
vt 0.205474 0.101624
vt 0.175055 0.024886
vt 0.697808 0.687304
vt 0.821576 0.864946
vt 0.800390 0.850891
vt 0.821576 0.839187
vt 0.719768 0.683761
vt 0.721425 0.656489
vt 0.715739 0.646445
vt 0.325360 0.589147
vt 0.324446 0.613313
vt 0.373238 0.262275
vt 0.388749 0.275926
vt 0.577547 0.752227
vt 0.148317 0.441823
vt 0.124292 0.523328
vt 0.121882 0.492072
vt 0.557700 0.053872
vt 0.580337 0.069939
vt 0.734868 0.737618
vt 0.576113 0.690206
vt 0.566694 0.677091
vt 0.576113 0.671785
vt 0.068681 0.494649
vt 0.200396 0.650506
vt 0.356791 0.365546
vt 0.150361 0.787199
vt 0.158893 0.817134
vt 0.821576 0.839187
vt 0.828768 0.861686
vt 0.821576 0.866199
vt 0.841197 0.843158
vt 0.117073 0.342385
vt 0.357871 0.515635
vt 0.375690 0.531518
vt 0.419219 0.538392
vt 0.411578 0.522339
vt 0.411494 0.553430
vt 0.442108 0.564691
vt 0.440540 0.530441
vt 0.474764 0.534478
vt 0.953183 0.364090
vt 0.898998 0.363155
vt 0.397835 0.785022
vt 0.575997 0.840292
vt 0.579751 0.818916
vt 0.583950 0.801084
vt 0.008277 0.662372
vt 0.193733 0.843582
vt 0.867678 0.509069
vt 0.827704 0.517831
vt 0.867857 0.470399
vt 0.148930 0.739179
vt 0.692707 0.013468
vt 0.163655 0.679104
vt 0.546905 0.423698
vt 0.537327 0.425975
vt 0.537635 0.392524
vt 0.541672 0.468063
vt 0.542983 0.368415
vt 0.573638 0.402974
vt 0.555022 0.362609
vt 0.529253 0.498750
vt 0.503581 0.517967
vt 0.531625 0.470673
vt 0.554021 0.507533
vt 0.563759 0.485555
vt 0.535395 0.528963
vt 0.575997 0.443136
vt 0.164385 0.010929
vt 0.339604 0.609643
vt 0.185607 0.011312
vt 0.182327 -0.000000
vt 0.342254 0.571470
vt 0.215557 0.019381
vt 0.000000 0.666133
vt 0.615241 0.108759
vt 0.874139 0.369789
vt 0.140395 0.505494
vt 0.148852 0.521653
vt 0.140395 0.523822
vt 0.575604 0.854145
vt 0.566209 0.872495
vt 0.564470 0.854145
vt 0.575167 0.728537
vt 0.566563 0.717395
vt 0.575167 0.709273
vt 0.331984 0.644119
vt 0.342063 0.658703
vt 0.342254 0.679932
vt 0.339504 0.719920
vt 0.964001 0.371740
vt 0.797037 0.060195
vt 0.718708 0.829381
vt 0.860654 0.640430
vt 0.877325 0.626380
vt 0.500623 0.983929
vt 0.368603 0.819696
vt 0.500767 0.778970
vt 0.818948 0.580339
vt 0.166800 0.574023
vt 0.177182 0.734777
vt 0.164013 0.758415
vt 0.164013 0.710159
vt 0.148852 0.461535
vt 0.141173 0.478385
vt 0.141173 0.446316
vt 0.040724 0.271637
vt 0.565155 0.854145
vt 0.563644 0.830511
vt 0.575604 0.830511
vt 0.828351 0.065434
vt 0.857841 0.568858
vt 0.874729 0.534716
vt 0.874729 0.580340
s 1
usemtl FusedMaterial
f 9/1/1 5/2/2 21/3/3
f 9/1/1 21/3/3 13/4/4
f 253/5/5 211/6/6 274/7/7
f 152/8/8 211/6/6 253/5/5
f 274/7/7 211/6/6 254/9/9
f 214/10/10 254/11/9 153/12/11
f 214/10/10 255/13/12 254/11/9
f 266/14/13 241/15/14 204/16/15
f 204/17/15 245/18/16 266/19/13
f 245/18/16 208/20/17 269/21/18
f 204/17/15 208/20/17 245/18/16
f 230/22/19 209/23/20 264/24/21
f 253/5/5 278/25/22 236/26/23
f 224/27/24 243/28/25 308/29/26
f 281/30/27 259/31/28 317/32/29
f 259/31/28 301/33/30 317/32/29
f 301/33/30 259/31/28 272/34/31
f 292/35/32 231/36/33 327/37/34
f 295/38/35 234/39/36 292/40/32
f 361/41/37 323/42/38 309/43/39
f 296/44/40 348/45/41 381/46/42
f 381/46/42 384/47/43 296/44/40
f 384/47/43 386/48/44 296/44/40
f 341/49/45 369/50/46 393/51/47
f 391/52/48 341/49/45 393/51/47
f 350/53/49 365/54/50 411/55/51
f 493/56/52 416/57/53 413/58/54
f 479/59/55 408/60/56 416/57/53
f 428/61/57 408/60/56 479/59/55
f 428/61/57 479/59/55 437/62/58
f 479/59/55 498/63/59 437/62/58
f 498/63/59 511/64/60 442/65/61
f 442/65/61 437/62/58 498/63/59
f 456/66/62 453/67/63 495/68/64
f 489/69/65 456/70/62 495/71/64
f 495/68/64 453/67/63 468/72/66
f 493/73/52 457/74/67 523/75/68
f 553/76/69 552/77/70 534/78/71
f 552/79/70 565/80/72 534/81/71
f 534/78/71 529/82/73 553/76/69
f 580/83/74 553/84/69 529/85/73
f 529/85/73 542/86/75 580/83/74
f 508/87/76 502/88/77 542/86/75
f 520/89/78 521/90/79 563/91/80
f 550/92/81 593/93/82 613/94/83
f 594/95/84 566/96/85 611/97/86
f 587/98/87 548/99/88 608/100/89
f 583/101/90 533/102/91 606/103/92
f 622/104/93 635/105/94 657/106/95
f 657/107/95 635/108/94 650/109/96
f 630/110/97 650/109/96 637/111/98
f 605/112/99 594/95/84 653/113/100
f 52/114/101 93/115/102 31/116/103
f 93/117/102 45/118/104 31/119/103
f 95/120/105 45/118/104 93/117/102
f 52/121/101 22/122/106 102/123/107
f 102/123/107 103/124/108 52/121/101
f 22/122/106 23/125/109 102/123/107
f 103/124/108 102/123/107 136/126/110
f 52/121/101 103/124/108 93/117/102
f 154/127/111 38/128/112 148/129/113
f 49/130/114 38/128/112 154/127/111
f 92/131/115 86/132/116 87/133/117
f 32/134/118 64/135/119 170/136/120
f 170/136/120 64/135/119 152/8/8
f 100/137/121 86/132/116 92/131/115
f 193/138/122 166/139/123 91/140/124
f 170/136/120 91/140/124 32/134/118
f 75/141/125 49/142/114 154/143/111
f 92/144/115 85/145/126 210/146/127
f 87/133/117 85/147/126 92/131/115
f 382/148/128 353/149/129 302/150/130
f 382/148/128 302/150/130 344/151/131
f 347/152/132 293/153/133 337/154/134
f 305/155/135 329/156/136 377/157/137
f 339/158/138 305/155/135 377/157/137
f 393/159/47 409/160/139 453/67/63
f 425/161/140 393/162/47 456/163/62
f 456/66/62 393/159/47 453/67/63
f 456/164/62 432/165/141 425/166/140
f 429/167/142 432/165/141 452/168/143
f 456/164/62 452/168/143 432/165/141
f 409/160/139 410/169/144 453/67/63
f 468/72/66 453/67/63 410/169/144
f 410/169/144 435/170/145 468/72/66
f 563/91/80 551/171/146 520/89/78
f 554/172/147 533/173/91 583/174/90
f 568/175/148 554/172/147 583/174/90
f 581/176/149 575/177/150 597/178/151
f 571/179/152 581/180/149 585/181/153
f 599/182/154 571/179/152 585/181/153
f 575/183/150 581/180/149 576/184/155
f 581/180/149 571/179/152 576/184/155
f 575/177/150 540/185/156 591/186/157
f 540/185/156 567/187/158 591/186/157
f 670/188/159 647/189/160 681/190/161
f 658/191/162 670/188/159 683/192/163
f 683/192/163 662/193/164 658/191/162
f 216/194/165 177/195/166 78/196/167
f 222/197/168 200/198/169 297/199/170
f 297/199/170 286/200/171 222/197/168
f 200/198/169 248/201/172 297/199/170
f 275/202/173 252/203/174 217/204/175
f 275/202/173 256/205/176 298/206/177
f 298/206/177 256/205/176 280/207/178
f 283/208/179 242/209/180 279/210/181
f 323/42/38 223/211/182 229/212/183
f 278/25/22 309/43/39 229/212/183
f 314/213/184 308/29/26 243/28/25
f 282/214/185 294/215/186 318/216/187
f 332/217/188 264/24/21 281/30/27
f 317/32/29 332/217/188 281/30/27
f 356/218/189 290/219/190 351/220/191
f 356/218/189 321/221/192 290/219/190
f 264/24/21 332/217/188 324/222/193
f 357/223/194 338/224/195 386/48/44
f 401/225/196 315/226/197 313/227/198
f 395/228/199 352/229/200 370/230/201
f 395/228/199 398/231/202 352/229/200
f 370/232/201 342/233/203 426/234/204
f 342/235/203 378/236/205 426/237/204
f 378/238/205 328/239/206 383/240/207
f 383/241/207 312/242/208 448/243/209
f 448/243/209 312/242/208 405/244/210
f 405/244/210 312/242/208 366/245/211
f 479/246/55 416/247/53 491/248/212
f 491/249/212 496/250/213 479/59/55
f 498/63/59 479/59/55 496/250/213
f 512/251/214 464/252/215 535/253/216
f 470/254/217 464/252/215 512/251/214
f 514/255/218 554/172/147 523/75/68
f 523/75/68 513/256/219 493/73/52
f 576/184/155 547/257/220 540/258/156
f 600/259/221 549/260/222 598/261/223
f 596/262/224 611/263/86 599/264/154
f 635/105/94 608/100/89 589/265/225
f 589/266/225 590/267/226 637/111/98
f 637/111/98 590/267/226 613/268/83
f 606/269/92 626/270/227 583/174/90
f 646/271/228 632/272/229 656/273/230
f 588/274/231 634/275/232 646/271/228
f 646/276/228 652/277/233 588/278/231
f 655/279/234 651/280/235 641/281/236
f 662/282/164 665/283/237 626/270/227
f 671/284/238 612/285/239 665/283/237
f 625/286/240 612/285/239 671/284/238
f 668/287/241 646/271/228 656/273/230
f 652/277/233 646/276/228 668/288/241
f 672/289/242 618/290/243 689/291/244
f 609/292/245 652/277/233 664/293/246
f 618/294/243 661/295/247 689/296/244
f 651/280/235 676/297/248 669/298/249
f 674/299/250 682/300/251 643/301/252
f 644/302/253 643/301/252 682/300/251
f 671/284/238 665/283/237 678/303/254
f 701/304/255 680/305/256 645/306/257
f 688/307/258 701/308/255 645/309/257
f 691/310/259 669/311/249 704/312/260
f 25/313/261 1/314/262 34/315/263
f 132/316/264 110/317/265 25/313/261
f 110/317/265 1/314/262 25/313/261
f 1/314/262 110/317/265 113/318/266
f 34/315/263 1/314/262 36/319/267
f 1/314/262 47/320/268 36/319/267
f 47/320/268 1/314/262 113/318/266
f 129/321/269 112/322/270 126/323/271
f 129/321/269 126/323/271 72/324/272
f 74/325/273 129/321/269 72/324/272
f 132/316/264 129/321/269 139/326/274
f 139/326/274 129/321/269 74/325/273
f 79/327/275 139/326/274 74/325/273
f 79/327/275 11/328/276 139/326/274
f 28/329/277 11/330/276 79/331/275
f 139/326/274 110/317/265 132/316/264
f 113/318/266 110/317/265 94/332/278
f 94/332/278 139/326/274 11/328/276
f 110/317/265 139/326/274 94/332/278
f 113/318/266 2/333/279 47/320/268
f 2/333/279 55/334/280 47/320/268
f 119/335/281 113/318/266 94/332/278
f 2/333/279 113/318/266 119/335/281
f 70/336/282 2/333/279 119/335/281
f 11/328/276 107/337/283 94/332/278
f 144/338/284 5/339/2 37/340/285
f 96/341/286 28/329/277 176/342/287
f 176/343/287 30/344/288 96/345/286
f 178/346/289 30/344/288 176/343/287
f 37/340/285 30/344/288 178/346/289
f 161/347/290 31/116/103 187/348/291
f 22/349/106 161/347/290 189/350/292
f 178/346/289 176/343/287 207/351/293
f 207/351/293 238/352/294 178/346/289
f 238/352/294 220/353/295 178/346/289
f 211/354/6 153/12/11 254/11/9
f 187/348/291 247/355/296 206/356/297
f 189/350/292 206/356/297 232/357/298
f 232/357/298 206/356/297 247/355/296
f 197/358/299 221/359/300 257/360/301
f 247/355/296 187/348/291 265/361/302
f 187/348/291 196/362/303 265/361/302
f 221/359/300 189/350/292 232/357/298
f 231/363/33 249/364/304 284/365/305
f 226/366/306 288/367/307 196/362/303
f 369/50/46 340/368/308 339/158/138
f 329/156/136 359/369/309 399/370/310
f 377/157/137 329/156/136 403/371/311
f 403/371/311 329/156/136 399/370/310
f 369/50/46 339/158/138 409/372/139
f 410/373/144 409/372/139 339/158/138
f 415/374/312 399/370/310 359/369/309
f 415/375/312 352/376/200 398/377/202
f 359/369/309 352/229/200 415/374/312
f 410/373/144 339/158/138 377/157/137
f 435/378/145 410/379/144 377/380/137
f 444/381/313 403/382/311 399/383/310
f 377/384/137 403/382/311 435/170/145
f 500/385/314 478/386/315 417/387/316
f 500/385/314 417/387/316 423/388/317
f 423/389/317 417/390/316 422/391/318
f 450/392/319 442/65/61 511/64/60
f 511/64/60 461/393/320 450/392/319
f 406/394/321 469/395/322 419/396/323
f 461/393/320 469/395/322 406/394/321
f 450/392/319 461/393/320 406/394/321
f 580/83/74 542/86/75 609/292/245
f 634/397/232 603/398/324 632/399/229
f 603/398/324 614/400/325 632/399/229
f 634/275/232 588/274/231 603/401/324
f 631/402/326 582/403/327 584/404/328
f 631/402/326 584/404/328 640/405/329
f 641/281/236 580/83/74 609/292/245
f 182/406/330 165/407/331 202/408/332
f 202/409/332 165/410/331 168/411/333
f 205/412/334 202/409/332 168/411/333
f 213/413/335 162/414/336 212/415/337
f 162/414/336 213/413/335 163/416/338
f 222/417/168 256/418/176 205/419/334
f 212/415/337 192/420/339 246/421/340
f 237/422/341 213/413/335 212/415/337
f 195/423/342 177/195/166 250/424/343
f 260/425/344 257/360/301 299/426/345
f 260/425/344 284/427/305 249/428/304
f 283/208/179 330/429/346 270/430/347
f 284/365/305 327/431/34 231/363/33
f 319/432/348 258/433/349 270/430/347
f 279/210/181 330/429/346 283/208/179
f 341/49/45 260/425/344 299/426/345
f 284/427/305 260/425/344 341/49/45
f 319/432/348 270/430/347 330/429/346
f 345/434/350 330/429/346 279/210/181
f 362/435/351 327/37/34 358/436/352
f 292/35/32 327/37/34 362/435/351
f 364/437/353 292/40/32 362/438/351
f 295/38/35 292/40/32 364/437/353
f 364/437/353 287/439/354 295/38/35
f 364/437/353 389/440/355 287/439/354
f 317/32/29 301/33/30 372/441/356
f 374/442/357 372/441/356 301/33/30
f 389/440/355 364/437/353 388/443/358
f 483/444/359 494/445/360 492/446/361
f 492/446/361 430/447/362 483/444/359
f 499/448/363 482/449/364 475/450/365
f 492/446/361 499/448/363 430/447/362
f 476/451/366 430/447/362 499/448/363
f 476/451/366 499/448/363 475/450/365
f 494/452/360 467/453/367 504/454/368
f 494/445/360 483/444/359 467/455/367
f 544/456/369 462/457/370 465/458/371
f 544/456/369 515/459/372 462/457/370
f 607/460/373 605/112/99 653/113/100
f 648/461/374 630/110/97 613/268/83
f 656/273/230 632/272/229 660/462/375
f 691/310/259 638/463/376 669/311/249
f 610/464/377 625/286/240 684/465/378
f 628/466/379 610/464/377 684/465/378
f 638/463/376 651/467/235 669/311/249
f 643/468/252 628/466/379 674/469/250
f 627/470/380 645/306/257 680/305/256
f 680/305/256 666/471/381 627/470/380
f 654/472/382 657/106/95 685/473/383
f 657/107/95 673/474/384 690/475/385
f 690/476/385 685/473/383 657/106/95
f 673/474/384 630/110/97 686/477/386
f 689/296/244 661/295/247 702/478/387
f 677/479/388 702/478/387 661/295/247
f 703/480/389 676/297/248 655/279/234
f 655/279/234 664/293/246 703/480/389
f 46/481/390 105/482/391 39/483/392
f 39/484/392 105/485/391 50/486/393
f 105/487/391 46/488/390 95/120/105
f 95/120/105 112/322/270 105/487/391
f 105/487/391 114/489/394 50/490/393
f 50/491/393 116/492/395 66/493/396
f 116/494/395 50/490/393 114/489/394
f 66/495/396 116/494/395 81/496/397
f 81/496/397 116/494/395 25/313/261
f 105/487/391 112/322/270 114/489/394
f 112/322/270 129/321/269 114/489/394
f 114/489/394 132/316/264 116/494/395
f 25/313/261 116/494/395 132/316/264
f 132/316/264 114/489/394 129/321/269
f 242/209/180 223/497/182 279/210/181
f 278/25/22 229/212/183 236/26/23
f 289/498/398 203/499/399 287/439/354
f 289/498/398 239/500/400 203/499/399
f 289/498/398 296/44/40 239/500/400
f 314/213/184 239/500/400 296/44/40
f 240/501/401 239/500/400 314/213/184
f 263/502/402 302/150/130 267/503/403
f 274/504/7 293/153/133 306/505/404
f 261/506/405 293/153/133 255/13/12
f 320/507/406 253/5/5 325/508/407
f 253/509/5 306/510/404 325/511/407
f 340/368/308 305/155/135 339/158/138
f 299/426/345 305/155/135 340/368/308
f 382/148/128 371/512/408 353/149/129
f 321/221/192 356/218/189 373/513/409
f 321/221/192 375/514/410 307/515/411
f 375/516/410 376/517/412 307/518/411
f 307/518/411 376/517/412 344/151/131
f 376/517/412 382/148/128 344/151/131
f 385/519/413 367/520/414 347/152/132
f 347/152/132 337/154/134 371/512/408
f 371/512/408 385/519/413 347/152/132
f 371/512/408 337/154/134 353/149/129
f 394/521/415 371/512/408 382/148/128
f 436/522/416 321/221/192 373/513/409
f 375/514/410 321/221/192 436/522/416
f 375/516/410 404/523/417 376/517/412
f 382/148/128 376/517/412 404/523/417
f 325/508/407 367/524/414 421/525/418
f 421/526/418 367/520/414 385/519/413
f 503/527/419 438/528/420 325/508/407
f 503/527/419 325/508/407 421/525/418
f 408/60/56 413/58/54 416/57/53
f 408/529/56 428/530/57 357/223/194
f 428/530/57 401/225/196 357/223/194
f 428/530/57 437/531/58 401/225/196
f 437/532/58 442/533/61 401/534/196
f 394/521/415 382/148/128 445/535/421
f 470/254/217 436/522/416 464/252/215
f 470/254/217 445/536/421 404/537/417
f 423/388/317 482/449/364 500/385/314
f 475/450/365 423/388/317 433/538/422
f 482/449/364 423/388/317 475/450/365
f 503/539/419 421/540/418 484/541/423
f 385/519/413 484/542/423 421/526/418
f 508/87/76 385/519/413 371/512/408
f 371/512/408 394/521/415 508/87/76
f 530/543/424 494/452/360 504/454/368
f 556/544/425 539/545/426 544/546/369
f 539/545/426 515/547/372 544/546/369
f 571/179/152 556/548/425 547/257/220
f 552/77/70 553/76/69 584/404/328
f 542/86/75 502/88/77 569/549/427
f 574/550/428 535/253/216 572/551/429
f 512/251/214 535/253/216 574/550/428
f 516/552/430 512/553/214 574/554/428
f 564/555/431 563/556/80 521/557/79
f 516/558/430 569/559/427 502/560/77
f 579/561/432 564/555/431 545/562/433
f 579/561/432 545/562/433 561/563/434
f 582/403/327 567/187/158 552/77/70
f 573/564/435 559/565/436 538/566/437
f 592/567/438 559/565/436 573/564/435
f 29/568/439 118/569/440 120/570/441
f 98/571/442 29/568/439 123/572/443
f 29/568/439 35/573/444 123/572/443
f 44/574/445 98/571/442 56/575/446
f 56/575/446 98/571/442 123/572/443
f 35/573/444 56/575/446 123/572/443
f 65/576/447 127/577/448 131/578/449
f 68/579/450 65/576/447 131/578/449
f 131/578/449 127/577/448 83/580/451
f 83/580/451 84/581/452 131/578/449
f 131/578/449 84/581/452 68/579/450
f 158/582/453 124/583/454 140/584/455
f 158/582/453 83/580/451 124/583/454
f 158/582/453 140/584/455 165/585/331
f 140/584/455 124/583/454 88/586/456
f 88/586/456 89/587/457 140/584/455
f 165/585/331 140/584/455 89/587/457
f 88/586/456 141/588/458 90/589/459
f 90/589/459 141/588/458 59/590/460
f 39/483/392 172/591/461 46/481/390
f 39/484/392 50/486/393 173/592/462
f 172/591/461 45/593/104 46/481/390
f 95/120/105 46/488/390 45/118/104
f 66/493/396 173/594/462 50/491/393
f 66/595/396 81/596/397 175/597/463
f 175/597/463 81/596/397 25/598/261
f 25/599/261 143/600/464 175/601/463
f 55/602/280 67/603/465 150/604/466
f 67/603/465 77/605/467 219/606/468
f 159/607/469 219/606/468 77/605/467
f 39/483/392 196/362/303 172/591/461
f 204/17/15 175/597/463 143/608/464
f 208/20/17 204/17/15 143/608/464
f 208/609/17 147/610/470 194/611/471
f 143/612/464 147/613/470 208/614/17
f 209/23/20 194/611/471 157/615/472
f 157/615/472 150/604/466 209/23/20
f 164/616/473 151/617/474 215/618/475
f 263/619/402 290/219/190 321/221/192
f 307/515/411 263/619/402 321/221/192
f 302/150/130 263/502/402 307/518/411
f 302/150/130 337/154/134 261/506/405
f 337/154/134 293/153/133 261/506/405
f 392/620/476 345/434/350 323/621/38
f 345/434/350 279/210/181 323/621/38
f 361/622/37 392/620/476 323/621/38
f 348/45/41 287/439/354 389/440/355
f 348/45/41 296/44/40 289/498/398
f 338/224/195 296/44/40 386/48/44
f 370/230/201 352/229/200 326/623/477
f 342/235/203 328/624/206 378/236/205
f 328/239/206 333/625/478 383/240/207
f 333/626/478 312/627/208 383/628/207
f 464/252/215 436/522/416 373/513/409
f 375/514/410 436/522/416 470/254/217
f 470/629/217 404/523/417 375/516/410
f 404/537/417 445/536/421 382/630/128
f 596/631/224 581/632/149 597/633/151
f 585/634/153 581/632/149 596/631/224
f 596/631/224 599/635/154 585/634/153
f 589/265/225 608/100/89 548/99/88
f 590/267/226 550/636/81 613/268/83
f 555/637/479 586/638/480 615/639/481
f 615/639/481 616/640/482 555/637/479
f 615/639/481 557/641/483 616/640/482
f 740/642/484 717/643/485 712/644/486
f 717/643/485 740/642/484 741/645/487
f 712/644/486 707/646/488 724/647/489
f 712/644/486 724/647/489 740/642/484
f 697/648/490 741/645/487 740/642/484
f 697/648/490 740/642/484 715/649/491
f 740/642/484 724/647/489 715/649/491
f 705/650/492 717/643/485 737/651/493
f 741/645/487 737/651/493 717/643/485
f 95/120/105 93/117/102 103/124/108
f 112/322/270 103/124/108 136/126/110
f 103/124/108 112/322/270 95/120/105
f 27/652/494 117/653/495 24/654/496
f 24/654/496 117/653/495 23/655/109
f 43/656/497 117/657/495 27/658/494
f 58/659/498 117/657/495 43/656/497
f 125/660/499 117/657/495 58/659/498
f 62/661/500 4/662/501 48/663/502
f 58/664/498 48/663/502 4/662/501
f 62/665/500 53/666/503 4/667/501
f 125/660/499 58/659/498 4/667/501
f 53/666/503 115/668/504 4/667/501
f 125/660/499 4/667/501 115/668/504
f 117/653/495 102/669/107 23/655/109
f 102/123/107 117/657/495 136/126/110
f 136/126/110 117/657/495 125/660/499
f 136/126/110 104/670/505 99/671/506
f 112/322/270 136/126/110 99/671/506
f 99/671/506 126/323/271 112/322/270
f 61/672/507 126/323/271 99/671/506
f 72/324/272 126/323/271 61/672/507
f 136/126/110 125/660/499 16/673/508
f 104/670/505 136/126/110 16/673/508
f 115/668/504 16/673/508 125/660/499
f 16/673/508 33/674/509 104/670/505
f 73/675/510 33/674/509 16/673/508
f 61/672/507 99/671/506 104/670/505
f 61/672/507 104/670/505 33/674/509
f 178/346/289 144/338/284 37/340/285
f 152/676/8 64/677/119 153/12/11
f 64/677/119 71/678/511 153/12/11
f 144/338/284 71/678/511 5/339/2
f 198/679/512 195/423/342 248/201/172
f 227/680/513 185/681/514 272/34/31
f 272/34/31 185/681/514 252/682/174
f 252/203/174 185/683/514 217/204/175
f 217/684/175 202/408/332 256/685/176
f 233/686/515 264/24/21 209/23/20
f 191/687/516 228/688/517 263/619/402
f 264/24/21 233/686/515 281/30/27
f 308/29/26 338/224/195 357/223/194
f 313/227/198 308/29/26 357/223/194
f 310/689/518 308/29/26 313/227/198
f 331/690/519 268/691/520 315/692/197
f 336/693/521 322/694/522 387/695/523
f 402/696/524 379/697/525 311/698/526
f 402/696/524 343/699/527 355/700/528
f 311/698/526 343/699/527 402/696/524
f 346/701/529 331/690/519 390/702/530
f 334/703/531 346/701/529 390/702/530
f 467/455/367 368/704/532 419/396/323
f 427/705/533 368/704/532 467/455/367
f 354/706/534 368/707/532 427/708/533
f 430/709/362 380/710/535 427/711/533
f 443/712/536 355/700/528 380/713/535
f 427/708/533 380/713/535 354/706/534
f 487/714/537 434/715/538 374/442/357
f 374/442/357 387/716/523 487/714/537
f 487/717/537 387/695/523 417/718/316
f 561/563/434 545/562/433 492/719/361
f 499/720/363 492/719/361 545/562/433
f 602/721/539 563/91/80 617/722/540
f 563/556/80 564/555/431 618/294/243
f 618/290/243 617/722/540 563/91/80
f 569/559/427 516/558/430 588/274/231
f 618/294/243 579/561/432 639/723/541
f 564/724/431 579/725/432 618/726/243
f 604/727/542 639/723/541 579/561/432
f 584/728/328 580/83/74 641/281/236
f 641/281/236 640/729/329 584/728/328
f 568/730/148 626/731/227 665/732/237
f 612/285/239 568/175/148 665/283/237
f 627/470/380 597/633/151 645/306/257
f 645/309/257 619/733/543 688/307/258
f 620/734/544 688/307/258 619/733/543
f 623/735/545 627/470/380 666/471/381
f 657/106/95 654/472/382 622/104/93
f 657/107/95 650/109/96 673/474/384
f 650/109/96 630/110/97 673/474/384
f 663/736/546 696/737/547 706/738/548
f 77/739/467 67/740/465 70/741/282
f 77/605/467 80/742/549 159/607/469
f 80/743/549 65/744/447 159/745/469
f 156/746/550 159/607/469 65/747/447
f 159/607/469 244/748/551 219/606/468
f 159/607/469 185/681/514 227/680/513
f 149/749/552 231/750/33 146/751/553
f 231/752/33 234/39/36 146/753/553
f 242/209/180 186/754/554 166/755/123
f 253/5/5 236/26/23 170/136/120
f 170/136/120 152/8/8 253/5/5
f 224/27/24 181/756/555 243/28/25
f 273/757/556 190/758/557 224/27/24
f 246/421/340 190/759/557 273/760/556
f 268/691/520 246/421/340 273/760/556
f 277/761/558 299/426/345 257/360/301
f 300/762/559 247/355/296 265/361/302
f 265/361/302 288/367/307 300/762/559
f 305/155/135 277/761/558 232/357/298
f 352/229/200 288/367/307 326/623/477
f 300/762/559 288/367/307 352/229/200
f 342/235/203 370/230/201 326/623/477
f 342/235/203 266/14/13 328/624/206
f 285/763/560 324/222/193 366/245/211
f 366/245/211 312/242/208 285/763/560
f 350/53/49 318/764/187 319/432/348
f 440/765/561 452/766/143 456/767/62
f 449/768/562 440/769/561 463/770/563
f 463/770/563 440/769/561 456/66/62
f 451/771/564 449/768/562 463/770/563
f 457/772/67 451/771/564 463/770/563
f 503/773/419 505/774/565 438/775/420
f 416/247/53 493/73/52 509/776/566
f 491/248/212 416/247/53 509/776/566
f 557/641/483 555/637/479 616/640/482
f 604/727/542 561/563/434 621/777/567
f 713/778/568 672/289/242 689/291/244
f 664/293/246 652/277/233 716/779/569
f 702/478/387 713/780/568 689/296/244
f 723/781/570 669/311/249 676/782/248
f 676/297/248 703/480/389 723/783/570
f 727/784/571 723/785/570 703/786/389
f 703/480/389 664/293/246 728/787/572
f 728/787/572 664/293/246 716/779/569
f 728/787/572 727/788/571 703/480/389
f 674/299/250 729/789/573 733/790/574
f 733/790/574 682/300/251 674/299/250
f 682/300/251 733/790/574 734/791/575
f 734/791/575 711/792/576 679/793/577
f 682/300/251 734/791/575 679/793/577
f 711/792/576 735/794/578 700/795/579
f 735/794/578 702/478/387 677/479/388
f 735/794/578 677/479/388 700/795/579
f 143/612/464 25/796/261 34/797/263
f 147/613/470 143/612/464 34/797/263
f 147/610/470 34/798/263 36/799/267
f 147/610/470 47/800/268 157/615/472
f 36/799/267 47/800/268 147/610/470
f 157/615/472 55/602/280 150/604/466
f 47/801/268 55/802/280 157/803/472
f 72/804/272 61/805/507 151/617/474
f 74/806/273 72/804/272 164/616/473
f 79/807/275 74/808/273 164/809/473
f 164/810/473 180/811/580 79/812/275
f 169/813/581 79/331/275 180/814/580
f 28/329/277 79/331/275 169/813/581
f 43/815/497 142/816/582 179/817/583
f 184/818/584 62/661/500 48/663/502
f 149/819/552 62/820/500 184/821/584
f 151/617/474 33/822/509 188/823/585
f 186/754/554 188/823/585 33/822/509
f 33/822/509 166/755/123 186/754/554
f 259/31/28 281/30/27 244/748/551
f 272/34/31 259/31/28 227/680/513
f 234/39/36 231/752/33 292/40/32
f 251/824/586 234/39/36 295/38/35
f 295/38/35 287/439/354 251/824/586
f 203/499/399 251/824/586 287/439/354
f 226/366/306 276/825/587 288/367/307
f 266/14/13 276/825/587 241/15/14
f 245/18/16 269/21/18 333/625/478
f 333/626/478 269/826/18 312/627/208
f 269/826/18 208/827/17 312/627/208
f 312/242/208 208/609/17 285/763/560
f 258/433/349 294/828/186 235/829/588
f 252/203/174 275/202/173 322/694/522
f 298/206/177 280/207/178 311/698/526
f 291/830/589 268/831/520 331/832/519
f 316/833/590 271/834/591 334/703/531
f 302/150/130 307/518/411 344/151/131
f 306/835/404 367/524/414 325/508/407
f 367/520/414 306/505/404 347/152/132
f 306/505/404 293/153/133 347/152/132
f 353/149/129 337/154/134 302/150/130
f 469/395/322 467/455/367 419/396/323
f 475/450/365 433/538/422 443/836/536
f 476/451/366 475/450/365 443/836/536
f 427/705/533 467/455/367 483/444/359
f 483/444/359 430/447/362 427/705/533
f 430/447/362 476/451/366 380/837/535
f 380/837/535 476/451/366 443/836/536
f 481/838/592 434/839/538 478/386/315
f 487/840/537 478/386/315 434/839/538
f 478/386/315 487/840/537 417/387/316
f 519/841/593 496/842/213 491/248/212
f 519/841/593 498/843/59 496/842/213
f 522/844/594 503/845/419 484/846/423
f 522/844/594 484/846/423 529/82/73
f 394/521/415 445/535/421 502/88/77
f 516/552/430 470/847/217 512/553/214
f 549/260/222 518/848/595 598/261/223
f 594/95/84 605/112/99 566/96/85
f 577/849/596 605/112/99 607/460/373
f 603/401/324 572/551/429 614/850/325
f 593/851/82 578/852/597 613/268/83
f 551/171/146 563/91/80 602/721/539
f 650/109/96 635/108/94 589/266/225
f 637/111/98 613/268/83 630/110/97
f 145/853/598 201/854/599 44/855/445
f 185/681/514 156/746/550 68/856/450
f 185/681/514 68/856/450 182/406/330
f 159/607/469 156/746/550 185/681/514
f 146/753/553 234/39/36 40/857/600
f 76/858/601 40/857/600 234/39/36
f 160/859/602 76/858/601 234/39/36
f 234/39/36 199/860/603 160/859/602
f 218/861/604 169/813/581 180/814/580
f 228/688/517 169/813/581 218/861/604
f 228/688/517 191/687/516 169/813/581
f 209/23/20 150/604/466 67/603/465
f 67/603/465 219/606/468 233/686/515
f 193/138/122 229/212/183 223/211/182
f 243/28/25 240/501/401 314/213/184
f 287/439/354 348/45/41 289/498/398
f 396/862/605 351/220/191 318/216/187
f 397/863/606 351/220/191 396/862/605
f 373/513/409 351/220/191 397/863/606
f 356/218/189 351/220/191 373/513/409
f 387/695/523 322/694/522 417/718/316
f 322/864/522 379/865/525 417/390/316
f 331/690/519 315/692/197 442/533/61
f 390/866/530 331/867/519 442/868/61
f 349/869/607 334/703/531 406/870/321
f 419/871/323 349/869/607 406/870/321
f 406/870/321 334/703/531 390/702/530
f 368/707/532 349/869/607 419/871/323
f 420/872/608 486/873/609 400/874/610
f 420/875/608 400/876/610 332/217/188
f 332/217/188 372/441/356 420/875/608
f 434/877/538 420/878/608 374/879/357
f 420/875/608 372/441/356 374/442/357
f 440/765/561 362/435/351 358/436/352
f 452/766/143 440/765/561 358/436/352
f 440/769/561 449/768/562 362/880/351
f 457/772/67 388/881/358 451/771/564
f 426/882/204 454/883/611 418/884/612
f 446/885/613 426/882/204 431/886/614
f 398/887/202 395/888/199 460/889/615
f 418/890/612 460/891/615 395/228/199
f 460/889/615 418/884/612 459/892/616
f 418/884/612 454/883/611 459/892/616
f 459/892/616 458/893/617 460/889/615
f 466/894/618 454/883/611 426/882/204
f 426/882/204 446/885/613 466/894/618
f 447/895/619 466/894/618 446/885/613
f 447/895/619 455/896/620 466/894/618
f 447/895/619 448/897/209 485/898/621
f 485/898/621 455/896/620 447/895/619
f 485/898/621 448/897/209 405/899/210
f 525/900/622 488/901/623 548/99/88
f 489/69/65 495/71/64 533/102/91
f 548/99/88 488/901/623 524/902/624
f 509/776/566 513/256/219 570/903/625
f 536/904/626 509/776/566 570/903/625
f 559/565/436 519/841/593 538/566/437
f 547/905/220 556/544/425 544/546/369
f 568/175/148 583/174/90 626/270/227
f 612/285/239 625/286/240 595/906/627
f 597/178/151 601/907/628 645/309/257
f 619/733/543 645/309/257 601/907/628
f 586/908/480 592/567/438 643/468/252
f 644/302/253 586/638/480 643/301/252
f 615/639/481 586/638/480 644/302/253
f 639/723/541 621/777/567 636/909/629
f 653/113/100 663/736/546 607/460/373
f 633/910/630 607/911/373 663/912/546
f 667/913/631 633/910/630 663/912/546
f 660/462/375 633/910/630 667/913/631
f 656/273/230 660/462/375 667/913/631
f 672/289/242 642/914/632 617/722/540
f 696/737/547 663/736/546 653/113/100
f 630/110/97 648/461/374 686/477/386
f 686/477/386 649/915/633 692/916/634
f 686/477/386 648/461/374 649/915/633
f 693/917/635 692/916/634 649/915/633
f 649/915/633 642/914/632 693/917/635
f 693/917/635 642/914/632 672/289/242
f 697/918/490 666/471/381 680/305/256
f 686/477/386 690/475/385 673/474/384
f 107/337/283 11/328/276 28/919/277
f 119/335/281 94/332/278 121/920/636
f 121/920/636 94/332/278 107/337/283
f 119/335/281 121/920/636 127/577/448
f 67/921/465 55/334/280 2/333/279
f 70/336/282 67/921/465 2/333/279
f 133/922/637 70/336/282 119/335/281
f 77/923/467 70/336/282 133/922/637
f 80/924/549 77/923/467 133/922/637
f 133/922/637 119/335/281 127/577/448
f 65/576/447 133/922/637 127/577/448
f 65/576/447 80/924/549 133/922/637
f 207/925/293 191/687/516 263/619/402
f 238/352/294 207/351/293 263/502/402
f 267/503/403 238/352/294 263/502/402
f 267/503/403 261/506/405 238/352/294
f 261/506/405 220/353/295 238/352/294
f 214/10/10 220/353/295 261/506/405
f 261/506/405 255/13/12 214/10/10
f 297/199/170 304/926/638 335/927/639
f 301/33/30 272/34/31 336/928/521
f 272/34/31 252/682/174 336/928/521
f 351/220/191 282/214/185 318/216/187
f 290/219/190 282/214/185 351/220/191
f 332/217/188 363/929/640 324/222/193
f 332/217/188 317/32/29 372/441/356
f 414/930/641 411/55/51 412/931/642
f 373/513/409 397/863/606 464/252/215
f 439/932/643 405/899/210 366/933/211
f 439/934/643 366/245/211 363/929/640
f 439/934/643 363/929/640 400/876/610
f 491/248/212 509/776/566 536/904/626
f 536/904/626 538/566/437 491/248/212
f 519/841/593 491/248/212 538/566/437
f 519/841/593 559/565/436 498/843/59
f 623/735/545 611/97/86 627/470/380
f 623/735/545 594/95/84 611/97/86
f 627/470/380 611/97/86 596/631/224
f 627/470/380 596/631/224 597/633/151
f 635/105/94 622/104/93 608/100/89
f 650/109/96 589/266/225 637/111/98
f 618/290/243 672/289/242 617/722/540
f 618/294/243 639/723/541 661/295/247
f 655/279/234 676/297/248 651/280/235
f 10/935/644 130/936/645 12/937/646
f 106/938/647 3/939/648 12/937/646
f 10/935/644 12/937/646 3/939/648
f 6/940/649 38/941/112 49/942/114
f 49/942/114 97/943/650 6/940/649
f 106/938/647 6/940/649 97/943/650
f 106/938/647 97/943/650 109/944/651
f 49/942/114 18/945/652 97/943/650
f 49/142/114 75/141/125 18/946/652
f 109/944/651 97/943/650 18/945/652
f 109/944/651 18/945/652 86/132/116
f 85/145/126 18/947/652 75/948/125
f 85/147/126 87/133/117 18/945/652
f 87/133/117 86/132/116 18/945/652
f 3/939/648 106/938/647 109/944/651
f 137/949/653 109/944/651 86/132/116
f 15/950/654 109/944/651 137/949/653
f 109/944/651 15/950/654 3/939/648
f 32/951/118 3/952/648 64/953/119
f 64/954/119 3/955/648 17/956/655
f 134/957/656 15/950/654 137/949/653
f 135/958/657 15/950/654 134/957/656
f 137/949/653 86/132/116 100/137/121
f 19/959/658 137/949/653 100/137/121
f 26/960/659 100/961/121 92/144/115
f 19/959/658 100/137/121 42/962/660
f 134/957/656 137/949/653 19/959/658
f 19/959/658 101/963/661 134/957/656
f 142/816/582 27/652/494 24/654/496
f 142/964/582 43/965/497 27/966/494
f 58/967/498 43/968/497 179/969/583
f 48/663/502 58/664/498 179/817/583
f 53/970/503 62/820/500 149/819/552
f 33/822/509 73/971/510 166/755/123
f 151/617/474 61/805/507 33/822/509
f 28/329/277 169/813/581 191/687/516
f 189/350/292 24/654/496 22/349/106
f 189/350/292 221/359/300 24/654/496
f 221/359/300 197/358/299 24/654/496
f 187/348/291 206/356/297 161/347/290
f 31/116/103 172/591/461 187/348/291
f 196/362/303 187/348/291 172/591/461
f 189/350/292 161/347/290 206/356/297
f 166/139/123 193/138/122 223/211/182
f 193/138/122 170/136/120 229/212/183
f 75/948/125 154/127/111 239/500/400
f 210/146/127 75/948/125 239/500/400
f 210/146/127 240/501/401 92/144/115
f 240/501/401 181/756/555 92/144/115
f 166/139/123 223/211/182 242/972/180
f 170/136/120 236/26/23 229/212/183
f 239/500/400 154/127/111 203/499/399
f 239/500/400 240/501/401 210/146/127
f 240/501/401 243/28/25 181/756/555
f 244/748/551 227/680/513 259/31/28
f 262/973/662 280/974/178 256/418/176
f 262/975/662 222/197/168 286/200/171
f 212/415/337 268/691/520 291/976/589
f 271/834/591 212/415/337 291/976/589
f 250/424/343 303/977/663 248/201/172
f 340/368/308 369/50/46 299/426/345
f 341/49/45 299/426/345 369/50/46
f 358/978/352 284/365/305 360/979/664
f 327/431/34 284/365/305 358/978/352
f 319/432/348 330/429/346 365/54/50
f 345/434/350 365/54/50 330/429/346
f 354/706/534 303/977/663 368/707/532
f 343/699/527 335/927/639 380/713/535
f 380/713/535 355/700/528 343/699/527
f 354/706/534 380/713/535 335/927/639
f 374/442/357 336/928/521 387/716/523
f 320/507/406 325/508/407 438/528/420
f 357/223/194 401/225/196 313/227/198
f 401/534/196 442/533/61 315/692/197
f 514/980/218 456/70/62 489/69/65
f 463/981/563 456/982/62 514/983/218
f 514/984/218 457/772/67 463/770/563
f 531/985/665 559/565/436 555/986/479
f 555/637/479 530/543/424 531/987/665
f 561/563/434 492/719/361 562/988/666
f 492/719/361 494/452/360 562/988/666
f 494/452/360 530/543/424 557/641/483
f 557/641/483 562/988/666 494/452/360
f 567/187/158 565/989/72 552/77/70
f 541/990/667 565/989/72 567/187/158
f 573/564/435 536/904/626 570/903/625
f 573/564/435 538/566/437 536/904/626
f 543/991/668 566/96/85 605/112/99
f 605/992/99 577/993/596 543/994/668
f 599/264/154 611/263/86 556/995/425
f 558/996/669 577/993/596 572/551/429
f 550/636/81 546/997/670 593/851/82
f 578/852/597 593/851/82 546/997/670
f 532/998/671 551/171/146 578/852/597
f 570/903/625 513/256/219 595/906/627
f 603/401/324 574/550/428 572/551/429
f 632/272/229 646/271/228 634/275/232
f 569/559/427 588/274/231 652/999/233
f 609/292/245 569/549/427 652/277/233
f 631/402/326 640/405/329 651/467/235
f 640/729/329 641/281/236 651/280/235
f 624/1000/672 622/104/93 654/472/382
f 626/270/227 606/269/92 658/1001/162
f 600/259/221 647/189/160 658/191/162
f 653/113/100 623/735/545 666/471/381
f 594/95/84 623/735/545 653/113/100
f 606/103/92 600/259/221 658/191/162
f 671/284/238 684/465/378 625/286/240
f 687/1002/673 628/466/379 684/465/378
f 687/1002/673 694/1003/674 628/466/379
f 674/469/250 628/466/379 694/1003/674
f 695/1004/675 685/473/383 707/1005/488
f 707/1005/488 712/1006/486 695/1004/675
f 705/1007/492 710/1008/676 698/1009/677
f 683/192/163 695/1004/675 712/1006/486
f 717/1010/485 683/192/163 712/1006/486
f 724/1011/489 653/113/100 715/1012/491
f 715/1012/491 653/113/100 666/471/381
f 717/1010/485 698/1009/677 683/192/163
f 717/1010/485 705/1007/492 698/1009/677
f 741/645/487 697/648/490 701/1013/255
f 706/1014/548 736/1015/678 738/1016/679
f 720/1017/680 718/1018/681 738/1016/679
f 738/1016/679 736/1015/678 720/1017/680
f 742/1019/682 738/1016/679 718/1018/681
f 719/1020/683 742/1019/682 718/1018/681
f 721/1021/684 706/1014/548 738/1016/679
f 738/1016/679 742/1019/682 726/1022/685
f 726/1023/685 721/1024/684 738/1025/679
f 726/1022/685 742/1019/682 731/1026/686
f 731/1026/686 742/1019/682 730/1027/687
f 742/1019/682 719/1020/683 730/1027/687
f 42/962/660 100/137/121 26/1028/659
f 42/962/660 20/1029/688 19/959/658
f 51/1030/689 20/1029/688 42/962/660
f 101/963/661 19/959/658 20/1029/688
f 20/1029/688 51/1030/689 167/1031/690
f 28/329/277 96/341/286 107/1032/283
f 121/920/636 107/337/283 96/1033/286
f 127/577/448 121/920/636 83/580/451
f 96/1033/286 122/1034/691 121/920/636
f 83/580/451 121/920/636 122/1034/691
f 83/580/451 122/1034/691 124/583/454
f 30/1035/288 37/1036/285 14/1037/692
f 233/686/515 209/23/20 67/603/465
f 233/686/515 219/606/468 244/748/551
f 261/506/405 267/503/403 302/150/130
f 304/926/638 248/201/172 303/977/663
f 297/199/170 248/201/172 304/926/638
f 326/623/477 288/367/307 276/825/587
f 245/18/16 328/239/206 266/19/13
f 285/763/560 230/22/19 324/222/193
f 230/22/19 264/24/21 324/222/193
f 294/828/186 258/433/349 319/432/348
f 311/698/526 286/200/171 343/699/527
f 331/690/519 346/701/529 291/976/589
f 334/703/531 271/834/591 346/701/529
f 334/703/531 349/869/607 316/833/590
f 271/834/591 291/976/589 346/701/529
f 349/869/607 303/977/663 316/833/590
f 458/1038/617 459/1039/616 488/901/623
f 490/1040/693 459/892/616 454/883/611
f 454/883/611 466/894/618 490/1040/693
f 455/896/620 490/1040/693 466/894/618
f 584/404/328 582/403/327 552/77/70
f 516/558/430 574/550/428 588/274/231
f 599/1041/154 556/1042/425 571/1043/152
f 695/1004/675 681/190/161 654/472/382
f 685/473/383 695/1004/675 654/472/382
f 678/1044/254 662/193/164 698/1009/677
f 683/192/163 681/190/161 695/1004/675
f 683/192/163 670/188/159 681/190/161
f 683/192/163 698/1009/677 662/193/164
f 17/1045/655 3/939/648 15/950/654
f 35/573/444 29/568/439 174/1046/694
f 145/853/598 44/855/445 56/1047/446
f 201/854/599 59/1048/460 44/855/445
f 145/853/598 56/1047/446 155/1049/695
f 56/1047/446 35/1050/444 155/1049/695
f 65/747/447 68/856/450 156/746/550
f 68/1051/450 84/1052/452 182/1053/330
f 182/1053/330 84/1052/452 83/1054/451
f 83/1055/451 158/1056/453 182/1057/330
f 168/411/333 165/410/331 89/1058/457
f 168/411/333 89/1058/457 88/1059/456
f 171/1060/696 88/1061/456 90/1062/459
f 88/1063/456 171/1064/696 168/1065/333
f 90/1066/459 59/1048/460 201/854/599
f 198/679/512 155/1049/695 195/423/342
f 200/198/169 201/854/599 145/853/598
f 200/198/169 155/1049/695 198/679/512
f 200/198/169 145/853/598 155/1049/695
f 185/681/514 182/406/330 217/684/175
f 298/206/177 311/698/526 379/697/525
f 349/869/607 368/707/532 303/977/663
f 465/458/371 472/1067/697 392/1068/476
f 472/1067/697 465/458/371 462/457/370
f 471/1069/698 392/620/476 361/622/37
f 465/1070/371 392/620/476 471/1069/698
f 471/1071/698 438/775/420 505/774/565
f 361/41/37 438/528/420 471/1072/698
f 424/1073/699 457/772/67 493/56/52
f 424/1073/699 493/56/52 413/58/54
f 441/1074/700 424/1073/699 413/58/54
f 558/996/669 535/253/216 501/1075/701
f 586/908/480 559/565/436 592/567/438
f 555/986/479 559/565/436 586/908/480
f 561/563/434 562/988/666 621/777/567
f 621/777/567 562/988/666 557/641/483
f 523/75/68 568/175/148 612/285/239
f 513/256/219 523/75/68 612/285/239
f 595/906/627 513/256/219 612/285/239
f 619/733/543 601/907/628 575/177/150
f 575/177/150 591/186/157 619/733/543
f 619/733/543 591/186/157 620/734/544
f 638/463/376 620/734/544 567/187/158
f 582/403/327 638/463/376 567/187/158
f 621/777/567 557/641/483 636/909/629
f 639/723/541 604/727/542 621/777/567
f 615/639/481 636/909/629 557/641/483
f 651/467/235 638/463/376 631/402/326
f 629/1076/702 643/468/252 592/567/438
f 704/312/260 669/311/249 699/1077/703
f 153/12/11 71/678/511 144/338/284
f 199/860/603 148/129/113 160/859/602
f 203/499/399 148/129/113 199/860/603
f 193/138/122 91/140/124 170/136/120
f 154/127/111 148/129/113 203/499/399
f 85/145/126 75/948/125 210/146/127
f 66/595/396 204/17/15 241/1078/14
f 230/22/19 208/609/17 194/611/471
f 194/611/471 209/23/20 230/22/19
f 164/616/473 215/618/475 235/829/588
f 180/814/580 164/1079/473 235/1080/588
f 218/861/604 180/814/580 235/1080/588
f 282/214/185 218/861/604 294/215/186
f 228/688/517 218/861/604 282/214/185
f 282/214/185 290/219/190 228/688/517
f 263/619/402 228/688/517 290/219/190
f 233/686/515 244/748/551 281/30/27
f 311/1081/526 280/974/178 262/973/662
f 262/975/662 286/200/171 311/698/526
f 316/833/590 216/194/165 271/834/591
f 316/833/590 303/977/663 250/424/343
f 250/424/343 216/194/165 316/833/590
f 354/706/534 335/927/639 303/977/663
f 336/928/521 374/442/357 301/33/30
f 379/865/525 322/864/522 298/1082/177
f 423/389/317 422/391/318 379/865/525
f 422/391/318 417/390/316 379/865/525
f 433/1083/422 423/1084/317 402/696/524
f 423/1084/317 379/697/525 402/696/524
f 402/1085/524 443/1086/536 433/1087/422
f 443/712/536 402/696/524 355/700/528
f 450/1088/319 390/866/530 442/868/61
f 406/870/321 390/702/530 450/1089/319
f 435/170/145 403/382/311 468/72/66
f 399/383/310 415/1090/312 444/381/313
f 458/893/617 444/381/313 415/1090/312
f 415/1090/312 398/887/202 460/889/615
f 460/889/615 458/893/617 415/1090/312
f 468/72/66 403/382/311 444/381/313
f 457/74/67 514/255/218 523/75/68
f 540/1091/156 517/1092/704 541/1093/667
f 544/1094/369 517/1092/704 540/1091/156
f 540/1095/156 547/905/220 544/546/369
f 565/989/72 541/990/667 517/1096/704
f 565/989/72 517/1096/704 522/844/594
f 495/71/64 518/848/595 549/260/222
f 548/99/88 526/1097/705 525/900/622
f 533/102/91 495/71/64 549/260/222
f 560/1098/706 524/902/624 527/1099/707
f 527/1100/707 528/1101/708 560/1102/706
f 560/1102/706 528/1101/708 550/636/81
f 548/99/88 524/902/624 560/1098/706
f 601/907/628 597/178/151 575/177/150
f 620/734/544 591/186/157 567/187/158
f 620/734/544 638/463/376 691/310/259
f 643/468/252 629/1076/702 628/466/379
f 659/1103/709 644/302/253 679/793/577
f 675/1104/710 659/1103/709 679/793/577
f 679/793/577 644/302/253 682/300/251
f 679/793/577 711/792/576 700/795/579
f 737/651/493 741/645/487 701/1013/255
f 724/647/489 707/646/488 725/1105/711
f 707/646/488 690/1106/385 725/1105/711
f 690/1106/385 720/1017/680 725/1105/711
f 725/1105/711 720/1017/680 736/1015/678
f 736/1015/678 706/1014/548 725/1105/711
f 162/1107/336 54/1108/712 41/1109/713
f 60/1110/714 54/1111/712 162/414/336
f 163/1112/338 69/1113/715 63/1114/716
f 163/1115/338 63/1116/716 60/1117/714
f 78/1118/167 69/1113/715 163/1112/338
f 174/1046/694 29/568/439 78/1119/167
f 177/195/166 174/1120/694 78/196/167
f 174/1120/694 155/1049/695 35/1050/444
f 227/680/513 244/748/551 159/607/469
f 251/824/586 199/860/603 234/39/36
f 203/499/399 199/860/603 251/824/586
f 262/973/662 256/418/176 222/417/168
f 212/415/337 246/421/340 268/691/520
f 212/415/337 271/834/591 237/422/341
f 216/1121/165 237/1122/341 271/1123/591
f 177/195/166 216/194/165 250/424/343
f 250/424/343 248/201/172 195/423/342
f 274/504/7 254/11/9 293/153/133
f 255/13/12 293/153/133 254/11/9
f 335/927/639 304/926/638 303/977/663
f 286/200/171 297/199/170 343/699/527
f 335/927/639 343/699/527 297/199/170
f 322/694/522 336/693/521 252/203/174
f 322/864/522 275/1124/173 298/1082/177
f 341/49/45 391/52/48 284/427/305
f 360/1125/664 284/427/305 391/52/48
f 365/54/50 350/53/49 319/432/348
f 395/228/199 370/230/201 418/890/612
f 426/234/204 418/1126/612 370/232/201
f 431/1127/614 426/237/204 378/236/205
f 431/1128/614 378/238/205 446/1129/613
f 378/238/205 383/240/207 446/1129/613
f 446/1129/613 383/240/207 447/1130/619
f 448/897/209 447/895/619 383/1131/207
f 412/1132/642 472/1067/697 462/457/370
f 474/1133/717 501/1075/701 464/252/215
f 490/1134/693 455/1135/620 507/1136/718
f 507/1136/718 455/1135/620 477/1137/719
f 507/1136/718 477/1137/719 480/1138/720
f 501/1075/701 535/253/216 464/252/215
f 510/1139/721 480/1138/720 481/1140/592
f 510/1139/721 481/1140/592 497/1141/722
f 488/901/623 459/1039/616 524/902/624
f 524/902/624 459/1039/616 527/1099/707
f 459/1039/616 490/1142/693 527/1099/707
f 528/1101/708 527/1100/707 490/1134/693
f 565/80/72 522/1143/594 534/81/71
f 534/78/71 522/844/594 529/82/73
f 542/86/75 529/85/73 508/87/76
f 508/87/76 394/521/415 502/88/77
f 521/557/79 500/1144/314 564/555/431
f 564/555/431 506/1145/723 545/562/433
f 506/1145/723 499/720/363 545/562/433
f 40/1146/600 7/1147/724 57/1148/725
f 76/858/601 7/1149/724 40/857/600
f 115/668/504 53/666/503 57/1150/725
f 128/1151/726 57/1150/725 7/1152/724
f 115/668/504 57/1150/725 128/1151/726
f 128/1151/726 130/936/645 115/668/504
f 7/1152/724 76/1153/601 82/1154/727
f 82/1154/727 38/941/112 6/940/649
f 128/1151/726 7/1152/724 82/1154/727
f 128/1151/726 82/1154/727 6/940/649
f 128/1151/726 106/938/647 130/936/645
f 106/938/647 128/1151/726 6/940/649
f 16/673/508 115/668/504 130/936/645
f 73/675/510 16/673/508 130/936/645
f 73/675/510 130/936/645 91/1155/124
f 91/140/124 130/1156/645 10/1157/644
f 12/937/646 130/936/645 106/938/647
f 32/134/118 91/140/124 10/1157/644
f 10/1157/644 3/1158/648 32/134/118
f 182/1159/330 158/582/453 165/585/331
f 171/1160/696 205/412/334 168/411/333
f 192/1161/339 162/1107/336 41/1109/713
f 162/414/336 163/416/338 60/1110/714
f 216/194/165 78/196/167 163/416/338
f 195/423/342 174/1120/694 177/195/166
f 195/423/342 155/1049/695 174/1120/694
f 142/816/582 24/654/496 197/358/299
f 48/663/502 179/817/583 184/818/584
f 205/419/334 171/1060/696 222/417/168
f 171/1060/696 90/1062/459 222/417/168
f 90/1066/459 201/854/599 222/197/168
f 212/415/337 162/414/336 192/420/339
f 163/416/338 213/413/335 237/422/341
f 216/1121/165 163/1162/338 237/1122/341
f 409/372/139 393/51/47 369/50/46
f 425/166/140 391/1163/48 393/1164/47
f 360/1125/664 391/52/48 429/1165/142
f 358/978/352 360/979/664 429/1166/142
f 452/168/143 358/1167/352 429/167/142
f 391/1163/48 425/166/140 432/165/141
f 432/165/141 429/167/142 391/1163/48
f 472/1168/697 411/55/51 365/54/50
f 365/54/50 392/620/476 472/1168/697
f 566/96/85 537/1169/728 539/545/426
f 566/96/85 543/991/668 537/1169/728
f 473/1170/729 543/994/668 558/996/669
f 501/1075/701 473/1170/729 558/996/669
f 546/997/670 550/636/81 528/1101/708
f 533/173/91 554/172/147 514/255/218
f 523/75/68 554/172/147 568/175/148
f 576/184/155 571/179/152 547/257/220
f 540/1171/156 575/1172/150 576/1173/155
f 567/187/158 540/185/156 541/990/667
f 598/261/223 526/1097/705 587/98/87
f 548/99/88 587/98/87 526/1097/705
f 518/848/595 526/1097/705 598/261/223
f 577/993/596 607/911/373 633/910/630
f 613/268/83 578/852/597 648/461/374
f 648/461/374 578/852/597 649/915/633
f 578/852/597 551/171/146 649/915/633
f 649/915/633 551/171/146 642/914/632
f 642/914/632 602/721/539 617/722/540
f 658/191/162 662/193/164 626/1174/227
f 658/191/162 647/189/160 670/188/159
f 681/190/161 624/1000/672 654/472/382
f 647/189/160 624/1000/672 681/190/161
f 662/282/164 678/303/254 665/283/237
f 688/307/258 620/734/544 691/310/259
f 687/1002/673 684/465/378 708/1175/730
f 708/1175/730 709/1176/731 687/1002/673
f 699/1077/703 669/311/249 723/781/570
f 709/1176/731 694/1003/674 687/1002/673
f 709/1176/731 674/469/250 694/1003/674
f 729/1177/573 674/1178/250 709/1179/731
f 731/1180/686 656/273/230 726/1023/685
f 668/1181/241 656/1182/230 731/1026/686
f 668/288/241 716/779/569 652/277/233
f 730/1183/687 672/289/242 713/778/568
f 30/1035/288 14/1037/692 96/1033/286
f 122/1034/691 96/1033/286 14/1037/692
f 14/1184/692 37/340/285 9/1185/1
f 37/340/285 5/339/2 9/1185/1
f 9/1/1 111/1186/732 14/1037/692
f 111/1186/732 122/1034/691 14/1037/692
f 88/586/456 111/1186/732 141/588/458
f 122/1034/691 111/1186/732 88/586/456
f 124/583/454 122/1034/691 88/586/456
f 17/1045/655 138/1187/733 64/1188/119
f 71/1189/511 64/1188/119 138/1187/733
f 138/1187/733 17/1045/655 15/950/654
f 138/1187/733 15/950/654 135/958/657
f 71/1189/511 21/3/3 5/2/2
f 71/1189/511 13/4/4 21/3/3
f 13/4/4 71/1189/511 138/1187/733
f 135/958/657 13/4/4 138/1187/733
f 135/958/657 134/957/656 101/963/661
f 108/1190/734 135/958/657 101/963/661
f 118/569/440 135/958/657 108/1190/734
f 118/569/440 108/1190/734 63/1116/716
f 135/958/657 118/569/440 13/4/4
f 111/1186/732 9/1/1 13/4/4
f 111/1186/732 13/4/4 98/571/442
f 141/588/458 111/1186/732 98/571/442
f 98/571/442 44/574/445 141/588/458
f 44/574/445 59/590/460 141/588/458
f 29/568/439 13/4/4 118/569/440
f 98/571/442 13/4/4 29/568/439
f 181/756/555 26/960/659 92/144/115
f 183/1191/735 26/960/659 181/756/555
f 42/1192/660 26/1193/659 183/1194/735
f 190/758/557 42/1195/660 183/1191/735
f 51/1196/689 42/1195/660 190/758/557
f 167/1197/690 51/1196/689 190/758/557
f 41/1198/713 167/1199/690 192/420/339
f 457/772/67 407/1200/736 388/881/358
f 407/1200/736 457/772/67 381/1201/42
f 381/1201/42 457/772/67 424/1073/699
f 441/1074/700 381/1201/42 424/1073/699
f 381/46/42 441/1202/700 384/47/43
f 441/1202/700 408/529/56 384/47/43
f 441/1074/700 413/58/54 408/60/56
f 412/1132/642 411/1203/51 472/1067/697
f 396/1204/605 414/930/641 412/931/642
f 412/931/642 473/1205/729 396/1204/605
f 397/863/606 396/862/605 473/1170/729
f 474/1133/717 397/863/606 473/1170/729
f 464/252/215 397/863/606 474/1133/717
f 477/1206/719 455/896/620 485/898/621
f 439/932/643 485/898/621 405/899/210
f 480/1207/720 477/1206/719 485/898/621
f 480/1207/720 485/898/621 439/932/643
f 480/1207/720 439/932/643 486/873/609
f 486/873/609 439/932/643 400/874/610
f 481/838/592 480/1207/720 486/873/609
f 481/838/592 486/873/609 420/872/608
f 481/838/592 420/872/608 434/839/538
f 444/381/313 458/893/617 468/72/66
f 525/900/622 468/1208/66 458/1038/617
f 488/1209/623 525/1210/622 458/1211/617
f 537/1169/728 412/931/642 515/547/372
f 412/931/642 462/1212/370 515/547/372
f 537/1169/728 473/1205/729 412/931/642
f 474/1133/717 473/1170/729 501/1075/701
f 528/1101/708 490/1134/693 507/1136/718
f 507/1136/718 480/1138/720 532/998/671
f 480/1138/720 510/1139/721 532/998/671
f 510/1139/721 497/1141/722 520/89/78
f 514/255/218 489/1213/65 533/173/91
f 555/637/479 557/641/483 530/543/424
f 606/103/92 549/260/222 600/259/221
f 606/103/92 533/102/91 549/260/222
f 548/99/88 560/1098/706 589/265/225
f 589/266/225 560/1102/706 590/267/226
f 560/1102/706 550/636/81 590/267/226
f 624/1000/672 608/100/89 622/104/93
f 587/98/87 608/100/89 624/1000/672
f 624/1000/672 598/261/223 587/98/87
f 715/1012/491 666/471/381 697/918/490
f 701/304/255 697/918/490 680/305/256
f 685/1214/383 690/1106/385 707/646/488
f 718/1215/681 720/1216/680 690/475/385
f 718/1215/681 690/475/385 686/477/386
f 724/1217/489 696/1218/547 653/1219/100
f 725/1220/711 696/1218/547 724/1217/489
f 706/738/548 696/737/547 725/1221/711
f 710/1222/676 705/650/492 737/651/493
f 737/651/493 714/1223/737 710/1222/676
f 746/1224/738 714/1223/737 737/651/493
f 746/1224/738 701/1013/255 732/1225/739
f 737/651/493 701/1013/255 746/1224/738
f 714/1223/737 746/1224/738 722/1226/740
f 722/1226/740 746/1224/738 708/1227/730
f 746/1224/738 732/1225/739 704/1228/260
f 708/1227/730 746/1224/738 743/1229/741
f 746/1230/738 704/312/260 743/1231/741
f 66/595/396 175/597/463 204/17/15
f 194/611/471 147/610/470 157/615/472
f 72/804/272 151/617/474 164/616/473
f 183/1191/735 181/756/555 224/27/24
f 224/27/24 190/758/557 183/1191/735
f 190/759/557 246/421/340 167/1199/690
f 192/420/339 167/1199/690 246/421/340
f 260/425/344 197/358/299 257/360/301
f 225/1232/742 197/358/299 260/425/344
f 249/428/304 225/1232/742 260/425/344
f 215/618/475 188/823/585 270/430/347
f 270/430/347 258/433/349 215/618/475
f 283/208/179 270/430/347 188/823/585
f 242/209/180 283/208/179 188/823/585
f 276/825/587 226/366/306 241/15/14
f 208/609/17 230/22/19 285/763/560
f 235/829/588 215/618/475 258/433/349
f 294/215/186 218/861/604 235/1080/588
f 278/25/22 253/5/5 320/507/406
f 253/5/5 274/7/7 306/835/404
f 308/29/26 310/689/518 224/27/24
f 273/757/556 224/27/24 310/689/518
f 310/689/518 313/227/198 273/757/556
f 315/226/197 273/757/556 313/227/198
f 268/691/520 273/760/556 315/692/197
f 299/426/345 277/761/558 305/155/135
f 329/156/136 305/155/135 232/357/298
f 232/357/298 247/355/296 329/156/136
f 329/156/136 247/355/296 300/762/559
f 400/876/610 363/929/640 332/217/188
f 364/437/353 362/438/351 449/1233/562
f 451/1234/564 364/437/353 449/1233/562
f 388/443/358 364/437/353 451/1234/564
f 407/1235/736 389/440/355 388/443/358
f 445/536/421 470/254/217 516/558/430
f 520/89/78 497/1141/722 521/90/79
f 497/1141/722 500/1236/314 521/90/79
f 502/560/77 445/536/421 516/558/430
f 500/1144/314 506/1145/723 564/555/431
f 484/542/423 385/519/413 529/85/73
f 508/87/76 529/85/73 385/519/413
f 511/1237/60 498/843/59 559/565/436
f 531/987/665 511/1238/60 559/1239/436
f 530/543/424 504/454/368 531/987/665
f 469/1240/322 511/1238/60 531/987/665
f 504/454/368 469/1240/322 531/987/665
f 624/1000/672 647/189/160 598/261/223
f 600/259/221 598/261/223 647/189/160
f 719/1241/683 718/1215/681 686/477/386
f 686/477/386 692/916/634 719/1241/683
f 721/1024/684 663/912/546 706/1242/548
f 721/1024/684 667/913/631 663/912/546
f 667/913/631 721/1024/684 656/273/230
f 721/1024/684 726/1023/685 656/273/230
f 719/1241/683 692/916/634 693/917/635
f 730/1183/687 719/1241/683 693/917/635
f 730/1183/687 693/917/635 672/289/242
f 730/1183/687 713/778/568 739/1243/743
f 745/1244/744 716/1245/569 744/1246/745
f 745/1244/744 747/1247/746 716/1245/569
f 744/1246/745 739/1248/743 702/1249/387
f 739/1248/743 713/1250/568 702/1249/387
f 727/1251/571 729/1177/573 723/1252/570
f 728/1253/572 716/1245/569 747/1247/746
f 727/1251/571 728/1253/572 747/1247/746
f 727/1251/571 747/1247/746 734/1254/575
f 711/1255/576 734/1254/575 747/1247/746
f 729/1177/573 727/1251/571 733/1256/574
f 727/1251/571 734/1254/575 733/1256/574
f 745/1244/744 744/1246/745 735/1257/578
f 745/1244/744 735/1257/578 747/1247/746
f 711/1255/576 747/1247/746 735/1257/578
f 744/1246/745 702/1249/387 735/1257/578
f 41/1258/713 101/963/661 20/1029/688
f 108/1190/734 101/963/661 41/1258/713
f 41/1198/713 20/1259/688 167/1199/690
f 41/1258/713 8/1260/747 108/1190/734
f 8/1260/747 63/1116/716 108/1190/734
f 54/1261/712 8/1260/747 41/1258/713
f 54/1111/712 60/1110/714 8/1262/747
f 63/1116/716 69/1263/715 118/569/440
f 120/570/441 118/569/440 69/1263/715
f 8/1260/747 60/1117/714 63/1116/716
f 120/570/441 69/1263/715 78/1119/167
f 29/568/439 120/570/441 78/1119/167
f 200/198/169 198/679/512 248/201/172
f 256/205/176 275/202/173 217/204/175
f 326/623/477 276/825/587 342/235/203
f 276/825/587 266/14/13 342/235/203
f 328/239/206 245/18/16 333/625/478
f 319/432/348 318/764/187 294/828/186
f 411/55/51 414/930/641 350/53/49
f 318/764/187 350/53/49 414/930/641
f 396/1204/605 318/764/187 414/930/641
f 366/245/211 324/222/193 363/929/640
f 497/1141/722 481/1140/592 478/1264/315
f 497/1265/722 478/386/315 500/385/314
f 506/1145/723 500/1144/314 482/1266/364
f 499/720/363 506/1145/723 482/1266/364
f 461/393/320 511/64/60 469/395/322
f 504/454/368 467/453/367 469/1240/322
f 505/774/565 465/458/371 471/1071/698
f 505/774/565 544/456/369 465/458/371
f 544/1267/369 505/1268/565 517/1269/704
f 505/1270/565 503/1271/419 517/1272/704
f 517/1273/704 503/1274/419 522/1275/594
f 509/776/566 493/73/52 513/256/219
f 542/86/75 569/549/427 609/292/245
f 588/274/231 574/550/428 603/401/324
f 604/727/542 579/561/432 561/563/434
f 580/83/74 584/728/328 553/84/69
f 610/464/377 595/906/627 625/286/240
f 610/464/377 628/466/379 573/564/435
f 628/466/379 629/1076/702 573/564/435
f 631/402/326 638/463/376 582/403/327
f 592/567/438 573/564/435 629/1076/702
f 609/292/245 655/279/234 641/281/236
f 644/302/253 659/1103/709 615/639/481
f 639/723/541 636/909/629 661/295/247
f 636/909/629 615/639/481 659/1103/709
f 678/303/254 698/1276/677 710/1277/676
f 714/1278/737 678/303/254 710/1277/676
f 678/303/254 714/1278/737 671/284/238
f 714/1278/737 722/1279/740 671/284/238
f 732/1280/739 701/308/255 688/307/258
f 688/307/258 691/310/259 732/1280/739
f 732/1280/739 691/310/259 704/312/260
f 722/1279/740 684/465/378 671/284/238
f 722/1279/740 708/1175/730 684/465/378
f 57/1148/725 149/749/552 146/751/553
f 53/1281/503 149/749/552 57/1148/725
f 146/751/553 40/1146/600 57/1148/725
f 76/858/601 160/859/602 82/1282/727
f 38/1283/112 82/877/727 160/1284/602
f 160/859/602 148/129/113 38/128/112
f 73/1285/510 91/140/124 166/139/123
f 207/925/293 28/329/277 191/687/516
f 207/925/293 176/342/287 28/329/277
f 144/338/284 178/346/289 220/353/295
f 152/676/8 153/12/11 211/354/6
f 214/10/10 144/338/284 220/353/295
f 153/12/11 144/338/284 214/10/10
f 179/817/583 142/816/582 197/358/299
f 197/358/299 225/1232/742 179/817/583
f 225/1232/742 184/818/584 179/817/583
f 184/818/584 249/428/304 149/1286/552
f 215/618/475 151/617/474 188/823/585
f 226/366/306 196/362/303 39/483/392
f 226/366/306 39/483/392 241/15/14
f 39/484/392 173/592/462 241/1287/14
f 241/1288/14 173/594/462 66/493/396
f 184/818/584 225/1232/742 249/428/304
f 149/1289/552 249/364/304 231/363/33
f 242/209/180 188/823/585 186/754/554
f 257/360/301 221/359/300 277/761/558
f 265/1290/302 196/1291/303 288/1292/307
f 232/357/298 277/761/558 221/359/300
f 329/156/136 300/762/559 359/369/309
f 359/369/309 300/762/559 352/229/200
f 495/71/64 468/1208/66 518/848/595
f 525/900/622 526/1097/705 468/1208/66
f 518/848/595 468/1208/66 526/1097/705
f 532/998/671 510/1139/721 551/171/146
f 510/1139/721 520/89/78 551/171/146
f 595/906/627 610/464/377 570/903/625
f 573/564/435 570/903/625 610/464/377
f 572/551/429 577/993/596 633/910/630
f 660/462/375 572/551/429 633/910/630
f 632/272/229 572/551/429 660/462/375
f 614/1293/325 572/1294/429 632/1295/229
f 551/171/146 602/721/539 642/914/632
f 677/479/388 675/1104/710 700/795/579
f 679/793/577 700/795/579 675/1104/710
f 22/122/106 24/1296/496 23/125/109
f 161/347/290 52/114/101 31/116/103
f 31/1297/103 45/1298/104 172/1299/461
f 22/349/106 52/114/101 161/347/290
f 222/197/168 201/854/599 200/198/169
f 202/408/332 217/684/175 182/406/330
f 202/409/332 205/412/334 256/1300/176
f 279/210/181 223/497/182 323/621/38
f 323/42/38 229/212/183 309/43/39
f 320/507/406 309/43/39 278/25/22
f 296/44/40 338/224/195 314/213/184
f 308/29/26 314/213/184 338/224/195
f 392/620/476 365/54/50 345/434/350
f 361/41/37 309/43/39 438/528/420
f 438/528/420 309/43/39 320/507/406
f 348/45/41 389/440/355 407/1235/736
f 381/46/42 348/45/41 407/1235/736
f 384/47/43 408/529/56 386/48/44
f 408/529/56 357/223/194 386/48/44
f 539/545/426 537/1169/728 515/547/372
f 537/1169/728 543/991/668 473/1205/729
f 528/1101/708 507/1136/718 546/997/670
f 546/997/670 507/1136/718 532/998/671
f 566/96/85 539/545/426 611/97/86
f 556/1301/425 611/1302/86 539/1303/426
f 577/993/596 558/996/669 543/994/668
f 578/852/597 546/997/670 532/998/671
f 535/253/216 558/996/669 572/551/429
f 655/279/234 609/292/245 664/293/246
f 636/909/629 659/1103/709 675/1104/710
f 661/295/247 636/909/629 677/479/388
f 677/479/388 636/909/629 675/1104/710
f 708/1227/730 743/1229/741 709/1179/731
f 699/1077/703 743/1231/741 704/312/260
f 743/1231/741 699/1077/703 723/781/570
f 743/1229/741 723/1252/570 729/1177/573
f 743/1229/741 729/1177/573 709/1179/731
f 668/1181/241 731/1026/686 744/1246/745
f 716/1245/569 668/1181/241 744/1246/745
f 731/1026/686 730/1027/687 739/1248/743
f 739/1248/743 744/1246/745 731/1026/686
