# Blender 4.3.2
# www.blender.org
mtllib fused_model.mtl
o nut-m4_mesh
v 0.002492 -0.001400 0.000285
v 0.001338 -0.001413 -0.002435
v 0.001487 -0.001384 -0.002231
v -0.001406 -0.001394 -0.002363
v -0.000461 -0.001411 -0.002609
v 0.002196 -0.001248 0.000357
v 0.000441 -0.001290 0.002850
v 0.002350 -0.001283 0.001458
v -0.001181 -0.001278 -0.002783
v 0.002154 -0.001225 0.001696
v -0.002766 -0.001286 0.000327
v -0.002688 -0.001280 -0.001183
v -0.000984 -0.001295 0.002553
v -0.000026 -0.001288 0.002759
v -0.000705 -0.001208 0.001948
v -0.000663 -0.001308 -0.002221
v 0.002438 -0.001332 -0.000471
v -0.000448 -0.001252 0.002173
v 0.001843 -0.001244 0.001433
v 0.002259 -0.001296 -0.000037
v -0.001615 -0.001321 0.002169
v 0.000759 -0.001326 0.002643
v -0.001053 -0.001266 -0.002026
v 0.002065 -0.001286 -0.001151
v -0.000019 -0.001286 -0.002248
v 0.001947 -0.001254 -0.001337
v -0.002027 -0.001285 -0.001992
v -0.002055 -0.001290 -0.001091
v 0.002836 -0.001296 -0.000076
v 0.001228 -0.001300 0.001825
v -0.000297 -0.001308 -0.002853
v 0.000104 -0.001248 0.002166
v 0.000545 -0.001243 0.002072
v 0.001697 -0.001264 0.001597
v 0.002369 -0.001313 0.001060
v 0.001818 -0.001253 0.002123
v 0.002796 -0.001295 -0.000426
v 0.002085 -0.001230 0.001930
v 0.001211 -0.001171 0.002631
v -0.002324 -0.001276 0.000705
v -0.002155 -0.001294 -0.001495
v -0.002125 -0.001261 0.001874
v 0.002160 -0.001250 -0.000767
v -0.002852 -0.001234 -0.000040
v -0.002860 -0.001290 -0.000372
v -0.002069 -0.001214 -0.002109
v 0.002574 -0.001293 0.000997
v -0.002473 -0.001256 0.001283
v -0.001977 -0.001298 -0.001316
v 0.001492 -0.001293 0.002316
v -0.001720 -0.001260 -0.001559
v 0.002290 -0.001321 0.000622
v 0.002680 -0.001314 -0.000739
v -0.001667 -0.001267 -0.002480
v 0.002747 -0.001261 -0.001059
v -0.001377 -0.001236 0.002437
v 0.002524 -0.001259 -0.001398
v -0.000513 -0.001289 0.002592
v -0.002025 -0.001257 0.001241
v 0.001970 -0.001343 -0.001651
v 0.001344 -0.001204 -0.002644
v 0.001301 -0.001236 -0.001735
v -0.002724 -0.001305 -0.000713
v 0.001924 -0.001186 -0.002221
v -0.002159 -0.001250 -0.000756
v 0.002156 -0.001302 -0.001934
v 0.001052 -0.001225 -0.002724
v 0.001030 -0.001339 -0.002044
v 0.001627 -0.001256 -0.001601
v -0.002255 -0.001244 0.000067
v -0.001663 -0.001288 0.001661
v -0.001229 -0.001244 0.001777
v -0.001761 -0.001268 0.001360
v -0.000919 -0.001262 0.001909
v 0.000241 -0.001368 0.002694
v -0.001686 -0.001357 -0.002205
v -0.001061 -0.001345 -0.002224
v 0.000894 -0.001355 0.002112
v -0.001839 -0.001348 0.001922
v 0.002467 -0.001359 -0.000159
v -0.000299 -0.001314 0.002402
v 0.000579 -0.001335 0.002484
v -0.002448 -0.001364 -0.001201
v -0.001395 -0.001304 -0.001753
v 0.000015 -0.001305 0.002515
v -0.001331 -0.001330 -0.001967
v 0.000985 -0.001342 0.002455
v 0.001774 -0.001311 0.001937
v -0.001504 -0.001365 0.002031
v 0.002235 -0.001289 0.001045
v 0.000709 -0.001279 -0.002096
v -0.001317 -0.001320 0.002246
v 0.000015 -0.001344 -0.002485
v -0.001011 -0.001353 0.002358
v 0.002581 -0.001319 0.000611
v 0.000458 -0.001389 -0.002507
v 0.001542 -0.001364 -0.001957
v 0.002656 -0.001379 -0.000107
v -0.000915 -0.001360 -0.002655
v 0.001773 -0.001357 -0.001999
v 0.002710 -0.001336 0.000345
v -0.001146 -0.001378 -0.002605
v 0.001221 -0.001363 0.002233
v -0.002469 -0.001308 -0.000124
v -0.002683 -0.001351 -0.000431
v 0.000744 -0.001352 -0.002563
v -0.002366 -0.001289 -0.000444
v 0.002186 -0.001305 -0.001501
v 0.000026 -0.001340 -0.002725
v -0.002193 -0.001288 0.001579
v -0.002441 -0.001361 -0.000881
v 0.000401 -0.001318 -0.002765
v -0.001468 -0.001180 0.001501
v -0.001531 -0.001089 -0.001453
v 0.002886 -0.001145 0.000475
v 0.000611 -0.001099 -0.001972
v -0.000066 -0.001158 0.002939
v -0.000580 -0.001058 0.002873
v 0.002958 -0.001152 -0.000301
v 0.001381 -0.001136 0.001510
v 0.002304 -0.001145 -0.002015
v 0.002309 -0.001153 0.001898
v 0.001568 -0.001158 0.002501
v -0.000252 -0.001175 0.002839
v -0.001008 -0.001151 0.001731
v 0.000800 -0.001146 -0.002920
v 0.003016 -0.001117 -0.000777
v 0.000747 -0.001159 0.002850
v -0.002955 -0.001053 -0.000752
v -0.002161 -0.001141 -0.000174
v -0.000937 -0.001056 -0.001908
v -0.002019 -0.001110 -0.000566
v -0.001961 -0.001170 0.002207
v -0.002847 -0.001069 -0.001311
v -0.000231 -0.001169 -0.003125
v 0.000080 -0.001117 0.001987
v -0.002627 -0.001210 -0.001512
v 0.000039 -0.001212 -0.003113
v 0.001770 -0.001166 0.001041
v 0.002032 -0.001174 -0.000667
v 0.001719 -0.001190 -0.002416
v -0.001483 -0.001135 -0.002695
v 0.001796 -0.001107 -0.001137
v 0.001554 -0.001085 -0.001395
v -0.002480 -0.001193 0.001620
v -0.001601 -0.001072 0.001206
v -0.002347 -0.001110 0.001882
v 0.002620 -0.001155 0.001267
v 0.002555 -0.001150 -0.001699
v -0.001211 -0.001158 -0.002859
v 0.000579 -0.001087 0.001812
v 0.000400 -0.001192 -0.002090
v -0.000579 -0.000922 -0.001909
v -0.000229 -0.001073 -0.002037
v 0.002814 -0.001191 0.000828
v -0.001624 -0.001107 0.002408
v -0.002972 -0.001191 0.000283
v 0.001085 -0.001124 -0.001758
v -0.001940 -0.001169 -0.001109
v -0.000225 -0.001142 0.002033
v 0.000912 -0.001199 0.001795
v -0.000538 -0.001093 -0.003064
v -0.001996 -0.001120 0.000806
v 0.002124 -0.001161 -0.000362
v -0.002659 -0.001227 0.000777
v -0.002126 -0.001211 0.000980
v 0.002714 -0.001185 -0.001389
v 0.001643 -0.001220 0.001410
v -0.002357 -0.001209 -0.001713
v 0.001947 -0.001178 0.000720
v -0.002794 -0.001048 0.001012
v -0.002231 -0.000934 0.002103
v 0.001133 -0.001004 0.002755
v -0.001837 -0.001057 -0.002558
v 0.000475 -0.001053 -0.003167
v 0.001016 -0.000965 0.001567
v 0.001893 -0.001013 -0.002386
v 0.001976 -0.001041 0.000168
v -0.000901 -0.000969 0.002961
v -0.001716 -0.001033 0.001010
v 0.000183 -0.000937 -0.001916
v 0.003048 -0.000998 -0.000489
v 0.002299 -0.000981 0.002111
v -0.001334 -0.001006 -0.002813
v -0.001987 -0.000937 0.000002
v 0.002555 -0.000934 0.001912
v -0.000166 -0.000925 -0.003264
v -0.003080 -0.001045 0.000407
v 0.001700 -0.000966 0.002536
v 0.002649 -0.001052 0.001561
v -0.001146 -0.000951 0.002884
v -0.001227 -0.000990 -0.001600
v 0.002988 -0.000961 0.000080
v -0.000423 -0.000889 0.003075
v 0.001365 -0.000949 0.001327
v 0.001454 -0.000990 -0.002701
v 0.002787 -0.000957 0.001248
v -0.000943 -0.000976 0.001633
v 0.002895 -0.001012 0.000811
v 0.002891 -0.000992 0.000595
v 0.000545 -0.001022 0.002996
v -0.001376 -0.000924 0.002713
v -0.003013 -0.000941 0.000023
v 0.001939 -0.001000 -0.000413
v -0.002950 -0.001160 0.000539
v 0.001137 -0.001026 -0.002942
v -0.001944 -0.000961 0.002375
v 0.001855 -0.001028 0.000542
v 0.001792 -0.000838 -0.000616
v 0.001668 -0.000864 -0.001020
v -0.002564 -0.000974 -0.002032
v 0.003090 -0.000973 -0.000690
v -0.002083 -0.001015 -0.002394
v 0.001180 -0.000907 -0.001576
v -0.003034 -0.000967 -0.000412
v 0.003021 -0.001037 -0.001160
v -0.002679 -0.000999 -0.001747
v 0.002727 -0.000993 -0.001683
v 0.002551 -0.000978 -0.001879
v -0.000942 -0.001082 -0.002938
v 0.002015 -0.000892 0.002349
v 0.000242 -0.000982 0.001810
v 0.001350 -0.000795 0.002643
v -0.002785 -0.001017 0.001241
v -0.003015 -0.000827 0.001138
v -0.001152 -0.000823 0.001430
v -0.000907 -0.000750 -0.001712
v -0.003030 -0.000833 -0.000149
v 0.000966 -0.000950 -0.003023
v 0.002733 -0.000856 0.001634
v -0.000353 -0.000824 -0.001914
v -0.003103 -0.000772 0.000824
v 0.001743 -0.000839 -0.002485
v -0.000097 -0.000789 0.003266
v 0.000235 -0.000883 0.003122
v 0.000078 -0.000872 -0.003383
v -0.002169 -0.000817 0.002117
v -0.002806 -0.000882 -0.001542
v -0.002625 -0.000886 0.001786
v 0.000386 -0.000825 -0.003380
v 0.003079 -0.000792 -0.000777
v 0.000931 -0.000789 -0.003081
v 0.003091 -0.000849 -0.001113
v -0.002235 -0.000869 -0.002360
v -0.002798 -0.000909 0.001593
v -0.000161 -0.000950 0.003185
v 0.000949 -0.000694 -0.001673
v 0.001471 -0.000856 -0.002714
v 0.002241 -0.000883 -0.002104
v -0.002707 -0.000839 -0.001997
v 0.002911 -0.000828 -0.001576
v -0.000155 -0.000926 0.001848
v 0.001167 -0.000850 -0.002953
v 0.001784 -0.000710 0.000049
v 0.001328 -0.000775 -0.001396
v 0.001655 -0.000961 0.000964
v -0.003110 -0.000849 0.000418
v -0.001641 -0.000802 0.000886
v 0.002868 -0.000729 0.000822
v 0.000847 -0.000776 0.001652
v -0.001247 -0.000926 0.001374
v 0.000635 -0.000835 0.002911
v 0.001004 -0.000885 0.002760
v -0.001605 -0.000779 0.002542
v 0.001792 -0.000791 0.000516
v -0.000568 -0.000957 0.001743
v -0.001834 -0.000883 -0.000810
v -0.001762 -0.000893 -0.001095
v -0.001847 -0.000832 -0.002553
v -0.001809 -0.000857 0.002408
v -0.001800 -0.000816 0.000367
v -0.001384 -0.000742 -0.002689
v -0.000706 -0.000806 -0.003019
v -0.001445 -0.000697 0.001086
v 0.001791 -0.000786 0.002508
v -0.002068 -0.000710 -0.002409
v -0.001047 -0.000754 0.003033
v 0.001000 -0.000625 0.001602
v -0.000341 -0.000681 -0.003081
v -0.002789 -0.000743 -0.001484
v 0.001951 -0.000501 -0.002140
v -0.001781 -0.000545 0.000006
v -0.002748 -0.000744 -0.001907
v -0.001238 -0.000595 -0.001438
v 0.001459 -0.000742 -0.002634
v 0.002252 -0.000734 0.002274
v 0.000749 -0.000826 -0.001797
v -0.000954 -0.000609 -0.002819
v 0.001432 -0.000706 0.001259
v -0.001858 -0.000742 -0.000361
v 0.002655 -0.000682 0.001786
v -0.002983 -0.000669 -0.000156
v -0.002818 -0.000690 0.001680
v -0.002903 -0.000740 -0.000684
v -0.000425 -0.000715 0.003177
v -0.003056 -0.000737 0.000196
v 0.001628 -0.000722 0.000969
v 0.003017 -0.000674 -0.001375
v 0.001775 -0.000631 -0.000248
v 0.001496 -0.000578 -0.001024
v -0.003091 -0.000612 0.001419
v -0.002558 -0.000600 0.001862
v -0.001601 -0.000707 -0.001094
v -0.001467 -0.000493 -0.001189
v -0.002900 -0.000843 -0.001016
v 0.002459 -0.000680 0.002116
v -0.000112 -0.000543 -0.001919
v 0.000251 -0.000717 0.003051
v 0.000104 -0.000731 0.001827
v -0.002680 -0.000667 -0.002115
v 0.002424 -0.000672 -0.001892
v -0.000836 -0.000745 0.001626
v 0.000428 -0.000482 0.001735
v 0.002791 -0.000699 -0.001669
v -0.000272 -0.000729 0.001806
v 0.001766 -0.000657 0.000635
v -0.001696 -0.000697 0.000564
v 0.000050 -0.000401 0.003158
v 0.002117 -0.000642 -0.002047
v -0.000749 -0.000606 -0.001728
v 0.002805 -0.000434 0.000984
v -0.001294 -0.000447 0.001333
v 0.001565 -0.000583 -0.002415
v 0.002980 -0.000602 -0.000492
v 0.000652 -0.000606 0.002782
v -0.002848 -0.000278 -0.000655
v 0.001702 -0.000570 -0.000648
v 0.001073 -0.000633 0.002681
v 0.003083 -0.000614 -0.000860
v -0.003068 -0.000499 0.000416
v 0.001122 -0.000627 -0.002768
v -0.002827 -0.000450 -0.001249
v 0.002908 -0.000622 0.000475
v 0.000195 -0.000467 -0.001812
v -0.002715 -0.000549 -0.001636
v 0.000803 -0.000341 -0.001702
v 0.000714 -0.000530 0.001673
v -0.001739 -0.000643 -0.000689
v -0.001770 -0.000576 -0.002525
v -0.001530 -0.000584 0.000900
v 0.000194 -0.000644 -0.003459
v 0.000372 -0.000514 -0.003369
v 0.000824 -0.000626 -0.003103
v -0.000752 -0.000651 0.003190
v -0.001786 -0.000581 0.002348
v -0.002231 -0.000333 0.001990
v -0.001021 -0.000620 0.003047
v -0.001171 -0.000546 0.002900
v 0.003056 -0.000435 -0.000996
v 0.001748 -0.000510 0.000075
v 0.001259 -0.000436 0.001347
v 0.001718 -0.000439 0.002382
v -0.000761 -0.000489 0.003158
v 0.002795 -0.000451 0.001330
v -0.000968 -0.000216 -0.001574
v 0.000871 -0.000419 -0.002951
v 0.001875 -0.000572 0.002359
v -0.000419 -0.000338 0.003226
v 0.002890 -0.000530 0.000063
v -0.003096 -0.000394 0.001384
v 0.002897 -0.000475 -0.000174
v 0.001328 -0.000541 -0.002556
v -0.000150 -0.000308 0.003215
v 0.000298 -0.000536 0.002933
v 0.002256 -0.000309 0.002213
v 0.000590 -0.000494 -0.001808
v -0.001122 -0.000527 0.001452
v 0.002874 -0.000438 0.000310
v -0.000036 -0.000505 0.001921
v -0.000755 -0.000590 0.001693
v -0.001642 -0.000402 -0.000824
v -0.002846 -0.000472 0.001653
v -0.000678 -0.000335 -0.002946
v 0.001606 -0.000521 0.001126
v -0.000386 -0.000100 -0.001916
v -0.001643 -0.000444 0.000574
v 0.001729 -0.000395 0.000992
v 0.001779 -0.000383 0.000436
v -0.000250 -0.000435 -0.003074
v -0.001742 -0.000376 0.000301
v 0.001380 -0.000534 0.002514
v 0.001190 -0.000492 -0.001389
v 0.002311 -0.000374 -0.001921
v 0.001060 -0.000436 -0.002774
v -0.002517 -0.000478 -0.002204
v 0.000620 -0.000427 -0.003131
v -0.002846 -0.000343 -0.001010
v 0.002624 -0.000445 0.001757
v -0.001573 -0.000414 -0.002554
v -0.001298 -0.000422 -0.002687
v -0.002671 -0.000400 -0.002036
v -0.003155 -0.000338 0.000917
v 0.001397 -0.000282 0.002520
v 0.001393 -0.000394 -0.001116
v 0.002718 -0.000095 0.001456
v 0.001075 -0.000296 0.001510
v 0.003048 -0.000119 -0.001104
v -0.000018 -0.000318 -0.003271
v -0.003038 -0.000369 0.000243
v 0.000431 -0.000284 -0.003261
v 0.002504 -0.000403 -0.001776
v 0.001786 -0.000367 -0.000333
v -0.000976 -0.000272 -0.002781
v 0.001776 0.000001 -0.000437
v -0.001811 -0.000425 -0.000260
v -0.001808 -0.000254 -0.000381
v -0.000459 -0.000290 0.001900
v 0.001542 -0.000241 -0.000885
v 0.002990 -0.000302 -0.000429
v -0.001987 -0.000305 0.002120
v -0.001232 -0.000338 -0.001445
v 0.001786 -0.000229 0.000828
v 0.001868 -0.000143 0.000588
v -0.002338 -0.000343 -0.002262
v 0.000245 -0.000233 0.001897
v -0.000160 -0.000119 -0.003018
v -0.002544 -0.000134 -0.001929
v -0.002566 -0.000215 -0.002041
v 0.001877 -0.000158 0.002319
v -0.000746 -0.000146 0.003037
v -0.001092 -0.000247 0.002878
v 0.001277 -0.000184 0.001422
v -0.001213 -0.000216 -0.002698
v 0.001527 -0.000088 -0.002469
v -0.002932 -0.000390 -0.000416
v -0.003039 -0.000165 0.001315
v 0.001353 -0.000201 -0.001247
v -0.001348 -0.000169 0.001348
v 0.001964 -0.000270 -0.002099
v -0.001485 -0.000161 0.001216
v 0.001510 -0.000251 0.001222
v 0.001065 -0.000233 -0.001469
v -0.001672 -0.000118 -0.000785
v 0.000287 -0.000083 0.002920
v -0.002384 -0.000166 -0.002075
v -0.001624 -0.000154 0.000781
v -0.000789 -0.000138 0.001774
v -0.002772 -0.000293 0.001619
v 0.002476 -0.000170 0.001933
v -0.002024 -0.000078 -0.002442
v -0.002695 -0.000232 -0.001445
v 0.000704 -0.000152 0.002749
v -0.001011 -0.000229 0.001557
v 0.001772 -0.000242 0.000298
v 0.002843 -0.000198 0.000408
v 0.000146 -0.000380 -0.003320
v -0.001373 -0.000320 0.002667
v 0.000685 -0.000225 0.001738
v -0.001783 -0.000135 0.000343
v 0.000262 -0.000095 -0.001836
v -0.001411 -0.000105 -0.001302
v -0.001536 -0.000091 -0.001165
v 0.001763 -0.000182 0.000165
v 0.001061 -0.000087 0.001539
v 0.001220 0.000036 0.002556
v -0.000007 -0.000097 -0.001926
v 0.001377 0.000057 0.001243
v -0.002886 -0.000007 0.001481
v 0.001521 0.000019 0.000987
v 0.000194 -0.000127 -0.003187
v -0.001658 0.000001 -0.002544
v 0.000915 0.000089 -0.002759
v -0.000455 -0.000130 0.003174
v -0.001274 -0.000050 -0.001376
v 0.000648 -0.000015 -0.001831
v -0.000014 -0.000060 0.003123
v 0.002198 -0.000004 0.002161
v 0.000673 -0.000089 -0.003077
v -0.000732 -0.000099 -0.001819
v -0.000827 0.000188 -0.001787
v -0.001867 -0.000122 -0.000063
v -0.000906 -0.000040 -0.002735
v 0.002884 -0.000118 -0.001406
v -0.000452 0.000221 -0.001942
v -0.003094 0.000128 0.000962
v -0.003037 0.000023 0.000519
v -0.001614 -0.000273 0.002455
v -0.000962 0.000032 0.002851
v -0.000044 -0.000080 0.001948
v 0.002699 -0.000231 -0.001636
v 0.001774 -0.000019 0.000360
v -0.002688 -0.000079 -0.001171
v 0.001359 0.000033 -0.001323
v 0.002765 -0.000044 0.001124
v -0.002844 -0.000049 -0.000132
v 0.001086 0.000013 -0.001493
v -0.002546 0.000001 0.001659
v 0.002930 0.000070 -0.000252
v 0.001683 0.000117 -0.000772
v 0.002843 0.000072 0.000686
v -0.001875 0.000149 0.002014
v -0.000329 -0.000000 -0.002944
v 0.002922 0.000193 -0.000388
v -0.001324 0.000207 0.002562
v -0.002684 -0.000102 -0.001454
v -0.003073 0.000141 0.001154
v -0.002544 0.000143 -0.001619
v 0.001214 0.000132 0.001367
v 0.001779 0.000098 0.002375
v -0.000462 0.000155 0.003166
v -0.001945 0.000156 -0.002476
v -0.001846 0.000135 -0.000011
v 0.001910 0.000001 0.000018
v 0.003028 -0.000014 -0.000774
v -0.000285 0.000215 0.003187
v 0.001311 0.000025 -0.002589
v -0.001810 0.000294 -0.000398
v 0.001781 0.000056 -0.002122
v 0.002919 0.000038 0.000383
v 0.002936 0.000138 -0.001275
v 0.000620 0.000087 0.002742
v 0.000391 0.000147 -0.003142
v -0.002393 0.000270 0.001734
v -0.001676 0.000058 -0.000961
v -0.000056 0.000390 -0.001979
v 0.000036 0.000167 0.001913
v 0.001530 0.000067 -0.001088
v -0.001693 0.000121 0.000560
v 0.000875 0.000216 0.001553
v 0.002368 0.000047 -0.001806
v -0.002824 0.000229 -0.000746
v -0.002778 -0.000016 -0.000800
v 0.001640 0.000090 0.000876
v 0.002590 0.000008 0.001731
v 0.001720 0.000126 0.000686
v -0.000047 0.000080 -0.002964
v 0.000166 0.000225 -0.001905
v 0.000166 0.000267 -0.003022
v 0.000644 0.000215 -0.001799
v -0.000684 0.000205 0.003069
v 0.001892 0.000235 0.000136
v 0.002917 0.000258 0.000057
v -0.002623 0.000139 -0.001419
v -0.002077 0.000299 0.001951
v -0.001442 0.000276 -0.001204
v -0.001566 0.000118 0.002334
v 0.001988 0.000449 0.002242
v -0.001458 0.000202 -0.002620
v -0.002785 0.000281 0.001420
v 0.000679 0.000282 -0.003023
v -0.000081 0.000116 0.003138
v -0.000951 0.000233 0.001616
v 0.002735 0.000178 -0.001416
v 0.000215 0.000196 0.002955
v 0.002470 0.000097 0.001806
v -0.001204 0.000270 -0.001498
v 0.001263 0.000311 -0.001360
v 0.002556 0.000232 -0.001589
v -0.001072 0.000198 -0.002698
v -0.000886 0.000431 -0.002773
v -0.000581 0.000167 -0.002908
v -0.001155 0.000124 -0.001565
v 0.002631 0.000244 0.001483
v 0.001514 0.000172 -0.002439
v -0.000342 0.000441 -0.003052
v -0.002535 0.000414 -0.001756
v 0.000503 0.000135 0.001853
v -0.002230 0.000408 -0.002135
v -0.000780 0.000483 0.001702
v 0.002804 0.000384 0.000928
v 0.001769 0.000195 0.000443
v 0.002890 0.000431 0.000622
v -0.001948 0.000369 -0.002419
v -0.000078 0.000294 -0.002952
v 0.001010 0.000306 0.002729
v -0.001733 0.000554 -0.002546
v -0.001795 0.000356 0.000384
v 0.001416 0.000432 -0.002591
v 0.001628 0.000443 0.002491
v -0.002727 0.000294 -0.001106
v 0.002386 0.000513 0.002012
v -0.000050 0.000437 0.003207
v -0.001575 0.000280 0.001061
v -0.002704 0.000353 -0.001472
v 0.001760 0.000275 -0.000418
v 0.003012 0.000369 -0.001103
v 0.000952 0.000271 -0.001593
v 0.001499 0.000416 -0.001109
v 0.001858 0.000422 -0.002088
v 0.002886 0.000327 0.000259
v 0.000344 0.000458 -0.003094
v -0.001385 0.000266 0.001259
v -0.002393 0.000539 -0.001958
v -0.002938 0.000493 -0.000235
v 0.000587 0.000397 0.002801
v -0.001769 0.000351 -0.000747
v 0.002235 0.000299 0.002128
v -0.000522 0.000274 0.001756
v 0.002143 0.000485 -0.001930
v 0.000162 0.000326 0.001917
v -0.003020 0.000281 0.000409
v -0.001415 0.000294 0.002455
v -0.000659 0.000407 0.003017
v -0.000970 0.000337 0.002798
v 0.000764 0.000438 0.001637
v 0.002862 0.000471 -0.000005
v 0.000948 0.000453 0.002754
v 0.001774 0.000393 0.000604
v -0.001867 0.000465 0.002160
v 0.001100 0.000453 0.001453
v -0.001640 0.000588 0.000967
v 0.000931 0.000306 -0.002761
v -0.003009 0.000522 0.000266
v -0.002861 0.000606 -0.000521
v -0.001193 0.000459 0.001369
v 0.000623 0.000464 -0.003083
v -0.001648 0.000430 -0.000984
v 0.002876 0.000455 -0.001289
v 0.002588 0.000419 0.001651
v 0.000185 0.000553 0.003181
v 0.000231 0.000412 0.003009
v 0.002800 0.000476 0.001499
v 0.001660 0.000442 -0.002336
v 0.001432 0.000705 0.001193
v -0.001312 0.000514 -0.002543
v 0.001528 0.000443 0.001109
v 0.002794 0.000290 0.001182
v 0.000286 0.000459 -0.001858
v -0.000990 0.000543 0.002721
v -0.003024 0.000596 0.000936
v 0.002411 0.000464 -0.001800
v -0.000067 0.000532 0.001916
v -0.002948 0.000603 0.001154
v 0.001861 0.000612 -0.000142
v 0.001766 0.000390 -0.000774
v -0.001279 0.000489 -0.001460
v -0.000864 0.000440 -0.001738
v -0.002986 0.000405 0.000677
v 0.000714 0.000662 -0.001795
v -0.001685 0.000444 0.000666
v -0.000544 0.000496 -0.001877
v -0.002131 0.000620 0.001994
v -0.000070 0.000569 -0.003063
v 0.000153 0.000483 -0.003061
v 0.000995 0.000543 -0.002807
v 0.001881 0.000522 0.000348
v -0.001486 0.000712 -0.001166
v -0.001610 0.000528 0.002369
v -0.002787 0.000687 -0.001253
v 0.002966 0.000715 -0.000605
v -0.001834 0.000766 0.000394
v -0.002698 0.000531 0.001459
v -0.001929 0.000734 0.000098
v 0.001221 0.000793 0.002667
v 0.002864 0.000632 0.000350
v -0.002101 0.000624 -0.002334
v 0.000810 0.000503 -0.002993
v 0.001526 0.000855 -0.002588
v 0.003008 0.000631 -0.001135
v -0.000794 0.000526 0.002937
v -0.000930 0.000608 0.001523
v 0.000384 0.000618 0.003057
v -0.002733 0.000847 -0.001438
v 0.001656 0.000648 0.000960
v -0.002769 0.000567 -0.000796
v -0.000475 0.000715 0.001815
v 0.001782 0.000702 -0.000611
v 0.001008 0.000648 -0.001550
v -0.001922 0.000629 -0.000413
v 0.000763 0.000659 0.002961
v -0.000890 0.000721 -0.001811
v -0.001105 0.000533 -0.002627
v 0.001191 0.000709 -0.001485
v -0.000344 0.000560 -0.001917
v 0.000396 0.000725 0.001736
v -0.000481 0.000782 -0.003055
v 0.002896 0.000652 -0.000338
v -0.002491 0.000570 0.001647
v -0.002804 0.000703 0.001443
v -0.001784 0.000669 0.000543
v 0.002978 0.000733 0.000763
v 0.000932 0.000762 0.001547
v -0.001272 0.000744 0.001384
v -0.000415 0.000630 0.003053
v 0.001850 0.000710 0.000430
v 0.001902 0.000628 0.000123
v -0.001511 0.000748 0.001173
v 0.000014 0.000739 -0.001966
v -0.001500 0.000717 -0.002522
v -0.000320 0.000850 0.003172
v -0.000049 0.000812 0.003266
v -0.000679 0.000718 0.002978
v 0.000291 0.000848 -0.001894
v 0.000627 0.000892 -0.001897
v 0.002553 0.000896 0.001830
v -0.002550 0.000675 -0.001887
v 0.001449 0.000890 0.002551
v -0.002991 0.000897 0.000779
v -0.001117 0.000839 -0.002642
v 0.000100 0.000768 -0.003199
v 0.000608 0.000705 -0.003044
v -0.000650 0.000512 -0.002881
v 0.000819 0.000834 -0.002953
v 0.001892 0.000768 0.002367
v 0.001918 0.000743 -0.002266
v 0.001809 0.000699 -0.000382
v -0.002986 0.001006 0.000257
v 0.002092 0.000818 0.002170
v -0.001239 0.000697 -0.001498
v 0.001333 0.000615 -0.001354
v 0.000132 0.000751 0.003268
v 0.001637 0.000852 -0.000927
v 0.000413 0.000830 -0.003128
v -0.000529 0.000831 -0.001871
v 0.002631 0.000560 -0.001539
v 0.002527 0.000743 -0.001783
v -0.001789 0.000631 -0.000870
v 0.002373 0.000744 -0.001925
v 0.000119 0.000766 0.001864
v 0.002915 0.000695 0.001440
v 0.002919 0.000629 0.001095
v -0.001877 0.000930 0.002105
v 0.002936 0.000722 0.000096
v -0.002607 0.000883 0.001640
v -0.002923 0.000855 0.001403
v -0.001742 0.000831 -0.000973
v -0.000288 0.000968 -0.003099
v -0.002984 0.000916 0.001258
v -0.002045 0.000878 -0.002397
v -0.000923 0.000859 0.002805
v -0.001070 0.000870 -0.001671
v 0.001933 0.000825 -0.000209
v 0.002973 0.000850 -0.001366
v -0.003029 0.000784 0.000338
v 0.002903 0.000735 -0.001443
v 0.000428 0.000777 0.003092
v -0.000763 0.000722 0.001807
v 0.002908 0.000847 0.000334
v 0.002346 0.000960 0.002004
v 0.002692 0.000705 0.001666
v -0.002663 0.000907 -0.001797
v 0.002220 0.000745 -0.002043
v -0.001399 0.000883 0.002577
v 0.001320 0.000876 0.001304
v -0.000294 0.000817 -0.001972
v -0.002933 0.001002 -0.000202
v -0.000237 0.000850 0.001883
v -0.002338 0.000760 -0.002156
v 0.000935 0.000849 0.002806
v -0.001878 0.000904 -0.000610
v 0.001768 0.000866 -0.002400
v 0.001193 0.000829 -0.002693
v -0.001134 0.000937 0.001489
v 0.002901 0.001043 0.000100
v -0.001320 0.001149 -0.002525
v 0.000140 0.000926 0.003195
v 0.001834 0.000906 -0.000576
v 0.001970 0.000932 -0.002233
v 0.001144 0.000919 0.001486
v -0.002326 0.000926 0.001905
v 0.000481 0.000928 0.003007
v 0.001406 0.000897 -0.001267
v 0.001568 0.001116 0.001208
v -0.001790 0.000813 0.000850
v -0.000964 0.000989 -0.002706
v -0.000746 0.001100 0.001860
v -0.000980 0.001139 0.001737
v -0.000503 0.000913 0.001855
v 0.000699 0.000810 0.003012
v 0.002954 0.000924 -0.001054
v 0.001151 0.000862 -0.001511
v 0.001773 0.000921 0.000831
v -0.000854 0.000983 -0.001830
v -0.002814 0.001024 -0.000985
v 0.000287 0.001178 0.001948
v 0.002699 0.000895 0.001585
v -0.002444 0.000942 -0.002086
v 0.002883 0.000886 0.001310
v 0.000740 0.000977 0.001729
v 0.001044 0.001101 -0.001750
v 0.002936 0.000899 0.000780
v -0.000071 0.000905 -0.003182
v 0.001996 0.001059 0.000258
v 0.001986 0.001082 0.000032
v 0.002931 0.001010 -0.000767
v 0.002556 0.000962 -0.001777
v -0.001732 0.001057 -0.002382
v 0.002764 0.000974 -0.001647
v -0.001870 0.000880 0.000663
v 0.001898 0.001017 0.002244
v -0.000220 0.001028 0.003178
v -0.000505 0.001012 0.003015
v -0.001366 0.000957 -0.001477
v 0.000823 0.001017 -0.002913
v 0.002882 0.001047 -0.001331
v -0.001211 0.001110 0.002603
v 0.002477 0.001066 0.001821
v 0.000678 0.001245 0.002681
v 0.001191 0.001128 0.002504
v 0.002021 0.001118 -0.000229
v 0.000070 0.001078 0.001932
v -0.002942 0.001000 0.000945
v -0.001863 0.001150 0.000996
v -0.002020 0.001144 0.000339
v 0.001344 0.001115 -0.002553
v -0.002082 0.001035 -0.000188
v -0.001513 0.001031 -0.001268
v -0.000691 0.000943 0.002966
v -0.000471 0.001161 -0.002947
v 0.000055 0.000948 -0.003203
v 0.000329 0.001058 -0.003100
v 0.001898 0.000882 0.000555
v 0.002907 0.000914 -0.000294
v 0.002809 0.001087 -0.000378
v -0.001710 0.001264 0.001283
v 0.002752 0.001010 0.001303
v 0.002823 0.001019 0.000629
v -0.002836 0.001065 0.001402
v -0.000746 0.001148 0.002820
v -0.001278 0.001157 0.001528
v 0.000887 0.001146 0.001787
v -0.001960 0.001186 -0.002215
v -0.001507 0.001180 -0.001530
v 0.000589 0.001133 -0.002003
v -0.001559 0.001049 0.002353
v 0.002815 0.001066 0.000306
v 0.000012 0.001197 0.002970
v 0.000886 0.001212 -0.001971
v -0.002665 0.001243 0.000982
v 0.000860 0.001293 0.002552
v -0.002789 0.001247 0.000641
v -0.002937 0.001155 0.000339
v 0.002152 0.001163 0.001989
v -0.002811 0.001176 -0.000739
v 0.001382 0.001133 -0.001448
v -0.001028 0.001103 0.002678
v 0.002742 0.001167 -0.001460
v -0.001855 0.001158 0.002089
v 0.000322 0.001167 0.002859
v 0.001504 0.001251 0.002302
v -0.001031 0.001129 -0.001790
v -0.002145 0.001242 0.000146
v 0.001331 0.001138 0.001487
v -0.002697 0.001105 -0.001437
v -0.002542 0.001197 -0.001736
v -0.002527 0.001089 0.001637
v 0.000669 0.001170 -0.002876
v 0.002479 0.001229 0.001437
v 0.001793 0.001136 -0.000903
v -0.000456 0.001120 -0.002057
v -0.002042 0.001154 -0.000425
v -0.002429 0.001138 -0.002004
v 0.002193 0.001268 -0.001757
v -0.002188 0.001252 0.001836
v -0.000867 0.001173 -0.002668
v 0.002199 0.001048 -0.001975
v -0.000204 0.001072 -0.002049
v 0.001835 0.001255 0.001064
v 0.002661 0.001124 0.000777
v 0.001989 0.001230 0.000656
v -0.001837 0.001141 -0.000969
v -0.000360 0.001231 0.002008
v -0.002029 0.001175 0.000694
v -0.000965 0.001341 0.002477
v 0.000143 0.001315 0.002730
v 0.002666 0.001278 -0.000630
v -0.000626 0.001284 0.002706
v 0.001078 0.001329 0.002318
v -0.001688 0.001236 -0.001279
v 0.001244 0.001274 0.001676
v -0.002557 0.001297 -0.001298
v 0.002109 0.001309 -0.000281
v -0.001154 0.001252 0.001666
v -0.001918 0.001296 0.001956
v -0.001416 0.001272 -0.001671
v -0.000446 0.001293 -0.002766
v 0.000050 0.001250 -0.002918
v -0.002398 0.001295 0.001407
v 0.002104 0.001287 0.001765
v 0.002631 0.001281 0.000328
v 0.001487 0.001269 -0.001479
v 0.001813 0.001318 -0.001134
v 0.001625 0.001308 -0.001225
v 0.002471 0.001241 0.001158
v 0.000087 0.001312 -0.002130
v -0.000290 0.001262 0.002836
v 0.002562 0.001310 0.000649
v 0.002443 0.001206 -0.001497
v -0.000848 0.001267 -0.001974
v 0.001101 0.001279 -0.001869
v 0.002679 0.001303 0.000008
v -0.001609 0.001324 0.002113
v 0.001501 0.001295 0.001485
v 0.002132 0.001305 0.000302
v 0.001996 0.001304 -0.000731
v -0.001962 0.001305 -0.002054
v -0.002763 0.001285 -0.000403
v -0.001311 0.001337 0.002259
v -0.002320 0.001304 -0.000130
v 0.001944 0.001348 -0.001835
v 0.001706 0.001310 0.001299
v -0.000041 0.001283 0.002007
v -0.001590 0.001331 -0.002142
v 0.001808 0.001253 0.002067
v -0.002494 0.001289 0.000988
v -0.001323 0.001282 -0.002420
v -0.002395 0.001245 -0.001826
v 0.001765 0.001216 -0.002160
v -0.001974 0.001292 0.001055
v 0.000539 0.001255 0.001913
v 0.000874 0.001291 0.001920
v -0.000808 0.001278 0.001956
v -0.002009 0.001279 -0.000839
v -0.000352 0.001266 -0.002189
v -0.000734 0.001295 -0.002551
v -0.002214 0.001296 -0.000448
v -0.002668 0.001297 -0.000849
v 0.000503 0.001279 -0.002169
v -0.002784 0.001294 0.000174
v 0.000455 0.001251 -0.002847
v 0.000764 0.001340 -0.002609
v 0.001516 0.001272 -0.002254
v 0.001074 0.001310 -0.002467
v -0.001093 0.001425 0.002234
v -0.000857 0.001406 0.002240
v -0.001087 0.001400 0.001882
v -0.001655 0.001416 0.001907
v -0.001521 0.001404 0.001760
v -0.001323 0.001401 0.002052
v -0.001326 0.001388 0.001824
v 0.000462 0.001351 -0.002406
v 0.001875 0.001260 -0.000974
v -0.000003 0.001323 -0.002621
v 0.002013 0.001353 0.001029
v 0.002212 0.001381 0.000936
v -0.002095 0.001371 -0.001068
v 0.001492 0.001356 -0.001699
v -0.001722 0.001354 0.001398
v -0.002501 0.001352 0.000690
v 0.001669 0.001314 0.001442
v -0.002513 0.001359 -0.000812
v 0.002195 0.001334 -0.001261
v 0.002663 0.001298 -0.001014
v 0.002224 0.001351 0.000661
v -0.000615 0.001342 0.002570
v -0.002028 0.001352 -0.001309
v -0.002449 0.001386 0.000334
v 0.002580 0.001251 -0.001324
v 0.000296 0.001393 0.002537
v 0.002160 0.001333 0.001363
v -0.002171 0.001297 0.000797
v -0.001130 0.001376 -0.002272
v -0.002054 0.001374 -0.001793
v -0.001598 0.001330 -0.001759
v -0.000811 0.001358 -0.002210
v 0.002301 0.001372 0.000142
v 0.001760 0.001345 -0.001330
v -0.000554 0.001316 -0.002399
v -0.001188 0.001329 -0.001897
v -0.000501 0.001334 0.002224
v 0.001172 0.001332 -0.001964
v 0.000897 0.001336 -0.002261
v -0.002590 0.001356 -0.000014
v 0.000886 0.001342 0.002068
v -0.000249 0.001365 -0.002369
v 0.001401 0.001366 0.001813
v 0.001332 0.001351 -0.002116
v -0.000027 0.001345 0.002125
v 0.001405 0.001369 0.002085
v 0.001775 0.001326 0.001865
v -0.002294 0.001331 -0.001428
v -0.001867 0.001387 0.001762
v -0.002126 0.001385 0.001573
v 0.000440 0.001373 0.002212
v 0.002474 0.001391 -0.000240
v -0.002075 0.001387 0.001344
v 0.000827 0.001368 0.002391
v 0.002196 0.001364 -0.000578
v -0.002495 0.001375 -0.000150
v 0.002481 0.001349 -0.000676
vn -0.5232 -0.8267 -0.2068
vn -0.9274 -0.3437 -0.1478
vn -0.8694 -0.4093 -0.2768
vn -0.5195 -0.7757 -0.3583
vn -0.0896 -0.9893 -0.1155
vn -0.3127 -0.9028 -0.2952
vn -0.0221 -0.9912 -0.1309
vn -0.5828 -0.6177 -0.5280
vn -0.3610 -0.9002 -0.2436
vn -0.4614 -0.7868 -0.4099
vn 0.7490 -0.6187 0.2373
vn 0.4188 -0.8933 0.1630
vn 0.7171 -0.6126 0.3324
vn 0.3324 -0.9362 0.1146
vn 0.5554 -0.5619 0.6129
vn 0.2197 -0.9261 0.3069
vn -0.3626 0.0772 -0.9287
vn -0.4120 -0.4792 -0.7750
vn -0.5357 -0.3430 -0.7716
vn -0.2794 -0.3267 -0.9029
vn -0.2718 -0.0916 -0.9580
vn 0.6056 0.1275 0.7855
vn 0.5804 0.0097 0.8143
vn 0.5830 -0.2253 0.7806
vn 0.4458 -0.1255 0.8863
vn 0.4756 0.1048 0.8734
vn 0.1306 -0.2498 0.9594
vn 0.2007 0.1144 0.9730
vn -0.4968 0.1860 -0.8477
vn -0.7525 -0.1195 -0.6477
vn -0.8710 0.3182 -0.3744
vn -0.3775 0.0978 -0.9208
vn -0.5284 0.2813 -0.8010
vn -0.3038 0.1157 -0.9457
vn -0.5248 0.0799 -0.8475
vn -0.9871 0.0554 -0.1503
vn -0.9708 0.1802 -0.1584
vn -0.9689 0.1251 -0.2137
vn -0.9664 0.2114 -0.1461
vn -0.9532 0.2343 -0.1912
vn -0.9762 0.1127 -0.1851
vn -0.9661 0.2204 -0.1345
vn -0.9678 0.1985 -0.1549
vn -0.7933 0.4195 -0.4413
vn 0.7556 0.0175 0.6548
vn 0.8178 0.0592 0.5725
vn 0.7850 -0.1540 0.6000
vn 0.5176 0.1668 0.8392
vn 0.2324 0.0154 0.9725
vn -0.6016 0.3849 -0.6999
vn 0.3242 -0.0925 0.9414
vn 0.3746 0.0234 0.9269
vn 0.4313 -0.0315 0.9017
vn 0.5971 0.1164 0.7937
vn 0.5379 0.0194 0.8428
vn 0.4924 0.1939 0.8485
vn 0.7854 0.2313 0.5741
vn -0.2585 0.0987 -0.9609
vn 0.0119 -0.0973 -0.9952
vn 0.0520 -0.0139 -0.9986
vn -0.4182 -0.0744 -0.9053
vn -0.4122 0.0466 -0.9099
vn -0.5423 -0.0270 -0.8397
vn -0.4773 -0.1244 -0.8699
vn 0.0040 -0.1375 0.9905
vn -0.0500 0.0202 0.9985
vn 0.2934 -0.1540 0.9435
vn -0.5459 0.1638 0.8217
vn -0.2648 0.0826 0.9608
vn -0.5039 0.1406 0.8522
vn -0.5690 0.0524 0.8207
vn -0.6376 0.2644 0.7236
vn -0.5952 0.1304 0.7929
vn -0.6478 0.0121 0.7617
vn -0.2408 0.0438 0.9696
vn -0.3437 -0.0452 0.9380
vn -0.4116 0.1906 0.8912
vn -0.6178 0.0617 0.7839
vn -0.6488 0.0061 0.7610
vn -0.5525 0.0673 0.8308
vn -0.5474 0.1465 0.8239
vn -0.7172 -0.0076 0.6968
vn -0.9494 0.2106 -0.2330
vn -0.9928 0.1168 -0.0256
vn -0.9612 0.0345 -0.2736
vn 0.7040 -0.3206 0.6337
vn 0.7844 0.1713 0.5961
vn 0.6885 -0.0315 0.7245
vn 0.7641 -0.4450 0.4670
vn 0.7106 -0.0612 0.7009
vn 0.9437 0.0261 0.3299
vn 0.9344 -0.3083 0.1783
vn 0.9497 -0.3121 0.0273
vn 0.9530 -0.2838 0.1063
vn 0.9883 -0.1522 0.0110
vn 0.9998 -0.0021 -0.0201
vn 0.8022 0.5962 0.0331
vn 0.9051 0.4199 0.0666
vn 0.5105 0.8598 0.0057
vn 0.4491 0.8860 -0.1157
vn 0.7984 0.5572 -0.2281
vn 0.4506 0.7742 -0.4444
vn 0.0792 0.9960 -0.0417
vn 0.3428 0.8570 -0.3847
vn 0.4156 0.8186 -0.3964
vn 0.2015 0.9286 -0.3117
vn 0.2548 0.9244 -0.2838
vn 0.4885 0.5659 -0.6641
vn -0.0397 -0.8776 0.4778
vn -0.1600 -0.8570 0.4898
vn -0.1028 -0.6291 0.7705
vn -0.0046 -0.9916 0.1294
vn 0.0387 -0.9987 0.0330
vn 0.0693 -0.9721 -0.2239
vn -0.2134 -0.9022 0.3748
vn 0.2623 -0.9263 -0.2705
vn 0.0329 -0.9768 -0.2114
vn 0.1230 -0.9064 -0.4041
vn 0.0246 -0.8071 -0.5899
vn -0.0541 -0.9786 0.1986
vn 0.1972 -0.9618 -0.1901
vn 0.2411 -0.9604 -0.1399
vn 0.5332 -0.5820 -0.6140
vn 0.3708 -0.6099 -0.7004
vn 0.4568 -0.6851 -0.5673
vn 0.3628 -0.8866 -0.2868
vn 0.1441 -0.7852 -0.6023
vn -0.5294 -0.5255 -0.6660
vn -0.3913 -0.7470 -0.5375
vn -0.2167 -0.7066 -0.6736
vn 0.2003 -0.5291 0.8246
vn 0.2808 -0.8246 0.4911
vn 0.0878 -0.8997 0.4276
vn 0.0285 -0.6085 0.7930
vn -0.2606 -0.4779 -0.8388
vn -0.0449 -0.8900 -0.4537
vn -0.2344 -0.6691 -0.7052
vn 0.9691 -0.2273 0.0960
vn 0.8080 -0.5116 -0.2922
vn 0.9933 0.0839 0.0796
vn 0.9810 -0.1463 -0.1272
vn 0.7702 -0.2006 -0.6054
vn 0.6386 -0.5501 -0.5382
vn 0.6046 -0.1865 -0.7744
vn -0.4179 0.1282 -0.8994
vn -0.3795 0.2822 -0.8811
vn -0.3984 -0.1141 -0.9101
vn -0.9381 -0.3445 -0.0350
vn -0.9844 -0.1639 0.0635
vn -0.7804 -0.6202 0.0797
vn -0.8686 -0.4361 0.2354
vn -0.9859 0.0398 -0.1625
vn -0.9935 0.0879 -0.0721
vn -0.9705 0.2055 -0.1261
vn -0.9803 0.1618 -0.1137
vn -0.9674 0.1423 -0.2094
vn -0.9862 -0.0622 -0.1536
vn -0.9339 -0.3434 0.1000
vn -0.8680 -0.2910 0.4023
vn -0.9995 0.0264 -0.0158
vn 0.5752 0.2652 -0.7738
vn 0.5272 0.3146 -0.7893
vn 0.5443 0.1556 -0.8243
vn 0.6102 0.0820 -0.7880
vn 0.4167 0.2535 -0.8730
vn -0.0362 0.4354 -0.8995
vn 0.3064 0.3084 -0.9006
vn 0.6788 0.2398 -0.6940
vn 0.5814 0.1187 -0.8049
vn 0.5886 0.0659 -0.8057
vn 0.6943 -0.0063 -0.7197
vn 0.4835 0.0115 -0.8753
vn 0.6585 0.1223 -0.7426
vn 0.6282 0.1211 -0.7685
vn 0.9695 0.0653 -0.2361
vn 0.9866 0.0827 0.1407
vn 0.9757 0.0459 -0.2141
vn 0.7861 0.0596 -0.6152
vn 0.7690 0.1880 -0.6109
vn 0.6296 0.1275 -0.7664
vn 0.7151 -0.0373 -0.6980
vn 0.5869 0.0490 -0.8082
vn 0.5280 -0.1052 -0.8427
vn 0.0127 0.1954 -0.9806
vn -0.2822 0.2030 -0.9376
vn -0.3602 0.0377 -0.9321
vn -0.0648 0.0223 -0.9976
vn -0.9815 -0.0523 -0.1842
vn -0.9854 -0.0242 -0.1685
vn -0.9761 -0.1376 -0.1683
vn -0.7739 -0.3220 -0.5453
vn -0.7253 -0.2255 -0.6505
vn -0.8918 -0.1140 -0.4378
vn 0.9519 0.2258 0.2072
vn 0.9266 0.1760 0.3322
vn 0.8816 0.1558 0.4455
vn 0.9631 0.1905 0.1899
vn 0.7713 0.2246 0.5955
vn 0.8127 0.1668 0.5583
vn -0.1627 0.1079 0.9808
vn -0.1141 0.2153 0.9699
vn -0.8275 0.2042 0.5230
vn -0.8076 0.0150 0.5895
vn -0.5984 0.2368 0.7654
vn 0.0655 0.1570 -0.9854
vn -0.0469 0.2838 -0.9577
vn -0.1957 0.0801 -0.9774
vn -0.1328 0.5714 -0.8099
vn -0.3283 0.0687 -0.9421
vn -0.4693 -0.0399 -0.8821
vn -0.2551 0.3950 -0.8825
vn 0.6990 0.5568 -0.4487
vn 0.8378 0.4046 -0.3666
vn 0.8766 0.4349 -0.2059
vn 0.8262 0.5311 -0.1879
vn 0.9270 0.3166 -0.2009
vn 0.9339 0.2926 -0.2055
vn 0.3511 0.7150 0.6045
vn 0.3167 0.5937 0.7398
vn 0.3807 0.2813 0.8809
vn 0.3780 0.1564 0.9125
vn 0.4990 0.4681 0.7293
vn 0.3574 0.8111 0.4630
vn 0.4467 0.6849 0.5757
vn 0.5547 0.2641 0.7890
vn -0.1633 0.7160 -0.6788
vn -0.2671 0.5547 -0.7880
vn 0.5101 0.7735 0.3761
vn 0.6968 0.3876 0.6035
vn 0.3798 0.7990 0.4663
vn 0.4465 0.4668 0.7634
vn 0.1863 0.9076 0.3762
vn 0.3624 0.7112 0.6023
vn 0.2765 0.4905 0.8264
vn -0.2763 0.6548 -0.7035
vn -0.5900 0.5908 -0.5503
vn -0.2663 0.8590 -0.4372
vn -0.1482 0.8482 -0.5084
vn -0.0400 0.9876 -0.1520
vn -0.0553 0.9836 -0.1719
vn -0.3420 0.7588 -0.5543
vn 0.1169 0.9736 0.1961
vn -0.3895 0.8075 -0.4431
vn 0.1812 0.9771 0.1117
vn 0.2706 0.9321 0.2409
vn -0.0541 0.9952 -0.0816
vn 0.1479 0.9841 0.0984
vn -0.6203 -0.6992 0.3553
vn -0.2769 -0.9591 0.0596
vn -0.5623 -0.7993 0.2120
vn -0.1672 -0.6251 0.7624
vn -0.4735 -0.5355 0.6993
vn -0.1704 -0.8721 0.4588
vn -0.1010 -0.7355 0.6700
vn -0.2083 -0.7985 0.5648
vn -0.2344 -0.5758 0.7832
vn -0.5287 -0.6001 0.6003
vn -0.7365 -0.5115 0.4427
vn -0.5370 -0.7939 0.2851
vn -0.6801 -0.7145 0.1639
vn 0.4424 -0.2622 0.8576
vn 0.3258 0.2536 0.9108
vn 0.3549 -0.0914 0.9304
vn 0.0249 -0.3773 -0.9258
vn -0.1445 -0.3988 -0.9056
vn -0.1041 -0.7814 -0.6153
vn -0.2979 0.1336 -0.9452
vn -0.2344 -0.5632 -0.7924
vn -0.3901 0.0322 -0.9202
vn -0.4388 -0.3201 -0.8396
vn 0.5566 -0.0904 -0.8259
vn 0.5504 0.0732 -0.8317
vn 0.5019 -0.0092 -0.8649
vn 0.5682 -0.4274 -0.7032
vn 0.7316 0.1396 -0.6673
vn 0.7691 -0.2528 -0.5869
vn -0.1544 0.1270 -0.9798
vn 0.1832 0.1207 -0.9756
vn -0.0574 0.2222 -0.9733
vn 0.8830 -0.1371 -0.4489
vn 0.7420 -0.5202 -0.4229
vn 0.8654 -0.4084 -0.2904
vn 0.8106 -0.5565 -0.1822
vn 0.9650 -0.1983 -0.1717
vn -0.1469 -0.0222 -0.9889
vn 0.6250 0.2937 -0.7233
vn -0.5991 0.6429 -0.4773
vn 0.9949 0.0926 -0.0407
vn 0.9967 0.0063 0.0813
vn 0.9669 0.0949 0.2368
vn 0.9384 -0.0441 0.3427
vn 0.9775 0.0959 0.1877
vn -0.9957 0.0929 0.0013
vn -0.9946 -0.0833 -0.0621
vn -0.9742 0.1121 -0.1959
vn -0.9822 0.1213 -0.1435
vn -0.9907 0.1016 -0.0906
vn -0.9803 0.1614 -0.1135
vn 0.8913 -0.1214 0.4368
vn 0.7760 0.2631 0.5732
vn 0.9502 0.1645 0.2648
vn 0.9876 0.0171 0.1559
vn 0.9742 -0.1188 0.1917
vn 0.9937 -0.0640 0.0915
vn 0.9860 -0.1474 0.0782
vn 0.9886 0.0565 0.1393
vn 0.9838 0.0052 -0.1792
vn 0.7513 -0.2582 -0.6074
vn 0.8029 -0.1285 -0.5822
vn 0.6545 -0.3201 -0.6849
vn 0.5811 -0.1560 -0.7987
vn 0.6305 -0.1910 -0.7523
vn 0.6790 -0.1612 -0.7162
vn 0.6250 -0.1892 -0.7574
vn 0.4959 -0.2056 -0.8437
vn 0.5902 -0.2555 -0.7657
vn -0.9638 0.0470 -0.2623
vn -0.9137 0.1062 -0.3923
vn -0.6710 -0.1616 -0.7236
vn 0.8598 0.5055 0.0720
vn 0.9302 0.2048 0.3046
vn 0.4953 0.3169 -0.8088
vn 0.2811 0.0107 -0.9596
vn 0.1759 0.5051 -0.8450
vn 0.4909 0.1402 -0.8599
vn 0.5022 0.0809 -0.8610
vn 0.3925 0.5220 -0.7573
vn 0.6284 0.2607 -0.7330
vn 0.5460 0.1287 -0.8278
vn 0.6586 -0.0600 -0.7501
vn -0.0915 0.3973 -0.9131
vn -0.0982 0.5427 0.8342
vn -0.0633 0.3980 0.9152
vn -0.2547 0.3154 0.9142
vn -0.3172 0.7373 0.5965
vn -0.4672 0.7529 0.4636
vn -0.6834 0.4853 0.5454
vn -0.7762 0.2875 0.5611
vn -0.7314 0.5392 0.4174
vn 0.8984 0.4300 0.0894
vn 0.9853 0.1668 0.0378
vn -0.0643 0.9945 0.0829
vn -0.1869 0.9089 0.3728
vn -0.1962 0.9737 0.1158
vn -0.6605 0.6787 0.3211
vn -0.4480 0.8175 0.3619
vn -0.7229 0.5330 -0.4396
vn 0.0428 0.9941 -0.0994
vn 0.2932 0.8249 -0.4833
vn 0.4765 0.6586 -0.5824
vn -0.6906 0.7172 0.0934
vn -0.0908 0.9937 0.0655
vn -0.1729 0.9847 -0.0212
vn -0.4802 0.8722 0.0927
vn 0.1969 0.9804 -0.0058
vn 0.1735 0.9804 -0.0936
vn 0.5464 0.8340 0.0770
vn -0.4704 0.8352 0.2847
vn -0.6427 -0.1575 0.7497
vn -0.5051 -0.1938 0.8410
vn -0.5862 0.2416 0.7733
vn -0.1096 -0.6314 0.7677
vn -0.6146 -0.0357 0.7881
vn -0.4441 -0.5212 0.7287
vn -0.5493 -0.4068 0.7299
vn -0.4448 0.1062 0.8893
vn -0.6196 -0.1689 0.7666
vn -0.6147 0.1644 0.7714
vn -0.8545 0.2144 0.4731
vn -0.5248 0.1297 0.8413
vn -0.4820 0.2184 0.8485
vn -0.9909 0.0329 -0.1305
vn -0.2704 -0.0442 -0.9617
vn -0.5362 0.0873 -0.8396
vn -0.3067 0.3875 -0.8693
vn -0.3151 0.0709 -0.9464
vn -0.2413 -0.0053 -0.9704
vn -0.9260 -0.1522 -0.3455
vn -0.9366 0.1538 0.3147
vn -0.6586 0.2054 0.7239
vn -0.6424 0.2176 0.7348
vn -0.9948 -0.0215 -0.0999
vn -0.9746 0.0572 -0.2163
vn -0.9918 0.1086 0.0681
vn -0.5939 -0.1702 0.7864
vn -0.5886 -0.0806 0.8044
vn -0.4980 -0.1469 0.8546
vn -0.5969 0.1192 0.7934
vn -0.6257 0.0422 0.7789
vn -0.6417 -0.1128 0.7586
vn -0.7090 -0.0541 0.7032
vn -0.4493 0.0175 -0.8932
vn -0.1769 -0.2410 -0.9543
vn -0.5082 -0.0664 -0.8587
vn -0.9652 0.0654 0.2533
vn -0.9595 0.2024 0.1959
vn -0.9774 0.0418 0.2073
vn -0.9378 0.0942 0.3341
vn 0.6876 0.1087 0.7179
vn 0.3761 0.1220 0.9185
vn 0.5857 0.1991 0.7857
vn 0.1645 0.2446 0.9556
vn 0.3001 0.2125 0.9299
vn 0.1674 -0.0777 0.9828
vn -0.8993 0.2980 0.3202
vn -0.5512 0.5003 0.6677
vn -0.6300 -0.7738 -0.0649
vn 0.0976 -0.9920 0.0795
vn -0.2155 -0.9743 0.0654
vn 0.1396 -0.9898 0.0300
vn 0.4814 -0.8761 -0.0273
vn -0.4217 -0.8569 0.2965
vn -0.1511 -0.9852 0.0811
vn -0.4363 -0.6410 0.6315
vn -0.1569 -0.9874 0.0199
vn 0.0958 -0.9954 -0.0092
vn 0.1401 -0.9569 -0.2545
vn 0.1730 -0.9117 -0.3726
vn -0.0284 -0.9881 0.1515
vn 0.2886 -0.8792 -0.3792
vn -0.0310 -0.9979 0.0568
vn 0.2788 -0.9055 -0.3199
vn 0.0812 -0.9594 -0.2702
vn -0.9137 -0.4036 0.0466
vn -0.9472 -0.3008 -0.1109
vn -0.6999 -0.7071 -0.1006
vn 0.8163 -0.5722 -0.0791
vn 0.6843 -0.7287 0.0272
vn -0.9827 0.0715 -0.1709
vn -0.7676 -0.4046 -0.4971
vn 0.9972 0.0741 -0.0136
vn 0.9305 0.0357 -0.3646
vn 0.6214 0.2091 -0.7551
vn 0.5100 0.1283 -0.8506
vn 0.6070 0.3252 -0.7251
vn 0.5354 0.1016 -0.8385
vn 0.6852 0.0989 -0.7216
vn -0.2934 0.0844 -0.9523
vn -0.2849 0.0668 -0.9562
vn -0.3443 0.1849 -0.9205
vn -0.3754 0.2128 -0.9021
vn -0.4525 0.1994 -0.8692
vn -0.9527 0.0180 0.3033
vn -0.9905 0.0776 0.1135
vn -0.8693 0.1199 0.4795
vn -0.8838 0.0931 0.4586
vn -0.9150 0.1605 0.3702
vn 0.3058 0.0106 -0.9520
vn 0.5939 -0.1025 -0.7980
vn -0.8728 0.4575 -0.1700
vn -0.6812 0.1347 -0.7196
vn 0.7603 0.5358 0.3673
vn 0.7715 0.4472 0.4526
vn 0.7717 0.3943 0.4990
vn 0.7306 0.1189 0.6723
vn 0.5628 -0.4791 -0.6736
vn 0.9690 -0.1176 0.2174
vn 0.7294 -0.6832 -0.0347
vn 0.5041 -0.8110 -0.2970
vn 0.4823 -0.7793 -0.4001
vn 0.5442 0.2216 -0.8092
vn 0.6049 0.2182 -0.7658
vn 0.9946 0.0704 0.0761
vn -0.9996 -0.0252 -0.0150
vn -0.9279 -0.1488 0.3419
vn -0.2069 -0.0212 0.9781
vn -0.2808 -0.2740 0.9198
vn -0.1667 0.0167 0.9859
vn -0.5300 -0.0531 0.8463
vn -0.5390 -0.2663 0.7991
vn -0.6762 -0.1680 0.7173
vn -0.7918 -0.3300 0.5140
vn -0.8322 0.0532 0.5519
vn -0.6341 -0.4222 0.6478
vn -0.6153 0.1793 0.7677
vn -0.3489 0.0978 0.9320
vn -0.4756 0.2190 0.8520
vn -0.1588 0.1439 0.9768
vn -0.1390 0.0936 0.9859
vn 0.1805 0.1955 0.9640
vn 0.9965 0.0528 0.0645
vn -0.9773 -0.0087 -0.2117
vn -0.9399 0.0698 -0.3341
vn -0.9509 0.2355 -0.2010
vn -0.9526 -0.0662 -0.2970
vn 0.9051 0.0068 0.4251
vn 0.7901 -0.0488 0.6110
vn -0.1604 -0.2895 -0.9437
vn 0.7059 0.6915 -0.1534
vn 0.6807 0.7102 -0.1796
vn -0.2877 0.5501 0.7840
vn 0.2964 0.4837 0.8235
vn 0.1608 0.8072 0.5680
vn 0.2675 0.6997 0.6625
vn 0.2900 0.7034 0.6489
vn 0.3108 0.5022 0.8069
vn 0.3372 0.7306 0.5937
vn 0.5254 0.2308 0.8190
vn -0.2115 0.8321 0.5128
vn -0.0723 0.8504 0.5212
vn -0.0386 0.9752 0.2177
vn 0.0897 0.8851 0.4567
vn 0.0572 0.9736 0.2209
vn -0.2128 0.8327 0.5111
vn 0.1576 0.9867 -0.0409
vn -0.1200 0.9795 0.1616
vn 0.0840 0.9786 -0.1878
vn 0.2406 0.8645 -0.4412
vn 0.3578 0.7569 -0.5469
vn 0.0994 0.6703 -0.7354
vn -0.0396 0.9514 -0.3055
vn 0.0025 0.7292 -0.6843
vn -0.4832 0.6765 0.5558
vn -0.3901 0.6964 0.6023
vn -0.0473 0.9458 0.3212
vn -0.2487 0.9593 0.1340
vn -0.4138 0.8956 0.1633
vn -0.0337 0.9929 -0.1143
vn -0.4898 0.8640 0.1168
vn -0.1728 0.9813 0.0848
vn 0.3185 0.9440 -0.0862
vn 0.4424 0.8462 -0.2969
vn -0.0756 -0.9913 -0.1078
vn -0.0454 -0.9946 -0.0929
vn -0.1442 -0.9091 0.3909
vn -0.0230 -0.9530 0.3022
vn 0.0899 -0.9442 -0.3168
vn 0.2496 -0.8352 -0.4900
vn -0.3214 -0.9461 0.0397
vn -0.1081 -0.7641 0.6360
vn 0.0988 -0.7757 0.6233
vn 0.3596 -0.5462 0.7565
vn 0.1502 -0.9271 0.3435
vn -0.0598 -0.9330 -0.3549
vn -0.1361 -0.9122 -0.3865
vn 0.4503 -0.4120 -0.7922
vn 0.5822 -0.6290 -0.5152
vn 0.6149 -0.6439 -0.4552
vn 0.5550 -0.8119 -0.1810
vn 0.5508 0.2555 -0.7945
vn 0.4511 0.0274 -0.8920
vn 0.5852 0.2391 -0.7748
vn 0.3218 -0.4030 -0.8568
vn 0.6396 0.1690 -0.7499
vn 0.4843 0.5864 -0.6493
vn 0.4513 0.1381 0.8816
vn 0.5373 0.1777 0.8245
vn 0.5167 0.0625 0.8539
vn 0.3648 0.2063 0.9079
vn 0.3382 0.1028 0.9355
vn 0.3945 0.0286 0.9185
vn 0.3059 0.1702 0.9367
vn -0.8163 0.2989 0.4943
vn -0.5540 0.2498 0.7942
vn 0.9657 0.0458 -0.2556
vn 0.9945 0.0438 -0.0952
vn 0.3753 0.1489 0.9149
vn 0.3543 -0.0273 0.9347
vn 0.9781 0.1987 0.0620
vn 0.9915 0.0732 0.1078
vn 0.9996 0.0018 0.0277
vn 0.3012 -0.1726 0.9378
vn 0.4143 -0.0928 0.9054
vn 0.5503 0.1284 0.8251
vn 0.1039 -0.0422 -0.9937
vn -0.5103 0.2261 -0.8297
vn 0.9269 0.1347 -0.3504
vn 0.9560 0.2933 0.0124
vn 0.5715 0.4306 -0.6986
vn 0.5730 0.3183 -0.7552
vn -0.0751 0.1134 0.9907
vn 0.4576 0.1870 0.8693
vn -0.2682 0.6172 -0.7397
vn -0.3025 0.2495 -0.9199
vn -0.3219 0.0814 -0.9433
vn -0.0060 0.8626 -0.5059
vn -0.9122 0.3983 0.0958
vn -0.9388 0.2695 0.2145
vn -0.2162 -0.5539 0.8040
vn -0.3866 -0.5618 0.7313
vn -0.3054 -0.9346 0.1820
vn -0.5563 -0.6046 0.5701
vn -0.2770 -0.8627 0.4232
vn 0.0264 -0.9931 0.1139
vn -0.3430 -0.7529 0.5617
vn -0.5822 -0.8124 0.0306
vn -0.4786 -0.8749 -0.0745
vn -0.7472 -0.6574 -0.0973
vn -0.2398 -0.9636 -0.1180
vn -0.2241 -0.9714 -0.0779
vn 0.8304 -0.5567 0.0223
vn 0.6255 -0.7783 0.0552
vn 0.4917 -0.8693 -0.0503
vn -0.3091 -0.9437 0.1178
vn 0.5366 -0.4394 0.7204
vn 0.3847 -0.5712 0.7251
vn 0.9313 -0.1510 0.3316
vn 0.7327 -0.3853 0.5610
vn 0.7000 -0.6665 0.2563
vn 0.9231 -0.3164 0.2184
vn 0.9858 -0.1327 0.1025
vn 0.9823 0.0994 0.1585
vn 0.9991 0.0025 0.0417
vn -0.6082 0.0214 0.7935
vn -0.9688 0.1999 -0.1462
vn -0.5759 0.0636 0.8150
vn -0.7865 0.2161 0.5785
vn -0.6907 0.0874 0.7178
vn 0.9721 0.0019 0.2346
vn 0.9484 0.1533 -0.2775
vn 0.9585 0.0441 -0.2817
vn 0.5183 -0.1353 0.8444
vn 0.3269 -0.3396 0.8819
vn 0.2860 -0.2007 0.9370
vn 0.4140 -0.3957 0.8198
vn 0.6791 -0.3159 0.6626
vn 0.4039 -0.2354 0.8840
vn -0.2336 0.1246 -0.9643
vn -0.5773 -0.1180 -0.8080
vn -0.3973 0.2882 -0.8713
vn -0.4327 0.0207 -0.9013
vn -0.1894 0.1648 -0.9680
vn -0.4410 0.0360 -0.8968
vn 0.5643 -0.2722 -0.7794
vn 0.9964 0.0594 0.0607
vn 0.7989 0.5662 0.2028
vn -0.9801 0.1630 -0.1128
vn -0.9586 0.2143 -0.1876
vn -0.9701 -0.0168 -0.2419
vn -0.5246 0.5617 -0.6397
vn -0.6059 0.4820 -0.6329
vn -0.3281 0.8933 -0.3070
vn -0.5842 0.6559 -0.4780
vn 0.1018 -0.9770 0.1874
vn -0.0093 -0.9751 -0.2214
vn 0.0199 -0.9983 -0.0552
vn 0.2315 -0.7857 -0.5737
vn 0.2455 -0.6855 -0.6854
vn 0.5653 -0.1533 -0.8105
vn 0.4354 -0.4282 0.7918
vn -0.0995 -0.4104 0.9065
vn -0.0713 -0.0206 0.9972
vn -0.5201 -0.1960 -0.8313
vn -0.3557 0.2362 -0.9043
vn -0.3599 0.1140 -0.9260
vn -0.6363 0.1777 0.7507
vn -0.5420 0.2861 0.7902
vn -0.5475 0.2309 0.8043
vn 0.9698 0.1230 -0.2105
vn -0.0251 -0.1718 -0.9848
vn -0.9823 0.0619 0.1768
vn -0.5360 0.4494 -0.7146
vn -0.8314 0.3177 -0.4558
vn -0.6808 0.7009 -0.2128
vn -0.8669 0.3896 -0.3110
vn 0.2435 0.9191 -0.3097
vn 0.4593 0.6161 -0.6399
vn 0.5608 0.5552 -0.6142
vn -0.4799 -0.2105 0.8517
vn -0.6321 -0.3265 0.7028
vn -0.7560 -0.6394 0.1399
vn -0.2796 0.0364 0.9594
vn -0.0653 0.0371 0.9972
vn -0.1864 0.0810 0.9791
vn -0.5574 -0.1396 -0.8184
vn -0.5510 0.0199 -0.8343
vn -0.7150 -0.1252 -0.6878
vn -0.6343 0.1228 -0.7633
vn -0.7540 0.0532 -0.6547
vn -0.7677 -0.1683 -0.6183
vn -0.8226 -0.0926 -0.5611
vn -0.9503 0.1318 -0.2820
vn -0.6154 0.0835 -0.7838
vn -0.7420 -0.0611 -0.6676
vn -0.1095 0.1741 -0.9786
vn -0.2106 0.0780 -0.9745
vn -0.2743 0.0735 -0.9588
vn 0.0276 -0.2123 -0.9768
vn 0.1068 -0.5713 -0.8137
vn 0.3130 0.0641 -0.9476
vn -0.6435 0.7652 -0.0220
vn -0.1210 0.9926 -0.0086
vn -0.5678 0.8017 -0.1869
vn -0.4260 0.8879 -0.1734
vn 0.4325 0.8843 0.1760
vn 0.5055 0.8314 0.2309
vn 0.1740 0.9813 0.0822
vn -0.1534 0.9852 -0.0761
vn 0.1261 0.9917 0.0246
vn -0.3875 0.8649 -0.3191
vn -0.1314 0.9804 -0.1469
vn -0.0805 -0.9873 0.1366
vn -0.8088 -0.4987 -0.3115
vn 0.8335 -0.5016 0.2317
vn 0.7131 -0.5259 0.4637
vn -0.9857 -0.1418 -0.0908
vn -0.9581 -0.0803 -0.2749
vn 0.6045 0.2512 0.7560
vn 0.3570 0.1586 0.9206
vn 0.3424 0.1410 0.9289
vn -0.4999 0.0667 -0.8635
vn -0.2642 0.0019 -0.9645
vn -0.4396 -0.0459 -0.8970
vn -0.9580 0.1139 -0.2632
vn -0.2627 0.4334 -0.8621
vn -0.8485 0.1517 -0.5070
vn -0.9368 0.0237 0.3491
vn -0.6022 -0.3562 0.7144
vn -0.9888 0.1279 -0.0764
vn -0.9596 0.2814 -0.0001
vn 0.7633 0.4466 0.4667
vn 0.8208 0.5360 0.1976
vn 0.8621 0.5041 -0.0524
vn -0.9915 0.0482 -0.1211
vn -0.8000 0.5898 0.1103
vn -0.9703 0.2307 -0.0725
vn 0.6868 0.2130 -0.6949
vn 0.5132 0.4109 -0.7535
vn 0.5321 0.2538 -0.8078
vn 0.6849 0.3535 0.6371
vn 0.2234 -0.0682 0.9723
vn -0.9390 0.3409 -0.0462
vn -0.6688 0.7427 -0.0333
vn -0.9203 0.3908 0.0206
vn 0.5308 0.8413 0.1024
vn -0.8531 0.4651 -0.2362
vn -0.4878 0.8720 0.0401
vn 0.4950 0.8688 -0.0115
vn 0.1209 -0.9926 0.0094
vn -0.5930 -0.3754 0.7123
vn 0.5649 0.2006 -0.8004
vn -0.9893 0.1445 -0.0204
vn 0.5871 -0.1553 -0.7945
vn -0.5431 -0.0079 0.8396
vn -0.5976 -0.0941 0.7962
vn -0.9749 0.2092 0.0757
vn 0.5472 0.4144 -0.7272
vn 0.6923 0.0214 -0.7213
vn 0.4156 0.3560 -0.8370
vn 0.8949 0.1566 -0.4178
vn 0.3127 0.3719 -0.8740
vn 0.3490 -0.1638 0.9227
vn 0.3995 -0.1099 0.9101
vn 0.0705 -0.1739 0.9822
vn 0.3906 0.3684 0.8436
vn 0.3432 0.3195 0.8832
vn 0.9085 -0.4048 0.1036
vn 0.9262 -0.2829 0.2493
vn 0.8026 -0.3750 0.4639
vn -0.3943 0.3846 -0.8346
vn 0.5893 0.0115 0.8078
vn 0.8398 0.1755 0.5138
vn -0.1736 -0.0919 -0.9805
vn -0.0138 0.8220 0.5694
vn 0.0414 0.8663 0.4979
vn 0.0893 0.8862 -0.4545
vn 0.2945 0.6989 -0.6518
vn 0.1415 0.9357 -0.3232
vn 0.1895 0.9185 -0.3471
vn -0.1791 0.9179 -0.3541
vn 0.0171 0.9818 -0.1892
vn 0.2631 -0.9515 0.1596
vn -0.2550 -0.9663 0.0347
vn -0.1054 -0.9939 0.0317
vn -0.5319 -0.8436 -0.0736
vn 0.4982 -0.8527 0.1574
vn 0.8755 -0.4684 0.1190
vn 0.1977 -0.9781 -0.0649
vn -0.0877 -0.9957 -0.0291
vn -0.6650 -0.7464 0.0258
vn 0.2956 -0.9552 0.0160
vn -0.4300 -0.8978 -0.0953
vn 0.0388 -0.9970 0.0673
vn 0.4185 -0.8910 0.1758
vn 0.9889 -0.0407 0.1432
vn 0.9873 0.0756 0.1396
vn 0.9862 0.1479 0.0740
vn 0.9638 0.0546 0.2608
vn 0.4132 0.1127 0.9037
vn 0.3519 0.2688 0.8966
vn 0.5226 -0.1311 0.8424
vn 0.7508 -0.0563 0.6581
vn 0.6007 -0.0122 -0.7994
vn 0.8478 0.1623 -0.5048
vn 0.6611 -0.1329 -0.7384
vn 0.6198 0.0506 -0.7831
vn 0.6103 -0.0646 -0.7896
vn 0.4862 0.0664 -0.8713
vn 0.5188 0.0053 -0.8549
vn 0.2406 -0.0621 -0.9686
vn 0.2591 0.0471 -0.9647
vn 0.9367 0.0935 -0.3375
vn 0.8773 0.0495 -0.4773
vn 0.6602 -0.0589 -0.7487
vn 0.5658 -0.0796 -0.8207
vn 0.7089 -0.2537 -0.6581
vn 0.5784 0.1221 0.8065
vn -0.4435 0.4721 0.7619
vn -0.4880 0.3403 0.8038
vn -0.5791 0.1324 0.8044
vn -0.5343 0.4355 0.7245
vn -0.4104 0.5196 0.7494
vn -0.5732 0.0872 0.8148
vn -0.7949 0.6056 -0.0362
vn -0.5690 0.8082 0.1518
vn -0.3766 0.8047 0.4590
vn -0.3200 0.7803 0.5373
vn -0.0577 0.9850 0.1625
vn -0.0598 -0.9978 -0.0300
vn 0.2425 -0.9632 0.1159
vn 0.1202 -0.9848 0.1256
vn -0.2126 -0.9770 -0.0173
vn 0.0841 -0.9893 0.1194
vn 0.3257 -0.9158 0.2351
vn 0.7474 -0.6543 0.1155
vn -0.6541 -0.7353 0.1775
vn -0.3491 -0.9185 0.1859
vn 0.2837 -0.9523 -0.1121
vn -0.6223 -0.7540 0.2101
vn 0.4780 -0.5595 0.6771
vn 0.4052 -0.7992 0.4439
vn 0.5783 -0.7675 0.2765
vn -0.4018 0.1237 -0.9074
vn -0.4003 0.1672 -0.9010
vn 0.9918 0.0811 0.0987
vn 0.9980 0.0572 0.0253
vn 0.7083 0.0961 0.6993
vn 0.4741 -0.0465 0.8792
vn -0.4311 0.0174 -0.9022
vn -0.3447 -0.1546 -0.9259
vn -0.8050 -0.0121 0.5931
vn -0.9350 0.2474 0.2542
vn 0.6495 0.5803 0.4913
vn 0.5089 0.8474 0.1517
vn 0.6846 0.7104 0.1631
vn 0.4946 0.8658 0.0758
vn 0.6710 0.7357 0.0924
vn 0.7328 0.6803 0.0097
vn -0.2070 -0.9712 -0.1178
vn 0.3125 -0.8652 0.3921
vn -0.2488 -0.8796 0.4055
vn -0.2770 -0.7670 0.5788
vn -0.9756 -0.1865 -0.1158
vn 0.9017 0.0906 0.4229
vn 0.8931 0.1342 0.4293
vn 0.2930 0.0414 0.9552
vn 0.4619 -0.3041 0.8332
vn 0.4223 0.0784 0.9031
vn -0.3990 0.4579 0.7944
vn 0.0545 0.9985 0.0083
vn -0.1791 0.9816 -0.0668
vn -0.3002 0.9453 -0.1275
vn 0.5690 0.8182 0.0826
vn -0.2537 0.9671 -0.0180
vn 0.0635 0.9979 -0.0134
vn -0.3895 -0.7425 -0.5449
vn -0.0934 -0.9340 -0.3447
vn -0.2431 -0.7775 -0.5799
vn -0.0237 -0.9821 -0.1871
vn -0.2976 -0.9361 -0.1875
vn -0.4760 -0.8131 -0.3351
vn -0.5374 -0.8232 -0.1829
vn -0.7859 -0.5243 0.3279
vn 0.9887 0.0319 0.1464
vn -0.6069 -0.0776 -0.7910
vn -0.8656 -0.0117 -0.5005
vn -0.8687 -0.1713 -0.4648
vn -0.4450 0.1808 0.8771
vn -0.5054 0.0211 0.8626
vn -0.4454 -0.0170 0.8952
vn -0.5382 0.0742 0.8396
vn -0.4294 0.2354 0.8719
vn -0.6794 0.5734 0.4578
vn -0.1046 0.9874 0.1187
vn 0.0230 0.9991 0.0361
vn -0.0309 0.9927 0.1167
vn -0.1279 -0.0988 0.9868
vn -0.6347 0.2005 0.7463
vn -0.1649 0.1026 0.9809
vn -0.3236 -0.0278 0.9458
vn 0.7389 0.0467 0.6722
vn 0.7243 0.0134 0.6894
vn 0.4924 0.0118 0.8703
vn 0.3634 -0.0705 0.9290
vn -0.2776 0.4962 -0.8226
vn -0.3181 0.3984 -0.8603
vn -0.0132 0.9638 -0.2664
vn 0.1542 0.9768 0.1487
vn 0.1921 0.9192 0.3438
vn -0.7052 0.0521 -0.7071
vn -0.6225 -0.3804 -0.6839
vn -0.8613 0.1318 -0.4906
vn -0.7898 -0.3792 -0.4821
vn -0.9805 0.0704 -0.1836
vn -0.7847 -0.5709 -0.2416
vn 0.9883 0.1522 0.0055
vn -0.3772 -0.0398 0.9253
vn -0.5592 0.2203 -0.7992
vn 0.3201 -0.6778 0.6619
vn 0.4068 -0.6411 0.6508
vn 0.5067 -0.4266 0.7492
vn 0.3042 -0.8756 0.3753
vn 0.3387 -0.9017 0.2687
vn -0.1318 0.9451 -0.2991
vn 0.1139 0.9865 0.1179
vn -0.0502 0.9838 -0.1721
vn -0.9967 -0.0106 -0.0811
vn -0.6605 0.1785 0.7293
vn -0.5762 0.2268 0.7852
vn -0.6570 0.1946 0.7284
vn -0.4296 0.2029 -0.8799
vn -0.3373 0.6403 0.6901
vn -0.6322 0.5015 0.5906
vn -0.5828 0.0828 0.8084
vn 0.6076 -0.0479 -0.7928
vn 0.3804 0.2478 -0.8910
vn 0.1629 0.1808 -0.9699
vn 0.9234 0.2942 -0.2464
vn 0.9379 0.1488 -0.3135
vn -0.6897 0.6746 -0.2630
vn 0.0720 0.9929 -0.0945
vn -0.1493 0.9651 0.2151
vn 0.1222 0.9692 -0.2137
vn -0.1317 -0.9670 -0.2183
vn 0.1758 -0.9831 0.0519
vn 0.3463 -0.6764 -0.6500
vn 0.3367 -0.8195 -0.4638
vn 0.2935 -0.3417 -0.8928
vn 0.0685 -0.7726 -0.6311
vn -0.1773 -0.3934 -0.9021
vn 0.3505 -0.3401 -0.8726
vn -0.2497 -0.2619 0.9323
vn -0.7246 0.2095 0.6566
vn -0.8991 -0.1883 -0.3952
vn 0.9882 -0.1529 0.0094
vn 0.9986 -0.0535 0.0013
vn 0.9953 -0.0206 0.0949
vn -0.9819 -0.0602 -0.1794
vn 0.2069 -0.9718 -0.1127
vn 0.2249 -0.9487 -0.2222
vn 0.4208 -0.8886 -0.1824
vn 0.4535 0.1551 -0.8777
vn 0.6871 0.4358 -0.5814
vn 0.5911 0.2739 -0.7586
vn 0.9500 0.0147 -0.3119
vn -0.6005 0.0174 -0.7994
vn -0.7293 -0.1010 -0.6767
vn -0.7162 0.1623 -0.6788
vn -0.9819 0.1456 0.1212
vn -0.9848 0.1171 0.1279
vn 0.1592 0.9826 0.0960
vn -0.2760 0.7437 -0.6088
vn -0.1127 0.9228 -0.3685
vn 0.1114 0.7961 0.5948
vn 0.0032 0.9996 -0.0292
vn -0.6415 0.0018 0.7671
vn -0.3463 0.6549 -0.6717
vn 0.5956 -0.3431 -0.7263
vn 0.3239 -0.4817 -0.8143
vn 0.9943 0.1033 -0.0268
vn 0.1707 0.2382 -0.9561
vn -0.0363 -0.9943 -0.1004
vn 0.1509 -0.9524 0.2650
vn 0.1203 -0.9902 0.0710
vn 0.2842 -0.8858 0.3667
vn -0.1508 0.9809 0.1230
vn 0.0447 0.9990 -0.0040
vn 0.1222 -0.9785 0.1663
vn -0.1066 -0.9865 -0.1243
vn -0.0735 -0.9630 -0.2591
vt 0.024101 0.199233
vt 0.004505 0.229192
vt 0.007109 0.190001
vt 0.023370 0.175156
vt 0.041721 0.195689
vt 0.039118 0.157608
vt 0.056309 0.170641
vt 0.016743 0.135841
vt 0.060074 0.134998
vt 0.054551 0.126761
vt 0.875785 0.936042
vt 0.877426 0.973933
vt 0.865704 0.972180
vt 0.870356 0.987994
vt 0.837114 0.988157
vt 0.852575 1.000000
vt 0.769111 0.704293
vt 0.777075 0.715144
vt 0.770100 0.740205
vt 0.780267 0.695768
vt 0.775840 0.676547
vt 0.510284 0.227881
vt 0.512526 0.209403
vt 0.526047 0.210117
vt 0.532657 0.248252
vt 0.503523 0.251160
vt 0.550634 0.277630
vt 0.511474 0.272431
vt 0.726013 0.787994
vt 0.738348 0.799827
vt 0.719017 0.799017
vt 0.744373 0.756281
vt 0.717180 0.775121
vt 0.736264 0.734964
vt 0.700425 0.752388
vt 0.454047 0.643232
vt 0.413691 0.648166
vt 0.425041 0.619803
vt 0.433500 0.664995
vt 0.460373 0.734343
vt 0.441078 0.722509
vt 0.444404 0.705589
vt 0.443276 0.748894
vt 0.456614 0.775990
vt 0.476021 0.766491
vt 0.499337 0.192359
vt 0.499225 0.179231
vt 0.521696 0.185784
vt 0.498361 0.202310
vt 0.491661 0.269031
vt 0.845135 0.256307
vt 0.845135 0.287106
vt 0.830579 0.284770
vt 0.593027 0.854006
vt 0.593673 0.898078
vt 0.581604 0.882651
vt 0.729347 0.177947
vt 0.701520 0.161539
vt 0.732379 0.155473
vt 0.749016 0.179555
vt 0.739359 0.203796
vt 0.899717 0.105085
vt 0.887685 0.124988
vt 0.870921 0.118508
vt 0.875173 0.085598
vt 0.901896 0.073938
vt 0.873148 0.058760
vt 0.895041 0.046657
vt 0.239734 0.675359
vt 0.253102 0.661782
vt 0.261827 0.674461
vt 0.255591 0.632969
vt 0.256658 0.650341
vt 0.244871 0.631310
vt 0.244419 0.600637
vt 0.268901 0.577915
vt 0.254851 0.605968
vt 0.266508 0.568378
vt 0.072007 0.838426
vt 0.089441 0.863850
vt 0.061989 0.866888
vt 0.083029 0.889503
vt 0.076945 0.916162
vt 0.054858 0.906398
vt 0.058659 0.892968
vt 0.058363 0.919677
vt 0.096098 0.621098
vt 0.100437 0.600316
vt 0.105708 0.616885
vt 0.450228 0.805202
vt 0.429383 0.790850
vt 0.459228 0.782443
vt 0.435599 0.812716
vt 0.430823 0.801407
vt 0.691402 0.223355
vt 0.701254 0.238381
vt 0.691504 0.245711
vt 0.418196 0.814174
vt 0.441545 0.835647
vt 0.417161 0.838274
vt 0.433054 0.852546
vt 0.422840 0.872387
vt 0.404889 0.859914
vt 0.605602 0.334305
vt 0.600357 0.360895
vt 0.582359 0.339945
vt 0.568125 0.359881
vt 0.577617 0.388061
vt 0.529090 0.377197
vt 0.542600 0.350819
vt 0.549344 0.375522
vt 0.562349 0.387702
vt 0.557329 0.372519
vt 0.599838 0.471991
vt 0.605056 0.454661
vt 0.622240 0.454157
vt 0.190098 0.813381
vt 0.192931 0.864252
vt 0.183956 0.844454
vt 0.188080 0.088687
vt 0.189783 0.072942
vt 0.219512 0.065661
vt 0.236377 0.088372
vt 0.236607 0.057288
vt 0.259194 0.088048
vt 0.277780 0.058166
vt 0.188332 0.056488
vt 0.211714 0.048092
vt 0.182510 0.028361
vt 0.293799 0.086905
vt 0.308261 0.080632
vt 0.288411 0.069450
vt 0.817808 0.417072
vt 0.796760 0.430062
vt 0.788049 0.415249
vt 0.799004 0.399597
vt 0.827933 0.431615
vt 0.811985 0.447382
vt 0.332163 0.078753
vt 0.311597 0.061121
vt 0.251800 0.040195
vt 0.270854 0.041095
vt 0.045950 0.104985
vt 0.078772 0.096581
vt 0.061564 0.090916
vt 0.085398 0.077592
vt 0.107958 0.069203
vt 0.102193 0.062874
vt 0.151011 0.786766
vt 0.171028 0.754268
vt 0.183737 0.773352
vt 0.168146 0.805663
vt 0.788049 0.693905
vt 0.778093 0.647924
vt 0.165483 0.052067
vt 0.142361 0.038411
vt 0.163737 0.030847
vt 0.895692 0.542861
vt 0.888785 0.509881
vt 0.904445 0.535849
vt 0.901831 0.512600
vt 0.894089 0.479282
vt 0.876636 0.471733
vt 0.868848 0.457213
vt 0.757449 0.659487
vt 0.749555 0.633507
vt 0.768285 0.621152
vt 0.309410 0.210316
vt 0.304221 0.189287
vt 0.323189 0.180734
vt 0.132494 0.976265
vt 0.138152 0.992355
vt 0.108214 0.985598
vt 0.404058 0.624467
vt 0.402481 0.648641
vt 0.417198 0.684594
vt 0.445145 0.680586
vt 0.428109 0.739555
vt 0.433123 0.768767
vt 0.441912 0.782443
vt 0.395150 0.581074
vt 0.399970 0.538887
vt 0.416560 0.573607
vt 0.731778 0.473277
vt 0.739296 0.500130
vt 0.715277 0.472115
vt 0.705042 0.502148
vt 0.740920 0.582595
vt 0.730946 0.598420
vt 0.724004 0.578296
vt 0.731414 0.548000
vt 0.709169 0.561344
vt 0.694384 0.544553
vt 0.686626 0.502777
vt 0.697863 0.517026
vt 0.692470 0.484575
vt 0.731401 0.534954
vt 0.807631 0.336425
vt 0.830692 0.315270
vt 0.831249 0.338351
vt 0.821092 0.350386
vt 0.681081 0.404485
vt 0.700003 0.408249
vt 0.679199 0.418387
vt 0.676605 0.430658
vt 0.691150 0.443756
vt 0.669513 0.509130
vt 0.692864 0.580786
vt 0.695633 0.612014
vt 0.683240 0.596690
vt 0.670602 0.583780
vt 0.496909 0.686980
vt 0.506456 0.718676
vt 0.485823 0.709176
vt 0.347603 0.814368
vt 0.340641 0.826709
vt 0.332943 0.810562
vt 0.474505 0.117932
vt 0.482676 0.144104
vt 0.463164 0.148166
vt 0.496208 0.124081
vt 0.474365 0.161771
vt 0.450656 0.154716
vt 0.054719 0.816881
vt 0.048681 0.836296
vt 0.033932 0.951126
vt 0.065361 0.938385
vt 0.045632 0.902536
vt 0.822518 0.135346
vt 0.807150 0.112965
vt 0.829669 0.110528
vt 0.800774 0.097413
vt 0.834529 0.091017
vt 0.856583 0.065918
vt 0.818038 0.065880
vt 0.497044 0.043877
vt 0.512132 0.056736
vt 0.499581 0.062451
vt 0.469882 0.071092
vt 0.497614 0.078850
vt 0.486122 0.090188
vt 0.645782 0.131656
vt 0.648877 0.107061
vt 0.671389 0.117876
vt 0.673038 0.101625
vt 0.668911 0.154311
vt 0.647509 0.158159
vt 0.660816 0.178783
vt 0.678280 0.188116
vt 0.796442 0.079332
vt 0.806240 0.055074
vt 0.420777 0.171210
vt 0.421073 0.193168
vt 0.414378 0.204319
vt 0.430329 0.229339
vt 0.411082 0.226582
vt 0.422778 0.246805
vt 0.440462 0.270236
vt 0.576748 0.777119
vt 0.552665 0.766582
vt 0.582082 0.765504
vt 0.096067 0.720766
vt 0.112484 0.720561
vt 0.091706 0.730675
vt 0.069937 0.712623
vt 0.082710 0.703763
vt 0.067849 0.731618
vt 0.071739 0.690211
vt 0.619728 0.151922
vt 0.628963 0.137797
vt 0.635744 0.166895
vt 0.645097 0.187689
vt 0.063765 0.686999
vt 0.618525 0.184238
vt 0.630814 0.211218
vt 0.310544 0.135194
vt 0.332568 0.132831
vt 0.331624 0.164540
vt 0.331155 0.626976
vt 0.331343 0.608923
vt 0.364366 0.613499
vt 0.341152 0.646010
vt 0.351168 0.667234
vt 0.324798 0.660064
vt 0.368131 0.505797
vt 0.362872 0.467030
vt 0.381205 0.490833
vt 0.059294 0.384694
vt 0.030996 0.383612
vt 0.031642 0.361092
vt 0.776399 0.139986
vt 0.759662 0.117215
vt 0.767379 0.102270
vt 0.204884 0.362938
vt 0.231792 0.355393
vt 0.226359 0.371558
vt 0.919066 0.092871
vt 0.961204 0.084437
vt 0.952790 0.107772
vt 0.941632 0.064270
vt 0.956067 0.052936
vt 0.940190 0.204821
vt 0.919460 0.201739
vt 0.934221 0.182611
vt 0.947556 0.211843
vt 0.914255 0.213423
vt 0.865532 0.789842
vt 0.857637 0.810672
vt 0.842361 0.789165
vt 0.934665 0.116663
vt 0.933480 0.143069
vt 0.917610 0.125838
vt 0.852436 0.823649
vt 0.868389 0.828402
vt 0.859849 0.850261
vt 0.867130 0.866347
vt 0.846075 0.888199
vt 0.750602 0.595128
vt 0.733160 0.565353
vt 0.471431 0.774807
vt 0.527580 0.105962
vt 0.538584 0.120572
vt 0.525562 0.126158
vt 0.523667 0.157977
vt 0.509113 0.153068
vt 0.010871 0.688837
vt 0.000856 0.697855
vt 0.000856 0.676351
vt 0.151074 0.609906
vt 0.140260 0.622184
vt 0.122609 0.604407
vt 0.135543 0.598099
vt 0.707410 0.232528
vt 0.726830 0.218790
vt 0.727089 0.239730
vt 0.714604 0.259137
vt 0.455224 0.817154
vt 0.459475 0.841718
vt 0.444384 0.870409
vt 0.454882 0.890964
vt 0.438839 0.890507
vt 0.797782 0.300900
vt 0.793875 0.337449
vt 0.789664 0.359574
vt 0.807270 0.350622
vt 0.810169 0.370471
vt 0.807990 0.399597
vt 0.802605 0.387795
vt 0.822203 0.391731
vt 0.506735 0.793943
vt 0.525819 0.796458
vt 0.532888 0.815952
vt 0.505790 0.782443
vt 0.338026 0.782594
vt 0.354524 0.802855
vt 0.354524 0.837611
vt 0.455646 0.096519
vt 0.454767 0.128925
vt 0.630493 0.549641
vt 0.644932 0.578424
vt 0.628642 0.584113
vt 0.643633 0.550121
vt 0.642314 0.524139
vt 0.621296 0.513405
vt 0.632197 0.470007
vt 0.639963 0.500841
vt 0.637930 0.484060
vt 0.636893 0.603377
vt 0.475609 0.316042
vt 0.451454 0.281794
vt 0.484551 0.297894
vt 0.493093 0.313463
vt 0.696367 0.853463
vt 0.682441 0.853463
vt 0.689634 0.834848
vt 0.083471 0.500332
vt 0.105092 0.486176
vt 0.115929 0.500814
vt 0.083665 0.524289
vt 0.106279 0.524986
vt 0.627165 0.313679
vt 0.620740 0.335347
vt 0.076293 0.492682
vt 0.074240 0.506650
vt 0.089641 0.466758
vt 0.093220 0.482931
vt 0.111831 0.455521
vt 0.106447 0.448476
vt 0.099495 0.437671
vt 0.503669 0.341032
vt 0.525504 0.334138
vt 0.514166 0.369237
vt 0.484539 0.355496
vt 0.608108 0.501584
vt 0.611497 0.484243
vt 0.056409 0.566376
vt 0.041901 0.595443
vt 0.051572 0.545154
vt 0.064485 0.534905
vt 0.035898 0.568568
vt 0.571062 0.333320
vt 0.564290 0.314784
vt 0.583451 0.309856
vt 0.603194 0.306838
vt 0.073729 0.518287
vt 0.646780 0.842399
vt 0.634482 0.822947
vt 0.650523 0.833995
vt 0.326272 0.680481
vt 0.329615 0.568493
vt 0.354282 0.566608
vt 0.334158 0.589204
vt 0.337802 0.552401
vt 0.344696 0.543786
vt 0.348605 0.440636
vt 0.346298 0.466088
vt 0.333420 0.461519
vt 0.336147 0.437390
vt 0.335996 0.486960
vt 0.316802 0.508968
vt 0.350511 0.517665
vt 0.415163 0.608363
vt 0.696082 0.726327
vt 0.684389 0.746466
vt 0.709893 0.620174
vt 0.701301 0.673053
vt 0.700806 0.632018
vt 0.602787 0.799827
vt 0.618954 0.813337
vt 0.602920 0.817915
vt 0.444994 0.554731
vt 0.441990 0.530762
vt 0.462838 0.533232
vt 0.475968 0.615046
vt 0.444827 0.599209
vt 0.460927 0.605918
vt 0.263345 0.529631
vt 0.257797 0.506673
vt 0.279456 0.511966
vt 0.239399 0.619309
vt 0.294500 0.452101
vt 0.286815 0.485994
vt 0.270492 0.474526
vt 0.278065 0.456413
vt 0.646781 0.641580
vt 0.670769 0.632226
vt 0.664067 0.654105
vt 0.032314 0.587360
vt 0.032314 0.566465
vt 0.035123 0.577010
vt 0.035411 0.970402
vt 0.059744 0.965555
vt 0.456203 0.206505
vt 0.455641 0.239106
vt 0.446728 0.222559
vt 0.464520 0.274888
vt 0.459599 0.258551
vt 0.478248 0.271031
vt 0.106281 0.548313
vt 0.103836 0.564383
vt 0.092503 0.549054
vt 0.033932 0.799369
vt 0.036646 0.887671
vt 0.049627 0.857427
vt 0.123380 0.465340
vt 0.162178 0.465837
vt 0.148720 0.483045
vt 0.022046 0.278326
vt 0.048081 0.268131
vt 0.032164 0.302585
vt 0.063721 0.321695
vt 0.061938 0.277087
vt 0.378855 0.521219
vt 0.384143 0.541769
vt 0.363138 0.540035
vt 0.107539 0.397958
vt 0.086250 0.397679
vt 0.080035 0.379087
vt 0.130657 0.400763
vt 0.115112 0.376930
vt 0.800984 0.276208
vt 0.815697 0.254938
vt 0.815697 0.288757
vt 0.143069 0.377958
vt 0.164772 0.382664
vt 0.143414 0.411958
vt 0.165052 0.415589
vt 0.105682 0.357720
vt 0.087214 0.353343
vt 0.006120 0.309289
vt 0.004461 0.280978
vt 0.015907 0.301304
vt 0.875414 0.895295
vt 0.904368 0.897976
vt 0.890598 0.911962
vt 0.414181 0.708134
vt 0.430202 0.774953
vt 0.848545 0.332248
vt 0.858213 0.360064
vt 0.835204 0.361276
vt 0.751101 0.406911
vt 0.709613 0.421031
vt 0.738815 0.399597
vt 0.721476 0.448101
vt 0.741086 0.461886
vt 0.722537 0.434770
vt 0.742702 0.415087
vt 0.725318 0.720830
vt 0.713005 0.694994
vt 0.717863 0.678201
vt 0.723879 0.657053
vt 0.732369 0.626781
vt 0.144308 0.566234
vt 0.163641 0.576558
vt 0.155485 0.520112
vt 0.170736 0.536895
vt 0.144081 0.541860
vt 0.670435 0.564152
vt 0.682747 0.560555
vt 0.535110 0.729392
vt 0.528290 0.754906
vt 0.519112 0.730629
vt 0.541749 0.773069
vt 0.442622 0.110257
vt 0.431438 0.148484
vt 0.437608 0.179892
vt 0.458691 0.177470
vt 0.848359 0.447432
vt 0.833211 0.453259
vt 0.892487 0.556938
vt 0.884623 0.537162
vt 0.866305 0.493256
vt 0.860318 0.470695
vt 0.742240 0.440565
vt 0.758537 0.453385
vt 0.031087 0.861011
vt 0.019427 0.850914
vt 0.031087 0.831583
vt 0.178169 0.584684
vt 0.180227 0.606117
vt 0.170527 0.606247
vt 0.180544 0.556151
vt 0.127886 0.837279
vt 0.155945 0.874249
vt 0.133703 0.862597
vt 0.123170 0.878820
vt 0.146075 0.890234
vt 0.127489 0.913472
vt 0.125259 0.944236
vt 0.115257 0.934271
vt 0.146965 0.922981
vt 0.306012 0.618371
vt 0.295503 0.636890
vt 0.278213 0.631359
vt 0.274138 0.653657
vt 0.285574 0.659333
vt 0.285370 0.676055
vt 0.428778 0.934067
vt 0.475319 0.685070
vt 0.463952 0.689277
vt 0.467087 0.714629
vt 0.483976 0.730672
vt 0.505739 0.752569
vt 0.520309 0.765035
vt 0.703283 0.778403
vt 0.699656 0.789894
vt 0.652914 0.778363
vt 0.493749 0.161220
vt 0.830579 0.288757
vt 0.815697 0.280132
vt 0.830579 0.256307
vt 0.668422 0.597261
vt 0.480031 0.051882
vt 0.454113 0.074945
vt 0.631201 0.006360
vt 0.648810 0.022765
vt 0.622789 0.027200
vt 0.630687 0.047644
vt 0.632121 0.073231
vt 0.653422 0.048515
vt 0.631095 0.088256
vt 0.665457 0.080707
vt 0.588462 0.010912
vt 0.604981 0.019836
vt 0.581169 0.018279
vt 0.612694 0.045330
vt 0.607026 0.062189
vt 0.566650 0.006811
vt 0.558665 0.023984
vt 0.549856 0.013187
vt 0.573517 0.041810
vt 0.539312 0.032104
vt 0.557332 0.041922
vt 0.576136 0.060306
vt 0.354524 0.787078
vt 0.378459 0.825108
vt 0.354524 0.828918
vt 0.384143 0.804373
vt 0.705153 0.842822
vt 0.699329 0.858369
vt 0.699329 0.835754
vt 0.009395 0.589687
vt 0.000445 0.599973
vt 0.000445 0.566393
vt 0.539106 0.495837
vt 0.551978 0.484923
vt 0.560771 0.497733
vt 0.551202 0.513198
vt 0.536041 0.527461
vt 0.555299 0.528773
vt 0.525211 0.559674
vt 0.534923 0.557600
vt 0.550487 0.568114
vt 0.489544 0.014446
vt 0.488009 0.034844
vt 0.472533 0.039200
vt 0.210591 0.407767
vt 0.231641 0.410702
vt 0.230648 0.427621
vt 0.197629 0.423332
vt 0.166943 0.427621
vt 0.197318 0.393579
vt 0.030214 0.764804
vt 0.033932 0.800307
vt 0.018483 0.771408
vt 0.177538 0.381444
vt 0.058550 0.362649
vt 0.347766 0.681816
vt 0.361936 0.680700
vt 0.361344 0.713217
vt 0.354671 0.731706
vt 0.371924 0.728371
vt 0.256392 0.352083
vt 0.232920 0.385084
vt 0.260579 0.372264
vt 0.949926 0.190942
vt 0.886025 0.808359
vt 0.885793 0.823256
vt 0.899266 0.842408
vt 0.757981 0.487815
vt 0.758453 0.543981
vt 0.761940 0.527620
vt 0.769330 0.541809
vt 0.760746 0.506611
vt 0.752077 0.507457
vt 0.714212 0.027400
vt 0.721723 0.051502
vt 0.697179 0.049365
vt 0.731729 0.076345
vt 0.708515 0.078118
vt 0.730097 0.123143
vt 0.743437 0.101383
vt 0.324455 0.437020
vt 0.323763 0.463705
vt 0.309927 0.449959
vt 0.831052 0.861671
vt 0.827118 0.890513
vt 0.813878 0.884337
vt 0.693082 0.024506
vt 0.693006 0.073353
vt 0.776373 0.825532
vt 0.769525 0.799827
vt 0.788049 0.816039
vt 0.658950 0.408277
vt 0.845776 0.394651
vt 0.830057 0.376443
vt 0.661264 0.458886
vt 0.661912 0.440193
vt 0.551342 0.824768
vt 0.550965 0.806904
vt 0.572113 0.823047
vt 0.698612 0.131716
vt 0.683087 0.168283
vt 0.703285 0.191871
vt 0.845058 0.124490
vt 0.835217 0.052858
vt 0.610234 0.385806
vt 0.589728 0.395194
vt 0.595842 0.377503
vt 0.627055 0.429436
vt 0.642400 0.431700
vt 0.643309 0.442346
vt 0.644002 0.452973
vt 0.781262 0.374351
vt 0.625356 0.414928
vt 0.781410 0.352881
vt 0.651058 0.010811
vt 0.666896 0.059085
vt 0.619400 0.640620
vt 0.634295 0.627676
vt 0.639578 0.612366
vt 0.613429 0.603837
vt 0.070460 0.571639
vt 0.090368 0.575451
vt 0.176860 0.861099
vt 0.198651 0.886411
vt 0.177112 0.897847
vt 0.322489 0.121472
vt 0.165098 0.961758
vt 0.168879 0.938493
vt 0.186595 0.937511
vt 0.182009 0.965818
vt 0.323644 0.101111
vt 0.299542 0.108283
vt 0.185852 0.912644
vt 0.339870 0.183634
vt 0.354953 0.205551
vt 0.331662 0.220038
vt 0.369048 0.195135
vt 0.363771 0.174055
vt 0.880377 0.570517
vt 0.867175 0.586423
vt 0.865078 0.561716
vt 0.341063 0.156928
vt 0.483469 0.798117
vt 0.503545 0.806504
vt 0.461593 0.803796
vt 0.886152 0.704050
vt 0.873861 0.723196
vt 0.871963 0.699502
vt 0.883295 0.677638
vt 0.767404 0.258409
vt 0.758991 0.286727
vt 0.743591 0.283400
vt 0.886050 0.632397
vt 0.898697 0.647007
vt 0.885307 0.647680
vt 0.100356 0.950187
vt 0.115615 0.968645
vt 0.074191 0.977715
vt 0.112226 0.902167
vt 0.468186 0.734466
vt 0.482096 0.775441
vt 0.097690 0.901900
vt 0.179018 0.511229
vt 0.166312 0.503955
vt 0.029430 0.591909
vt 0.008961 0.596265
vt 0.031031 0.579121
vt 0.371977 0.828918
vt 0.384143 0.844610
vt 0.371977 0.862869
vt 0.597181 0.792285
vt 0.599838 0.818550
vt 0.583180 0.804705
vt 0.578566 0.832313
vt 0.788049 0.850967
vt 0.788783 0.872959
vt 0.807165 0.854732
vt 0.567438 0.785989
vt 0.583845 0.784958
vt 0.558646 0.805594
vt 0.657340 0.730873
vt 0.650294 0.757099
vt 0.633114 0.752753
vt 0.660102 0.686556
vt 0.660548 0.701266
vt 0.638801 0.687012
vt 0.645662 0.473833
vt 0.645638 0.302752
vt 0.630142 0.298739
vt 0.509727 0.645527
vt 0.522091 0.699085
vt 0.493079 0.668465
vt 0.810665 0.023385
vt 0.799361 0.029325
vt 0.800257 0.010910
vt 0.080585 0.672284
vt 0.087719 0.691661
vt 0.063334 0.677026
vt 0.062337 0.661022
vt 0.122285 0.106144
vt 0.147193 0.100123
vt 0.122459 0.118378
vt 0.128461 0.075111
vt 0.159642 0.072319
vt 0.845135 0.256307
vt 0.858786 0.270227
vt 0.845135 0.287424
vt 0.769511 0.477573
vt 0.763715 0.432034
vt 0.776202 0.449395
vt 0.835345 0.419108
vt 0.109195 0.757906
vt 0.138972 0.755133
vt 0.130728 0.771229
vt 0.147393 0.800645
vt 0.160385 0.835025
vt 0.132496 0.814825
vt 0.004249 0.138511
vt 0.000448 0.127771
vt 0.032549 0.107495
vt 0.101607 0.795888
vt 0.749595 0.707691
vt 0.727242 0.701199
vt 0.305485 0.604008
vt 0.287962 0.605718
vt 0.305296 0.476577
vt 0.429735 0.521097
vt 0.428008 0.544253
vt 0.412244 0.540613
vt 0.544770 0.088620
vt 0.557328 0.093998
vt 0.708893 0.111374
vt 0.680503 0.613941
vt 0.129686 0.565334
vt 0.086948 0.942172
vt 0.075982 0.961300
vt 0.825413 0.037329
vt 0.107957 0.693381
vt 0.085067 0.647454
vt 0.059794 0.632670
vt 0.083688 0.628446
vt 0.786357 0.237473
vt 0.793190 0.198187
vt 0.793603 0.236785
vt 0.781262 0.193290
vt 0.790125 0.174109
vt 0.314750 0.617518
vt 0.355950 0.483231
vt 0.300983 0.858140
vt 0.300983 0.820688
vt 0.313073 0.840202
vt 0.002636 0.372073
vt 0.086863 0.830233
vt 0.076253 0.813275
vt 0.105789 0.819708
vt 0.094353 0.924317
vt 0.881598 0.034961
vt 0.858103 0.041981
vt 0.888393 0.023554
vt 0.843673 0.017410
vt 0.863021 0.011445
vt 0.293284 0.849732
vt 0.275555 0.848502
vt 0.293284 0.824612
vt 0.006858 0.740575
vt 0.010235 0.768162
vt 0.001067 0.770694
vt 0.120354 0.670846
vt 0.132424 0.643817
vt 0.136609 0.657436
vt 0.115801 0.635922
vt 0.128123 0.626234
vt 0.669001 0.746476
vt 0.663680 0.766756
vt 0.639096 0.773882
vt 0.645975 0.714347
vt 0.682866 0.711821
vt 0.684170 0.684545
vt 0.649496 0.600434
vt 0.662178 0.612890
vt 0.653181 0.565001
vt 0.509158 0.816140
vt 0.566856 0.399597
vt 0.534270 0.657180
vt 0.552123 0.683298
vt 0.542467 0.687475
vt 0.550654 0.717885
vt 0.403382 0.107521
vt 0.428807 0.102675
vt 0.423050 0.132884
vt 0.407624 0.140417
vt 0.564629 0.724564
vt 0.572425 0.697519
vt 0.576097 0.713849
vt 0.558682 0.753496
vt 0.580017 0.747818
vt 0.370349 0.696796
vt 0.249467 0.420398
vt 0.012425 0.157140
vt 0.851537 0.947599
vt 0.843755 0.965819
vt 0.396838 0.667484
vt 0.395778 0.636781
vt 0.398044 0.690821
vt 0.406078 0.729029
vt 0.420045 0.744210
vt 0.733689 0.044022
vt 0.742593 0.124008
vt 0.744065 0.146232
vt 0.909923 0.046375
vt 0.923851 0.072791
vt 0.931970 0.052948
vt 0.489095 0.743988
vt 0.825623 0.912384
vt 0.797340 0.908659
vt 0.712155 0.594918
vt 0.104442 0.658732
vt 0.282305 0.431363
vt 0.267381 0.447588
vt 0.467129 0.586500
vt 0.493704 0.577787
vt 0.682435 0.207208
vt 0.678936 0.226919
vt 0.676012 0.250039
vt 0.668531 0.284029
vt 0.658990 0.280299
vt 0.489235 0.609332
vt 0.500221 0.565429
vt 0.504122 0.613841
vt 0.831247 0.224354
vt 0.828440 0.243334
vt 0.800539 0.207072
vt 0.830610 0.207890
vt 0.439147 0.198142
vt 0.442442 0.240467
vt 0.667919 0.799827
vt 0.670268 0.815913
vt 0.667919 0.840348
vt 0.611347 0.780072
vt 0.610180 0.746635
vt 0.625666 0.781226
vt 0.071587 0.606216
vt 0.051823 0.607229
vt 0.072263 0.590213
vt 0.613667 0.287883
vt 0.528806 0.681389
vt 0.529379 0.616986
vt 0.435754 0.080963
vt 0.337892 0.107678
vt 0.276727 0.103642
vt 0.203107 0.921722
vt 0.159035 0.908611
vt 0.737300 0.516556
vt 0.444858 0.568382
vt 0.679215 0.543147
vt 0.550965 0.829703
vt 0.543047 0.853314
vt 0.287745 0.528067
vt 0.253809 0.551295
vt 0.474209 0.568117
vt 0.801059 0.186391
vt 0.840081 0.184459
vt 0.816667 0.197610
vt 0.843720 0.233749
vt 0.803428 0.247518
vt 0.792678 0.254938
vt 0.803529 0.170286
vt 0.794438 0.142819
vt 0.791831 0.120196
vt 0.206069 0.016234
vt 0.231685 0.029501
vt 0.340371 0.721414
vt 0.350028 0.752495
vt 0.326098 0.703623
vt 0.313884 0.685343
vt 0.744310 0.040425
vt 0.757390 0.062231
vt 0.747642 0.069952
vt 0.757088 0.095362
vt 0.853247 0.916174
vt 0.837007 0.935620
vt 0.826977 0.961537
vt 0.808334 0.963862
vt 0.726029 0.609958
vt 0.713536 0.179837
vt 0.720806 0.208782
vt 0.693784 0.091075
vt 0.860206 0.109091
vt 0.130456 0.484017
vt 0.445543 0.298372
vt 0.459519 0.319984
vt 0.657521 0.836181
vt 0.667919 0.853394
vt 0.654711 0.853394
vt 0.613245 0.575375
vt 0.619329 0.560387
vt 0.605422 0.553919
vt 0.606689 0.532309
vt 0.232506 0.801630
vt 0.209229 0.796510
vt 0.224288 0.782594
vt 0.381960 0.245059
vt 0.363260 0.250001
vt 0.375573 0.225361
vt 0.352966 0.232422
vt 0.845620 0.610903
vt 0.859368 0.615706
vt 0.854248 0.633788
vt 0.877789 0.624619
vt 0.382262 0.196187
vt 0.854264 0.583942
vt 0.032728 0.251025
vt 0.020177 0.256751
vt 0.051545 0.244716
vt 0.902752 0.934957
vt 0.913963 0.915019
vt 0.026457 0.231861
vt 0.044819 0.217189
vt 0.885906 0.952472
vt 0.902156 0.966549
vt 0.066124 0.196424
vt 0.000571 0.495078
vt 0.000000 0.458690
vt 0.031031 0.472878
vt 0.026869 0.488804
vt 0.023001 0.453136
vt 0.010862 0.436126
vt 0.020041 0.427621
vt 0.768957 0.144796
vt 0.755366 0.155463
vt 0.773279 0.178318
vt 0.771795 0.196025
vt 0.894483 0.216328
vt 0.894572 0.225713
vt 0.864705 0.217260
vt 0.898101 0.193032
vt 0.865493 0.187319
vt 0.847874 0.174586
vt 0.890674 0.177413
vt 0.862860 0.157205
vt 0.901403 0.154893
vt 0.834254 0.797664
vt 0.832547 0.829465
vt 0.812996 0.805748
vt 0.817713 0.843168
vt 0.667140 0.551049
vt 0.017870 0.834103
vt 0.017870 0.857688
vt 0.004218 0.846173
vt 0.002962 0.828722
vt 0.529488 0.835889
vt 0.663040 0.538296
vt 0.685912 0.148781
vt 0.035898 0.447881
vt 0.031123 0.466910
vt 0.031123 0.427621
vt 0.104831 0.581846
vt 0.001067 0.801737
vt 0.017870 0.822016
vt 0.001067 0.828722
vt 0.222546 0.522029
vt 0.236138 0.523226
vt 0.222164 0.549283
vt 0.566286 0.434191
vt 0.550132 0.454884
vt 0.545815 0.438392
vt 0.513869 0.607227
vt 0.522918 0.584515
vt 0.590503 0.440138
vt 0.577444 0.458382
vt 0.591735 0.457908
vt 0.565311 0.471218
vt 0.582181 0.472761
vt 0.339249 0.310259
vt 0.373304 0.305202
vt 0.361138 0.323293
vt 0.362499 0.278974
vt 0.371932 0.278384
vt 0.384143 0.270891
vt 0.872183 0.649371
vt 0.855547 0.660717
vt 0.029930 0.346159
vt 0.041360 0.330725
vt 0.077258 0.336501
vt 0.324755 0.820688
vt 0.306704 0.812353
vt 0.332943 0.796114
vt 0.018742 0.317914
vt 0.920308 0.856000
vt 0.912827 0.833537
vt 0.936088 0.818957
vt 0.859320 0.736355
vt 0.850715 0.722277
vt 0.865085 0.679242
vt 0.754294 0.740647
vt 0.754954 0.768299
vt 0.741751 0.676987
vt 0.731585 0.270459
vt 0.905907 0.622336
vt 0.486694 0.216924
vt 0.486460 0.243538
vt 0.668642 0.671028
vt 0.688536 0.649603
vt 0.258619 0.437416
vt 0.259275 0.428962
vt 0.491284 0.544211
vt 0.476139 0.552183
vt 0.670738 0.203301
vt 0.649220 0.222739
vt 0.665002 0.243604
vt 0.638800 0.236972
vt 0.638171 0.266472
vt 0.643933 0.282383
vt 0.069504 0.180202
vt 0.083081 0.159534
vt 0.082274 0.116632
vt 0.103634 0.142288
vt 0.375476 0.562635
vt 0.362579 0.584507
vt 0.181312 0.639453
vt 0.781262 0.212577
vt 0.767024 0.222499
vt 0.752602 0.221389
vt 0.773517 0.235055
vt 0.858213 0.323315
vt 0.634482 0.799827
vt 0.634482 0.821418
vt 0.618954 0.816259
vt 0.125354 0.539472
vt 0.219129 0.685830
vt 0.234557 0.688697
vt 0.224698 0.699841
vt 0.754601 0.822619
vt 0.745695 0.810305
vt 0.746975 0.799827
vt 0.550965 0.796272
vt 0.556936 0.782443
vt 0.675143 0.065511
vt 0.684897 0.086103
vt 0.556317 0.396739
vt 0.607577 0.437517
vt 0.610314 0.416597
vt 0.572973 0.427380
vt 0.545866 0.475549
vt 0.040034 0.651028
vt 0.042932 0.631952
vt 0.049520 0.657768
vt 0.620824 0.267578
vt 0.608049 0.251044
vt 0.615489 0.235789
vt 0.591826 0.281833
vt 0.542508 0.628214
vt 0.548624 0.636836
vt 0.425636 0.073464
vt 0.307126 0.320745
vt 0.304211 0.346453
vt 0.280796 0.347605
vt 0.331709 0.323747
vt 0.325423 0.311263
vt 0.329074 0.283789
vt 0.338095 0.259659
vt 0.144936 0.956248
vt 0.743929 0.251830
vt 0.903519 0.031654
vt 0.010235 0.801737
vt 0.617344 0.831851
vt 0.618954 0.846105
vt 0.599838 0.832332
vt 0.272142 0.610757
vt 0.754601 0.858056
vt 0.741515 0.840614
vt 0.743719 0.828440
vt 0.226655 0.626064
vt 0.213845 0.653254
vt 0.207975 0.635522
vt 0.222361 0.604334
vt 0.212982 0.622898
vt 0.504757 0.532365
vt 0.608725 0.638972
vt 0.057761 0.497598
vt 0.535332 0.326411
vt 0.545853 0.321249
vt 0.423723 0.295022
vt 0.446296 0.330173
vt 0.425336 0.319987
vt 0.466179 0.342933
vt 0.482247 0.327794
vt 0.119997 0.427621
vt 0.125469 0.448983
vt 0.449831 0.354975
vt 0.466322 0.362149
vt 0.420774 0.338401
vt 0.891940 0.596500
vt 0.000000 0.252175
vt 0.304590 0.639834
vt 0.322706 0.549686
vt 0.650523 0.799827
vt 0.503545 0.833744
vt 0.503545 0.854910
vt 0.487442 0.840245
vt 0.105891 0.839504
vt 0.104888 0.863952
vt 0.864714 0.230315
vt 0.467092 0.203732
vt 0.481726 0.183763
vt 0.479713 0.210361
vt 0.473712 0.237965
vt 0.061272 0.784973
vt 0.057208 0.768993
vt 0.074888 0.770739
vt 0.081544 0.789791
vt 0.682441 0.825462
vt 0.478824 0.289314
vt 0.620749 0.730502
vt 0.615951 0.701099
vt 0.376877 0.782595
vt 0.786613 0.119123
vt 0.785448 0.086271
vt 0.127416 0.723664
vt 0.108217 0.740575
vt 0.620607 0.094768
vt 0.601695 0.086122
vt 0.612905 0.114678
vt 0.628350 0.110520
vt 0.459475 0.782443
vt 0.155538 0.764434
vt 0.941837 0.022328
vt 0.958044 0.027955
vt 0.187216 0.690782
vt 0.181601 0.670588
vt 0.203107 0.697569
vt 0.219284 0.846910
vt 0.203107 0.851719
vt 0.203107 0.830350
vt 0.174240 0.646654
vt 0.193726 0.672192
vt 0.191606 0.643194
vt 0.909957 0.681089
vt 0.911121 0.656726
vt 0.727531 0.302966
vt 0.708055 0.323339
vt 0.711143 0.309091
vt 0.741515 0.822174
vt 0.726398 0.842798
vt 0.726398 0.799827
vt 0.230990 0.645905
vt 0.850300 0.001517
vt 0.830440 0.024852
vt 0.815240 0.006401
vt 0.436364 0.353572
vt 0.019427 0.800307
vt 0.033932 0.810791
vt 0.019427 0.831583
vt 0.032314 0.587360
vt 0.033940 0.595688
vt 0.032314 0.611059
vt 0.489943 0.371738
vt 0.364873 0.755659
vt 0.370039 0.774916
vt 0.357625 0.782595
vt 0.831687 0.763713
vt 0.815440 0.761591
vt 0.850505 0.751491
vt 0.822221 0.736502
vt 0.266839 0.807507
vt 0.280910 0.794258
vt 0.293284 0.824612
vt 0.836067 0.723927
vt 0.279379 0.327537
vt 0.463250 0.833744
vt 0.473654 0.858044
vt 0.463250 0.859057
vt 0.228295 0.830350
vt 0.228295 0.854556
vt 0.220853 0.835160
vt 0.269924 0.786797
vt 0.293284 0.782594
vt 0.869949 0.746498
vt 0.882528 0.735969
vt 0.947284 0.135611
vt 0.706216 0.791376
vt 0.421059 0.942925
vt 0.423510 0.911964
vt 0.008961 0.564691
vt 0.015705 0.530344
vt 0.666610 0.478762
vt 0.476458 0.259874
vt 0.040237 0.784949
vt 0.060649 0.796268
vt 0.046705 0.796843
vt 0.338815 0.844339
vt 0.625579 0.797163
vt 0.642689 0.789401
vt 0.402601 0.156349
vt 0.384143 0.180482
vt 0.389609 0.220690
vt 0.402425 0.200190
vt 0.599838 0.768344
vt 0.397788 0.248761
vt 0.393729 0.609755
vt 0.384143 0.610910
vt 0.123884 0.780281
vt 0.697326 0.335822
vt 0.700841 0.301252
vt 0.273615 0.680022
vt 0.298034 0.582508
vt 0.001160 0.676351
vt 0.002212 0.645748
vt 0.031031 0.666644
vt 0.681399 0.042703
vt 0.682176 0.019627
vt 0.225975 0.567241
vt 0.628963 0.675901
vt 0.586286 0.414875
vt 0.575957 0.404843
vt 0.587272 0.399597
vt 0.517284 0.513198
vt 0.514523 0.493255
vt 0.223373 0.492860
vt 0.240697 0.488892
vt 0.595575 0.000000
vt 0.617186 0.001668
vt 0.599838 0.421391
vt 0.416289 0.519902
vt 0.851463 0.293187
vt 0.798517 0.810467
vt 0.788049 0.792940
vt 0.850892 0.203244
vt 0.830369 0.172684
vt 0.831688 0.152436
vt 0.509433 0.073873
vt 0.532797 0.058698
vt 0.528600 0.073231
vt 0.549112 0.748695
vt 0.042084 0.681260
vt 0.026935 0.676351
vt 0.031031 0.699652
vt 0.010871 0.699652
vt 0.576249 0.494835
vt 0.570184 0.485663
vt 0.029479 0.728090
vt 0.013542 0.713008
vt 0.024380 0.715021
vt 0.593359 0.482569
vt 0.583104 0.488710
vt 0.286457 0.371432
vt 0.340796 0.346263
vt 0.816995 0.723502
vt 0.839478 0.707731
vt 0.371044 0.333815
vt 0.845640 0.692139
vt 0.844715 0.664387
vt 0.872550 0.763713
vt 0.890716 0.787122
vt 0.858886 0.767750
vt 0.010235 0.760757
vt 0.033932 0.740575
vt 0.948977 0.164647
vt 0.961204 0.196270
vt 0.207679 0.379398
vt 0.178048 0.362245
vt 0.765782 0.603752
vt 0.762799 0.581943
vt 0.000998 0.334169
vt 0.010821 0.354854
vt 0.343066 0.520926
vt 0.310595 0.661135
vt 0.733472 0.016873
vt 0.704785 0.014571
vt 0.300878 0.560802
vt 0.106663 0.927070
vt 0.459475 0.931888
vt 0.014102 0.618040
vt 0.280737 0.556964
vt 0.705153 0.835754
vt 0.697202 0.810146
vt 0.705153 0.799827
vt 0.715802 0.847421
vt 0.715802 0.821307
vt 0.726398 0.827961
vt 0.725412 0.799827
vt 0.410230 0.890438
vt 0.414235 0.915840
vt 0.399077 0.906600
vt 0.399143 0.937483
vt 0.481269 0.649509
vt 0.396833 0.889896
vt 0.137041 0.487118
vt 0.038799 0.925986
vt 0.384143 0.905160
vt 0.385649 0.932954
vt 0.389312 0.954705
vt 0.622510 0.355527
vt 0.376682 0.152187
vt 0.858365 0.539344
vt 0.359507 0.109121
vt 0.376878 0.128883
vt 0.154537 0.370387
vt 0.123527 0.361831
vt 0.888093 0.765003
vt 0.907823 0.780369
vt 0.905981 0.802260
vt 0.915256 0.814563
vt 0.099349 0.330213
vt 0.784196 0.626273
vt 0.173683 0.004924
vt 0.307618 0.166925
vt 0.157742 0.991194
vt 0.909581 0.592879
vt 0.000000 0.530344
vt 0.684096 0.001619
vt 0.313073 0.856305
vt 0.313073 0.820688
vt 0.319241 0.840460
vt 0.473654 0.833743
vt 0.487442 0.833743
vt 0.480620 0.854529
vt 0.802578 0.832965
vt 0.793406 0.840909
vt 0.301542 0.853704
vt 0.293841 0.837847
vt 0.301542 0.823920
vt 0.667013 0.492287
vt 0.316135 0.242860
vt 0.326635 0.246900
vt 0.315532 0.277424
vt 0.923116 0.176475
vt 0.744768 0.530872
vt 0.747119 0.551299
vt 0.844642 0.846439
vt 0.840812 0.865986
vt 0.836607 0.905700
vt 0.921674 0.033674
vt 0.910543 0.015196
vt 0.930566 0.009295
vt 0.923197 -0.000000
vt 0.153170 0.619693
vt 0.159787 0.630482
vt 0.141591 0.639194
vt 0.702492 0.220738
vt 0.600543 0.746867
vt 0.599838 0.720539
vt 0.411192 0.260510
vt 0.263931 0.809268
vt 0.247117 0.820714
vt 0.251112 0.797593
vt 0.266839 0.782595
vt 0.431708 0.281264
vt 0.415357 0.282615
vt 0.405410 0.282329
vt 0.204186 0.814366
vt 0.217972 0.822620
vt 0.203107 0.830350
vt 0.232176 0.820158
vt 0.365079 0.644765
vt 0.300983 0.782595
vt 0.332572 0.782595
vt 0.564206 0.860993
vt 0.717691 0.146643
vt 0.492990 0.734375
vt 0.516583 0.102905
vt 0.214460 0.673586
vt 0.032314 0.566465
vt 0.032314 0.535375
vt 0.035183 0.552064
vt 0.153840 0.456829
vt 0.187114 0.522004
vt 0.203107 0.503705
vt 0.627131 0.846031
vt 0.332943 0.855815
vt 0.320144 0.829796
vt 0.332943 0.820688
vt 0.528888 0.858427
vt 0.682441 0.799827
vt 0.695524 0.814651
vt 0.682441 0.834848
vt 0.829432 0.288863
vt 0.653338 0.424991
vt 0.250685 0.463986
vt 0.615898 0.668950
vt 0.247117 0.830350
vt 0.247117 0.849237
vt 0.228295 0.845294
vt 0.492066 0.823056
vt 0.466639 0.821300
vt 0.770041 0.508020
vt 0.774152 0.529968
vt 0.000670 0.444538
vt 0.913815 0.529259
vt 0.907245 0.493103
vt 0.000445 0.530344
vt 0.008961 0.554363
vt 0.000445 0.566393
vt 0.423905 0.898007
vt 0.782790 0.836470
vt 0.769525 0.852396
vt 0.505790 0.843979
vt 0.817438 0.153798
vt 0.266839 0.839298
vt 0.605724 0.701321
vt 0.606517 0.659588
vt 0.247117 0.822371
vt 0.247117 0.798094
vt 0.261718 0.427033
vt 0.281526 0.408928
vt 0.268691 0.400911
vt 0.294951 0.393159
vt 0.308893 0.374994
vt 0.359691 0.848803
vt 0.371977 0.828918
vt 0.371977 0.858560
vt 0.384143 0.766263
vt 0.380141 0.737898
vt 0.325342 0.375755
vt 0.788049 0.742280
vt 0.804712 0.748906
vt 0.250226 0.021519
vt 0.782007 0.553947
vt 0.756552 0.799827
vt 0.769525 0.838981
vt 0.754601 0.831064
vt 0.293841 0.782594
vt 0.300983 0.798712
vt 0.293841 0.823921
vt 0.754601 0.855960
vt 0.192478 0.000000
vt 0.777136 0.576315
vt 0.650523 0.836181
vt 0.650523 0.799827
vt 0.667919 0.831509
vt 0.817973 0.941119
vt 0.312017 0.527959
vt 0.137617 0.515807
vt 0.480201 0.528946
vt 0.310440 0.427621
vt 0.645034 0.317209
vt 0.170382 0.679981
vt 0.158936 0.669555
vt 0.715803 0.823138
vt 0.705153 0.846354
vt 0.781262 0.254938
vt 0.800984 0.260765
vt 0.782422 0.271510
vt 0.800984 0.285361
vt 0.027420 0.640444
vt 0.031031 0.618040
vt 0.246000 0.441060
vt 0.238324 0.467119
vt 0.502345 0.514353
vt 0.489302 0.533734
vt 0.123423 0.411078
vt 0.138931 0.424634
vt 0.299556 0.306039
vt 0.002846 0.171264
vt 0.035898 0.501624
vt 0.032018 0.472659
vt 0.035898 0.466910
vt 0.137471 0.740575
vt 0.798890 0.977991
vt 0.035602 0.501624
vt 0.035602 0.535375
vt 0.032018 0.518365
vt 0.203107 0.658182
vt 0.210792 0.591853
vt 0.211896 0.577986
vt 0.532052 0.475345
vt 0.540500 0.578294
vt 0.547396 0.602565
vt 0.455271 0.029171
vt 0.468909 0.014097
vt 0.443023 0.050077
vt 0.567847 0.522058
vt 0.011208 0.726677
vt 0.020042 0.740575
vt 0.000464 0.699828
vt 0.035898 0.699828
vt 0.781796 0.210031
vt 0.495812 0.000000
vt 0.510567 0.002142
vt 0.504599 0.028220
vt 0.106642 0.127270
vt 0.480043 0.831494
vt 0.459475 0.833743
vt 0.100027 0.102441
vt 0.114399 0.082050
vt 0.864120 0.516937
vt 0.853354 0.492198
vt 0.834736 0.483812
vt 0.356046 0.086843
vt 0.148371 0.656673
vt 0.275555 0.837821
vt 0.266956 0.849517
vt 0.266956 0.824612
vt 0.660241 0.019455
vt 0.662516 0.042397
vt 0.794998 0.055628
s 1
usemtl FusedMaterial
f 12/1/1 129/2/2 134/3/3
f 134/3/3 137/4/4 12/1/1
f 83/5/5 137/4/4 169/6/6
f 169/6/6 41/7/7 83/5/5
f 137/4/4 211/8/8 169/6/6
f 27/9/9 169/6/6 211/8/8
f 41/7/7 169/6/6 27/9/9
f 46/10/10 27/9/9 211/8/8
f 132/11/11 28/12/12 159/13/13
f 159/13/13 28/12/12 49/14/14
f 114/15/15 159/13/13 49/14/14
f 51/16/16 114/15/15 49/14/14
f 184/17/17 142/18/18 174/19/19
f 150/20/20 142/18/18 184/17/17
f 220/21/21 150/20/20 184/17/17
f 355/22/22 411/23/23 284/24/24
f 355/22/22 320/25/25 469/26/26
f 320/25/25 231/27/27 375/28/28
f 385/29/29 310/30/30 391/31/31
f 276/32/32 385/29/29 414/33/33
f 339/34/34 276/32/32 440/35/35
f 485/36/36 292/37/37 399/38/38
f 425/39/39 292/37/37 485/36/36
f 441/40/40 332/41/41 387/42/42
f 335/43/43 332/41/41 441/40/40
f 441/40/40 391/44/31 335/43/43
f 391/44/31 441/40/40 417/45/44
f 451/46/45 452/47/46 304/48/47
f 451/46/45 411/23/23 464/49/48
f 355/22/22 464/49/48 411/23/23
f 469/26/26 320/25/25 474/50/49
f 474/50/49 320/25/25 375/28/28
f 440/51/35 414/52/33 435/53/50
f 455/54/51 419/55/52 499/56/53
f 467/57/54 537/58/55 419/59/52
f 365/60/56 439/61/57 467/57/54
f 415/62/58 479/63/59 516/64/60
f 415/62/58 557/65/61 448/66/62
f 519/67/63 448/66/62 557/65/61
f 454/68/64 448/66/62 519/67/63
f 572/69/65 505/70/66 541/71/67
f 530/72/68 500/73/69 593/74/70
f 619/75/71 494/76/72 594/77/73
f 619/75/71 592/78/74 494/76/72
f 618/79/75 529/80/76 629/81/77
f 577/82/78 547/83/79 663/84/80
f 663/84/80 658/85/81 577/82/78
f 663/84/80 547/83/79 700/86/82
f 675/87/83 676/88/84 636/89/85
f 609/90/86 685/91/87 571/92/88
f 609/90/86 612/93/89 730/94/90
f 730/95/90 612/96/89 710/97/91
f 710/98/91 612/93/89 617/99/92
f 711/100/93 617/99/92 560/101/94
f 710/98/91 617/99/92 711/100/93
f 711/100/93 560/101/94 562/102/95
f 711/100/93 562/102/95 671/103/96
f 804/104/97 775/105/98 856/106/99
f 933/107/100 856/106/99 775/105/98
f 775/105/98 785/108/101 933/107/100
f 843/109/102 932/110/103 878/111/104
f 933/107/100 785/108/101 827/112/105
f 827/112/105 938/113/106 933/107/100
f 878/111/104 938/113/106 827/112/105
f 890/114/107 843/115/102 846/116/108
f 25/117/109 91/118/110 152/119/111
f 25/120/109 93/121/112 96/122/113
f 91/123/110 25/120/109 96/122/113
f 91/123/110 106/124/114 68/125/115
f 2/126/116 68/125/115 106/124/114
f 91/123/110 96/122/113 106/124/114
f 96/122/113 93/121/112 109/127/117
f 109/127/117 112/128/118 96/122/113
f 112/128/118 109/127/117 138/129/119
f 106/124/114 96/122/113 112/128/118
f 68/125/115 2/126/116 97/130/120
f 100/131/121 97/130/120 3/132/122
f 141/133/123 3/134/122 2/135/116
f 61/136/124 141/133/123 2/135/116
f 64/137/125 100/138/121 3/134/122
f 66/139/126 100/131/121 64/140/125
f 64/137/125 3/134/122 141/133/123
f 67/141/127 2/126/116 106/124/114
f 61/142/124 2/126/116 67/141/127
f 213/143/128 54/144/129 46/10/10
f 54/144/129 213/143/128 174/145/19
f 142/146/18 54/144/129 174/145/19
f 142/146/18 9/147/130 54/144/129
f 142/146/18 150/148/20 9/147/130
f 153/149/131 23/150/132 16/151/133
f 154/152/134 153/149/131 16/151/133
f 16/151/133 25/117/109 154/152/134
f 25/117/109 152/119/111 154/152/134
f 220/21/21 9/153/130 150/20/20
f 162/154/135 9/153/130 220/21/21
f 31/155/136 9/147/130 162/156/135
f 162/156/135 135/157/137 31/155/136
f 138/129/119 31/155/136 135/157/137
f 212/158/138 216/159/139 241/160/140
f 241/160/140 216/159/139 243/161/141
f 251/162/142 243/161/141 216/159/139
f 251/162/142 216/159/139 218/163/143
f 251/162/142 218/163/143 219/164/144
f 273/165/145 279/166/146 187/167/147
f 254/168/148 299/169/149 204/170/150
f 209/171/151 204/172/150 299/173/149
f 292/37/37 296/174/152 399/38/38
f 228/175/153 296/174/152 292/37/37
f 294/176/154 326/177/155 387/42/42
f 335/43/43 280/178/156 332/41/41
f 283/179/157 335/43/43 391/44/31
f 283/179/157 391/44/31 310/180/30
f 232/181/158 301/182/159 392/183/160
f 281/184/161 323/185/162 429/186/163
f 429/186/163 323/185/162 424/187/164
f 342/188/165 446/189/166 400/190/167
f 356/191/168 468/192/169 462/193/170
f 554/194/171 424/187/164 506/195/172
f 508/196/173 424/187/164 554/194/171
f 429/186/163 424/187/164 508/196/173
f 506/195/172 384/197/174 462/193/170
f 506/195/172 424/187/164 384/197/174
f 576/198/175 504/199/176 397/200/177
f 397/200/177 510/201/178 576/198/175
f 510/202/178 473/203/179 543/204/180
f 548/205/181 543/204/180 520/206/182
f 543/204/180 473/203/179 520/206/182
f 554/194/171 506/195/172 568/207/183
f 512/208/184 526/209/185 528/210/186
f 581/211/187 512/208/184 528/210/186
f 655/212/188 639/213/189 570/214/190
f 686/215/191 583/216/192 556/217/193
f 659/218/194 586/219/195 707/220/196
f 507/221/197 586/219/195 659/218/194
f 586/219/195 607/222/198 707/220/196
f 707/220/196 607/222/198 716/223/199
f 678/224/200 618/79/75 683/225/201
f 702/226/202 700/86/82 578/227/203
f 702/226/202 663/84/80 700/86/82
f 658/85/81 663/84/80 761/228/204
f 737/229/205 791/230/206 709/231/207
f 791/230/206 765/232/208 709/231/207
f 765/232/208 665/233/209 709/231/207
f 595/234/210 665/233/209 769/235/211
f 793/236/212 754/237/213 779/238/214
f 794/239/215 641/240/216 643/241/217
f 830/242/218 789/243/219 687/244/220
f 789/243/219 644/245/221 687/244/220
f 830/242/218 687/244/220 780/246/222
f 830/242/218 780/246/222 894/247/223
f 894/247/223 780/246/222 823/248/224
f 823/248/224 780/246/222 729/249/225
f 765/232/208 900/250/226 665/233/209
f 769/235/211 665/233/209 900/250/226
f 900/250/226 811/251/227 769/235/211
f 859/252/228 813/253/229 865/254/230
f 831/255/231 865/254/230 813/253/229
f 865/254/230 831/255/231 949/256/232
f 879/257/233 949/256/232 831/255/231
f 879/257/233 831/255/231 840/258/234
f 812/259/235 842/260/236 886/261/237
f 901/262/238 900/263/226 954/264/239
f 901/262/238 954/264/239 956/265/240
f 901/262/238 956/265/240 860/266/241
f 954/264/239 959/267/242 956/265/240
f 860/266/241 956/265/240 883/268/243
f 956/269/240 959/270/242 960/271/244
f 869/272/245 960/271/244 894/247/223
f 930/273/246 883/268/243 956/265/240
f 956/269/240 960/271/244 930/274/246
f 869/272/245 930/274/246 960/271/244
f 930/274/246 869/272/245 940/275/247
f 143/276/248 24/277/249 140/278/250
f 179/279/251 191/280/252 13/281/253
f 118/282/254 124/283/255 194/284/256
f 147/285/257 245/286/258 145/287/259
f 145/288/259 245/289/258 224/290/260
f 189/291/261 223/292/262 173/293/263
f 252/294/264 222/295/265 136/296/266
f 313/297/267 151/298/268 222/299/265
f 260/300/269 176/301/270 151/298/268
f 226/302/271 367/303/272 312/304/273
f 226/302/271 261/305/274 322/306/275
f 261/307/274 274/308/276 322/309/275
f 309/310/277 315/311/278 369/312/279
f 340/313/280 274/308/276 258/314/281
f 258/314/281 317/315/282 340/313/280
f 317/315/282 271/316/283 282/317/284
f 342/188/165 341/318/285 446/189/166
f 386/319/286 342/188/165 400/190/167
f 417/45/44 418/320/287 391/44/31
f 471/321/288 405/322/289 406/323/290
f 406/323/290 371/324/291 433/325/292
f 451/46/45 304/48/47 411/23/23
f 481/326/293 413/327/294 561/328/295
f 453/329/296 481/330/293 531/331/297
f 531/331/297 503/332/298 453/329/296
f 553/333/299 524/334/300 395/335/301
f 395/335/301 484/336/302 553/333/299
f 553/337/299 484/338/302 617/99/92
f 560/101/94 617/99/92 484/338/302
f 484/338/302 490/339/303 560/101/94
f 490/339/303 445/340/304 509/341/305
f 640/342/306 576/198/175 649/343/307
f 725/344/308 608/345/309 705/346/310
f 649/343/307 608/345/309 725/344/308
f 708/347/311 706/348/312 621/349/313
f 706/348/312 705/346/310 621/349/313
f 732/350/314 589/351/315 579/352/316
f 732/350/314 708/353/311 589/351/315
f 653/354/317 731/355/318 556/217/193
f 731/355/318 686/215/191 556/217/193
f 738/356/319 583/216/192 686/215/191
f 643/241/217 659/218/194 796/357/320
f 659/218/194 707/220/196 740/358/321
f 740/358/321 707/220/196 716/223/199
f 784/359/322 703/360/323 801/361/324
f 693/362/325 703/360/323 784/359/322
f 784/359/322 742/363/326 693/362/325
f 795/364/327 748/365/328 648/366/329
f 748/365/328 741/367/330 648/366/329
f 795/364/327 742/363/326 784/359/322
f 648/366/329 742/363/326 795/364/327
f 703/360/323 800/368/331 801/361/324
f 814/369/332 847/370/333 683/371/201
f 683/371/201 684/372/334 814/369/332
f 814/373/332 684/374/334 818/375/335
f 873/376/336 825/377/337 752/378/338
f 839/379/339 752/378/338 702/380/202
f 873/376/336 752/378/338 839/379/339
f 744/381/340 803/382/341 804/104/97
f 947/383/342 873/376/336 872/384/343
f 927/385/344 871/386/345 873/376/336
f 947/383/342 927/385/344 873/376/336
f 927/385/344 880/387/346 871/386/345
f 951/388/347 880/387/346 927/385/344
f 957/389/348 951/388/347 927/385/344
f 927/390/344 947/391/342 890/392/107
f 957/393/348 927/390/344 890/392/107
f 912/394/349 890/114/107 898/395/350
f 862/396/351 946/397/352 968/398/353
f 885/399/354 862/396/351 968/398/353
f 946/397/352 965/400/355 968/398/353
f 970/401/356 968/402/353 965/403/355
f 965/403/355 881/404/357 856/106/99
f 856/106/99 970/401/356 965/403/355
f 968/402/353 970/401/356 933/107/100
f 885/399/354 968/398/353 922/405/358
f 968/402/353 933/107/100 932/110/103
f 970/401/356 856/106/99 933/107/100
f 172/406/359 207/407/360 237/408/361
f 194/284/256 124/283/255 246/409/362
f 264/410/363 156/411/364 202/412/365
f 270/413/366 156/411/364 264/410/363
f 207/414/360 156/411/364 270/413/366
f 301/415/159 293/416/367 372/417/368
f 372/417/368 360/418/369 301/415/159
f 302/419/370 372/417/368 293/416/367
f 346/420/371 302/419/370 172/421/359
f 371/324/291 406/323/290 405/322/289
f 304/48/47 284/24/24 411/23/23
f 392/183/160 399/38/38 330/422/372
f 461/423/373 440/35/35 501/424/374
f 416/425/375 472/426/376 492/427/377
f 561/428/295 413/429/294 525/430/378
f 496/431/379 458/432/380 539/433/381
f 603/434/382 476/435/383 591/436/384
f 485/36/36 476/435/383 603/434/382
f 599/437/385 632/438/386 534/439/387
f 594/77/73 593/74/70 650/440/388
f 650/440/388 619/75/71 594/77/73
f 539/441/381 513/442/389 668/443/390
f 668/443/390 642/444/391 539/441/381
f 666/445/392 555/446/393 692/447/394
f 657/448/395 624/449/396 696/450/397
f 657/451/395 702/226/202 625/452/398
f 578/227/203 625/452/398 702/226/202
f 699/453/399 661/454/400 721/455/401
f 735/456/402 704/457/403 664/458/404
f 657/459/395 696/460/397 747/461/405
f 747/461/405 702/380/202 657/459/395
f 847/462/333 678/224/200 683/225/201
f 770/463/406 684/464/334 629/81/77
f 770/465/406 629/466/77 658/467/81
f 44/468/407 104/469/408 11/470/409
f 40/471/410 11/470/409 70/472/411
f 70/472/411 11/470/409 104/469/408
f 42/473/412 79/474/413 133/475/414
f 79/476/413 42/477/412 110/478/415
f 89/479/416 79/476/413 71/480/417
f 71/480/417 79/476/413 110/478/415
f 89/481/416 72/482/418 92/483/419
f 71/480/417 72/484/418 89/479/416
f 74/485/420 92/486/419 72/484/418
f 94/487/421 92/486/419 74/485/420
f 73/488/422 110/478/415 59/489/423
f 71/480/417 110/478/415 73/488/422
f 188/490/424 203/491/425 157/492/426
f 203/491/425 44/468/407 157/492/426
f 185/493/427 70/494/411 130/495/428
f 292/37/37 425/39/39 294/176/154
f 326/177/155 294/176/154 425/39/39
f 294/176/154 387/42/42 305/496/429
f 280/178/156 305/496/429 387/42/42
f 387/42/42 332/41/41 280/178/156
f 283/179/157 280/178/156 335/43/43
f 283/179/157 310/180/30 250/497/430
f 349/498/431 298/499/432 397/200/177
f 397/200/177 298/499/432 473/500/179
f 473/203/179 251/501/142 480/502/433
f 298/503/432 251/501/142 473/203/179
f 383/504/434 319/505/435 429/186/163
f 401/506/436 480/502/433 314/507/437
f 251/501/142 314/507/437 480/502/433
f 440/35/35 461/423/373 339/34/34
f 389/508/438 339/34/34 461/423/373
f 423/509/439 389/508/438 461/423/373
f 423/509/439 472/426/376 403/510/440
f 472/426/376 373/511/441 403/510/440
f 416/425/375 373/511/441 472/426/376
f 416/425/375 379/512/442 373/511/441
f 492/427/377 526/209/185 416/425/375
f 404/513/443 402/514/444 503/332/298
f 517/515/445 408/516/446 489/517/447
f 581/211/187 606/518/448 512/208/184
f 540/519/449 512/208/184 606/518/448
f 834/520/450 731/521/318 653/522/317
f 842/260/236 767/523/451 731/521/318
f 796/357/320 740/358/321 841/524/452
f 851/525/453 716/223/199 797/526/454
f 716/223/199 637/527/455 797/526/454
f 64/137/125 121/528/456 66/529/126
f 182/530/457 127/531/458 212/158/138
f 216/159/139 212/158/138 127/531/458
f 218/163/143 167/532/459 149/533/460
f 167/532/459 218/163/143 216/159/139
f 219/164/144 149/533/460 121/528/456
f 218/163/143 149/533/460 219/164/144
f 311/534/461 249/535/462 319/505/435
f 314/507/437 311/534/461 401/506/436
f 329/536/463 243/537/141 298/538/432
f 299/539/149 254/540/148 350/541/464
f 350/541/464 402/514/444 299/539/149
f 327/542/465 299/539/149 402/514/444
f 334/543/466 287/544/467 366/545/468
f 287/544/467 336/546/469 366/545/468
f 247/547/470 382/548/471 336/546/469
f 382/548/471 300/549/472 394/550/473
f 255/551/474 300/549/472 382/548/471
f 347/552/475 353/553/476 420/554/477
f 463/555/478 353/553/476 358/556/479
f 420/554/477 353/553/476 463/555/478
f 463/555/478 358/556/479 363/557/480
f 356/191/168 386/319/286 468/192/169
f 384/197/174 356/191/168 462/193/170
f 488/558/481 509/341/305 445/340/304
f 485/36/36 326/177/155 425/39/39
f 521/559/482 522/560/483 326/177/155
f 482/561/484 387/42/42 522/560/483
f 533/562/485 522/560/483 570/214/190
f 417/45/44 556/563/193 583/564/192
f 435/565/50 417/566/44 583/567/192
f 586/219/195 507/221/197 433/325/292
f 433/325/292 514/568/486 586/219/195
f 586/569/195 514/570/486 535/571/487
f 581/211/187 528/210/186 634/572/488
f 794/239/215 853/573/489 641/240/216
f 794/239/215 643/241/217 832/574/490
f 781/575/491 746/576/492 817/577/493
f 746/576/492 829/578/494 817/577/493
f 788/579/495 829/578/494 751/580/496
f 820/581/497 788/579/495 739/582/498
f 739/582/498 789/243/219 820/581/497
f 857/583/499 876/584/500 935/585/501
f 855/586/502 935/585/501 876/584/500
f 935/585/501 855/586/502 939/587/503
f 854/588/504 935/585/501 915/589/505
f 915/589/505 914/590/506 854/588/504
f 915/589/505 935/585/501 950/591/507
f 916/592/508 915/589/505 902/593/509
f 915/589/505 950/591/507 852/594/510
f 852/594/510 902/593/509 915/589/505
f 939/595/503 950/596/507 935/597/501
f 950/596/507 939/595/503 958/598/511
f 892/599/512 852/600/510 958/601/511
f 852/602/510 950/603/507 958/604/511
f 844/605/513 864/606/514 962/607/515
f 844/605/513 962/607/515 963/608/516
f 963/608/516 868/609/517 844/605/513
f 868/609/517 963/608/516 966/610/518
f 819/611/519 868/609/517 895/612/520
f 966/610/518 895/612/520 868/609/517
f 895/612/520 966/610/518 941/613/521
f 966/614/518 899/615/522 941/616/521
f 81/617/523 85/618/524 14/619/525
f 58/620/526 13/621/253 94/487/421
f 18/622/527 58/620/526 94/487/421
f 15/623/528 94/624/421 74/625/420
f 18/622/527 94/487/421 15/626/528
f 81/617/523 58/620/526 18/622/527
f 48/627/529 110/478/415 42/477/412
f 48/627/529 59/489/423 110/478/415
f 117/628/530 14/629/525 7/630/531
f 128/631/532 7/630/531 22/632/533
f 136/296/266 151/633/268 32/634/534
f 33/635/535 32/634/534 151/633/268
f 226/302/271 198/636/536 261/305/274
f 258/314/281 146/637/537 180/638/538
f 258/314/281 274/308/276 146/637/537
f 274/308/276 261/307/274 146/637/537
f 258/314/281 180/638/538 163/639/539
f 317/315/282 163/639/539 271/316/283
f 185/493/427 271/316/283 70/494/411
f 281/184/161 249/535/462 233/640/540
f 242/641/541 253/642/542 229/643/543
f 248/644/544 253/642/542 285/645/545
f 285/645/545 233/640/540 248/644/544
f 318/646/546 364/647/547 434/648/548
f 364/647/547 325/649/549 442/650/550
f 393/651/551 442/650/550 328/652/552
f 426/653/553 438/654/554 458/655/380
f 399/38/38 392/183/160 476/435/383
f 476/435/383 485/36/36 399/38/38
f 449/656/555 471/657/288 502/658/556
f 434/648/548 466/659/557 318/646/546
f 434/648/548 442/650/550 511/660/558
f 532/661/559 493/662/560 596/663/561
f 576/198/175 510/201/178 608/345/309
f 543/204/180 548/205/181 608/664/309
f 510/202/178 543/204/180 608/664/309
f 705/346/310 520/665/182 621/349/313
f 548/666/181 520/665/182 705/346/310
f 520/206/182 589/667/315 621/668/313
f 644/669/221 739/670/498 597/671/562
f 644/245/221 569/672/563 687/244/220
f 698/673/564 571/674/88 729/249/225
f 537/58/55 571/674/88 698/673/564
f 737/229/205 709/231/207 622/675/565
f 672/676/566 595/234/210 769/235/211
f 649/677/307 723/678/567 760/679/568
f 776/680/569 706/681/312 708/682/311
f 708/682/311 732/683/314 748/365/328
f 748/365/328 776/680/569 708/682/311
f 725/344/308 706/348/312 778/684/570
f 776/680/569 778/685/570 706/681/312
f 723/686/567 725/344/308 778/684/570
f 681/687/571 746/576/492 781/575/491
f 829/578/494 746/576/492 751/580/496
f 751/580/496 759/688/572 788/579/495
f 788/579/495 759/688/572 739/582/498
f 789/243/219 739/582/498 644/245/221
f 799/689/573 717/690/574 666/445/392
f 772/691/575 717/690/574 799/689/573
f 799/689/573 867/692/576 772/691/575
f 800/368/331 772/691/575 867/692/576
f 790/693/577 696/460/397 722/694/578
f 747/461/405 696/460/397 790/693/577
f 790/693/577 839/379/339 747/461/405
f 839/379/339 702/380/202 747/461/405
f 116/695/579 68/696/115 158/697/580
f 116/695/579 91/118/110 68/696/115
f 24/277/249 143/276/248 26/698/581
f 143/699/248 144/700/582 69/701/583
f 26/702/581 143/699/248 69/701/583
f 60/703/584 26/698/581 69/704/583
f 144/700/582 62/705/585 69/701/583
f 158/697/580 68/696/115 62/705/585
f 164/706/586 20/707/587 178/708/588
f 164/706/586 80/709/589 20/707/587
f 80/709/589 164/706/586 17/710/590
f 119/711/591 29/712/592 37/713/593
f 140/278/250 43/714/594 164/706/586
f 17/710/590 164/706/586 43/714/594
f 24/277/249 43/714/594 140/278/250
f 192/715/595 114/716/15 131/717/596
f 211/8/8 213/143/128 46/10/10
f 230/718/597 186/719/598 190/720/599
f 197/721/600 230/718/597 190/720/599
f 197/722/600 199/723/601 259/724/602
f 200/725/603 259/726/602 199/727/601
f 350/541/464 453/329/296 402/514/444
f 402/514/444 404/513/443 327/542/465
f 408/728/446 327/729/465 404/730/443
f 394/550/473 327/729/465 408/728/446
f 300/549/472 327/729/465 394/550/473
f 432/731/604 336/546/469 382/548/471
f 417/45/44 441/40/40 495/732/605
f 435/733/50 418/320/287 417/45/44
f 433/325/292 371/324/291 514/568/486
f 514/568/486 304/48/47 452/47/46
f 371/324/291 304/48/47 514/568/486
f 486/734/606 336/546/469 432/731/604
f 517/515/445 427/735/607 408/516/446
f 517/515/445 483/736/608 427/735/607
f 488/737/481 409/738/609 493/739/560
f 502/740/556 567/741/610 518/742/611
f 544/743/612 511/744/558 585/745/613
f 565/746/614 585/745/613 511/744/558
f 511/744/558 455/54/51 565/746/614
f 641/747/216 502/658/556 643/748/217
f 567/749/610 502/658/556 641/747/216
f 652/750/615 611/751/616 585/745/613
f 585/745/613 597/671/562 660/752/617
f 566/753/618 646/754/619 719/755/620
f 662/756/621 615/757/622 689/758/623
f 732/683/314 695/759/624 748/365/328
f 728/760/625 744/381/340 816/761/626
f 736/762/627 764/763/628 604/764/629
f 653/522/317 639/213/189 764/763/628
f 834/520/450 653/522/317 764/763/628
f 833/765/630 811/251/227 860/766/241
f 860/766/241 883/767/243 833/765/630
f 753/768/631 833/769/630 883/268/243
f 883/268/243 891/770/632 753/768/631
f 891/770/632 848/771/633 753/768/631
f 77/772/634 16/773/133 23/774/132
f 99/775/635 16/773/133 77/772/634
f 16/773/133 99/775/635 5/776/636
f 25/120/109 16/773/133 5/776/636
f 93/121/112 25/120/109 5/776/636
f 31/155/136 99/775/635 9/147/130
f 5/776/636 99/775/635 31/155/136
f 31/155/136 109/127/117 5/776/636
f 93/121/112 5/776/636 109/127/117
f 109/127/117 31/155/136 138/129/119
f 229/777/543 126/778/637 175/779/638
f 177/780/639 219/781/144 121/782/456
f 177/783/639 121/528/456 64/137/125
f 284/784/24 192/785/595 227/786/640
f 231/787/27 227/786/640 153/149/131
f 231/787/27 181/788/641 307/789/642
f 250/790/430 310/791/30 211/8/8
f 244/792/643 211/8/8 310/791/30
f 284/24/24 320/25/25 355/22/22
f 307/789/642 375/793/28 231/787/27
f 272/794/644 339/34/34 389/508/438
f 390/795/645 272/794/644 389/508/438
f 348/796/646 347/552/475 421/797/647
f 421/797/647 347/552/475 420/554/477
f 438/654/554 372/417/368 302/419/370
f 487/798/648 302/419/370 346/420/371
f 438/799/554 426/800/553 360/801/369
f 471/321/288 449/802/555 380/803/649
f 380/803/649 405/322/289 471/321/288
f 364/647/547 442/650/550 434/648/548
f 442/650/550 393/651/551 455/804/51
f 564/805/650 492/427/377 555/446/393
f 526/209/185 492/427/377 564/805/650
f 575/806/651 503/332/298 531/331/297
f 575/806/651 404/513/443 503/332/298
f 489/517/447 404/513/443 575/806/651
f 517/807/445 489/808/447 578/227/203
f 811/251/227 833/765/630 749/809/652
f 753/768/631 749/810/652 833/769/630
f 848/771/633 762/811/653 753/768/631
f 850/812/654 762/811/653 848/771/633
f 850/812/654 802/813/655 762/811/653
f 928/814/656 863/815/657 805/816/658
f 863/815/657 916/817/508 902/818/509
f 277/819/659 191/280/252 179/279/251
f 302/419/370 293/416/367 239/820/660
f 293/416/367 301/415/159 245/286/258
f 293/416/367 245/286/258 239/820/660
f 239/820/660 172/421/359 302/419/370
f 224/821/260 301/822/159 225/823/661
f 245/289/258 301/824/159 224/290/260
f 527/825/662 515/826/663 456/827/664
f 578/227/203 483/828/608 517/807/445
f 486/734/606 547/83/79 577/82/78
f 498/829/665 519/67/63 600/830/666
f 457/831/667 498/829/665 600/830/666
f 600/830/666 614/832/668 457/831/667
f 616/833/669 457/831/667 614/832/668
f 459/834/670 457/835/667 616/836/669
f 616/837/669 523/838/671 459/839/670
f 616/840/669 525/841/378 523/842/671
f 525/841/378 598/843/672 561/844/295
f 563/845/673 558/846/674 738/847/319
f 738/847/319 646/754/619 563/845/673
f 566/753/618 679/848/675 538/849/676
f 679/848/675 615/757/622 538/849/676
f 549/850/677 615/757/622 662/756/621
f 690/851/678 634/572/488 633/852/679
f 703/360/323 634/572/488 690/851/678
f 581/211/187 634/572/488 703/360/323
f 581/211/187 691/853/680 606/518/448
f 732/350/314 579/352/316 695/854/624
f 785/108/101 760/679/568 723/678/567
f 778/855/570 785/108/101 723/678/567
f 776/680/569 748/365/328 846/116/108
f 887/856/681 931/857/682 907/858/683
f 861/859/684 907/858/683 931/857/682
f 931/860/682 906/861/685 903/862/686
f 926/863/687 931/860/682 903/862/686
f 861/859/684 931/857/682 961/864/688
f 931/857/682 926/865/687 961/864/688
f 961/864/688 926/865/687 936/866/689
f 861/859/684 961/864/688 897/867/690
f 897/867/690 961/864/688 943/868/691
f 961/864/688 936/866/689 943/868/691
f 886/261/237 897/867/690 943/868/691
f 14/629/525 75/869/692 7/630/531
f 75/870/692 14/619/525 85/618/524
f 134/3/3 217/871/693 137/4/4
f 211/8/8 137/4/4 217/871/693
f 267/872/694 132/11/11 159/13/13
f 268/873/695 159/13/13 114/15/15
f 215/874/696 203/875/425 228/175/153
f 215/874/696 305/496/429 129/876/2
f 134/877/3 129/876/2 305/496/429
f 238/878/697 134/877/3 305/496/429
f 364/647/547 318/646/546 308/879/698
f 381/880/699 352/881/700 393/651/551
f 369/312/279 415/62/58 309/310/277
f 415/62/58 313/297/267 309/310/277
f 396/882/701 337/883/702 448/66/62
f 278/884/703 337/883/702 396/882/701
f 441/40/40 482/561/484 495/732/605
f 417/45/44 495/732/605 497/885/704
f 471/657/288 406/886/290 507/887/197
f 507/887/197 502/658/556 471/657/288
f 433/325/292 507/221/197 406/323/290
f 512/208/184 460/888/705 526/209/185
f 400/190/167 460/888/705 512/208/184
f 616/840/669 654/889/706 525/841/378
f 598/843/672 525/841/378 654/889/706
f 623/890/707 642/444/391 669/891/708
f 603/434/382 628/892/709 688/893/710
f 685/894/87 730/95/90 766/895/711
f 730/95/90 710/97/91 766/895/711
f 768/896/712 766/895/711 710/97/91
f 768/896/712 710/97/91 671/897/96
f 771/898/713 768/896/712 671/897/96
f 728/760/625 771/898/713 671/897/96
f 724/899/714 688/893/710 792/900/715
f 792/900/715 697/901/716 724/899/714
f 805/816/658 677/902/717 754/903/213
f 677/902/717 810/904/718 673/905/719
f 813/253/229 859/252/228 797/526/454
f 813/253/229 797/526/454 783/906/720
f 831/255/231 813/253/229 783/906/720
f 783/906/720 721/455/401 831/255/231
f 831/255/231 721/455/401 763/907/721
f 831/908/231 763/909/721 704/910/403
f 840/258/234 831/255/231 704/457/403
f 842/911/236 812/912/235 767/913/451
f 812/912/235 719/755/620 767/913/451
f 862/396/351 773/914/722 884/915/723
f 774/916/724 773/914/722 862/396/351
f 881/404/357 870/917/725 744/381/340
f 870/917/725 816/761/626 744/381/340
f 824/918/726 909/919/727 887/856/681
f 889/920/728 832/574/490 796/357/320
f 906/861/685 889/920/728 796/357/320
f 906/861/685 796/357/320 841/524/452
f 824/918/726 887/856/681 907/858/683
f 907/858/683 764/763/628 824/918/726
f 903/862/686 906/861/685 841/524/452
f 26/698/581 60/703/584 108/921/729
f 62/922/585 97/130/120 69/704/583
f 62/705/585 68/696/115 97/923/120
f 69/704/583 97/130/120 60/703/584
f 60/703/584 97/130/120 100/131/121
f 247/547/470 287/544/467 158/697/580
f 287/544/467 181/788/641 116/695/579
f 287/544/467 116/695/579 158/697/580
f 214/924/730 144/700/582 255/551/474
f 158/697/580 214/924/730 247/547/470
f 323/185/162 362/925/731 424/187/164
f 281/184/161 429/186/163 319/505/435
f 424/187/164 362/925/731 384/197/174
f 475/926/732 360/801/369 426/800/553
f 392/183/160 360/801/369 475/926/732
f 487/798/648 438/654/554 302/419/370
f 426/800/553 458/432/380 496/431/379
f 476/435/383 392/183/160 475/926/732
f 462/193/170 468/192/169 540/519/449
f 528/210/186 526/209/185 564/805/650
f 602/927/733 462/193/170 540/519/449
f 508/928/173 554/929/171 579/352/316
f 568/207/183 506/195/172 462/193/170
f 599/437/385 534/439/387 491/930/734
f 599/437/385 592/78/74 638/931/735
f 599/437/385 491/930/734 592/78/74
f 475/926/732 496/431/379 620/932/736
f 757/933/737 651/934/738 743/935/739
f 677/902/717 601/936/740 754/903/213
f 863/815/657 757/933/737 810/904/718
f 805/816/658 793/937/212 899/938/522
f 805/816/658 863/815/657 810/904/718
f 902/818/509 757/933/737 863/815/657
f 902/818/509 756/939/741 757/933/737
f 902/818/509 852/940/510 756/939/741
f 892/941/512 791/230/206 852/940/510
f 899/615/522 793/236/212 853/573/489
f 914/590/506 915/589/505 916/592/508
f 152/119/111 91/118/110 116/695/579
f 175/942/638 112/128/118 138/129/119
f 106/124/114 112/128/118 126/943/637
f 126/943/637 112/128/118 175/942/638
f 126/943/637 67/141/127 106/124/114
f 163/639/539 70/494/411 271/316/283
f 201/944/742 117/628/530 7/630/531
f 246/409/362 117/628/530 201/944/742
f 201/944/742 7/630/531 128/631/532
f 173/945/263 201/944/742 128/631/532
f 246/409/362 235/946/743 234/947/744
f 246/409/362 201/944/742 235/946/743
f 235/948/743 201/949/742 262/950/745
f 262/950/745 173/293/263 263/951/746
f 201/949/742 173/293/263 262/950/745
f 215/874/696 228/175/153 292/37/37
f 292/37/37 294/176/154 215/874/696
f 294/176/154 305/496/429 215/874/696
f 238/878/697 305/496/429 280/178/156
f 185/493/427 290/952/747 282/317/284
f 338/953/748 267/872/694 303/954/749
f 304/955/47 303/954/749 114/15/15
f 460/888/705 398/956/750 416/425/375
f 446/189/166 398/956/750 460/888/705
f 400/190/167 446/189/166 460/888/705
f 531/331/297 481/330/293 561/844/295
f 571/674/88 587/957/751 545/958/752
f 553/333/299 571/674/88 545/958/752
f 545/958/752 524/334/300 553/333/299
f 560/101/94 490/339/303 562/102/95
f 490/339/303 509/341/305 562/102/95
f 597/671/562 565/746/614 644/669/221
f 565/959/614 569/672/563 644/245/221
f 665/233/209 557/65/61 590/960/753
f 665/233/209 595/234/210 557/65/61
f 595/234/210 600/830/666 519/67/63
f 825/377/337 761/961/204 752/378/338
f 658/467/81 761/961/204 770/465/406
f 770/465/406 761/961/204 825/377/337
f 775/105/98 804/104/97 803/382/341
f 847/370/333 814/369/332 875/962/754
f 875/962/754 814/369/332 908/963/755
f 818/964/335 908/965/755 814/966/332
f 800/368/331 867/692/576 801/361/324
f 801/361/324 867/692/576 910/967/756
f 801/361/324 910/967/756 837/968/757
f 910/967/756 911/969/758 837/968/757
f 795/364/327 911/969/758 913/970/759
f 837/968/757 911/969/758 795/364/327
f 795/364/327 913/970/759 912/394/349
f 795/364/327 912/394/349 898/395/350
f 866/971/760 923/972/761 867/973/576
f 95/974/762 52/975/763 1/976/764
f 1/976/764 52/975/763 6/977/765
f 1/976/764 6/977/765 20/707/587
f 20/707/587 80/709/589 1/976/764
f 1/978/764 101/979/766 95/980/762
f 95/980/762 101/979/766 115/981/767
f 80/709/589 98/982/768 1/976/764
f 98/983/768 101/979/766 1/978/764
f 98/983/768 29/712/592 101/979/766
f 104/469/408 44/468/407 105/984/769
f 105/984/769 44/468/407 45/985/770
f 104/469/408 105/984/769 107/986/771
f 107/987/771 70/494/411 104/988/408
f 105/984/769 45/985/770 63/989/772
f 107/986/771 105/984/769 63/989/772
f 63/989/772 111/990/773 107/986/771
f 111/990/773 63/989/772 83/5/5
f 83/5/5 63/989/772 12/1/1
f 65/991/774 107/987/771 111/992/773
f 111/992/773 28/12/12 65/991/774
f 28/993/12 111/990/773 83/5/5
f 115/981/767 101/979/766 29/712/592
f 115/981/767 29/712/592 119/711/591
f 130/495/428 70/494/411 107/987/771
f 107/987/771 65/991/774 130/495/428
f 130/495/428 65/991/774 132/11/11
f 45/985/770 129/2/2 63/989/772
f 12/1/1 63/989/772 129/2/2
f 65/991/774 28/12/12 132/11/11
f 247/547/470 214/924/730 382/548/471
f 193/994/775 182/995/457 361/996/776
f 361/996/776 359/997/777 193/994/775
f 324/998/778 241/999/140 329/1000/463
f 381/880/699 275/1001/779 352/881/700
f 352/881/700 275/1001/779 357/1002/780
f 357/1002/780 286/1003/781 365/60/56
f 365/60/56 286/1003/781 306/1004/782
f 428/1005/783 430/1006/784 582/1007/785
f 443/1008/786 428/1005/783 582/1007/785
f 582/1007/785 542/1009/787 443/1008/786
f 542/1009/787 559/1010/788 437/1011/789
f 437/1011/789 443/1008/786 542/1009/787
f 588/1012/790 437/1011/789 559/1010/788
f 479/63/59 407/1013/791 588/1012/790
f 588/1012/790 516/64/60 479/63/59
f 430/1014/784 436/1015/792 573/1016/793
f 436/1015/792 518/1017/611 573/1016/793
f 571/92/88 553/337/299 609/90/86
f 612/93/89 609/90/86 553/337/299
f 553/337/299 617/99/92 612/93/89
f 633/852/679 634/572/488 564/805/650
f 634/572/488 528/210/186 564/805/650
f 606/518/448 647/1018/794 540/519/449
f 602/1019/733 540/1020/449 647/1021/794
f 635/1022/795 602/1019/733 647/1021/794
f 579/352/316 613/1023/796 695/854/624
f 568/207/183 602/927/733 635/1024/795
f 694/1025/797 687/244/220 569/672/563
f 569/672/563 537/58/55 694/1025/797
f 694/1025/797 537/58/55 698/673/564
f 571/674/88 537/58/55 587/957/751
f 709/231/207 590/960/753 622/675/565
f 665/233/209 590/960/753 709/231/207
f 595/234/210 672/676/566 600/830/666
f 555/446/393 666/445/392 717/690/574
f 690/851/678 555/446/393 717/690/574
f 633/1026/679 555/1027/393 690/1028/678
f 676/88/84 722/694/578 624/1029/396
f 722/694/578 696/460/397 624/1029/396
f 876/1030/500 782/1031/798 781/1032/491
f 817/577/493 876/584/500 781/575/491
f 828/1033/799 712/1034/800 815/1035/801
f 786/1036/802 815/1037/801 733/1038/803
f 899/615/522 853/573/489 941/616/521
f 822/1039/804 821/1040/805 909/919/727
f 909/919/727 824/918/726 822/1039/804
f 853/573/489 794/239/215 832/574/490
f 832/574/490 941/616/521 853/573/489
f 854/1041/504 888/1042/806 786/1036/802
f 914/1043/506 888/1042/806 854/1041/504
f 882/1044/807 888/1042/806 919/1045/808
f 914/1043/506 919/1045/808 888/1042/806
f 854/588/504 857/583/499 935/585/501
f 19/1046/809 8/1047/810 10/1048/811
f 90/1049/812 8/1047/810 19/1046/809
f 90/1049/812 35/1050/813 8/1047/810
f 35/1050/813 90/1049/812 52/975/763
f 47/1051/814 35/1050/813 52/975/763
f 52/975/763 95/974/762 47/1051/814
f 155/1052/815 47/1053/814 95/980/762
f 171/1054/816 48/627/529 224/290/260
f 171/1054/816 165/1055/817 48/627/529
f 59/489/423 48/627/529 166/1056/818
f 165/1057/817 171/1058/816 205/1059/819
f 205/1060/819 11/470/409 165/1055/817
f 11/470/409 40/471/410 165/1055/817
f 40/471/410 48/627/529 165/1055/817
f 40/1061/410 166/1062/818 48/1063/529
f 205/1060/819 188/490/424 157/492/426
f 157/492/426 11/470/409 205/1060/819
f 11/470/409 157/492/426 44/468/407
f 70/494/411 166/1062/818 40/1061/410
f 166/1062/818 70/494/411 163/639/539
f 183/1064/820 122/1065/821 186/719/598
f 186/719/598 122/1065/821 190/720/599
f 190/720/599 148/1066/822 197/721/600
f 197/721/600 148/1066/822 155/1052/815
f 199/727/601 197/721/600 155/1052/815
f 199/727/601 115/981/767 200/725/603
f 155/1052/815 115/981/767 199/727/601
f 269/1067/823 244/1068/643 276/32/32
f 272/794/644 184/17/17 269/1067/823
f 184/17/17 272/794/644 288/1069/824
f 197/722/600 259/724/602 321/1070/825
f 333/1071/826 259/726/602 200/725/603
f 182/995/457 324/998/778 361/996/776
f 504/199/176 349/498/431 397/200/177
f 369/312/279 407/1013/791 479/63/59
f 464/49/48 355/22/22 552/1072/827
f 552/1072/827 355/22/22 469/26/26
f 469/26/26 474/50/49 470/1073/828
f 375/793/28 456/827/664 515/826/663
f 423/509/439 461/423/373 538/849/676
f 549/850/677 423/509/439 538/849/676
f 472/426/376 423/509/439 549/850/677
f 550/1074/829 472/426/376 549/850/677
f 550/1074/829 551/1075/830 472/426/376
f 551/1075/830 492/427/377 472/426/376
f 551/1075/830 555/446/393 492/427/377
f 715/1076/831 623/890/707 669/891/708
f 715/1076/831 718/1077/832 623/890/707
f 718/1078/832 688/893/710 623/1079/707
f 620/932/736 623/1079/707 688/893/710
f 628/892/709 620/932/736 688/893/710
f 603/434/382 688/893/710 724/899/714
f 697/901/716 603/434/382 724/899/714
f 773/914/722 802/813/655 850/812/654
f 823/248/224 729/249/225 787/1080/833
f 838/1081/834 787/1080/833 806/1082/835
f 874/1083/836 838/1081/834 806/1082/835
f 806/1082/835 849/1084/837 874/1083/836
f 849/1084/837 806/1082/835 807/1085/838
f 849/1084/837 807/1085/838 816/761/626
f 137/4/4 83/5/5 12/1/1
f 83/5/5 49/1086/14 28/993/12
f 49/1086/14 83/5/5 41/7/7
f 51/1087/16 49/1086/14 41/7/7
f 41/7/7 76/1088/839 51/1087/16
f 84/1089/840 51/1087/16 76/1088/839
f 42/473/412 133/475/414 147/285/257
f 133/475/414 21/1090/841 156/411/364
f 156/411/364 21/1090/841 56/1091/842
f 118/282/254 194/284/256 179/279/251
f 239/820/660 245/286/258 147/285/257
f 239/820/660 147/285/257 172/421/359
f 265/1092/843 350/541/464 254/540/148
f 306/1004/782 186/1093/598 291/1094/844
f 388/1095/845 291/1094/844 230/1096/597
f 311/534/461 319/505/435 383/504/434
f 401/506/436 311/534/461 383/504/434
f 329/1097/463 298/499/432 349/498/431
f 361/1098/776 324/1099/778 409/1100/609
f 400/190/167 468/192/169 386/319/286
f 402/514/444 453/329/296 503/332/298
f 404/513/443 489/517/447 408/516/446
f 620/932/736 496/431/379 623/1079/707
f 620/932/736 628/892/709 475/926/732
f 591/436/384 475/926/732 628/892/709
f 633/852/679 564/805/650 555/446/393
f 657/459/395 575/806/651 624/1029/396
f 625/1101/398 575/806/651 657/459/395
f 566/753/618 563/845/673 646/754/619
f 550/1074/829 662/756/621 689/758/623
f 689/758/623 692/447/394 550/1074/829
f 701/1102/846 610/1103/847 726/1104/848
f 610/1105/847 652/1106/615 726/1107/848
f 759/1108/572 726/1109/848 660/752/617
f 726/1109/848 652/750/615 660/752/617
f 759/688/572 660/1110/617 739/582/498
f 660/1110/617 597/1111/562 739/582/498
f 840/258/234 704/457/403 735/456/402
f 847/370/333 840/258/234 735/456/402
f 785/108/101 775/105/98 760/679/568
f 827/112/105 785/108/101 778/855/570
f 878/111/104 776/1112/569 843/109/102
f 843/115/102 776/680/569 846/116/108
f 778/685/570 776/680/569 878/1113/104
f 878/1113/104 827/1114/105 778/685/570
f 854/1041/504 786/1036/802 826/1115/849
f 882/1044/807 828/1116/799 815/1037/801
f 864/606/514 828/1116/799 882/1044/807
f 815/1037/801 786/1036/802 888/1042/806
f 888/1042/806 882/1044/807 815/1037/801
f 850/812/654 925/1117/850 934/1118/851
f 924/1119/852 925/1117/850 850/812/654
f 877/1120/853 934/1121/851 925/1122/850
f 850/812/654 934/1118/851 884/915/723
f 934/1121/851 877/1120/853 946/1123/352
f 884/915/723 934/1118/851 946/397/352
f 946/1123/352 877/1120/853 870/917/725
f 946/397/352 862/396/351 884/915/723
f 946/1123/352 870/917/725 965/403/355
f 881/404/357 965/403/355 870/917/725
f 953/1124/854 887/856/681 909/919/727
f 887/856/681 953/1124/854 969/1125/855
f 887/856/681 969/1125/855 931/857/682
f 969/1126/855 889/920/728 906/861/685
f 906/861/685 931/860/682 969/1126/855
f 120/1127/856 30/1128/857 161/1129/858
f 34/1130/859 30/1128/857 120/1127/856
f 34/1130/859 120/1127/856 168/1131/860
f 19/1046/809 10/1048/811 34/1130/859
f 120/1127/856 139/1132/861 168/1131/860
f 19/1046/809 34/1130/859 168/1131/860
f 90/1049/812 168/1131/860 139/1132/861
f 19/1046/809 168/1131/860 90/1049/812
f 90/1049/812 139/1132/861 170/1133/862
f 255/551/474 144/700/582 300/549/472
f 210/1134/863 300/549/472 144/700/582
f 484/336/302 395/335/301 354/1135/864
f 484/338/302 445/340/304 490/339/303
f 454/68/64 498/829/665 422/1136/865
f 498/829/665 457/831/667 422/1136/865
f 523/838/671 377/1137/866 459/839/670
f 412/1138/867 377/1139/866 523/1140/671
f 525/430/378 412/1138/867 523/1140/671
f 525/430/378 413/429/294 412/1138/867
f 500/73/69 530/72/68 420/554/477
f 500/73/69 463/555/478 505/70/66
f 421/797/647 478/1141/868 594/77/73
f 494/76/72 421/797/647 594/77/73
f 572/69/65 541/71/67 610/1103/847
f 541/1142/67 544/1143/612 610/1105/847
f 610/1105/847 544/1143/612 611/1144/616
f 611/751/616 544/743/612 585/745/613
f 585/745/613 565/746/614 597/671/562
f 682/1145/869 680/1146/870 782/1147/798
f 720/1148/871 682/1145/869 798/1149/872
f 798/1149/872 682/1145/869 782/1147/798
f 819/611/519 792/900/715 808/1150/873
f 821/1040/805 792/900/715 819/611/519
f 822/1039/804 792/900/715 821/1040/805
f 792/900/715 822/1039/804 697/901/716
f 697/901/716 822/1039/804 736/762/627
f 822/1039/804 824/918/726 736/762/627
f 867/692/576 799/689/573 866/1151/760
f 790/693/577 862/396/351 885/399/354
f 885/399/354 839/379/339 790/693/577
f 922/405/358 839/379/339 885/399/354
f 922/405/358 968/398/353 932/1152/103
f 932/110/103 872/1153/343 922/1154/358
f 932/110/103 947/391/342 872/1153/343
f 932/110/103 933/107/100 938/113/106
f 932/110/103 938/113/106 878/111/104
f 890/392/107 932/110/103 843/109/102
f 947/391/342 932/110/103 890/392/107
f 955/1155/874 875/962/754 921/1156/875
f 875/962/754 908/963/755 921/1156/875
f 955/1155/874 921/1156/875 923/1157/761
f 921/1156/875 908/963/755 952/1158/876
f 908/963/755 818/1159/335 952/1158/876
f 952/1160/876 818/1161/335 880/387/346
f 921/1156/875 952/1158/876 911/1162/758
f 952/1158/876 913/1163/759 911/1162/758
f 867/1164/576 923/1157/761 921/1156/875
f 193/1165/775 200/725/603 115/981/767
f 115/981/767 119/711/591 193/1165/775
f 203/491/425 215/1166/696 44/468/407
f 45/985/770 44/468/407 215/1166/696
f 129/2/2 45/985/770 215/1166/696
f 347/552/475 277/819/659 344/1167/877
f 264/410/363 277/819/659 348/796/646
f 348/796/646 277/819/659 347/552/475
f 345/1168/878 207/414/360 270/413/366
f 264/410/363 345/1168/878 270/413/366
f 237/408/361 207/407/360 345/1169/878
f 398/1170/750 379/1171/442 416/1172/375
f 334/543/466 456/827/664 307/789/642
f 366/545/468 450/1173/879 334/543/466
f 366/545/468 336/546/469 465/1174/880
f 573/1175/793 582/1007/785 430/1006/784
f 626/1176/881 535/1177/487 546/1178/882
f 546/1178/882 552/1072/827 627/1179/883
f 552/1072/827 470/1073/828 627/1179/883
f 631/1180/884 627/1181/883 470/1182/828
f 631/1180/884 470/1182/828 474/1183/49
f 783/906/720 699/453/399 721/455/401
f 721/455/401 661/454/400 763/907/721
f 661/1184/400 704/910/403 763/909/721
f 847/370/333 735/456/402 678/1185/200
f 646/754/619 738/847/319 767/913/451
f 767/913/451 719/755/620 646/754/619
f 777/1186/885 566/753/618 719/755/620
f 679/848/675 566/753/618 777/1186/885
f 745/1187/886 679/848/675 777/1186/885
f 788/579/495 855/586/502 829/578/494
f 855/586/502 788/579/495 939/587/503
f 939/587/503 788/579/495 820/581/497
f 958/598/511 939/595/503 964/1188/887
f 892/941/512 958/1189/511 964/1190/887
f 964/1190/887 765/232/208 892/941/512
f 900/263/226 765/1191/208 964/1192/887
f 939/587/503 820/581/497 967/1193/888
f 939/587/503 967/1193/888 964/1194/887
f 964/1194/887 967/1193/888 954/1195/239
f 967/1193/888 820/581/497 858/1196/889
f 858/1196/889 954/1195/239 967/1193/888
f 954/264/239 900/263/226 964/1192/887
f 959/270/242 954/1195/239 858/1196/889
f 858/1196/889 830/242/218 959/270/242
f 894/247/223 959/270/242 830/242/218
f 959/270/242 894/247/223 960/271/244
f 227/1197/640 192/715/595 131/717/596
f 131/1198/596 153/149/131 227/786/640
f 231/787/27 153/149/131 154/152/134
f 181/788/641 231/787/27 154/152/134
f 213/143/128 211/8/8 244/792/643
f 289/1199/890 176/301/270 278/884/703
f 195/1200/891 176/301/270 289/1199/890
f 289/1201/890 297/1202/892 195/1203/891
f 297/1204/892 256/1205/893 195/1206/891
f 316/1207/894 256/1208/893 297/1202/892
f 316/1207/894 265/1092/843 256/1208/893
f 254/540/148 208/1209/895 265/1092/843
f 354/1210/864 230/718/597 197/721/600
f 354/1210/864 197/721/600 321/1211/825
f 333/1212/826 321/1070/825 259/724/602
f 359/1213/777 368/1214/896 333/1212/826
f 325/1215/549 328/1216/552 442/1217/550
f 328/652/552 381/880/699 393/651/551
f 535/1177/487 452/47/46 451/46/45
f 451/46/45 464/49/48 546/1178/882
f 546/1178/882 535/1177/487 451/46/45
f 552/1072/827 546/1178/882 464/49/48
f 552/1072/827 469/26/26 470/1073/828
f 440/35/35 435/565/50 558/846/674
f 527/825/662 529/80/76 618/79/75
f 629/81/77 529/80/76 577/82/78
f 578/227/203 547/83/79 483/828/608
f 674/1218/897 593/74/70 500/73/69
f 572/69/65 674/1218/897 500/73/69
f 500/73/69 505/70/66 572/69/65
f 614/832/668 654/1219/706 616/833/669
f 654/889/706 675/87/83 598/843/672
f 636/89/85 598/843/672 675/87/83
f 734/1220/898 672/676/566 749/809/652
f 734/1220/898 753/1221/631 614/832/668
f 654/1219/706 614/832/668 753/1221/631
f 753/768/631 762/811/653 654/889/706
f 802/813/655 675/87/83 762/811/653
f 802/813/655 773/914/722 675/87/83
f 773/914/722 676/88/84 675/87/83
f 773/914/722 774/916/724 676/88/84
f 722/694/578 676/88/84 774/916/724
f 850/812/654 884/915/723 773/914/722
f 869/272/245 894/247/223 823/248/224
f 869/272/245 823/248/224 787/1080/833
f 869/272/245 787/1080/833 838/1081/834
f 877/1120/853 874/1083/836 849/1084/837
f 849/1084/837 870/917/725 877/1120/853
f 870/917/725 849/1084/837 816/761/626
f 921/1156/875 910/1222/756 867/1164/576
f 921/1223/875 911/1224/758 910/1225/756
f 880/1226/346 951/1227/347 957/1228/348
f 957/389/348 952/1160/876 880/387/346
f 952/1158/876 957/393/348 913/1163/759
f 957/393/348 890/392/107 912/1229/349
f 913/1163/759 957/393/348 912/1229/349
f 173/945/263 128/631/532 39/1230/899
f 173/945/263 39/1230/899 123/1231/900
f 173/945/263 123/1231/900 189/1232/261
f 189/1233/261 123/1234/900 221/1235/901
f 221/1235/901 123/1234/900 36/1236/902
f 183/1237/820 221/1238/901 36/1239/902
f 38/1240/903 183/1064/820 36/1236/902
f 183/1064/820 38/1240/903 122/1065/821
f 151/633/268 136/296/266 222/295/265
f 151/633/268 176/1241/270 161/1129/858
f 176/1241/270 120/1127/856 161/1129/858
f 174/145/19 213/143/128 244/792/643
f 244/1068/643 269/1067/823 174/19/19
f 184/17/17 174/19/19 269/1067/823
f 184/17/17 288/1069/824 220/21/21
f 273/165/145 220/21/21 288/1069/824
f 162/154/135 220/21/21 273/165/145
f 223/1242/262 189/1243/261 275/1244/779
f 189/1245/261 221/1246/901 275/1247/779
f 286/1248/781 275/1249/779 221/1238/901
f 221/1238/901 183/1237/820 286/1248/781
f 286/1250/781 183/1064/820 306/1251/782
f 306/1251/782 183/1064/820 186/719/598
f 222/299/265 252/1252/264 309/310/277
f 313/297/267 222/299/265 309/310/277
f 260/300/269 151/298/268 313/297/267
f 260/300/269 278/884/703 176/301/270
f 375/793/28 307/789/642 456/827/664
f 385/29/29 391/31/31 418/1253/287
f 418/1253/287 414/33/33 385/29/29
f 418/1253/287 435/565/50 414/33/33
f 414/33/33 440/35/35 276/32/32
f 488/558/481 493/1254/560 532/1255/559
f 493/739/560 504/1256/176 576/1257/175
f 520/206/182 508/196/173 579/1258/316
f 579/1258/316 589/667/315 520/206/182
f 607/222/198 637/527/455 716/223/199
f 637/527/455 626/1176/881 699/453/399
f 535/1177/487 626/1176/881 637/527/455
f 661/454/400 699/453/399 626/1176/881
f 627/1179/883 631/1259/884 704/457/403
f 704/457/403 661/454/400 627/1179/883
f 704/1260/403 631/1180/884 664/1261/404
f 664/1261/404 515/826/663 678/224/200
f 678/224/200 735/1262/402 664/1261/404
f 738/356/319 558/1263/674 583/216/192
f 723/686/567 649/343/307 725/344/308
f 725/344/308 705/346/310 706/348/312
f 731/1264/318 767/913/451 686/1265/191
f 738/847/319 686/1265/191 767/913/451
f 796/357/320 659/218/194 740/358/321
f 797/526/454 637/527/455 783/906/720
f 637/527/455 699/453/399 783/906/720
f 926/863/687 903/862/686 859/252/228
f 859/252/228 936/1266/689 926/863/687
f 943/1267/691 936/1266/689 893/1268/904
f 936/1266/689 859/252/228 944/1269/905
f 944/1269/905 859/252/228 865/254/230
f 944/1269/905 893/1268/904 936/1266/689
f 943/868/691 893/1270/904 886/261/237
f 949/256/232 944/1269/905 865/254/230
f 893/1268/904 949/256/232 942/1271/906
f 944/1269/905 949/256/232 893/1268/904
f 232/181/158 257/1272/907 188/1273/424
f 203/875/425 257/1272/907 296/174/152
f 228/175/153 203/875/425 296/174/152
f 284/784/24 227/786/640 320/1274/25
f 320/1274/25 227/786/640 231/787/27
f 244/1068/643 310/30/30 385/29/29
f 385/29/29 276/32/32 244/1068/643
f 276/32/32 339/34/34 269/1067/823
f 272/794/644 269/1067/823 339/34/34
f 368/1214/896 361/1275/776 445/1276/304
f 387/42/42 326/177/155 522/560/483
f 441/40/40 387/42/42 482/561/484
f 420/554/477 463/555/478 500/73/69
f 463/555/478 466/1277/557 505/70/66
f 541/71/67 505/70/66 466/1277/557
f 421/797/647 494/76/72 447/1278/908
f 410/1279/909 477/1280/910 491/1281/734
f 449/656/555 502/658/556 518/1017/611
f 544/1282/612 541/1283/67 466/659/557
f 544/1282/612 466/659/557 434/648/548
f 511/660/558 544/1282/612 434/648/548
f 511/660/558 442/650/550 455/804/51
f 566/753/618 501/424/374 563/845/673
f 549/850/677 538/849/676 615/757/622
f 550/1074/829 549/850/677 662/756/621
f 680/1146/870 682/1145/869 674/1218/897
f 733/1284/803 619/75/71 720/1148/871
f 712/1034/800 638/931/735 733/1284/803
f 599/437/385 638/931/735 712/1034/800
f 632/438/386 599/437/385 712/1034/800
f 689/758/623 615/757/622 745/1187/886
f 745/1187/886 755/1285/911 689/758/623
f 809/1286/912 826/1115/849 798/1287/872
f 782/1288/798 809/1286/912 798/1287/872
f 844/605/513 836/1289/913 750/1290/914
f 844/1291/513 712/1034/800 828/1033/799
f 750/1292/914 712/1034/800 844/1291/513
f 868/609/517 808/1150/873 836/1289/913
f 718/1078/832 808/1150/873 792/900/715
f 809/1293/912 782/1294/798 857/583/499
f 857/1295/499 826/1115/849 809/1286/912
f 857/1295/499 854/1041/504 826/1115/849
f 876/584/500 857/583/499 782/1294/798
f 855/586/502 876/584/500 817/577/493
f 844/605/513 828/1116/799 864/606/514
f 868/609/517 836/1289/913 844/605/513
f 808/1150/873 868/609/517 819/611/519
f 3/132/122 97/130/120 2/126/116
f 330/422/372 399/38/38 296/174/152
f 392/183/160 301/182/159 360/801/369
f 360/801/369 372/1296/368 438/799/554
f 409/1297/609 349/498/431 504/199/176
f 520/206/182 383/504/434 429/186/163
f 383/504/434 480/502/433 401/506/436
f 454/68/64 519/67/63 498/829/665
f 573/1016/793 601/1298/740 677/1299/717
f 673/905/719 605/1300/915 677/902/717
f 651/934/738 605/1300/915 673/905/719
f 605/1300/915 573/1175/793 677/902/717
f 727/1301/916 656/1302/917 559/1010/788
f 670/1303/918 601/1304/740 630/1305/919
f 734/1220/898 600/830/666 672/676/566
f 614/832/668 600/830/666 734/1220/898
f 762/811/653 675/87/83 654/889/706
f 731/521/318 834/520/450 835/1306/920
f 842/260/236 731/521/318 835/1306/920
f 851/525/453 841/524/452 740/358/321
f 851/525/453 740/358/321 716/223/199
f 859/252/228 851/525/453 797/526/454
f 891/770/632 883/268/243 930/273/246
f 930/273/246 940/1307/247 891/770/632
f 891/770/632 924/1119/852 848/771/633
f 848/771/633 924/1119/852 850/812/654
f 940/275/247 869/272/245 838/1081/834
f 891/1308/632 940/1309/247 924/1310/852
f 940/275/247 838/1081/834 874/1083/836
f 924/1119/852 940/1307/247 925/1117/850
f 925/1122/850 874/1083/836 877/1120/853
f 940/275/247 874/1083/836 925/1122/850
f 918/1311/921 962/607/515 917/1312/922
f 917/1313/922 920/1314/923 918/1315/921
f 919/1045/808 914/1043/506 916/1316/508
f 916/1316/508 920/1317/923 919/1045/808
f 78/1318/924 33/635/535 161/1129/858
f 30/1128/857 78/1318/924 161/1129/858
f 88/1319/925 30/1128/857 34/1130/859
f 36/1236/902 88/1320/925 38/1240/903
f 88/1319/925 34/1130/859 10/1048/811
f 10/1321/811 38/1240/903 88/1320/925
f 122/1065/821 38/1240/903 10/1321/811
f 8/1047/810 122/1322/821 10/1048/811
f 122/1065/821 8/1323/810 190/720/599
f 148/1066/822 190/720/599 8/1323/810
f 148/1066/822 8/1323/810 35/1324/813
f 148/1066/822 35/1324/813 47/1053/814
f 148/1066/822 47/1053/814 155/1052/815
f 170/1133/862 52/975/763 90/1049/812
f 6/977/765 52/975/763 170/1133/862
f 115/981/767 155/1052/815 95/980/762
f 178/708/588 6/977/765 170/1133/862
f 20/707/587 6/977/765 178/708/588
f 261/307/274 125/1325/926 113/1326/927
f 261/307/274 198/1327/536 125/1325/926
f 261/307/274 113/1326/927 146/637/537
f 15/623/528 125/1328/926 266/1329/928
f 266/1330/928 125/1331/926 198/636/536
f 160/1332/929 15/626/528 266/1333/928
f 252/294/264 160/1332/929 266/1333/928
f 136/296/266 160/1332/929 252/294/264
f 236/1334/930 341/318/285 240/1335/931
f 319/505/435 249/535/462 281/184/161
f 232/1336/158 225/1337/661 301/824/159
f 346/420/371 172/421/359 237/1338/361
f 353/553/476 347/552/475 344/1167/877
f 234/947/744 358/556/479 295/1339/932
f 234/1340/744 318/646/546 363/1341/480
f 477/1342/910 264/410/363 348/796/646
f 345/1168/878 264/410/363 477/1342/910
f 389/508/438 423/509/439 390/795/645
f 403/510/440 390/795/645 423/509/439
f 334/543/466 450/1173/879 456/827/664
f 450/1173/879 366/545/468 465/1174/880
f 432/731/604 427/1343/607 483/828/608
f 486/734/606 432/731/604 483/828/608
f 445/340/304 361/1344/776 488/558/481
f 361/1345/776 409/738/609 488/737/481
f 513/442/389 346/420/371 534/439/387
f 491/930/734 534/439/387 346/420/371
f 475/926/732 591/436/384 476/435/383
f 491/930/734 536/1346/933 592/78/74
f 536/1346/933 494/76/72 592/78/74
f 478/1347/868 530/1348/68 593/1349/70
f 593/74/70 594/77/73 478/1141/868
f 513/442/389 539/441/381 487/798/648
f 570/1350/190 574/1351/934 533/1352/485
f 556/1353/193 533/1352/485 574/1351/934
f 497/885/704 533/562/485 556/563/193
f 586/219/195 535/1177/487 607/222/198
f 645/1354/935 596/1355/561 713/1356/936
f 667/1357/937 713/1356/936 596/1355/561
f 584/1358/938 603/434/382 697/901/716
f 671/103/96 562/102/95 645/1354/935
f 671/103/96 645/1354/935 728/1359/625
f 728/1359/625 645/1354/935 713/1356/936
f 736/762/627 584/1358/938 697/901/716
f 604/764/629 584/1358/938 736/762/627
f 752/378/338 663/1360/80 702/380/202
f 761/228/204 663/84/80 752/1361/338
f 744/1362/340 667/1357/937 803/1363/341
f 713/1356/936 667/1357/937 744/1362/340
f 667/1357/937 640/1364/306 803/1363/341
f 803/382/341 640/1365/306 775/105/98
f 640/1365/306 649/677/307 775/105/98
f 760/679/568 775/105/98 649/677/307
f 764/763/628 907/858/683 834/520/450
f 834/520/450 907/858/683 861/859/684
f 835/1306/920 834/520/450 861/859/684
f 897/867/690 835/1306/920 861/859/684
f 842/260/236 835/1306/920 897/867/690
f 897/867/690 886/261/237 842/260/236
f 903/862/686 841/524/452 851/525/453
f 903/862/686 851/525/453 859/252/228
f 98/983/768 37/713/593 29/712/592
f 98/982/768 80/709/589 17/710/590
f 98/982/768 17/710/590 53/1366/939
f 37/713/593 98/983/768 53/1367/939
f 53/1366/939 43/714/594 24/277/249
f 24/277/249 57/1368/940 53/1366/939
f 53/1366/939 17/710/590 43/714/594
f 55/1369/941 53/1366/939 57/1368/940
f 57/1368/940 24/277/249 108/921/729
f 24/277/249 26/698/581 108/921/729
f 108/921/729 60/703/584 66/139/126
f 66/139/126 60/703/584 100/131/121
f 74/485/420 72/484/418 125/1370/926
f 72/484/418 71/480/417 113/1371/927
f 125/1325/926 72/1372/418 113/1326/927
f 113/1326/927 71/1373/417 73/1374/422
f 146/637/537 113/1326/927 73/1374/422
f 180/638/538 59/1375/423 166/1062/818
f 73/488/422 59/489/423 180/1376/538
f 180/638/538 146/637/537 73/1374/422
f 125/1328/926 15/623/528 74/625/420
f 166/1062/818 163/639/539 180/638/538
f 162/154/135 187/167/147 135/1377/137
f 135/1377/137 187/167/147 236/1334/930
f 138/129/119 135/157/137 236/1378/930
f 178/708/588 204/170/150 164/706/586
f 204/170/150 140/278/250 164/706/586
f 204/170/150 209/1379/151 140/278/250
f 140/1380/250 209/171/151 143/699/248
f 209/171/151 210/1134/863 143/699/248
f 154/152/134 152/119/111 181/788/641
f 291/1094/844 186/1093/598 230/1096/597
f 359/1381/777 333/1071/826 200/725/603
f 193/994/775 359/997/777 200/1382/603
f 463/1383/478 363/1341/480 466/659/557
f 466/659/557 363/1341/480 318/646/546
f 494/76/72 477/1342/910 447/1278/908
f 588/1012/790 407/1013/791 437/1011/789
f 436/1015/792 449/656/555 518/1017/611
f 605/1300/915 651/934/738 542/1009/787
f 573/1384/793 605/1385/915 582/1386/785
f 656/1302/917 588/1012/790 559/1010/788
f 651/1387/738 559/1388/788 542/1389/787
f 622/675/565 588/1012/790 656/1302/917
f 630/1390/919 567/749/610 670/1391/918
f 638/931/735 592/78/74 733/1284/803
f 619/1392/71 650/1393/388 682/1394/869
f 650/440/388 593/74/70 682/1145/869
f 682/1145/869 593/74/70 674/1218/897
f 513/442/389 632/438/386 668/443/390
f 635/1024/795 647/1018/794 693/362/325
f 693/362/325 742/363/326 635/1024/795
f 648/366/329 741/367/330 613/1395/796
f 695/759/624 613/1395/796 741/367/330
f 742/363/326 568/207/183 635/1024/795
f 648/366/329 568/207/183 742/363/326
f 818/1161/335 770/465/406 880/387/346
f 825/377/337 873/376/336 871/386/345
f 872/384/343 839/379/339 922/405/358
f 872/384/343 873/376/336 839/379/339
f 770/465/406 825/377/337 880/387/346
f 871/386/345 880/387/346 825/377/337
f 890/114/107 846/116/108 898/395/350
f 862/396/351 790/693/577 774/916/724
f 744/381/340 804/104/97 881/404/357
f 856/106/99 881/404/357 804/104/97
f 265/1396/843 208/1397/895 256/1398/893
f 254/168/148 178/708/588 208/1397/895
f 266/1330/928 198/636/536 312/304/273
f 312/304/273 198/636/536 226/302/271
f 370/1399/942 266/1330/928 312/304/273
f 252/1252/264 266/1330/928 315/311/278
f 315/311/278 309/310/277 252/1252/264
f 315/311/278 266/1330/928 370/1399/942
f 163/639/539 317/315/282 258/314/281
f 234/1340/744 235/948/743 318/646/546
f 318/646/546 235/948/743 308/879/698
f 364/647/547 308/879/698 262/950/745
f 325/649/549 364/647/547 262/950/745
f 325/649/549 263/951/746 328/652/552
f 328/652/552 263/951/746 223/292/262
f 381/880/699 328/652/552 223/292/262
f 275/1001/779 381/880/699 223/292/262
f 362/925/731 331/1400/943 384/197/174
f 384/197/174 331/1400/943 356/191/168
f 398/956/750 446/189/166 341/318/285
f 386/319/286 356/191/168 343/1401/944
f 342/188/165 386/319/286 343/1401/944
f 367/303/272 322/306/275 428/1005/783
f 370/1399/942 312/304/273 443/1008/786
f 312/304/273 367/303/272 443/1008/786
f 407/1013/791 315/311/278 370/1399/942
f 407/1013/791 369/312/279 315/311/278
f 376/1402/945 317/315/282 380/1403/649
f 380/1403/649 282/317/284 405/1404/289
f 396/882/701 422/1136/865 351/1405/946
f 422/1136/865 431/1406/947 351/1405/946
f 431/1406/947 374/1407/948 351/1405/946
f 377/1408/866 374/1407/948 431/1406/947
f 444/1409/949 378/1410/950 413/1411/294
f 453/329/296 378/1410/950 444/1409/949
f 350/541/464 378/1410/950 453/329/296
f 493/739/560 409/738/609 504/1256/176
f 473/500/179 510/201/178 397/200/177
f 520/206/182 429/186/163 508/196/173
f 520/206/182 480/502/433 383/504/434
f 520/206/182 473/203/179 480/502/433
f 482/561/484 522/560/483 533/562/485
f 495/732/605 482/561/484 533/562/485
f 497/885/704 495/732/605 533/562/485
f 556/563/193 417/45/44 497/885/704
f 535/1177/487 514/568/486 452/47/46
f 535/1177/487 637/527/455 607/222/198
f 626/1176/881 627/1179/883 661/454/400
f 626/1176/881 546/1178/882 627/1179/883
f 631/1180/884 474/1183/49 664/1261/404
f 474/1183/49 515/826/663 664/1261/404
f 618/79/75 678/224/200 527/825/662
f 515/826/663 527/825/662 678/224/200
f 684/464/334 683/225/201 618/79/75
f 629/81/77 577/82/78 658/85/81
f 618/79/75 629/81/77 684/464/334
f 547/83/79 578/227/203 700/86/82
f 685/894/87 729/249/225 571/674/88
f 685/894/87 609/1412/86 730/95/90
f 710/98/91 711/100/93 671/103/96
f 693/362/325 691/853/680 703/360/323
f 741/367/330 748/365/328 695/759/624
f 772/691/575 800/368/331 690/851/678
f 703/360/323 690/851/678 800/368/331
f 780/246/222 687/244/220 694/1025/797
f 694/1025/797 698/673/564 780/246/222
f 780/246/222 698/673/564 729/249/225
f 769/235/211 811/251/227 672/676/566
f 811/251/227 749/809/652 672/676/566
f 812/912/235 886/1413/237 893/1414/904
f 945/1415/951 942/1271/906 949/256/232
f 896/1416/952 893/1417/904 942/1418/906
f 896/1416/952 942/1418/906 905/1419/953
f 949/256/232 879/257/233 945/1415/951
f 904/1420/954 945/1415/951 879/257/233
f 945/1415/951 904/1420/954 948/1421/955
f 942/1271/906 945/1415/951 905/1422/953
f 948/1421/955 905/1422/953 945/1415/951
f 955/1423/874 948/1424/955 904/1425/954
f 904/1420/954 875/962/754 955/1155/874
f 948/1424/955 955/1423/874 866/971/760
f 866/971/760 905/1426/953 948/1424/955
f 923/972/761 866/971/760 955/1423/874
f 13/281/253 58/1427/526 118/282/254
f 118/282/254 179/279/251 13/281/253
f 124/283/255 118/282/254 58/1427/526
f 124/283/255 14/629/525 117/628/530
f 124/283/255 58/1427/526 14/629/525
f 160/1332/929 18/622/527 15/626/528
f 18/622/527 32/634/534 81/617/523
f 160/1332/929 32/634/534 18/622/527
f 160/1332/929 136/296/266 32/634/534
f 145/287/259 42/473/412 147/285/257
f 48/627/529 42/477/412 145/288/259
f 48/627/529 145/288/259 224/290/260
f 225/1337/661 171/1054/816 224/290/260
f 203/875/425 188/1273/424 257/1272/907
f 225/1337/661 232/1336/158 171/1054/816
f 232/1428/158 205/1059/819 171/1058/816
f 205/1059/819 232/1428/158 188/1429/424
f 282/317/284 271/316/283 185/493/427
f 262/950/745 308/879/698 235/948/743
f 262/950/745 263/951/746 325/649/549
f 263/951/746 173/293/263 223/292/262
f 330/422/372 232/181/158 392/183/160
f 257/1272/907 232/181/158 330/422/372
f 296/174/152 257/1272/907 330/422/372
f 527/825/662 456/827/664 450/1173/879
f 527/825/662 450/1173/879 529/80/76
f 450/1173/879 465/1174/880 529/80/76
f 336/546/469 486/734/606 577/82/78
f 465/1174/880 336/546/469 577/82/78
f 577/82/78 529/80/76 465/1174/880
f 486/734/606 483/828/608 547/83/79
f 474/1183/49 375/793/28 515/826/663
f 558/846/674 435/565/50 583/567/192
f 563/845/673 440/35/35 558/846/674
f 455/54/51 569/1430/563 565/746/614
f 537/58/55 569/672/563 499/1431/53
f 590/960/753 516/64/60 622/675/565
f 574/1432/934 570/214/190 639/213/189
f 639/213/189 653/522/317 574/1432/934
f 653/522/317 556/563/193 574/1432/934
f 643/241/217 502/1433/556 659/218/194
f 502/1433/556 507/221/197 659/218/194
f 674/1218/897 572/69/65 680/1146/870
f 680/1146/870 572/69/65 681/1434/571
f 733/1284/803 592/78/74 619/75/71
f 581/211/187 703/360/323 691/853/680
f 615/757/622 679/848/675 745/1187/886
f 692/447/394 689/758/623 755/1285/911
f 755/1285/911 666/445/392 692/447/394
f 690/1435/678 717/1436/574 772/1437/575
f 774/916/724 790/693/577 722/694/578
f 770/465/406 818/1161/335 684/1438/334
f 390/795/645 403/510/440 288/1069/824
f 373/511/441 288/1069/824 403/510/440
f 408/516/446 427/735/607 394/1439/473
f 427/735/607 382/1440/471 394/1439/473
f 427/1343/607 432/731/604 382/548/471
f 324/1099/778 329/1441/463 409/1100/609
f 409/1442/609 329/1443/463 349/1444/431
f 393/651/551 419/59/52 455/804/51
f 467/57/54 419/59/52 365/60/56
f 415/62/58 369/312/279 479/63/59
f 396/882/701 448/66/62 454/68/64
f 467/57/54 439/61/57 545/958/752
f 545/958/752 439/61/57 524/334/300
f 439/61/57 388/1095/845 524/334/300
f 388/1095/845 395/335/301 524/334/300
f 569/1430/563 455/54/51 499/56/53
f 537/58/55 467/57/54 587/957/751
f 467/57/54 545/958/752 587/957/751
f 557/65/61 516/64/60 590/960/753
f 595/234/210 519/67/63 557/65/61
f 613/1023/796 579/352/316 554/929/171
f 613/1023/796 554/929/171 568/1445/183
f 568/207/183 462/193/170 602/927/733
f 596/1355/561 493/1254/560 667/1357/937
f 640/1446/306 667/1447/937 493/1448/560
f 493/1449/560 576/198/175 640/342/306
f 649/343/307 576/198/175 608/345/309
f 705/1450/310 608/664/309 548/205/181
f 621/668/313 589/667/315 708/682/311
f 669/891/708 714/1451/956 715/1076/831
f 668/443/390 632/438/386 750/1292/914
f 750/1292/914 714/1451/956 668/443/390
f 750/1292/914 632/438/386 712/1034/800
f 753/1221/631 734/1220/898 749/809/652
f 729/249/225 685/894/87 787/1080/833
f 719/755/620 812/912/235 777/1186/885
f 745/1187/886 845/1452/957 755/1285/911
f 845/1452/957 799/689/573 755/1285/911
f 799/689/573 666/445/392 755/1285/911
f 114/1453/15 51/1454/16 84/1455/840
f 84/1456/840 131/717/596 114/716/15
f 23/1457/132 131/717/596 84/1456/840
f 131/1198/596 23/150/132 153/149/131
f 172/421/359 133/475/414 207/414/360
f 172/421/359 147/285/257 133/475/414
f 124/283/255 117/628/530 246/409/362
f 156/411/364 56/1091/842 202/412/365
f 202/412/365 13/281/253 191/280/252
f 56/1091/842 13/281/253 202/412/365
f 207/414/360 133/475/414 156/411/364
f 177/780/639 196/1458/958 233/640/540
f 249/535/462 177/780/639 233/640/540
f 196/1458/958 206/1459/959 253/642/542
f 206/1459/959 229/643/543 253/642/542
f 248/644/544 196/1458/958 253/642/542
f 248/644/544 233/640/540 196/1458/958
f 324/998/778 182/995/457 241/999/140
f 182/995/457 212/1460/138 241/999/140
f 241/160/140 243/161/141 329/1461/463
f 298/1462/432 243/161/141 251/162/142
f 219/781/144 249/535/462 311/534/461
f 251/501/142 219/781/144 314/507/437
f 311/534/461 314/507/437 219/781/144
f 356/191/168 242/641/541 343/1401/944
f 323/185/162 285/645/545 362/925/731
f 281/184/161 233/640/540 323/185/162
f 323/185/162 233/640/540 285/645/545
f 285/645/545 331/1400/943 362/925/731
f 356/1463/168 331/1464/943 253/1465/542
f 253/642/542 331/1400/943 285/645/545
f 253/642/542 242/641/541 356/191/168
f 341/318/285 187/167/147 398/956/750
f 236/1334/930 187/167/147 341/318/285
f 341/318/285 342/188/165 240/1335/931
f 343/1401/944 240/1335/931 342/188/165
f 242/641/541 240/1335/931 343/1401/944
f 288/1069/824 272/794/644 390/795/645
f 373/511/441 273/165/145 288/1069/824
f 379/512/442 273/165/145 373/511/441
f 279/166/146 273/165/145 379/512/442
f 187/167/147 379/512/442 398/956/750
f 530/72/68 478/1141/868 420/554/477
f 539/441/381 458/655/380 487/798/648
f 580/1466/960 562/102/95 509/341/305
f 580/1467/960 509/1468/305 532/661/559
f 603/434/382 584/1358/938 485/36/36
f 521/559/482 485/36/36 584/1358/938
f 521/559/482 570/214/190 522/560/483
f 561/844/295 598/843/672 636/89/85
f 636/89/85 531/331/297 561/844/295
f 676/88/84 531/331/297 636/89/85
f 531/331/297 676/88/84 624/1029/396
f 693/362/325 606/518/448 691/853/680
f 693/362/325 647/1018/794 606/518/448
f 613/1023/796 568/1445/183 648/1469/329
f 651/934/738 673/905/719 743/935/739
f 756/939/741 727/1301/916 757/933/737
f 758/1470/961 727/1301/916 756/939/741
f 656/1302/917 727/1301/916 758/1470/961
f 727/1301/916 651/934/738 757/933/737
f 758/1470/961 737/229/205 656/1302/917
f 779/238/214 754/237/213 670/1303/918
f 641/240/216 779/238/214 670/1303/918
f 777/1186/885 812/912/235 893/1414/904
f 896/1416/952 777/1471/885 893/1417/904
f 745/1187/886 777/1186/885 896/1472/952
f 845/1452/957 745/1187/886 896/1472/952
f 904/1420/954 879/257/233 840/258/234
f 840/258/234 847/370/333 904/1420/954
f 904/1420/954 847/370/333 875/962/754
f 845/1452/957 896/1472/952 905/1473/953
f 905/1426/953 866/971/760 845/1474/957
f 799/1475/573 845/1474/957 866/971/760
f 7/1476/531 75/870/692 22/1477/533
f 75/870/692 82/1478/962 22/1477/533
f 82/1478/962 87/1479/963 22/1477/533
f 32/634/534 85/618/524 81/617/523
f 32/634/534 82/1478/962 85/618/524
f 82/1478/962 75/870/692 85/618/524
f 32/634/534 33/635/535 82/1478/962
f 87/1479/963 82/1478/962 78/1318/924
f 103/1480/964 87/1479/963 78/1318/924
f 33/635/535 78/1318/924 82/1478/962
f 87/1481/963 39/1482/899 22/1483/533
f 50/1484/965 39/1230/899 87/1485/963
f 50/1486/965 87/1479/963 103/1480/964
f 30/1128/857 103/1480/964 78/1318/924
f 103/1487/964 36/1236/902 50/1488/965
f 30/1128/857 88/1319/925 103/1480/964
f 36/1236/902 103/1487/964 88/1320/925
f 126/943/637 206/1489/959 67/141/127
f 206/1459/959 126/1490/637 229/643/543
f 177/1491/639 61/1492/124 196/1493/958
f 177/1494/639 141/1495/123 61/1496/124
f 64/137/125 141/133/123 177/783/639
f 196/1493/958 61/1492/124 206/1497/959
f 61/142/124 67/141/127 206/1489/959
f 236/1378/930 240/1498/931 138/129/119
f 175/942/638 138/129/119 240/1498/931
f 242/641/541 229/643/543 175/1499/638
f 240/1500/931 242/1501/541 175/1502/638
f 219/781/144 177/780/639 249/535/462
f 209/171/151 299/173/149 327/729/465
f 327/729/465 300/549/472 209/171/151
f 300/549/472 210/1134/863 209/171/151
f 307/789/642 181/788/641 334/543/466
f 181/788/641 287/544/467 334/543/466
f 336/546/469 287/544/467 247/547/470
f 382/548/471 214/924/730 255/551/474
f 282/317/284 290/952/747 405/1404/289
f 290/952/747 338/953/748 405/1404/289
f 405/1404/289 338/953/748 371/1503/291
f 371/1503/291 303/954/749 304/955/47
f 338/953/748 303/954/749 371/1503/291
f 346/420/371 237/1338/361 410/1504/909
f 353/553/476 295/1339/932 358/556/479
f 344/1167/877 295/1339/932 353/553/476
f 363/557/480 358/556/479 234/947/744
f 421/797/647 447/1278/908 348/796/646
f 447/1278/908 477/1342/910 348/796/646
f 345/1168/878 477/1342/910 410/1504/909
f 237/1338/361 345/1168/878 410/1504/909
f 460/888/705 416/425/375 526/209/185
f 468/192/169 400/190/167 512/208/184
f 512/208/184 540/519/449 468/192/169
f 499/1431/53 419/59/52 537/58/55
f 557/65/61 415/62/58 516/64/60
f 550/1074/829 692/447/394 551/1075/830
f 555/446/393 551/1075/830 692/447/394
f 575/806/651 531/331/297 624/1029/396
f 625/1101/398 489/517/447 575/806/651
f 625/1101/398 578/1505/203 489/517/447
f 513/442/389 534/439/387 632/438/386
f 642/1506/391 623/1079/707 496/431/379
f 496/1507/379 539/441/381 642/444/391
f 628/892/709 603/434/382 591/436/384
f 641/747/216 670/1391/918 567/749/610
f 572/69/65 610/1103/847 701/1102/846
f 701/1102/846 681/1434/571 572/69/65
f 652/1106/615 610/1105/847 611/1144/616
f 660/752/617 652/750/615 585/745/613
f 727/1301/916 559/1010/788 651/934/738
f 622/675/565 656/1302/917 737/229/205
f 754/237/213 601/1304/740 670/1303/918
f 728/760/625 713/1508/936 744/381/340
f 604/764/629 764/763/628 655/212/188
f 639/213/189 655/212/188 764/763/628
f 764/763/628 736/762/627 824/918/726
f 832/574/490 643/241/217 796/357/320
f 344/1167/877 277/819/659 179/279/251
f 179/279/251 194/284/256 344/1167/877
f 295/1339/932 344/1167/877 194/284/256
f 234/947/744 295/1339/932 246/409/362
f 194/284/256 246/409/362 295/1339/932
f 264/410/363 202/412/365 277/819/659
f 202/412/365 191/280/252 277/819/659
f 286/1003/781 357/1002/780 275/1001/779
f 260/300/269 313/297/267 337/883/702
f 337/883/702 278/884/703 260/300/269
f 278/884/703 351/1405/946 289/1199/890
f 374/1407/948 289/1199/890 351/1405/946
f 374/1509/948 297/1202/892 289/1201/890
f 374/1509/948 377/1510/866 297/1202/892
f 377/1510/866 316/1207/894 297/1202/892
f 316/1207/894 350/541/464 265/1092/843
f 306/1004/782 291/1094/844 388/1095/845
f 388/1095/845 230/1096/597 354/1135/864
f 428/1005/783 322/306/275 430/1006/784
f 443/1008/786 367/303/272 428/1005/783
f 322/309/275 340/313/280 436/1015/792
f 436/1349/792 430/1511/784 322/1512/275
f 407/1013/791 370/1399/942 437/1011/789
f 437/1011/789 370/1399/942 443/1008/786
f 340/313/280 376/1402/945 436/1015/792
f 449/656/555 436/1015/792 376/1402/945
f 376/1402/945 380/1403/649 449/656/555
f 422/1136/865 396/882/701 454/68/64
f 431/1406/947 422/1136/865 457/831/667
f 457/1513/667 459/1514/670 431/1515/947
f 377/1516/866 431/1515/947 459/1514/670
f 453/329/296 444/1409/949 481/330/293
f 444/1409/949 413/1411/294 481/330/293
f 491/1281/734 477/1280/910 536/1517/933
f 536/1517/933 477/1280/910 494/1518/72
f 421/797/647 420/554/477 478/1141/868
f 475/926/732 426/800/553 496/431/379
f 458/655/380 438/654/554 487/798/648
f 513/442/389 487/798/648 346/420/371
f 491/930/734 346/420/371 410/1504/909
f 501/424/374 440/35/35 563/845/673
f 566/753/618 461/423/373 501/424/374
f 538/849/676 461/423/373 566/753/618
f 596/663/561 580/1467/960 532/661/559
f 521/559/482 584/1358/938 604/764/629
f 562/102/95 580/1466/960 645/1354/935
f 596/1355/561 645/1354/935 580/1466/960
f 521/559/482 604/764/629 655/212/188
f 570/214/190 521/559/482 655/212/188
f 619/75/71 682/1145/869 720/1148/871
f 669/891/708 642/444/391 714/1451/956
f 642/444/391 668/443/390 714/1451/956
f 715/1076/831 714/1451/956 808/1519/873
f 808/1519/873 714/1451/956 836/1520/913
f 714/1521/956 750/1290/914 836/1289/913
f 808/1150/873 718/1078/832 715/1522/831
f 792/900/715 688/893/710 718/1078/832
f 757/933/737 743/935/739 810/904/718
f 810/904/718 677/902/717 805/816/658
f 805/816/658 754/903/213 793/937/212
f 810/904/718 743/935/739 673/905/719
f 756/939/741 852/940/510 758/1470/961
f 852/940/510 737/229/205 758/1470/961
f 852/940/510 791/230/206 737/229/205
f 853/573/489 793/236/212 779/238/214
f 779/238/214 641/240/216 853/573/489
f 133/475/414 79/474/413 21/1090/841
f 79/476/413 89/479/416 21/1523/841
f 21/1523/841 92/486/419 56/1524/842
f 56/1524/842 94/487/421 13/621/253
f 94/487/421 56/1524/842 92/486/419
f 21/1523/841 89/479/416 92/486/419
f 14/619/525 58/620/526 81/617/523
f 39/1230/899 128/631/532 22/632/533
f 123/1231/900 39/1230/899 50/1484/965
f 123/1234/900 50/1488/965 36/1236/902
f 151/633/268 161/1129/858 33/635/535
f 195/1525/891 120/1127/856 176/1241/270
f 195/1525/891 139/1132/861 120/1127/856
f 256/1398/893 139/1132/861 195/1525/891
f 170/1133/862 256/1398/893 208/1397/895
f 139/1132/861 256/1398/893 170/1133/862
f 178/708/588 170/1133/862 208/1397/895
f 217/871/693 134/3/3 238/1526/697
f 238/1526/697 250/790/430 217/871/693
f 211/8/8 217/871/693 250/790/430
f 185/493/427 130/495/428 290/952/747
f 290/952/747 130/495/428 132/11/11
f 290/952/747 132/11/11 267/872/694
f 268/873/695 267/872/694 159/13/13
f 250/497/430 238/878/697 280/178/156
f 280/1527/156 283/1528/157 250/1529/430
f 290/952/747 267/872/694 338/953/748
f 303/954/749 267/872/694 268/873/695
f 303/954/749 268/873/695 114/15/15
f 284/784/24 114/1530/15 192/785/595
f 284/1531/24 304/955/47 114/15/15
f 187/167/147 279/166/146 379/512/442
f 388/1095/845 354/1135/864 395/335/301
f 445/1276/304 321/1070/825 333/1212/826
f 368/1214/896 445/1276/304 333/1212/826
f 361/1532/776 368/1533/896 359/1534/777
f 354/1135/864 321/1070/825 484/336/302
f 445/1276/304 484/336/302 321/1070/825
f 509/341/305 488/558/481 532/1255/559
f 326/177/155 485/36/36 521/559/482
f 542/1009/787 582/1007/785 605/1300/915
f 516/64/60 588/1012/790 622/675/565
f 601/1298/740 573/1016/793 630/1390/919
f 573/1016/793 518/1017/611 630/1390/919
f 518/1017/611 567/749/610 630/1390/919
f 781/1535/491 782/1147/798 680/1146/870
f 680/1146/870 681/1434/571 781/1535/491
f 733/1284/803 720/1148/871 826/1536/849
f 826/1536/849 786/1537/802 733/1284/803
f 815/1037/801 712/1538/800 733/1038/803
f 826/1536/849 720/1148/871 798/1149/872
f 855/586/502 817/577/493 829/578/494
f 820/581/497 789/243/219 858/1196/889
f 929/1539/966 819/611/519 895/612/520
f 929/1539/966 821/1040/805 819/611/519
f 821/1040/805 929/1539/966 937/1540/967
f 941/616/521 929/1541/966 895/1542/520
f 929/1541/966 941/616/521 937/1543/967
f 937/1540/967 909/919/727 821/1040/805
f 909/919/727 937/1540/967 953/1124/854
f 937/1543/967 941/616/521 832/574/490
f 889/920/728 937/1543/967 832/574/490
f 953/1124/854 937/1540/967 969/1125/855
f 937/1543/967 889/920/728 969/1126/855
f 864/606/514 917/1312/922 962/607/515
f 917/1312/922 864/606/514 882/1044/807
f 918/1311/921 928/1544/656 962/607/515
f 920/1314/923 917/1313/922 919/1545/808
f 917/1313/922 882/1546/807 919/1545/808
f 863/1547/657 928/1548/656 920/1314/923
f 928/1548/656 918/1315/921 920/1314/923
f 920/1549/923 916/817/508 863/815/657
f 963/1550/516 962/1551/515 966/614/518
f 966/614/518 962/1551/515 928/1552/656
f 899/938/522 928/814/656 805/816/658
f 966/614/518 928/1552/656 899/615/522
f 41/7/7 27/9/9 76/1088/839
f 76/1088/839 86/1553/968 84/1089/840
f 84/1456/840 86/1554/968 23/1457/132
f 23/1457/132 86/1554/968 77/1555/634
f 76/1088/839 27/9/9 46/10/10
f 46/10/10 54/144/129 76/1088/839
f 4/1556/969 76/1088/839 54/144/129
f 4/1556/969 86/1553/968 76/1088/839
f 77/772/634 86/1553/968 4/1556/969
f 77/772/634 4/1556/969 102/1557/970
f 102/1557/970 99/775/635 77/772/634
f 9/147/130 4/1556/969 54/144/129
f 102/1557/970 4/1556/969 9/147/130
f 99/775/635 102/1557/970 9/147/130
f 127/531/458 119/711/591 37/713/593
f 127/531/458 37/713/593 53/1367/939
f 127/531/458 53/1367/939 55/1558/941
f 167/532/459 55/1558/941 57/1559/940
f 216/159/139 127/531/458 55/1558/941
f 167/532/459 216/159/139 55/1558/941
f 167/532/459 57/1559/940 149/533/460
f 149/533/460 108/1560/729 66/529/126
f 57/1368/940 108/921/729 149/1561/460
f 66/529/126 121/528/456 149/533/460
f 116/695/579 181/788/641 152/119/111
f 214/924/730 62/705/585 144/700/582
f 143/699/248 210/1134/863 144/700/582
f 214/924/730 158/697/580 62/705/585
f 182/530/457 193/1165/775 119/711/591
f 119/711/591 127/531/458 182/530/457
f 187/167/147 162/154/135 273/165/145
f 254/168/148 204/170/150 178/708/588
f 226/302/271 322/306/275 367/303/272
f 340/313/280 322/309/275 274/308/276
f 340/313/280 317/315/282 376/1402/945
f 317/315/282 282/317/284 380/1403/649
f 351/1405/946 278/884/703 396/882/701
f 413/1411/294 377/1510/866 412/1562/867
f 316/1207/894 377/1510/866 413/1411/294
f 378/1410/950 316/1207/894 413/1411/294
f 316/1207/894 378/1410/950 350/541/464
f 393/651/551 352/881/700 419/59/52
f 352/1563/700 357/1564/780 419/1565/52
f 357/1002/780 365/60/56 419/59/52
f 365/60/56 306/1004/782 439/61/57
f 306/1004/782 388/1095/845 439/61/57
f 415/62/58 448/66/62 313/297/267
f 448/66/62 337/883/702 313/297/267
f 681/687/571 701/1566/846 746/576/492
f 746/576/492 701/1566/846 726/1567/848
f 751/580/496 746/576/492 726/1567/848
f 759/688/572 751/580/496 726/1567/848
f 787/1080/833 685/894/87 766/895/711
f 806/1082/835 787/1080/833 766/895/711
f 806/1082/835 766/895/711 768/896/712
f 806/1082/835 768/896/712 771/898/713
f 807/1085/838 806/1082/835 771/898/713
f 771/898/713 728/760/625 807/1085/838
f 816/761/626 807/1085/838 728/760/625
f 795/364/327 784/359/322 837/968/757
f 801/361/324 837/968/757 784/359/322
f 898/395/350 846/116/108 748/365/328
f 898/395/350 748/365/328 795/364/327
f 858/1196/889 789/243/219 830/242/218
f 791/230/206 892/941/512 765/232/208
f 811/251/227 900/250/226 901/1568/238
f 901/1568/238 860/766/241 811/251/227
