# Blender 4.3.2
# www.blender.org
mtllib fused_model.mtl
o conn-wp_mesh
v -0.020239 -0.017565 -0.002360
v 0.002496 -0.017127 -0.001476
v 0.005981 -0.017467 0.007842
v -0.004562 -0.017975 -0.006402
v 0.018458 -0.017633 0.003814
v -0.009487 -0.017393 -0.000253
v -0.015114 -0.017854 0.005734
v -0.002223 -0.017525 -0.006270
v 0.004060 -0.017584 0.006133
v -0.012392 -0.017668 0.006318
v -0.007263 -0.017600 0.006558
v 0.002958 -0.017150 -0.000331
v -0.010796 -0.017508 -0.001607
v -0.009786 -0.017502 -0.002935
v 0.015779 -0.017929 0.002427
v 0.005755 -0.017506 0.000697
v -0.010648 -0.017875 0.004751
v -0.008222 -0.017890 0.000089
v -0.021453 -0.017601 0.001470
v 0.009769 -0.017242 -0.007681
v -0.021076 -0.017464 -0.004183
v -0.003104 -0.017562 -0.007640
v -0.019811 -0.017102 -0.005235
v 0.007772 -0.017446 0.000892
v -0.006424 -0.017330 -0.000220
v -0.017586 -0.017570 -0.001140
v -0.015324 -0.018087 -0.002829
v -0.018781 -0.016911 0.002680
v 0.001958 -0.017510 -0.006684
v 0.018265 -0.017709 0.001572
v 0.019354 -0.017467 0.002785
v 0.009431 -0.017702 -0.011587
v -0.006150 -0.017745 -0.001782
v 0.011460 -0.017410 -0.008645
v -0.002454 -0.017519 0.003554
v -0.008059 -0.018008 -0.002895
v -0.019604 -0.017777 -0.000589
v 0.003605 -0.017285 -0.003888
v -0.001590 -0.017648 0.005349
v -0.015401 -0.017270 -0.004869
v -0.000019 -0.017648 -0.007726
v 0.010475 -0.017732 0.004799
v 0.004722 -0.017684 -0.003233
v -0.004748 -0.018224 -0.001465
v 0.004100 -0.017890 -0.004816
v 0.005991 -0.017662 -0.005621
v 0.006017 -0.017404 -0.001830
v 0.011281 -0.017325 0.004327
v 0.021250 -0.017964 0.003742
v -0.008893 -0.017915 -0.004523
v 0.021890 -0.017214 0.003739
v 0.008252 -0.018187 -0.000874
v -0.010225 -0.017560 -0.007413
v 0.021043 -0.017302 0.000822
v 0.009132 -0.017362 -0.003459
v -0.014138 -0.018030 -0.000680
v 0.016178 -0.017852 -0.001339
v -0.014671 -0.016863 -0.004447
v -0.008097 -0.017538 -0.008173
v -0.009586 -0.017611 -0.009025
v -0.007418 -0.017668 -0.006453
v 0.019410 -0.017385 -0.000048
v -0.004537 -0.017490 0.005655
v 0.016525 -0.017607 -0.003819
v 0.018686 -0.017752 -0.002128
v -0.010578 -0.017442 -0.011915
v -0.002181 -0.017738 0.011427
v -0.015741 -0.017420 0.003599
v 0.007394 -0.017744 -0.007068
v -0.015322 -0.017627 -0.006486
v -0.018358 -0.018185 0.001797
v -0.014212 -0.017714 -0.006457
v 0.000276 -0.017205 0.012365
v 0.021775 -0.017703 -0.001926
v 0.001162 -0.017769 0.011270
v -0.015304 -0.017659 0.001568
v -0.001551 -0.017172 0.002510
v -0.014043 -0.017785 -0.007582
v 0.015670 -0.017836 -0.005928
v 0.002613 -0.017840 0.003718
v 0.002282 -0.018195 0.001513
v -0.013141 -0.017594 0.005275
v 0.011136 -0.017468 -0.001057
v 0.012046 -0.017385 0.002695
v 0.010177 -0.017669 -0.003009
v 0.000357 -0.017419 0.008172
v -0.003694 -0.017439 0.000684
v 0.008190 -0.017315 0.006452
v -0.011371 -0.017231 0.003462
v -0.002614 -0.017149 -0.000571
v -0.002909 -0.017911 -0.001494
v 0.013808 -0.017414 0.002162
v 0.015195 -0.017595 0.003414
v -0.015549 -0.017510 0.000463
v 0.011025 -0.017513 -0.005917
v -0.001599 -0.017802 0.006796
v 0.000002 -0.017559 0.001355
v -0.000501 -0.017631 0.007832
v 0.014960 -0.017816 -0.001185
v -0.000134 -0.017201 -0.000638
v 0.000675 -0.017750 0.006130
v 0.014893 -0.017508 -0.004965
v -0.004167 -0.017410 -0.003665
v -0.003209 -0.017645 -0.003737
v 0.009446 -0.017348 0.000653
v 0.010789 -0.017372 0.000409
v 0.013004 -0.017824 0.000763
v 0.015062 -0.017612 0.007318
v -0.009763 -0.017480 0.002798
v 0.012945 -0.017268 0.005961
v 0.015651 -0.017625 0.005587
v 0.011228 -0.017573 -0.007081
v 0.003518 -0.017193 0.004185
v 0.004393 -0.017378 0.001057
v -0.012815 -0.017215 0.000936
v -0.008959 -0.017248 0.001133
v 0.014126 -0.017274 -0.000354
v 0.015092 -0.017579 0.000505
v 0.003136 -0.018025 0.006836
v -0.008952 -0.018290 -0.001889
v 0.004341 -0.018323 -0.001578
v -0.018239 -0.017812 -0.004091
v 0.011318 -0.018004 -0.010632
v 0.010554 -0.017973 0.007099
v -0.001573 -0.018269 0.000419
v 0.009556 -0.018171 -0.001227
v -0.008864 -0.018284 -0.011361
v -0.011608 -0.018279 -0.000243
v 0.001727 -0.018121 0.000186
v 0.010894 -0.018093 0.005993
v -0.010448 -0.018074 0.001332
v 0.011135 -0.018211 0.001851
v -0.020109 -0.017000 0.003500
v 0.002326 -0.016186 0.008159
v -0.022156 -0.016151 0.001681
v -0.021624 -0.016340 -0.002226
v 0.016853 -0.016710 -0.007177
v -0.015485 -0.016675 -0.008618
v 0.019737 -0.016860 0.007485
v 0.008715 -0.016279 -0.011139
v -0.017844 -0.016851 -0.010084
v -0.016040 -0.016735 -0.011006
v -0.018271 -0.016426 -0.011391
v 0.005813 -0.015805 -0.003816
v -0.001692 -0.017234 -0.001963
v -0.020653 -0.016819 0.005823
v -0.016415 -0.017168 0.006127
v 0.012583 -0.016030 -0.008570
v -0.016882 -0.015405 0.004012
v 0.004659 -0.015960 0.005586
v 0.021215 -0.016600 0.005326
v -0.001971 -0.016394 -0.005695
v 0.009725 -0.016632 0.004951
v -0.016330 -0.017094 0.001765
v -0.007936 -0.015997 0.005328
v -0.015764 -0.016700 0.008865
v 0.020164 -0.017147 0.005106
v -0.014118 -0.015800 0.003840
v -0.020812 -0.016671 -0.005555
v -0.017550 -0.016190 0.009026
v -0.002642 -0.016385 -0.008269
v -0.000932 -0.017838 0.009304
v -0.014559 -0.015619 0.002169
v 0.002323 -0.016587 -0.006074
v 0.012811 -0.017161 -0.010935
v -0.018290 -0.016651 0.007147
v 0.001444 -0.016669 0.011773
v 0.009479 -0.017363 0.002531
v 0.001328 -0.015474 0.009922
v 0.014539 -0.016342 0.005006
v -0.011895 -0.015994 0.002588
v 0.019914 -0.016792 -0.007529
v 0.002995 -0.017223 -0.007787
v -0.018734 -0.016297 -0.005545
v -0.019011 -0.016597 -0.008394
v 0.011421 -0.017123 -0.012175
v -0.004423 -0.017026 0.000522
v -0.011210 -0.017183 -0.008614
v -0.010162 -0.015336 -0.003317
v -0.018611 -0.016616 0.006062
v -0.017312 -0.016341 0.001478
v -0.014560 -0.016165 0.007518
v 0.016866 -0.016706 -0.001942
v -0.013380 -0.016057 0.006920
v 0.020638 -0.016905 -0.008340
v 0.017747 -0.016595 -0.002091
v 0.016754 -0.016393 0.011032
v 0.012683 -0.014151 0.003364
v -0.010827 -0.015990 -0.010463
v -0.015044 -0.016219 -0.000650
v -0.007150 -0.016711 -0.008558
v -0.008159 -0.017113 -0.009692
v 0.016273 -0.015774 0.002810
v -0.010233 -0.016436 -0.005683
v -0.021440 -0.016312 0.003215
v 0.014419 -0.016801 0.008465
v 0.011547 -0.017267 0.008282
v 0.020059 -0.016753 -0.003883
v 0.009311 -0.018012 -0.005098
v 0.015739 -0.015956 -0.000125
v -0.007180 -0.017465 -0.011729
v 0.013301 -0.016008 0.008516
v -0.007646 -0.015676 -0.003698
v -0.007208 -0.014909 -0.005062
v -0.009382 -0.016403 0.007503
v 0.022299 -0.016008 -0.002296
v 0.021606 -0.016832 -0.003594
v 0.016041 -0.017152 0.004238
v -0.019515 -0.016835 -0.009877
v -0.003220 -0.017106 0.003354
v 0.007805 -0.016724 -0.007783
v -0.010003 -0.016119 -0.013186
v -0.008026 -0.017133 -0.013039
v 0.003912 -0.016709 0.002541
v -0.001580 -0.016249 0.004293
v -0.011319 -0.016707 -0.006582
v -0.015879 -0.015677 -0.003229
v -0.006129 -0.016270 -0.005862
v -0.002377 -0.016265 0.007752
v 0.011304 -0.015861 -0.004652
v -0.009187 -0.016746 0.004226
v 0.015316 -0.016157 -0.003139
v -0.002605 -0.016374 -0.003530
v 0.000027 -0.015779 0.004842
v 0.000784 -0.016391 0.002948
v 0.013259 -0.016253 -0.005295
v -0.000545 -0.015151 0.002739
v 0.017368 -0.016911 0.009043
v 0.001657 -0.017444 -0.000817
v -0.016202 -0.016028 -0.004247
v 0.012688 -0.017451 -0.005757
v -0.013248 -0.017335 -0.001818
v -0.012556 -0.015722 -0.001785
v 0.022247 -0.016577 0.001192
v 0.016258 -0.016913 0.007629
v 0.014480 -0.016063 -0.007577
v -0.016164 -0.016043 -0.007925
v 0.017132 -0.016182 -0.000567
v -0.015208 -0.015658 0.008998
v 0.016815 -0.015132 0.006069
v 0.012680 -0.014443 -0.011059
v 0.016817 -0.016120 0.003989
v 0.001249 -0.016061 0.008848
v 0.019679 -0.016249 -0.009501
v -0.001326 -0.016623 0.012421
v 0.018013 -0.015582 0.004677
v 0.015257 -0.015561 0.011044
v 0.014501 -0.016272 0.010560
v -0.020640 -0.015197 -0.008835
v -0.021331 -0.015683 0.005985
v 0.011883 -0.014275 -0.001667
v 0.009638 -0.014988 0.008912
v 0.017708 -0.016302 0.003557
v 0.010407 -0.015227 -0.012043
v -0.017448 -0.015407 -0.008394
v 0.005369 -0.015360 0.008338
v 0.017137 -0.014798 -0.003753
v 0.007554 -0.014171 0.005955
v -0.008937 -0.014999 0.001411
v -0.016492 -0.015611 0.009566
v -0.006881 -0.014841 -0.000248
v 0.018560 -0.014836 -0.003510
v -0.017097 -0.015800 -0.004135
v 0.016866 -0.014895 0.001355
v 0.003978 -0.014594 -0.004276
v 0.006860 -0.015322 -0.002923
v -0.014606 -0.015535 -0.009259
v -0.018090 -0.015254 0.003522
v 0.007512 -0.015321 -0.003733
v -0.013324 -0.015988 -0.008778
v 0.015629 -0.014481 0.001078
v 0.016083 -0.015584 -0.008071
v 0.013433 -0.014903 -0.000999
v -0.016239 -0.015769 -0.001482
v 0.008806 -0.015971 -0.008670
v -0.015915 -0.015580 0.000170
v -0.011908 -0.015403 -0.009474
v 0.021357 -0.015628 -0.007437
v 0.018314 -0.015258 0.009693
v 0.020460 -0.016511 0.008629
v 0.001409 -0.014779 -0.006338
v 0.019184 -0.015313 -0.006049
v -0.021225 -0.015607 -0.005238
v -0.006544 -0.014161 0.005323
v -0.002449 -0.014791 0.011554
v -0.001961 -0.014787 0.009148
v 0.017441 -0.016719 -0.009237
v -0.003556 -0.014740 0.001812
v -0.013444 -0.015987 -0.005921
v -0.019796 -0.015325 -0.010320
v 0.021303 -0.015510 0.006361
v -0.001602 -0.013517 -0.008691
v 0.001200 -0.014908 -0.000656
v -0.017623 -0.014334 -0.011342
v -0.015864 -0.013752 -0.011050
v -0.002782 -0.014466 -0.003015
v 0.008576 -0.014721 0.001414
v -0.011681 -0.013606 0.007794
v 0.017869 -0.015295 -0.006410
v -0.008961 -0.013818 0.002964
v -0.014575 -0.014000 -0.004631
v -0.002182 -0.014832 -0.005511
v 0.022094 -0.012116 -0.001626
v -0.016704 -0.014570 -0.005596
v 0.012963 -0.014149 0.004629
v 0.014694 -0.013473 -0.004454
v -0.004302 -0.012964 0.003810
v 0.005999 -0.014281 0.005993
v -0.005734 -0.014175 0.007682
v -0.012313 -0.013195 -0.006031
v 0.014194 -0.014589 0.004116
v -0.005162 -0.015443 -0.008512
v 0.013808 -0.012276 -0.007500
v -0.022545 -0.014349 -0.001447
v -0.012875 -0.014844 0.003343
v -0.013164 -0.014970 0.001927
v 0.003432 -0.014646 0.003115
v -0.010957 -0.013449 -0.003963
v 0.008182 -0.012399 -0.007651
v -0.000367 -0.013443 0.003692
v -0.011263 -0.012754 -0.005187
v 0.009258 -0.014951 0.004989
v -0.006009 -0.014690 -0.003073
v 0.020012 -0.011692 0.008953
v -0.007461 -0.014517 -0.008703
v -0.006948 -0.013561 -0.007827
v 0.000043 -0.015543 0.012325
v -0.007766 -0.014265 -0.010016
v 0.001067 -0.013835 0.011444
v -0.005128 -0.014863 -0.004785
v -0.007372 -0.012367 -0.012076
v 0.001209 -0.013156 0.010381
v 0.021357 -0.015110 0.004253
v -0.018257 -0.014034 0.008898
v -0.021337 -0.014688 0.002745
v 0.013070 -0.013772 -0.004982
v 0.010778 -0.013338 0.008640
v 0.011178 -0.013975 -0.012039
v 0.012424 -0.012434 0.008049
v -0.022184 -0.010610 0.000696
v 0.002291 -0.014176 0.007227
v 0.012600 -0.011940 -0.008646
v -0.000784 -0.013963 -0.005044
v 0.021152 -0.013910 -0.003815
v -0.006077 -0.013651 0.001611
v -0.004088 -0.013386 0.002791
v 0.015272 -0.013345 -0.007555
v -0.020923 -0.013212 0.005243
v 0.022050 -0.014199 0.000412
v 0.013835 -0.012194 -0.002103
v 0.004786 -0.013394 0.004461
v 0.004988 -0.013894 -0.008666
v 0.015995 -0.012041 0.010796
v 0.008876 -0.012369 -0.008698
v 0.020725 -0.013929 -0.007760
v -0.002640 -0.011620 0.010318
v 0.008472 -0.010286 -0.010867
v -0.001505 -0.013925 0.003623
v -0.012284 -0.013177 -0.003242
v 0.001460 -0.013729 -0.005908
v 0.020665 -0.014053 0.007631
v 0.004992 -0.013140 0.002878
v 0.005825 -0.014759 0.000859
v -0.016793 -0.013223 0.009341
v -0.000658 -0.014134 0.004515
v 0.000434 -0.012655 0.008556
v 0.003452 -0.013897 -0.004028
v -0.021718 -0.012401 -0.003234
v -0.003389 -0.013046 0.006670
v -0.014342 -0.012980 0.007717
v -0.002346 -0.013766 -0.003062
v 0.014230 -0.012936 0.010528
v -0.002015 -0.013347 0.007311
v -0.019152 -0.013532 -0.010521
v -0.020004 -0.012162 -0.005635
v -0.011125 -0.014460 -0.012709
v -0.007346 -0.011481 -0.010648
v -0.013033 -0.012879 -0.009208
v -0.008098 -0.013400 0.001946
v -0.009478 -0.013281 -0.013067
v -0.013867 -0.012079 -0.009549
v -0.013789 -0.013047 -0.003598
v 0.022031 -0.011498 0.003335
v -0.020722 -0.012496 0.006358
v -0.007247 -0.012697 0.007091
v 0.013707 -0.011823 0.008887
v -0.013818 -0.013137 -0.005700
v 0.012239 -0.011694 -0.002243
v 0.012182 -0.012041 -0.003481
v -0.009965 -0.012257 0.006917
v -0.003824 -0.011647 -0.008513
v 0.018046 -0.011977 0.009566
v 0.004899 -0.010982 0.008746
v 0.006465 -0.011938 0.008494
v -0.011520 -0.011892 -0.009387
v 0.021953 -0.011478 -0.000686
v -0.008394 -0.011965 -0.008673
v -0.015271 -0.012969 0.008944
v 0.020235 -0.010869 -0.004856
v -0.015628 -0.010671 -0.011331
v 0.001049 -0.014197 0.007411
v -0.004880 -0.012814 0.003160
v -0.010884 -0.010361 -0.012877
v 0.000846 -0.013862 -0.002367
v 0.008235 -0.013655 0.004035
v 0.006673 -0.013431 0.001995
v -0.019184 -0.011183 0.007402
v -0.002259 -0.008639 0.012272
v -0.003009 -0.007027 0.011408
v 0.022147 -0.010400 0.001959
v -0.019733 -0.012917 -0.008375
v -0.019789 -0.011313 -0.009757
v 0.006794 -0.013226 -0.007785
v 0.015380 -0.010997 -0.008048
v 0.020522 -0.011215 0.007808
v 0.020106 -0.013309 0.005228
v -0.012578 -0.011299 0.007978
v 0.020122 -0.011047 -0.008282
v 0.013479 -0.012015 -0.003620
v -0.005724 -0.012193 0.007352
v 0.009291 -0.011531 -0.011786
v 0.017398 -0.010995 -0.009498
v 0.018131 -0.013388 -0.009398
v 0.013246 -0.010675 -0.010762
v 0.001155 -0.010952 0.006915
v 0.009245 -0.010376 -0.008327
v 0.010661 -0.011732 0.008814
v 0.005237 -0.009954 -0.008647
v 0.012794 -0.011128 -0.007213
v -0.017614 -0.010804 -0.011644
v -0.006671 -0.011487 -0.007932
v 0.000145 -0.007592 0.012166
v 0.002406 -0.009505 -0.008952
v 0.003091 -0.013313 -0.008537
v 0.002240 -0.011480 0.006655
v -0.015467 -0.010442 0.008969
v 0.001422 -0.009596 0.010408
v 0.004090 -0.010307 -0.009561
v -0.002056 -0.010251 0.006905
v -0.014518 -0.010849 0.006945
v -0.013667 -0.010652 0.006873
v -0.021623 -0.007947 -0.003626
v -0.018937 -0.010239 -0.008444
v -0.000323 -0.010919 -0.008550
v -0.021261 -0.009397 -0.001940
v 0.019038 -0.009777 -0.009484
v 0.006953 -0.009922 0.009214
v 0.009125 -0.007520 -0.012076
v -0.011304 -0.010412 0.008155
v -0.008278 -0.010065 -0.007703
v 0.001276 -0.009116 0.011536
v -0.021016 -0.009334 0.006062
v -0.018910 -0.009439 -0.010327
v -0.017757 -0.007706 -0.011407
v -0.008841 -0.009273 0.006133
v -0.005000 -0.008469 -0.007946
v -0.005537 -0.010044 0.007796
v -0.001786 -0.009854 0.008434
v -0.017773 -0.009383 0.008930
v 0.018304 -0.005463 0.009549
v -0.003025 -0.009113 0.005983
v -0.011652 -0.009090 -0.011688
v -0.009153 -0.010400 -0.008479
v -0.008574 -0.009608 -0.009545
v -0.014598 -0.008931 -0.010590
v 0.009923 -0.008850 0.009327
v -0.012770 -0.009557 -0.008532
v 0.013748 -0.009459 0.011011
v 0.010817 -0.010045 0.007942
v 0.013450 -0.010464 0.007844
v -0.002968 -0.009672 -0.008986
v -0.019287 -0.008982 0.007370
v 0.015389 -0.008587 0.011022
v 0.021509 -0.008942 0.000393
v 0.004955 -0.008769 0.009529
v -0.011742 -0.009021 0.008750
v -0.004125 -0.007932 -0.008635
v 0.008717 -0.009821 0.008899
v 0.022445 -0.008151 -0.000925
v -0.011501 -0.009300 -0.008961
v -0.020573 -0.008398 -0.004955
v 0.020065 -0.007525 0.008960
v -0.013965 -0.008396 -0.009145
v -0.015409 -0.008436 0.009281
v 0.002299 -0.008434 0.006287
v -0.004066 -0.009170 0.006108
v 0.020050 -0.007820 0.007169
v -0.006994 -0.008034 -0.011692
v 0.014121 -0.010205 -0.006839
v 0.006742 -0.009635 -0.006409
v -0.014480 -0.007975 0.008085
v 0.015583 -0.008685 -0.007598
v -0.019445 -0.009034 -0.007365
v -0.020433 -0.009892 0.003826
v 0.012394 -0.011457 -0.011782
v -0.006485 -0.008319 0.006822
v 0.020223 -0.007847 -0.005665
v 0.020565 -0.008419 -0.008163
v -0.020677 -0.008040 0.003667
v 0.021568 -0.008235 0.003581
v 0.002084 -0.007528 -0.008206
v 0.009359 -0.008605 0.007751
v 0.006634 -0.007061 0.009668
v 0.021882 -0.007206 -0.003538
v -0.014653 -0.005692 -0.011015
v -0.002925 -0.008299 -0.008494
v -0.000771 -0.009172 -0.008388
v -0.022244 -0.005834 0.001683
v 0.004142 -0.007489 0.007865
v 0.022039 -0.007524 0.002457
v 0.012175 -0.007655 -0.008310
v -0.013565 -0.008105 0.007671
v -0.022304 -0.007422 -0.000187
v 0.014189 -0.008019 0.009153
v 0.012258 -0.006111 -0.011992
v -0.001954 -0.007494 0.007282
v -0.007805 -0.009331 -0.012913
v 0.001065 -0.007838 0.006891
v -0.028178 -0.007933 0.012454
v 0.008836 -0.007574 0.008114
v 0.009017 -0.007366 -0.008329
v -0.007462 -0.006220 -0.007205
v -0.009734 -0.007641 0.007820
v -0.008391 -0.006620 0.007073
v 0.001021 -0.007855 -0.008742
v -0.008363 -0.008160 -0.008576
v 0.020318 -0.009188 0.005035
v 0.014023 -0.007574 0.010620
v -0.029646 -0.008034 0.011707
v -0.002979 -0.008261 -0.007557
v 0.014279 -0.005679 0.007747
v -0.019900 -0.008109 -0.009171
v 0.016897 -0.005495 0.010783
v -0.011622 -0.006390 -0.009580
v 0.020157 -0.006885 -0.006745
v 0.020421 -0.006756 -0.008435
v -0.001891 -0.006384 0.009812
v 0.017467 -0.007108 -0.009733
v 0.001015 -0.005409 0.009523
v -0.003602 -0.007871 0.006244
v -0.009827 -0.002788 -0.013547
v 0.007808 -0.007565 -0.006857
v 0.009036 -0.005616 -0.007412
v 0.013965 -0.006741 -0.006858
v 0.003738 -0.006549 -0.009598
v -0.029734 -0.007290 0.013736
v -0.017594 -0.005479 0.008880
v 0.026226 -0.007140 0.013534
v -0.020113 -0.005862 -0.008845
v -0.027719 -0.007399 -0.013218
v -0.012041 -0.005680 0.008250
v -0.010772 -0.006373 0.008397
v 0.028976 -0.006647 -0.009753
v 0.030527 -0.007554 -0.010850
v -0.008553 -0.005628 -0.009062
v -0.019304 -0.005645 -0.010562
v 0.022702 -0.005698 -0.001794
v -0.025956 -0.007488 -0.015005
v -0.031021 -0.006918 0.012065
v 0.001882 -0.005877 -0.007279
v 0.027677 -0.007219 -0.012138
v 0.001431 -0.004879 0.011968
v 0.005172 -0.006390 -0.009099
v -0.006745 -0.006283 0.007091
v -0.000734 -0.003840 0.012552
v 0.031144 -0.006892 -0.013024
v -0.004067 -0.007207 -0.007596
v -0.020459 -0.005526 0.005888
v 0.006303 -0.007288 -0.006759
v -0.027046 -0.006641 0.012993
v -0.011142 -0.005951 -0.012840
v -0.005094 -0.006378 0.007235
v -0.026226 -0.007241 -0.016582
v 0.029421 -0.007220 0.015193
v -0.029828 -0.006835 0.009823
v -0.026925 -0.007304 0.011129
v -0.021237 -0.006799 -0.001930
v -0.028088 -0.007142 0.009535
v -0.002374 -0.006470 0.006418
v 0.001790 -0.005623 0.006822
v 0.012617 -0.006561 -0.009809
v 0.028660 -0.007100 0.013055
v -0.021456 -0.005623 -0.003845
v 0.005085 -0.005561 0.008389
v 0.013204 -0.005141 -0.011464
v -0.020914 -0.006199 -0.005279
v -0.020372 -0.005625 0.004096
v -0.019963 -0.006295 -0.007242
v 0.003175 -0.005496 0.007034
v -0.022093 -0.005492 0.002447
v 0.026684 -0.007495 0.016369
v 0.027630 -0.007800 0.014460
v 0.029509 -0.007372 -0.013792
v 0.025496 -0.005764 0.014596
v -0.029916 -0.005390 -0.014791
v 0.025944 -0.005852 0.016319
v 0.014023 -0.005824 0.009205
v 0.026450 -0.005659 0.012806
v 0.031122 -0.006173 -0.010889
v 0.008234 -0.005815 -0.011380
v 0.016965 -0.004863 -0.009341
v -0.015540 -0.005588 0.009089
v 0.027637 -0.005701 0.017078
v 0.021558 -0.006743 0.000794
v -0.019356 -0.004710 0.007092
v -0.003612 -0.005536 -0.007354
v 0.029478 -0.005914 0.016338
v 0.029576 -0.005685 0.014399
v -0.027733 -0.006024 -0.012789
v 0.021182 -0.005297 0.005510
v -0.029406 -0.005013 0.013745
v -0.025221 -0.005857 -0.014405
v -0.006645 -0.005568 -0.011919
v -0.029235 -0.006924 -0.016544
v 0.027106 -0.005919 -0.012080
v 0.029268 -0.006053 -0.014283
v 0.008327 -0.003994 -0.006377
v 0.027719 -0.005664 -0.013621
v -0.014284 -0.005211 0.007010
v 0.028814 -0.005682 0.013044
v -0.027819 -0.006175 -0.017287
v -0.000373 -0.006863 -0.007528
v 0.013148 -0.004965 -0.007131
v -0.016673 -0.005887 -0.012034
v -0.025580 -0.005612 -0.016137
v -0.006608 -0.006299 -0.012834
v 0.020652 -0.005343 0.009126
v -0.026888 -0.006124 0.010410
v -0.028787 -0.005580 0.009516
v 0.014249 -0.005901 0.011864
v 0.008894 -0.004352 -0.010386
v -0.014275 -0.004541 -0.009431
v 0.010282 -0.005195 0.008272
v -0.012611 -0.003854 -0.009006
v 0.002362 -0.003202 -0.009788
v 0.009200 -0.002986 -0.012891
v -0.031623 -0.003345 0.012393
v 0.013044 -0.003099 -0.008226
v 0.016084 -0.004802 0.011240
v -0.003182 -0.002820 0.012456
v 0.028052 -0.005301 -0.010516
v 0.012046 -0.003128 -0.012588
v 0.021394 -0.004977 0.000731
v 0.021283 -0.005446 -0.006235
v 0.008833 -0.004777 0.008736
v -0.021132 -0.004697 -0.000894
v 0.018933 -0.005183 -0.009737
v 0.021628 -0.005039 -0.007640
v -0.001679 -0.005945 -0.007705
v -0.004692 -0.004376 0.007382
v -0.030929 -0.004955 0.010662
v -0.002461 -0.002589 0.013164
v 0.029736 -0.004580 0.008850
v 0.024038 -0.004680 -0.002202
v -0.031110 -0.004278 0.005554
v 0.028382 -0.003704 -0.012273
v -0.030864 -0.004514 0.003481
v 0.023180 -0.004307 -0.000334
v -0.015563 -0.003576 -0.012352
v 0.005147 -0.003685 0.009572
v -0.031125 -0.004421 0.001601
v 0.021871 -0.004733 0.011989
v 0.029728 -0.004430 0.005107
v 0.029164 -0.004712 -0.010531
v 0.017852 -0.004077 0.012386
v 0.030573 -0.004490 -0.003654
v 0.031070 -0.004600 0.001079
v 0.030524 -0.004568 -0.000234
v 0.006126 -0.003162 0.010198
v -0.007234 -0.002963 -0.011586
v 0.028456 -0.004011 0.015970
v -0.011279 -0.002781 -0.012546
v -0.022013 -0.003676 -0.007602
v 0.031598 -0.004339 -0.003102
v 0.029544 -0.004401 -0.005652
v 0.031279 -0.004627 -0.005790
v -0.029977 -0.004760 0.001123
v 0.007898 -0.004037 0.009996
v 0.018960 -0.004214 0.009801
v 0.012788 -0.002001 -0.009549
v -0.006900 -0.004407 -0.013863
v 0.030805 -0.003789 -0.011545
v -0.016700 -0.003969 -0.013519
v 0.002977 -0.003995 0.006177
v 0.006108 -0.004188 -0.006996
v -0.022163 -0.004404 0.006151
v -0.029499 -0.004191 -0.016062
v 0.030815 -0.004515 0.006476
v 0.026694 -0.003703 0.014250
v 0.022928 -0.004523 0.008424
v -0.011033 -0.004289 0.009106
v -0.021789 -0.004569 -0.009794
v -0.030658 -0.004641 -0.003077
v -0.023025 -0.004544 -0.010659
v -0.021386 -0.004242 0.004162
v -0.024275 -0.004462 0.007102
v 0.026621 -0.004215 0.007709
v 0.013037 -0.002219 -0.011633
v 0.022340 -0.004345 0.004888
v -0.008131 -0.004402 0.008424
v 0.023872 -0.004413 -0.010027
v -0.006202 -0.002874 -0.013331
v -0.029167 -0.004367 -0.000878
v 0.025115 -0.004564 0.009250
v -0.005732 -0.001887 -0.008143
v 0.029317 -0.004000 -0.013674
v 0.014092 -0.003118 0.011873
v -0.020129 -0.004256 -0.011421
v 0.024077 -0.004258 0.011775
v -0.026937 -0.003944 -0.014133
v 0.021410 -0.004440 0.009964
v 0.027821 -0.004000 0.013528
v 0.009737 -0.003210 -0.007964
v -0.024162 -0.004492 0.000588
v -0.021650 -0.004550 -0.012937
v 0.021354 -0.004188 -0.010053
v 0.000050 -0.004483 -0.009050
v -0.026122 -0.004573 0.006276
v 0.022246 -0.004761 0.003104
v -0.001466 -0.002400 0.009300
v 0.014473 -0.004127 0.009352
v -0.018721 -0.004607 0.008389
v 0.014017 -0.004081 0.008178
v 0.014586 -0.003484 -0.007426
v -0.017685 -0.004536 0.009801
v -0.011533 -0.003617 -0.009489
v -0.028599 -0.004691 -0.003677
v -0.014653 -0.002912 0.009529
v 0.001442 -0.003954 0.006172
v -0.026637 -0.003124 -0.015493
v -0.022622 -0.004401 -0.003433
v -0.027967 -0.004508 0.011238
v -0.029887 -0.004779 -0.004440
v -0.015161 -0.003278 0.010134
v -0.031059 -0.003405 0.013120
v 0.026644 -0.002972 -0.003497
v -0.029549 -0.003674 -0.010011
v -0.027214 -0.003549 0.007129
v 0.024776 -0.003179 0.004470
v 0.015886 -0.002069 0.012198
v 0.023378 -0.003684 -0.011222
v -0.028685 -0.003740 0.012341
v 0.030651 -0.004424 -0.012835
v -0.025884 -0.003513 -0.005494
v 0.019699 -0.004081 0.011864
v -0.024534 -0.003468 -0.010219
v 0.002451 -0.001666 0.012988
v 0.022121 -0.003506 0.013405
v 0.008476 -0.002654 -0.012064
v 0.024308 -0.003639 -0.004853
v 0.001014 -0.002368 0.009073
v 0.029812 -0.003234 -0.013794
v 0.028428 -0.003781 0.004586
v -0.022931 -0.003007 -0.007724
v -0.028709 -0.003726 -0.015138
v 0.027604 -0.003714 0.009913
v -0.007035 -0.002339 0.008357
v 0.028942 -0.003529 -0.011364
v 0.016172 -0.001929 -0.008999
v 0.026327 -0.003265 0.002935
v 0.026842 -0.003873 0.015454
v -0.028617 -0.003274 0.010654
v -0.031840 -0.003553 0.003948
v -0.002212 -0.003683 0.006517
v 0.031855 -0.003574 -0.005665
v -0.027668 -0.003576 0.000957
v -0.023350 -0.004271 0.010432
v 0.030416 -0.003738 -0.006867
v 0.028977 -0.003644 -0.002187
v 0.031625 -0.003308 0.001708
v 0.027008 -0.003399 -0.000445
v -0.015528 -0.002150 -0.011766
v 0.029747 -0.002918 0.010118
v 0.001219 -0.003393 -0.008881
v -0.026240 -0.003762 0.003828
v -0.024293 -0.003869 -0.009205
v 0.031604 -0.003245 -0.001569
v -0.031309 -0.003428 -0.003053
v -0.026253 -0.003323 -0.003205
v -0.024147 -0.003223 0.004095
v -0.018868 -0.003413 -0.012946
v -0.024787 -0.003939 0.008287
v -0.020585 -0.003756 0.010308
v -0.015941 -0.002193 -0.014077
v 0.026081 -0.003951 -0.007234
v -0.025696 -0.003625 0.001698
v 0.018312 -0.003277 -0.011285
v -0.017996 -0.003698 0.011362
v -0.021978 -0.003867 -0.013677
v -0.001453 -0.003161 -0.008451
v 0.003742 -0.001932 -0.010021
v 0.028911 -0.003272 -0.000559
v 0.030942 -0.003701 0.008859
v -0.029882 -0.004280 -0.009117
v 0.024706 -0.004417 -0.000466
v -0.026873 -0.004566 -0.009075
v -0.029167 -0.004318 0.005333
v 0.026091 -0.003031 0.004989
v -0.020841 -0.003838 0.008366
v 0.025268 -0.004301 -0.006781
v -0.028005 -0.003663 -0.007094
v 0.024365 -0.003854 0.001628
v 0.031661 -0.002238 0.001197
v -0.026400 -0.001724 -0.010248
v 0.017235 -0.002827 0.013377
v -0.029001 -0.002228 -0.010481
v -0.011784 -0.001982 0.008950
v -0.010138 -0.001978 0.009573
v 0.018316 -0.002020 -0.012158
v 0.026516 -0.002618 -0.008167
v -0.014645 -0.002248 -0.010182
v 0.031965 -0.001603 -0.003443
v 0.022342 -0.002336 -0.011902
v 0.009159 -0.002296 -0.010267
v -0.031532 -0.002101 0.001584
v -0.029787 -0.002783 0.013383
v -0.014358 -0.002674 0.008151
v -0.011289 -0.001974 -0.013318
v 0.025937 -0.002550 -0.009700
v 0.007433 -0.002935 -0.006804
v -0.003655 -0.001901 0.007090
v -0.023432 -0.002306 -0.012641
v -0.028970 -0.002774 -0.014953
v -0.013250 -0.002749 0.007609
v 0.030685 -0.002257 -0.007254
v -0.021017 -0.001863 -0.013735
v -0.031756 -0.001921 -0.001224
v -0.030984 -0.003422 0.011597
v 0.017300 -0.001223 -0.010693
v 0.025652 -0.003088 0.010809
v -0.031052 -0.003327 -0.008162
v 0.030828 -0.001723 0.007092
v -0.029930 -0.001963 -0.009890
v 0.023576 -0.000890 -0.012307
v 0.020507 -0.002104 0.013651
v 0.028088 -0.001910 0.010264
v -0.026658 -0.002642 -0.014085
v 0.028435 -0.002744 -0.009902
v -0.027639 -0.002451 0.010947
v -0.006777 -0.002058 -0.008287
v 0.001543 -0.002311 0.013703
v 0.004429 -0.002247 0.008540
v 0.023719 -0.001184 0.013782
v 0.026871 -0.002691 0.016450
v 0.001896 -0.001926 0.007532
v 0.026768 -0.002730 -0.011479
v 0.029220 -0.002334 0.017160
v -0.028213 -0.003260 -0.016285
v -0.024207 -0.002106 0.010526
v -0.027286 -0.002840 -0.017120
v -0.021437 -0.002378 0.011689
v 0.013564 -0.001954 0.011117
v 0.029083 -0.002908 0.015442
v 0.027010 -0.002168 0.012856
v 0.009918 -0.001734 0.008780
v 0.011973 -0.001873 0.008932
v 0.014252 -0.001754 0.008550
v -0.017909 -0.002302 0.012349
v -0.006713 -0.002371 -0.014480
v -0.016863 -0.003315 0.010390
v 0.026026 -0.003194 0.000965
v -0.024052 -0.001953 0.014234
v -0.029485 -0.001646 0.015202
v -0.004432 -0.001487 -0.013605
v 0.003133 -0.001995 0.007357
v 0.015735 -0.001677 0.015149
v -0.012211 -0.001812 -0.010256
v 0.030411 -0.001976 -0.001191
v -0.030311 -0.001905 -0.011471
v 0.027110 -0.001652 -0.014265
v -0.027433 -0.001808 0.007485
v 0.027727 -0.001864 -0.007657
v -0.031161 -0.001234 -0.004886
v -0.025546 -0.001944 -0.016229
v 0.028959 -0.001954 -0.007818
v 0.013268 -0.002045 0.013099
v 0.018990 -0.001809 0.013782
v -0.007512 -0.002144 -0.010626
v -0.003281 -0.002171 0.011526
v 0.007235 -0.000888 -0.009636
v 0.028927 -0.001790 -0.001807
v 0.005218 -0.002254 -0.008837
v -0.014597 -0.001648 0.011403
v -0.031206 -0.001598 0.006127
v 0.014719 -0.001647 0.014059
v -0.023058 -0.001962 -0.017167
v 0.027740 -0.001941 0.002869
v 0.030010 -0.002147 -0.014682
v -0.026558 -0.001961 -0.001612
v -0.031008 -0.001351 0.014071
v -0.025252 -0.000261 -0.010905
v -0.029212 -0.002256 -0.013076
v 0.017332 -0.001885 0.016513
v -0.031800 0.000548 0.004142
v -0.019330 -0.001840 0.014751
v -0.011575 -0.001711 -0.014650
v 0.024581 -0.001240 0.012787
v 0.025610 -0.001388 0.010801
v -0.024486 -0.001923 -0.017114
v -0.020427 -0.001800 0.013010
v -0.029919 -0.001905 -0.016728
v -0.016830 -0.001573 0.013259
v 0.026709 -0.001872 -0.009209
v 0.021979 -0.000688 0.014225
v 0.030751 -0.001888 0.013696
v 0.001691 -0.001610 -0.010736
v 0.018268 -0.001825 -0.013675
v 0.031127 -0.001257 -0.005029
v -0.017412 -0.002004 -0.014827
v -0.017585 -0.002050 -0.017220
v 0.031106 -0.001327 0.011494
v -0.014224 -0.001912 0.012812
v -0.002405 -0.001185 0.008189
v -0.026776 -0.001832 0.015133
v 0.020374 -0.001706 -0.013088
v 0.025421 -0.000951 0.015449
v -0.023853 -0.001994 0.015130
v -0.027051 -0.001960 -0.018135
v 0.007266 -0.001653 -0.013179
v -0.015281 -0.001609 -0.015091
v 0.008364 -0.001789 -0.013991
v -0.003566 -0.001480 -0.009184
v -0.031052 -0.000287 -0.006765
v -0.000782 -0.002056 -0.009742
v 0.026214 -0.001399 0.013406
v 0.030570 -0.001809 -0.009931
v -0.028362 -0.002433 0.012469
v 0.029690 -0.002092 0.010722
v -0.026891 -0.001968 0.014197
v -0.031618 -0.001202 0.011060
v 0.019955 -0.001987 -0.014516
v 0.031864 -0.001408 -0.012292
v -0.031020 -0.002014 0.009730
v 0.007299 -0.002091 0.010806
v 0.031324 -0.001481 0.005003
v -0.028034 -0.001842 0.009554
v 0.031237 -0.002126 -0.013476
v 0.030290 -0.001925 0.003195
v -0.030958 -0.001784 0.007415
v 0.025082 -0.001753 -0.011096
v 0.011577 -0.001796 -0.013693
v 0.028518 -0.001599 -0.009252
v 0.026246 -0.001087 -0.012310
v 0.013878 -0.001608 -0.012506
v -0.016557 -0.001664 0.011138
v 0.028899 -0.002535 0.012740
v -0.011107 -0.001153 0.011900
v -0.013442 -0.000696 0.010108
v -0.002844 -0.001167 -0.014396
v -0.025774 -0.000436 0.011474
v -0.025242 -0.000775 0.002924
v -0.021674 -0.000778 0.013670
v 0.028538 0.000352 -0.007496
v -0.021681 -0.000173 0.014898
v 0.009144 -0.000786 0.011803
v 0.030538 -0.000928 -0.014980
v 0.025124 -0.000323 0.004292
v 0.024079 -0.000693 0.012068
v 0.014734 -0.001378 -0.013890
v 0.000013 -0.000393 0.014863
v -0.024137 -0.000789 -0.012343
v -0.005398 -0.001185 -0.009435
v -0.018190 -0.001139 0.015489
v 0.025472 -0.000687 0.001248
v -0.000635 -0.000690 -0.011995
v 0.029992 -0.000351 0.016974
v -0.002405 0.000812 0.014918
v -0.031197 -0.000700 0.002055
v 0.030889 -0.000718 0.015317
v -0.031279 -0.000826 -0.001566
v 0.031335 0.000681 -0.002435
v 0.010129 -0.000948 0.009943
v 0.010170 -0.001216 0.013929
v 0.012348 -0.000816 0.011920
v 0.004120 -0.001169 -0.012847
v -0.004927 -0.000361 -0.015425
v -0.028649 -0.000960 0.002755
v -0.029953 -0.001016 0.001747
v -0.027911 -0.000726 0.015102
v 0.026250 -0.000400 0.009907
v 0.028541 -0.000082 -0.009031
v -0.016868 -0.000772 0.014455
v 0.015745 -0.000474 -0.010523
v 0.007012 -0.001252 0.012473
v -0.025527 -0.000477 -0.014677
v -0.010876 -0.000548 -0.015624
v 0.018377 -0.001094 -0.015722
v -0.011387 -0.001001 0.010674
v 0.020192 -0.001649 -0.015802
v -0.029908 -0.001225 -0.002068
v 0.023013 -0.000864 0.018310
v 0.013156 -0.000868 0.010149
v -0.014721 -0.000246 0.014525
v 0.004128 -0.001014 0.014643
v 0.027053 -0.000733 0.010696
v 0.003725 -0.000650 0.011823
v -0.000454 -0.001352 -0.014069
v 0.024242 -0.001156 -0.015764
v 0.027856 -0.001030 -0.015455
v -0.030870 -0.001142 0.000089
v 0.024732 -0.000941 -0.002297
v -0.010551 -0.001335 0.013782
v 0.028359 -0.001717 0.004575
v 0.016177 -0.001384 -0.012604
v 0.031243 -0.000358 -0.006957
v 0.027140 -0.001057 0.018165
v 0.031843 -0.001432 -0.008805
v -0.024450 -0.001010 0.001305
v -0.008563 -0.000727 0.011097
v 0.027832 -0.001114 -0.002616
v 0.030442 -0.000902 0.004459
v -0.024120 -0.000859 0.011118
v 0.030458 -0.000284 0.010543
v -0.006137 -0.000980 0.014639
v -0.020929 -0.001141 -0.014830
v -0.025104 -0.000953 0.009346
v 0.025757 -0.000948 -0.007151
v -0.031807 -0.000863 0.008098
v 0.002507 -0.001154 -0.013979
v 0.030733 0.000452 0.009661
v 0.017262 -0.000664 -0.014353
v -0.019509 -0.000564 -0.015658
v -0.026363 -0.000928 0.008375
v -0.024612 -0.000359 -0.001013
v -0.014895 -0.000450 -0.012699
v -0.001810 -0.000767 -0.011682
v -0.007091 -0.001038 0.011490
v 0.021399 -0.000618 -0.013698
v -0.027640 -0.000527 0.009845
v -0.023919 -0.000087 -0.014880
v 0.012000 -0.000840 0.015150
v -0.012435 -0.000523 -0.011735
v -0.024341 -0.001082 -0.018174
v -0.028061 -0.001250 0.008574
v 0.005992 -0.001022 -0.014759
v -0.007023 -0.001088 0.009373
v 0.031691 -0.000592 -0.010232
v -0.021496 -0.001148 -0.017444
v -0.023752 -0.000635 0.015511
v 0.031806 -0.000494 -0.013604
v -0.013253 -0.000601 -0.013215
v -0.005261 -0.000665 0.008464
v -0.030605 -0.000462 -0.009735
v -0.030713 -0.000603 -0.011426
v -0.005015 -0.000714 0.011071
v 0.016504 -0.000995 0.016990
v 0.018499 -0.001259 0.017294
v -0.015260 -0.001203 -0.015714
v 0.014291 -0.001006 -0.009522
v -0.016213 -0.000926 -0.017243
v -0.017525 -0.000941 -0.017833
v -0.027651 -0.001007 -0.011691
v 0.021458 -0.000603 0.017611
v -0.013589 -0.000288 -0.016411
v 0.011227 0.000585 -0.014797
v 0.003679 -0.000741 0.009716
v 0.021175 -0.000832 0.016245
v -0.030373 0.000359 -0.013679
v -0.026477 -0.000317 -0.012774
v -0.030551 0.000759 -0.016129
v -0.028486 -0.000685 -0.018161
v -0.024935 -0.000809 -0.003745
v 0.026982 -0.000041 -0.011453
v 0.023347 -0.001145 -0.014148
v -0.025914 -0.001450 -0.006129
v -0.023263 -0.001176 0.012810
v -0.005123 -0.001488 0.013388
v -0.030050 -0.000808 -0.005102
v 0.001857 -0.001614 -0.012462
v -0.028354 -0.001722 -0.003986
v 0.006294 -0.001502 0.013794
v 0.026912 -0.001656 -0.000933
v 0.023199 -0.001728 0.017493
v 0.023875 -0.001474 -0.008970
v 0.025674 -0.001798 0.017587
v -0.026851 -0.001447 0.001563
v -0.026638 -0.000331 0.006952
v -0.018757 0.000170 0.001572
v -0.026888 0.000152 -0.010480
v -0.005240 -0.000153 -0.011653
v 0.020165 -0.000165 0.005447
v -0.022489 -0.000335 0.004130
v -0.023886 0.000035 -0.006689
v -0.001112 0.000202 -0.015268
v -0.018611 0.000008 -0.000806
v -0.003056 0.000519 -0.015780
v -0.025292 0.000382 0.003713
v -0.021470 0.000631 -0.017743
v -0.031939 0.000842 0.012188
v 0.019440 -0.000284 0.016424
v 0.021291 -0.000476 -0.015411
v -0.021196 0.000303 -0.003780
v 0.005546 -0.000413 -0.014997
v -0.010796 0.000108 0.014464
v 0.025080 -0.000101 -0.002856
v -0.020456 -0.000094 -0.005353
v 0.021823 -0.000035 0.004852
v 0.025593 -0.000217 -0.015507
v -0.004054 0.000192 -0.011930
v 0.022406 0.000289 -0.015456
v -0.019955 -0.000206 -0.017244
v -0.007517 -0.000519 0.014424
v 0.020092 -0.000172 0.016163
v 0.022696 -0.000318 0.002580
v 0.020527 -0.000448 0.008034
v -0.020481 -0.000392 -0.007899
v 0.008467 -0.000167 0.015324
v 0.023542 0.000436 -0.010887
v 0.023400 -0.000414 -0.000163
v -0.020605 0.000607 0.015497
v 0.027751 -0.000071 0.017875
v -0.029921 0.000185 -0.006018
v -0.031167 0.000878 -0.007936
v -0.027220 -0.000412 -0.007045
v 0.024744 -0.000150 -0.012441
v 0.023481 0.000089 0.007222
v 0.015450 0.000042 0.015732
v 0.026638 0.000869 -0.002873
v 0.025084 -0.000651 0.015017
v -0.024946 0.000494 0.011329
v -0.023902 0.000271 0.007224
v 0.028097 0.001512 -0.002088
v 0.025123 -0.000163 -0.006453
v 0.026319 -0.000115 -0.012798
v 0.019253 -0.000197 -0.002400
v -0.022178 -0.000246 -0.001910
v 0.024678 -0.000018 0.013622
v 0.026585 -0.000083 0.011489
v 0.026438 -0.000025 0.013434
v 0.020402 -0.000495 -0.002957
v -0.015307 -0.000100 -0.016275
v 0.026156 -0.000042 -0.014570
v 0.028487 -0.000026 -0.014661
v -0.007096 0.000648 -0.015815
v -0.026359 -0.000468 0.010597
v 0.021130 -0.000088 -0.005229
v -0.027950 -0.000132 0.008434
v -0.022357 -0.000283 0.001227
v 0.023965 -0.000841 0.009906
v -0.023518 -0.000424 -0.005529
v -0.021171 -0.000757 -0.007605
v -0.020070 -0.000503 0.002468
v 0.007181 -0.000177 -0.011030
v -0.020202 -0.000421 -0.001219
v 0.022923 -0.000734 -0.002450
v 0.023843 -0.000148 -0.005057
v -0.023235 -0.000828 -0.002914
v 0.022423 -0.000410 -0.006881
v -0.028222 0.000903 0.007019
v -0.030307 0.000913 0.014255
v 0.019852 0.000557 0.004694
v 0.030535 0.000861 -0.011591
v 0.017358 0.002382 -0.015209
v -0.027943 0.000615 0.014296
v 0.029278 0.001509 0.014345
v -0.023386 0.000664 0.015042
v 0.017230 0.001532 0.017286
v -0.021011 0.000652 0.007330
v 0.005840 0.001598 -0.014719
v -0.004393 0.003347 -0.015783
v -0.023586 0.000874 -0.007645
v 0.020053 0.000633 0.001228
v 0.025183 0.000882 -0.012388
v 0.021397 0.000031 -0.007716
v -0.024262 0.000658 -0.015558
v -0.021413 0.000856 0.004909
v -0.023880 0.000806 -0.013838
v 0.003485 0.000746 0.015154
v 0.019786 0.001293 0.017337
v 0.018752 0.000766 -0.000227
v -0.017881 0.001117 -0.001135
v 0.001920 0.001737 -0.015390
v -0.023740 0.001074 -0.008888
v 0.027207 0.000769 -0.010660
v 0.023866 0.000589 -0.015419
v 0.024049 0.000489 0.005590
v -0.027536 0.000820 0.012409
v 0.030974 0.001032 0.005772
v -0.022130 0.000550 -0.011633
v 0.022188 0.000659 0.017565
v 0.014804 0.000418 -0.014580
v 0.024522 0.001314 -0.004163
v 0.026505 0.002070 0.005257
v 0.022204 0.000117 0.011658
v 0.019854 0.001016 0.008411
v -0.019588 0.001024 0.003176
v 0.026545 0.002604 0.009587
v -0.031290 0.000885 0.007631
v 0.008932 0.002682 0.015881
v 0.019363 0.001088 -0.002433
v -0.030243 0.000838 -0.011215
v -0.027367 0.000803 0.010926
v 0.030075 0.000920 -0.012895
v 0.028181 0.000942 -0.013073
v -0.030099 0.000824 -0.009949
v 0.031555 0.003410 -0.005106
v 0.020915 0.001024 -0.005408
v 0.030292 0.000776 -0.007315
v -0.023987 0.000789 -0.017773
v 0.027122 0.001192 -0.007327
v 0.028510 0.000702 0.010189
v -0.028887 0.000711 0.008855
v -0.026812 0.000465 -0.013336
v -0.030236 0.001112 0.002003
v -0.028374 0.000828 -0.017828
v 0.025388 0.000765 0.016246
v 0.026227 0.001351 0.015353
v -0.015564 0.001327 -0.016025
v -0.023955 0.000153 0.009859
v -0.022445 0.001165 0.010066
v 0.028595 0.001039 0.012676
v -0.018015 0.000390 -0.005084
v -0.019742 0.001358 -0.006364
v -0.020521 0.001264 -0.008294
v -0.017060 0.000954 -0.003012
v -0.024286 0.000705 -0.010582
v -0.023178 0.000664 -0.012767
v -0.020462 0.001019 -0.009648
v -0.025141 0.000809 -0.012950
v -0.022439 0.000166 0.007842
v 0.029315 0.000679 -0.009128
v -0.018130 0.000067 -0.003471
v 0.021287 0.000527 -0.001399
v -0.016169 0.000336 -0.004534
v -0.030526 0.002527 0.012110
v 0.022240 0.001626 -0.010934
v 0.020864 0.001351 0.011279
v -0.029810 0.001322 0.007103
v -0.025628 0.001220 0.006053
v -0.008590 0.002104 -0.015225
v -0.022255 0.002442 0.014977
v -0.028817 0.001873 0.012829
v 0.021077 0.002232 0.017473
v -0.024538 0.001646 0.005027
v -0.022072 0.001604 -0.016965
v -0.021650 0.003073 0.008699
v 0.030852 0.003227 0.009016
v 0.024388 0.001730 -0.012248
v 0.019903 0.001468 -0.007186
v -0.018070 0.001593 -0.004943
v -0.016454 0.003436 -0.017512
v 0.024435 0.002292 0.007668
v 0.006405 0.004059 -0.014897
v -0.030895 0.001539 0.006205
v -0.032096 0.003437 0.003849
v 0.012237 0.002729 0.016023
v 0.009523 0.003214 -0.015341
v 0.021654 0.001771 -0.008985
v 0.022514 0.001433 0.014316
v -0.029099 0.001808 -0.010322
v -0.012686 0.002161 -0.015832
v 0.031175 0.003906 0.007731
v 0.018762 0.002453 -0.015672
v 0.027977 0.003128 -0.011990
v -0.023886 0.001657 0.011654
v 0.029442 0.001687 -0.010641
v -0.030219 0.002077 0.010412
v 0.025161 0.002483 -0.004994
v 0.027549 0.001568 0.016180
v -0.031271 0.004309 -0.007578
v 0.012525 0.004212 -0.014999
v 0.014383 0.003466 -0.014443
v -0.028771 0.002909 0.010737
v 0.023437 0.001496 -0.014396
v 0.024602 0.002368 0.006277
v -0.025620 0.002970 0.003816
v -0.027339 0.003005 -0.006286
v -0.019040 0.001882 -0.000557
v 0.030999 0.003338 -0.002552
v -0.018570 0.003594 0.015165
v 0.022592 0.004177 -0.015537
v -0.016474 0.003422 0.014427
v -0.015976 0.002398 -0.004739
v 0.027645 0.001470 0.013478
v 0.030233 0.003408 -0.006976
v 0.019458 0.001527 -0.000014
v 0.031796 0.003071 -0.003136
v -0.025772 0.002249 -0.006745
v -0.026449 0.001730 -0.015115
v -0.028016 0.002387 -0.016300
v -0.026519 0.001662 -0.016547
v -0.024299 0.001557 0.013660
v -0.028656 0.000940 -0.011229
v -0.021058 0.001780 -0.013788
v -0.029131 0.001215 -0.013559
v -0.011512 0.003105 0.014762
v 0.020421 0.002964 0.013504
v -0.022877 0.002653 0.013929
v -0.022051 0.002511 0.012165
v -0.015267 0.003437 -0.016636
v -0.030856 0.004137 -0.006350
v -0.020348 0.002805 0.007421
v -0.006133 0.003472 0.015277
v -0.019426 0.002791 -0.001278
v -0.031354 0.004238 0.002609
v -0.017896 0.004770 0.001926
v 0.020829 0.002899 -0.007131
v -0.021545 0.001288 -0.011626
v -0.021016 0.002727 -0.015628
v 0.003695 0.005293 -0.015218
v -0.021091 0.003962 -0.013437
v 0.021819 0.002068 -0.012089
v -0.030732 0.004141 -0.009441
v 0.004615 0.003157 0.015837
v -0.021466 0.002892 -0.017185
v 0.025841 0.002866 0.007840
v 0.019930 0.002154 0.004598
v 0.022029 0.001850 0.016620
v -0.021118 0.005071 0.005754
v -0.025161 0.002614 -0.009232
v -0.029205 0.002446 -0.014826
v 0.026193 0.002669 -0.004748
v 0.020301 0.002854 0.014492
v 0.021677 0.002844 -0.013071
v 0.022990 0.003639 -0.014474
v -0.021003 0.005225 0.004326
v 0.030310 0.003092 -0.011824
v 0.030370 0.003035 -0.013002
v 0.030225 0.003622 0.005625
v -0.000279 0.002529 0.014849
v 0.027607 0.003928 0.016392
v -0.021152 0.003459 -0.007377
v 0.023812 0.002655 -0.015431
v -0.019633 0.003849 -0.017854
v -0.017834 0.002187 -0.004009
v 0.029573 0.003299 0.015346
v 0.026447 0.003379 0.015493
v 0.027504 0.003358 0.013821
v 0.020420 0.001808 0.001333
v -0.018859 0.004523 0.002919
v 0.029135 0.003545 0.013877
v 0.021410 0.004119 0.010346
v 0.029314 0.003869 0.009672
v -0.028912 0.004744 -0.015669
v -0.024893 0.003459 -0.007836
v -0.009367 0.005267 0.014674
v 0.011043 0.004862 0.015678
v 0.017371 0.006091 0.017107
v -0.027408 0.004371 -0.015738
v -0.030413 0.004543 0.011143
v -0.025771 0.003422 0.005468
v -0.030794 0.004316 0.006267
v -0.013331 0.004894 -0.016163
v -0.020340 0.003856 0.003528
v 0.027953 0.003746 -0.003437
v 0.007575 0.004725 0.015755
v 0.020967 0.004726 -0.015936
v -0.029483 0.004319 0.002599
v -0.010112 0.005349 -0.015706
v 0.028591 0.003745 -0.011112
v 0.020710 0.004483 0.007934
v -0.022259 0.003481 -0.011459
v 0.021084 0.003350 -0.002562
v -0.019044 0.003471 -0.003875
v 0.027598 0.003646 -0.006520
v -0.022496 0.003725 0.010523
v 0.000295 0.004758 -0.015368
v -0.028382 0.004163 -0.010243
v 0.021660 0.004016 -0.004230
v -0.019902 0.004431 -0.005465
v -0.028563 0.004398 -0.014476
v 0.027025 0.003871 0.008761
v 0.021551 0.003087 0.003498
v 0.021028 0.002747 -0.000575
v 0.026873 0.003591 0.006112
v -0.022439 0.005609 0.015209
v 0.021908 0.005444 -0.005502
v 0.030476 0.004523 -0.005505
v -0.028190 0.004252 0.006485
v -0.005272 0.005447 -0.014842
v -0.021075 0.003529 -0.009485
v 0.021224 0.005459 0.015539
v -0.027845 0.004436 -0.006483
v 0.022433 0.004299 0.003224
v 0.015468 0.003955 0.016437
v -0.029741 0.003992 0.012514
v -0.021200 0.005847 0.015534
v 0.018104 0.005949 -0.015380
v 0.013294 0.005313 0.015594
v 0.021908 0.004760 -0.006900
v 0.022418 0.004454 -0.001110
v 0.021742 0.005192 -0.012520
v 0.002072 0.005425 0.015060
v -0.029177 0.004511 0.011320
v 0.022027 0.005548 -0.013567
v 0.020621 0.004367 0.005075
v 0.023108 0.004695 -0.010139
v -0.021440 0.004343 -0.016395
v -0.002374 0.004018 0.014932
v 0.029453 0.004557 0.006922
v 0.028183 0.004406 0.014950
v 0.007634 0.006640 -0.014438
v -0.026979 0.004652 -0.008939
v 0.010947 0.005635 -0.015027
v -0.007028 0.005935 -0.015573
v -0.027387 0.004495 0.004553
v 0.029103 0.004540 -0.011891
v 0.028992 0.003940 -0.012734
v -0.027538 0.003937 -0.014554
v 0.023774 0.004130 0.001637
v -0.007107 0.005303 0.014539
v 0.023535 0.005475 0.003040
v -0.003856 0.005106 0.014478
v -0.019911 0.005060 -0.001606
v -0.002340 0.005658 -0.014761
v -0.031007 0.005199 0.003706
v 0.024996 0.005133 0.001425
v 0.024355 0.005311 0.000163
v -0.021683 0.006366 -0.010647
v -0.021472 0.007080 -0.012390
v -0.022346 0.006019 0.013938
v 0.020530 0.007968 0.014061
v -0.020239 0.005575 -0.007265
v 0.022028 0.006463 0.003771
v -0.020538 0.005595 -0.018249
v 0.015068 0.005755 -0.013958
v 0.022134 0.005874 -0.002128
v -0.022845 0.006027 0.007956
v -0.016445 0.007165 -0.016077
v -0.013763 0.007295 0.014357
v 0.021634 0.005882 0.012106
v 0.021248 0.007207 0.016708
v -0.028907 0.004943 0.005558
v -0.029990 0.005224 -0.009127
v 0.022983 0.006365 -0.009955
v 0.005497 0.006568 0.015239
v -0.021082 0.006474 0.002595
v -0.020168 0.006077 -0.004019
v 0.020697 0.006513 0.004668
v -0.021569 0.006069 -0.000957
v 0.022927 0.006178 -0.000932
v 0.009949 0.007011 0.015896
v 0.020636 0.007456 0.012777
v 0.027178 0.005599 0.002113
v -0.024183 0.005906 0.000984
v 0.021348 0.005983 0.009965
v 0.011943 0.007520 0.015037
v -0.020425 0.006094 0.000733
v -0.015329 0.005921 0.013922
v -0.001126 0.007193 0.015215
v -0.000042 0.006254 0.015291
v -0.020414 0.008071 -0.015517
v 0.027354 0.005580 0.000550
v -0.021098 0.007037 -0.017240
v -0.017377 0.005857 -0.017269
v -0.015182 0.007146 -0.015843
v -0.013055 0.007062 -0.016640
v 0.022358 0.006465 -0.007828
v -0.022566 0.005127 0.000186
v -0.011270 0.007766 -0.016170
v -0.023595 0.006973 -0.001359
v 0.028327 0.007160 0.001319
v 0.002836 0.008036 0.015047
v -0.027153 0.006978 -0.002282
v 0.026825 0.006883 -0.000869
v -0.017873 0.009206 -0.017112
v 0.020259 0.009226 0.007573
v 0.015613 0.006661 0.015580
v 0.020112 0.009725 0.017100
v 0.026208 0.007824 0.004472
v -0.022182 0.006843 -0.001649
v 0.000452 0.008395 -0.016059
v -0.021958 0.006775 0.002240
v 0.027226 0.007638 0.003005
v -0.020831 0.006635 -0.005708
v -0.021242 0.006718 0.004813
v -0.024113 0.006325 0.002111
v -0.026031 0.007471 0.001196
v 0.023817 0.007762 -0.000524
v -0.010508 0.007607 0.015107
v -0.020431 0.007509 -0.007900
v -0.024523 0.006688 -0.000389
v -0.017407 0.007828 0.014173
v 0.021378 0.008421 -0.004845
v -0.025249 0.006363 -0.001888
v 0.024026 0.008951 0.005339
v -0.025940 0.007053 -0.000691
v 0.015725 0.008481 0.015919
v 0.021300 0.008030 -0.008904
v 0.004672 0.009035 -0.015201
v -0.001929 0.009780 -0.015315
v 0.001204 0.008093 0.014536
v -0.020024 0.008049 -0.014264
v -0.022226 0.009088 0.013885
v -0.023042 0.008462 -0.000729
v -0.009167 0.007948 0.014226
v -0.024766 0.007047 -0.003241
v -0.009790 0.009392 -0.016484
v 0.008167 0.008374 -0.014619
v -0.027406 0.007873 -0.003402
v -0.003411 0.008508 0.014725
v -0.007545 0.008252 -0.015740
v -0.021321 0.007185 0.012183
v -0.020530 0.008226 -0.004089
v -0.022807 0.007280 0.009894
v 0.021611 0.007875 -0.010739
v 0.011698 0.008191 -0.015419
v 0.012933 0.010119 -0.014512
v 0.017018 0.008743 -0.014546
v -0.021213 0.009237 -0.006295
v 0.019311 0.008121 -0.015096
v -0.001951 0.009567 0.014344
v -0.020943 0.009250 0.009310
v 0.024850 0.008707 -0.001694
v -0.021728 0.008685 0.007766
v 0.007688 0.007824 0.015307
v -0.023238 0.008141 0.002084
v 0.021166 0.009188 -0.007696
v 0.013997 0.009302 0.015789
v 0.019053 0.010552 0.016803
v -0.022516 0.008615 0.002876
v -0.019658 0.008865 -0.008431
v -0.020212 0.008315 -0.010811
v -0.024112 0.009170 -0.000751
v 0.022279 0.008495 -0.003144
v 0.027345 0.009106 -0.000518
v 0.021576 0.009003 -0.015585
v -0.020217 0.009527 -0.016410
v -0.025549 0.008663 0.002016
v -0.019573 0.009773 -0.017306
v -0.026492 0.008599 -0.000882
v -0.016190 0.010415 -0.015987
v -0.013829 0.008876 -0.016056
v -0.012680 0.009721 0.014030
v -0.025060 0.008829 -0.003744
v -0.020981 0.008783 0.011279
v -0.028621 0.009028 -0.002507
v 0.021989 0.010310 -0.014123
v 0.023941 0.008980 0.004781
v -0.021617 0.009862 -0.003455
v -0.021111 0.009592 0.015146
v -0.019250 0.009858 0.014382
v 0.009407 0.010966 0.014964
v -0.021237 0.008804 0.005124
v 0.024613 0.009180 0.004291
v 0.027092 0.009216 0.003173
v -0.024193 0.009778 0.002174
v -0.026474 0.009496 0.003614
v -0.023091 0.008991 0.001477
v 0.019191 0.009004 0.012593
v 0.002081 0.010784 0.015314
v 0.018153 0.011938 -0.013268
v -0.017824 0.009959 0.013584
v 0.022964 0.010761 -0.004679
v 0.024172 0.009513 0.006705
v 0.004568 0.010470 0.014979
v 0.025516 0.009572 0.006377
v -0.028600 0.009659 -0.001131
v -0.018702 0.009528 -0.013036
v 0.007118 0.009962 0.015711
v 0.002325 0.009715 -0.015089
v 0.020911 0.010731 -0.014962
v 0.021498 0.010652 -0.012533
v -0.013677 0.012218 0.013964
v 0.020504 0.010284 0.015307
v 0.022065 0.010481 0.006183
v -0.027624 0.010438 -0.002800
v 0.026326 0.009398 0.004543
v 0.005887 0.011032 -0.015251
v -0.026557 0.009579 0.000467
v -0.011609 0.009807 0.014354
v 0.011028 0.009763 0.014744
v 0.021099 0.011388 0.007008
v 0.026065 0.009532 -0.001707
v 0.010226 0.010523 -0.014039
v 0.024993 0.009315 -0.002799
v -0.009914 0.009711 0.013743
v -0.011378 0.010337 -0.015310
v -0.024886 0.009105 -0.005510
v -0.025327 0.009570 -0.006679
v -0.024890 0.009538 0.003586
v -0.006051 0.010513 0.014277
v -0.024496 0.009271 -0.006842
v -0.003305 0.010653 0.015047
v -0.000638 0.010147 0.014949
v 0.024302 0.009021 -0.003948
v 0.026322 0.009842 -0.004371
v 0.021447 0.013523 -0.011596
v -0.020685 0.011650 0.009112
v 0.020167 0.011773 0.008560
v -0.022278 0.010147 -0.000816
v -0.007982 0.011121 0.014588
v 0.019597 0.011977 0.011593
v 0.004233 0.011095 -0.014908
v 0.025486 0.010405 0.005550
v -0.022509 0.010226 0.007385
v -0.021177 0.011544 0.014486
v -0.025195 0.010429 -0.004796
v 0.009341 0.011308 -0.014279
v -0.025963 0.010486 0.004238
v -0.025170 0.010069 -0.002499
v -0.022080 0.010373 -0.006507
v 0.016481 0.012603 -0.013839
v -0.024356 0.011546 -0.001641
v -0.022452 0.010607 -0.004178
v -0.023729 0.010903 -0.007411
v -0.008888 0.010665 -0.015120
v 0.015662 0.011262 0.015494
v -0.007109 0.010926 -0.015378
v 0.026338 0.010547 -0.003288
v -0.020701 0.011980 -0.007685
v 0.025008 0.010213 -0.004971
v -0.005372 0.012534 -0.014880
v -0.011812 0.012461 -0.015552
v 0.000496 0.010107 0.014839
v -0.002543 0.010461 -0.015393
v -0.019327 0.011085 -0.010462
v -0.017586 0.012755 0.013211
v -0.010184 0.010445 -0.015774
v 0.027542 0.011306 0.002375
v 0.027133 0.010893 -0.000805
v -0.022133 0.010967 0.004738
v -0.023471 0.010699 0.003835
v -0.023123 0.010369 0.002167
v -0.022190 0.010785 0.000915
v -0.021000 0.013801 0.011235
v -0.022243 0.012345 -0.003810
v -0.026966 0.012444 -0.001571
v -0.024881 0.011502 -0.005792
v 0.019000 0.010646 -0.000500
v -0.000931 0.012174 -0.015507
v 0.021124 0.010529 -0.009423
v -0.027110 0.011890 0.000038
v -0.018562 0.011107 -0.012491
v -0.026529 0.011018 0.001233
v 0.011632 0.011403 -0.014415
v -0.017815 0.012593 -0.016214
v 0.006600 0.013296 0.014507
v -0.013260 0.014573 -0.015369
v -0.022214 0.011720 0.006776
v 0.024184 0.012922 0.007422
v -0.022364 0.011607 -0.002161
v 0.022101 0.011314 -0.005417
v 0.025562 0.012990 0.006606
v 0.012460 0.010166 0.015921
v 0.023624 0.011599 0.003339
v 0.014099 0.013758 0.014935
v 0.024491 0.010301 -0.002129
v 0.025448 0.012943 -0.004664
v 0.019030 0.010993 0.001391
v 0.017920 0.011240 0.000654
v 0.024564 0.011316 0.002632
v -0.001699 0.012117 0.014558
v 0.020795 0.013989 0.015701
v 0.026347 0.011612 0.003065
v -0.024283 0.011203 0.001678
v -0.019720 0.010944 -0.015151
v 0.002018 0.012780 -0.014765
v 0.022203 0.013431 0.006495
v -0.021811 0.013548 0.014184
v 0.018933 0.013093 0.012841
v -0.022068 0.013468 0.013240
v 0.004190 0.012113 0.014017
v -0.024769 0.013633 0.004332
v 0.020964 0.012751 -0.001282
v -0.022441 0.012632 0.004510
v -0.009207 0.012435 -0.015527
v -0.003125 0.014299 0.014032
v -0.019078 0.013312 0.013015
v 0.019034 0.011859 0.003009
v -0.025024 0.012158 0.002154
v 0.023782 0.012561 0.004876
v -0.023246 0.012332 0.001703
v -0.025686 0.011936 0.001647
v 0.010683 0.012688 0.015112
v -0.014919 0.013761 0.013341
v 0.023820 0.012792 0.000370
v 0.017340 0.012991 -0.000138
v 0.024960 0.011643 -0.000000
v 0.019135 0.012343 -0.002211
v 0.024034 0.012353 -0.002206
v 0.013867 0.013647 -0.013747
v 0.022233 0.012832 -0.004815
v 0.021172 0.013993 -0.014482
v 0.022184 0.013936 -0.014160
v -0.019730 0.013322 -0.010311
v -0.024752 0.012917 -0.007697
v 0.025997 0.011911 0.001135
v -0.007510 0.013446 0.013428
v 0.021708 0.013040 0.002867
v 0.021480 0.013183 0.000460
v -0.020524 0.014743 0.013817
v -0.022844 0.013075 -0.005309
v -0.025256 0.013907 0.003614
v 0.022001 0.013245 0.001428
v -0.018676 0.015990 -0.016373
v -0.025127 0.013637 -0.006736
v 0.021332 0.014192 -0.008859
v 0.001257 0.013533 0.014745
v 0.018415 0.014077 -0.013150
v 0.022381 0.012637 -0.001246
v 0.016994 0.014363 0.015570
v 0.019633 0.011981 0.014568
v 0.008097 0.014299 0.014350
v -0.019105 0.013671 -0.013242
v 0.009095 0.013643 -0.013916
v 0.023144 0.012944 0.004031
v 0.018835 0.012772 0.004277
v -0.010562 0.012011 0.014084
v 0.021576 0.014400 -0.002308
v -0.003558 0.012932 -0.014468
v -0.022654 0.014111 -0.001240
v 0.006294 0.014197 -0.014487
v 0.003204 0.014310 -0.014153
v 0.019090 0.014797 0.015864
v 0.020134 0.014441 0.009055
v -0.000025 0.013989 -0.014384
v -0.020621 0.013668 -0.001915
v -0.021569 0.013925 -0.003289
v -0.023156 0.014294 0.003548
v -0.021904 0.015214 0.003911
v -0.019593 0.013572 -0.001799
v -0.019930 0.016222 -0.016443
v 0.017493 0.015031 0.003139
v 0.020949 0.014372 0.004374
v -0.015670 0.013779 -0.015474
v -0.019287 0.014356 0.002103
v -0.018322 0.013722 -0.003306
v -0.020346 0.013679 -0.000458
v -0.021489 0.013374 -0.006660
v -0.017871 0.014069 0.000983
v -0.021075 0.015366 -0.006324
v -0.012136 0.014753 0.013768
v -0.021212 0.014361 0.007257
v 0.018083 0.014346 -0.001746
v 0.023248 0.013302 -0.002848
v 0.021783 0.014634 -0.003590
v -0.008608 0.014196 -0.014964
v 0.024189 0.013569 0.006363
v -0.019248 0.013065 0.000728
v 0.026100 0.012915 -0.004021
v -0.021334 0.017183 0.013773
v -0.001740 0.015011 -0.014660
v -0.022384 0.014923 0.002279
v -0.022086 0.017181 0.012935
v 0.005335 0.016201 0.014755
v -0.020851 0.015377 -0.004899
v 0.021923 0.015267 -0.012802
v 0.016179 0.016422 0.015365
v -0.018159 0.014618 -0.004209
v -0.020756 0.016098 -0.011412
v 0.015940 0.016036 -0.014305
v -0.021270 0.014460 0.001185
v 0.021402 0.015800 0.005783
v -0.018077 0.014758 -0.001807
v 0.000537 0.015963 0.015062
v 0.021292 0.015109 0.005160
v -0.020074 0.014533 -0.014823
v -0.017667 0.014654 -0.000505
v -0.007653 0.016883 0.014039
v -0.006141 0.015929 0.014389
v -0.020424 0.016261 -0.015234
v 0.011827 0.014487 0.014896
v -0.013890 0.015882 -0.015733
v -0.021434 0.014580 -0.001361
v 0.020301 0.015268 0.013771
v 0.021347 0.016262 0.010017
v -0.017161 0.015995 0.013723
v -0.021522 0.015831 0.002511
v 0.004294 0.016122 -0.014989
v -0.004773 0.015881 -0.015706
v 0.012581 0.016285 0.015503
v -0.017105 0.015766 -0.003052
v -0.021684 0.015887 0.009965
v 0.006412 0.015912 -0.014512
v -0.017459 0.016873 0.001642
v 0.017632 0.015908 0.003873
v -0.002844 0.016137 0.014439
v 0.020516 0.016433 0.015620
v 0.021771 0.016270 -0.009509
v 0.018443 0.016305 -0.013924
v 0.009932 0.015992 -0.014560
v 0.020814 0.017070 -0.002303
v 0.022006 0.016084 -0.003387
v -0.002149 0.016435 0.003515
v 0.011608 0.016302 -0.001883
v 0.012925 0.016213 0.006691
v 0.008070 0.016390 0.003697
v -0.000936 0.016418 0.001504
v -0.001356 0.016374 0.003708
v -0.004924 0.016571 0.002936
v 0.014744 0.016487 0.006019
v -0.021261 0.017269 -0.005403
v -0.017193 0.017187 -0.004197
v 0.004784 0.016348 0.002684
v 0.011527 0.015975 -0.003002
v -0.000177 0.016087 -0.012093
v 0.022252 0.016258 -0.007191
v -0.010550 0.017043 -0.015614
v 0.005784 0.016412 -0.001554
v -0.007721 0.015944 -0.015474
v 0.008430 0.016104 -0.002215
v 0.015083 0.016188 -0.001807
v -0.021947 0.017136 0.007396
v -0.001401 0.016326 -0.015056
v -0.005444 0.016463 0.001677
v 0.021373 0.017018 -0.013566
v -0.014570 0.016386 -0.003886
v -0.011082 0.015980 -0.004493
v -0.008448 0.016007 -0.004570
v -0.007006 0.016337 -0.002290
v 0.013434 0.016517 0.002388
v 0.016749 0.017085 -0.001700
v 0.020534 0.017297 0.004141
v -0.014372 0.016404 -0.006575
v -0.004233 0.016861 -0.005237
v -0.004278 0.016439 -0.003504
v 0.005414 0.016235 -0.003025
v -0.006898 0.016457 -0.006743
v -0.020269 0.017338 0.002166
v -0.015037 0.016439 0.002719
v -0.001751 0.016088 -0.003260
v 0.001653 0.016317 -0.002315
v 0.000022 0.016411 -0.006085
v -0.007744 0.016299 -0.012230
v 0.013667 0.016177 -0.005661
v 0.002345 0.016364 -0.004015
v 0.014762 0.016266 0.002986
v 0.010717 0.017310 0.015042
v -0.009121 0.017745 -0.014277
v 0.019026 0.016729 -0.011160
v -0.011156 0.017212 -0.015452
v -0.004949 0.017540 -0.013661
v 0.009776 0.017777 -0.004090
v 0.018304 0.017426 0.005345
v -0.004221 0.017891 -0.007759
v -0.019932 0.017322 -0.013727
v 0.008711 0.017106 -0.005634
v -0.013529 0.016950 0.005533
v -0.000927 0.016949 0.006110
v -0.016878 0.017528 0.013302
v -0.011406 0.016936 0.014161
v -0.019773 0.017467 -0.015690
v 0.013492 0.017038 -0.010538
v 0.007862 0.017065 0.002172
v 0.010729 0.017680 -0.003664
v -0.011615 0.018051 0.006025
v -0.021681 0.017819 0.003152
v -0.002971 0.018229 0.001638
v 0.009193 0.017166 0.013005
v 0.011504 0.017432 0.013942
v -0.002292 0.017310 0.014169
v 0.004542 0.016589 0.003653
v 0.001118 0.017125 0.005935
v -0.004519 0.017542 -0.014791
v 0.009420 0.016637 0.009263
v 0.018273 0.017163 -0.012901
v 0.012539 0.017536 -0.012477
v 0.001126 0.017526 0.014316
v -0.012528 0.016499 -0.012488
v -0.016387 0.017930 0.001860
v -0.003556 0.016992 -0.009539
v 0.011019 0.018228 -0.006063
v -0.004294 0.017745 -0.001855
v 0.002714 0.018008 -0.001956
v 0.015901 0.017827 -0.000898
v -0.001809 0.017768 -0.001779
v -0.002414 0.017232 -0.003677
v -0.020874 0.017408 -0.011017
v -0.018647 0.017107 -0.008151
v -0.003103 0.018190 -0.006021
v -0.019465 0.016944 0.010828
v 0.004536 0.016970 -0.003376
v 0.020998 0.017390 -0.009704
v 0.015943 0.017612 -0.005612
v 0.020386 0.017537 0.006054
v 0.016654 0.017332 0.014806
v -0.016359 0.018003 -0.002914
v -0.011446 0.016557 0.002950
v -0.008757 0.016844 0.003978
v -0.012521 0.017568 -0.014316
v 0.015618 0.017416 0.013677
v -0.021148 0.017522 0.009918
v 0.000730 0.017711 0.000612
v 0.000973 0.017421 -0.000861
v 0.011674 0.017777 0.008873
v 0.015544 0.017353 -0.013729
v 0.021243 0.017364 0.005487
v -0.013156 0.016781 -0.002310
v 0.004783 0.017518 0.014135
v 0.016498 0.017335 0.011754
v 0.015384 0.016758 0.009454
v -0.011019 0.018062 0.000778
v -0.005757 0.016849 0.005570
v -0.001705 0.018050 -0.007568
v 0.014438 0.017797 -0.006854
v -0.000315 0.017221 -0.013720
v 0.008850 0.017567 -0.001149
v 0.010733 0.017069 0.003753
v 0.016585 0.017650 -0.002881
v 0.001788 0.016676 -0.005920
v -0.012560 0.016896 -0.007291
v 0.011836 0.016587 0.005846
v 0.019165 0.017181 0.015729
v 0.017651 0.017219 -0.002638
v -0.009278 0.017490 -0.003893
v 0.003132 0.017334 -0.011632
v 0.014899 0.017673 0.007453
v -0.000987 0.017278 -0.014505
v 0.018159 0.017719 -0.003580
v 0.000536 0.017509 -0.007508
v 0.011732 0.017716 -0.000864
v 0.018607 0.016819 -0.005723
v -0.007004 0.018007 -0.000340
v 0.016679 0.017425 0.003836
v 0.017886 0.017338 0.004382
v 0.021270 0.017783 -0.003185
v 0.006891 0.016951 -0.010842
v -0.010114 0.017357 -0.004868
v 0.015902 0.017368 0.004477
v 0.019888 0.016874 -0.004773
v 0.020321 0.016803 0.013694
v 0.003554 0.018127 0.003114
v 0.021985 0.017269 -0.005264
v -0.017243 0.017501 -0.015607
v -0.009887 0.017471 -0.010531
v -0.006684 0.018206 -0.008569
v -0.006410 0.017492 -0.001369
v 0.011850 0.016507 0.002698
v 0.005550 0.017098 -0.012001
v 0.003091 0.017297 -0.014621
v 0.008033 0.017453 -0.013854
v 0.016761 0.017502 0.009702
v 0.019680 0.017000 0.012643
v 0.017959 0.017013 0.008450
v 0.021146 0.017284 0.010000
v 0.006170 0.016658 0.006420
v 0.019004 0.016503 0.006402
v -0.004404 0.016697 -0.012283
v 0.013295 0.016579 0.012120
v 0.019943 0.017498 0.010398
v 0.001635 0.016585 0.002740
v -0.007991 0.016309 0.001869
v -0.014715 0.016509 0.001358
v 0.005769 0.016882 -0.005906
v 0.019944 0.016643 -0.007186
v 0.012327 0.016658 0.010406
v -0.009814 0.018189 0.013158
v 0.002466 0.017989 0.008450
v -0.015145 0.018096 0.012468
v -0.015552 0.018269 0.006243
v 0.004097 0.018208 0.006804
v -0.003739 0.018387 0.003751
v -0.019201 0.018239 -0.005282
v 0.009392 0.018365 0.005885
v -0.020623 0.018249 -0.005881
v -0.018539 0.018030 0.002824
v -0.004487 0.018306 0.000626
v 0.003862 0.018279 -0.002256
v -0.005774 0.018199 0.012961
v -0.003276 0.018330 -0.002463
v 0.004995 0.017957 -0.000589
v 0.002735 0.018341 0.005017
v -0.016856 0.018155 -0.009804
v 0.003616 0.018275 -0.004606
v 0.005688 0.017981 0.000837
v -0.015986 0.018282 0.000205
v 0.008654 0.018136 0.001228
v 0.009716 0.018156 0.003652
v 0.007172 0.017984 -0.000051
v 0.004427 0.018175 -0.005983
v -0.020917 0.018326 0.008158
v -0.000589 0.018268 -0.000582
v -0.002020 0.018274 0.009184
v -0.014530 0.018192 -0.008445
v -0.015578 0.017708 0.008110
v -0.017401 0.018218 0.007129
v 0.002730 0.018461 0.001532
v -0.016001 0.018061 -0.004711
v -0.017507 0.018367 0.003112
v -0.011073 0.018227 -0.008547
v -0.014679 0.018217 -0.001510
v 0.010961 0.018014 0.001227
v 0.002703 0.018083 -0.000324
v 0.002812 0.018034 -0.007336
v -0.017931 0.018300 -0.010832
v 0.012889 0.018215 0.000059
v -0.011764 0.018131 -0.001521
v -0.010243 0.018294 -0.002381
v 0.014624 0.018264 0.000818
v -0.009668 0.018285 -0.006699
v -0.008502 0.018137 -0.007854
v -0.013268 0.018299 0.007757
v 0.000379 0.018022 0.007637
v -0.016832 0.018631 -0.006188
v -0.014203 0.018115 0.006542
v -0.015819 0.018503 -0.007381
v -0.019679 0.018296 -0.010662
v -0.020683 0.018373 0.002962
v 0.016763 0.018231 0.006219
v -0.010211 0.017982 0.002848
v -0.008406 0.018074 0.008497
v -0.008828 0.018155 0.000120
v -0.008984 0.018133 0.006200
v -0.006684 0.018362 0.007155
v 0.017915 0.017807 -0.008392
v -0.019478 0.017697 0.012970
v 0.015980 0.017460 -0.010742
v 0.009349 0.017673 -0.010245
v -0.000638 0.017934 0.013170
v -0.020533 0.017884 -0.009019
v -0.002706 0.017956 0.010925
v 0.009910 0.017508 -0.012631
v 0.005807 0.017757 0.007821
v 0.011912 0.017468 -0.009446
v 0.008141 0.017825 0.007318
v -0.004288 0.017920 0.009099
v 0.001355 0.017628 0.011644
v -0.017652 0.018247 0.010565
v 0.009250 0.017875 -0.006944
v 0.006145 0.018085 -0.007505
v 0.018457 0.017868 -0.009992
v 0.011300 0.017853 0.007961
v -0.016484 0.017506 -0.012705
v 0.001657 0.017598 -0.009713
v 0.012689 0.017998 -0.007302
v -0.013412 0.018101 -0.009012
v -0.012494 0.017936 0.010103
v 0.007178 0.017353 0.009872
v -0.015483 0.017985 -0.014460
v 0.007015 0.017717 0.014046
v -0.011368 0.017747 0.008505
v -0.018850 0.017350 0.006498
v -0.019346 0.017424 0.004850
v 0.014930 0.017891 -0.012782
v -0.007709 0.018040 0.011378
v 0.010343 0.018153 -0.002386
v 0.002823 0.017674 -0.013500
v 0.017463 0.018170 -0.005954
v -0.009583 0.018531 0.001368
v -0.010229 0.018523 0.005675
v -0.017139 0.018432 0.009577
v -0.012652 0.018293 -0.000532
v -0.006831 0.018361 0.009125
v -0.004959 0.018708 0.007462
v -0.002500 0.018402 0.007086
vn 0.0256 -0.9817 -0.1887
vn -0.4936 -0.7046 0.5098
vn -0.4128 -0.9092 -0.0546
vn 0.3711 -0.9025 0.2184
vn 0.0356 -0.9209 0.3881
vn 0.2073 -0.9778 -0.0296
vn 0.1064 -0.9941 0.0196
vn -0.4540 -0.8252 -0.3360
vn 0.5873 -0.8058 -0.0763
vn 0.7092 -0.6741 -0.2066
vn 0.7636 -0.5209 -0.3815
vn 0.5576 -0.8249 0.0933
vn 0.7948 -0.3103 0.5215
vn 0.5255 -0.7179 0.4566
vn 0.1244 -0.3702 0.9206
vn 0.0875 -0.7157 0.6929
vn -0.4835 -0.5174 0.7061
vn -0.7307 -0.6673 -0.1444
vn -0.8377 -0.3326 0.4332
vn -0.0603 -0.3042 0.9507
vn -0.0404 -0.8456 0.5323
vn -0.6232 -0.6753 0.3944
vn -0.1291 -0.8911 0.4349
vn -0.6257 -0.7071 0.3292
vn -0.5518 -0.7798 -0.2956
vn 0.7645 -0.6446 -0.0000
vn 0.1115 -0.4214 -0.9000
vn 0.7738 -0.4389 -0.4567
vn -0.1511 0.2290 0.9616
vn -0.3690 -0.3958 0.8409
vn -0.8737 0.1188 0.4717
vn 0.4678 -0.8020 -0.3715
vn 0.9151 -0.3584 0.1847
vn 0.2873 -0.9420 0.1735
vn -0.2437 -0.6494 -0.7204
vn -0.4803 -0.8724 -0.0909
vn -0.1354 -0.8969 0.4210
vn 0.2272 -0.3657 0.9025
vn -0.9313 0.1080 -0.3480
vn -0.9771 -0.1030 -0.1860
vn -0.9965 -0.0135 0.0823
vn -0.1678 0.1475 0.9747
vn 0.0273 0.1155 0.9929
vn 0.1550 -0.0829 0.9844
vn -0.9922 -0.0906 0.0859
vn -0.8377 -0.5374 0.0977
vn -0.4141 -0.1306 0.9008
vn -0.3114 -0.5573 0.7697
vn -0.6449 0.2115 -0.7344
vn 0.0192 0.5159 -0.8565
vn -0.4664 -0.4736 -0.7471
vn 0.7767 0.5275 -0.3444
vn 0.7506 -0.0702 0.6570
vn 0.8208 0.2959 -0.4885
vn 0.6142 -0.7843 -0.0869
vn 0.1348 -0.9901 -0.0402
vn 0.9844 -0.1297 0.1187
vn 0.9853 -0.0774 0.1524
vn -0.3678 -0.9248 0.0976
vn -0.1653 -0.9855 0.0391
vn -0.2689 -0.9360 -0.2270
vn -0.4909 -0.8606 -0.1355
vn -0.9459 -0.3132 -0.0847
vn 0.2439 -0.9698 0.0005
vn 0.2848 -0.9544 0.0892
vn 0.2358 -0.9714 0.0272
vn 0.1161 -0.9925 0.0379
vn 0.0963 -0.9943 -0.0460
vn -0.8613 -0.3749 -0.3428
vn -0.4021 -0.8348 -0.3761
vn 0.1562 -0.9857 0.0637
vn 0.1844 -0.9572 -0.2229
vn -0.0387 -0.9968 0.0695
vn -0.3222 -0.4923 -0.8086
vn 0.1830 -0.6873 0.7030
vn 0.6729 0.0328 0.7390
vn 0.7178 -0.6390 0.2767
vn 0.7803 -0.5919 -0.2019
vn 0.1550 -0.4190 -0.8946
vn -0.5366 -0.7234 0.4343
vn -0.2877 -0.4862 0.8251
vn -0.8834 -0.2868 0.3705
vn -0.3244 -0.5161 0.7927
vn -0.5052 -0.7112 0.4889
vn 0.9992 0.0294 0.0261
vn 0.9110 -0.2196 -0.3491
vn 0.9440 0.1047 -0.3130
vn 0.7069 -0.5110 -0.4891
vn -0.2888 -0.6692 -0.6847
vn 0.4326 -0.8655 0.2525
vn 0.9385 -0.3164 -0.1383
vn -0.2565 -0.6955 0.6712
vn 0.8727 -0.2261 0.4328
vn 0.9614 -0.2641 -0.0776
vn 0.8405 -0.1099 -0.5306
vn 0.7210 -0.3660 -0.5884
vn 0.2479 -0.5160 -0.8199
vn 0.5296 -0.5059 -0.6809
vn -0.8038 -0.3147 -0.5048
vn -0.6701 -0.2712 -0.6910
vn -0.4462 0.2174 -0.8681
vn -0.3148 -0.9491 -0.0139
vn -0.1734 -0.8410 -0.5124
vn -0.0888 -0.8655 -0.4930
vn 0.0152 -0.9885 0.1502
vn 0.0906 -0.6660 -0.7404
vn 0.0327 -0.8299 -0.5570
vn -0.0509 -0.2615 -0.9639
vn 0.9066 0.3607 -0.2190
vn 0.5689 0.8178 -0.0870
vn 0.9676 0.1026 -0.2307
vn 0.4907 0.8187 -0.2984
vn 0.5854 0.7395 0.3323
vn 0.8942 0.4413 0.0750
vn -0.4996 0.8366 0.2249
vn -0.3922 0.5263 0.7544
vn -0.4247 0.4353 0.7938
vn -0.8563 0.3426 -0.3864
vn 0.0317 0.9542 -0.2974
vn -0.8829 0.3314 -0.3326
vn -0.0365 0.7366 0.6753
vn -0.8490 -0.0130 0.5283
vn 0.9517 0.3041 -0.0413
vn 0.8150 0.1274 0.5652
vn -0.4178 0.7870 -0.4539
vn 0.0558 0.9984 -0.0076
vn -0.0119 0.7777 0.6285
vn -0.1440 0.3530 0.9245
vn -0.3812 0.9074 0.1769
vn -0.4954 0.2068 0.8437
vn 0.3070 0.9476 0.0885
vn -0.4041 0.6453 -0.6483
vn -0.1320 -0.1552 0.9790
vn 0.2514 -0.4676 0.8475
vn 0.2508 0.0777 0.9649
vn 0.1640 0.0359 0.9858
vn 0.3832 -0.5054 0.7731
vn 0.0420 -0.3985 0.9162
vn -0.0052 -0.2725 0.9621
vn -0.0198 0.0095 0.9998
vn -0.9865 0.1579 0.0437
vn -0.5216 0.5450 -0.6564
vn -0.7545 0.2919 -0.5878
vn 0.0977 0.1113 -0.9890
vn 0.7042 0.4093 -0.5802
vn 0.1866 0.5347 -0.8241
vn 0.8160 -0.5728 -0.0774
vn 0.6738 -0.7201 -0.1655
vn 0.6492 -0.6137 0.4495
vn 0.1988 0.5953 0.7785
vn 0.6841 0.5601 0.4672
vn 0.4200 0.8911 -0.1719
vn -0.0745 0.5663 0.8208
vn 0.6764 0.7347 -0.0519
vn -0.6698 0.6535 -0.3526
vn -0.5524 0.4570 0.6972
vn 0.1769 0.9281 0.3277
vn 0.9277 0.2507 0.2766
vn 0.9288 0.3379 -0.1522
vn 0.9362 0.3508 -0.0209
vn 0.9579 0.2826 -0.0504
vn 0.8431 0.0089 0.5376
vn 0.9038 0.2131 0.3710
vn 0.9727 0.1719 -0.1560
vn 0.7032 0.0978 -0.7043
vn 0.4820 0.2077 -0.8512
vn 0.9945 -0.0603 0.0851
vn 0.3670 -0.4216 -0.8292
vn 0.8507 0.0492 -0.5233
vn 0.4756 0.2180 -0.8522
vn -0.6724 -0.5005 0.5453
vn -0.9762 0.0137 -0.2164
vn -0.5526 -0.8319 -0.0508
vn -0.5465 -0.1855 -0.8166
vn 0.3188 0.6935 -0.6461
vn 0.0684 -0.3779 -0.9233
vn -0.1869 0.4497 -0.8734
vn 0.9981 -0.0279 0.0548
vn 0.9824 -0.1111 0.1504
vn 0.9931 -0.1090 -0.0441
vn -0.0562 0.1698 -0.9839
vn 0.1687 0.0465 -0.9846
vn -0.0483 -0.0946 -0.9943
vn 0.9850 0.0735 0.1564
vn 0.9840 0.1783 0.0047
vn -0.2783 0.5083 0.8150
vn -0.8279 0.5570 0.0660
vn -0.4394 0.0675 0.8958
vn -0.9917 -0.0142 -0.1280
vn 0.2028 -0.0513 0.9779
vn 0.9742 0.2241 -0.0279
vn 0.4021 0.7366 -0.5438
vn 0.7965 0.1478 -0.5862
vn 0.0077 0.0953 -0.9954
vn -0.0418 0.2928 -0.9553
vn -0.0183 0.0164 0.9997
vn 0.0488 0.5799 0.8132
vn -0.0107 0.2233 0.9747
vn -0.7760 -0.6294 -0.0409
vn -0.0853 -0.9945 -0.0615
vn -0.6822 -0.5825 -0.4419
vn 0.4198 -0.5827 -0.6959
vn 0.2439 -0.9418 -0.2314
vn -0.2826 -0.9578 0.0520
vn 0.2389 -0.9130 0.3306
vn -0.0902 -0.9957 -0.0192
vn -0.5924 -0.7943 -0.1349
vn 0.1158 -0.9929 -0.0272
vn -0.1266 -0.9162 0.3803
vn -0.0183 -0.6921 -0.7216
vn 0.0311 -0.8868 -0.4611
vn -0.0156 -0.9939 0.1094
vn -0.2023 -0.9491 -0.2414
vn 0.4244 -0.8974 -0.1203
vn 0.6591 -0.7248 -0.2007
vn 0.2234 -0.9359 0.2722
vn 0.2877 -0.9501 -0.1210
vn 0.5050 -0.7959 0.3340
vn -0.4926 -0.8389 -0.2315
vn -0.3753 -0.8079 0.4543
vn 0.1836 -0.9227 -0.3391
vn 0.1103 -0.9781 -0.1765
vn -0.0693 -0.6899 0.7206
vn -0.4838 -0.2107 0.8495
vn -0.7246 -0.3565 0.5898
vn 0.0430 -0.4174 0.9077
vn 0.1886 0.2470 -0.9505
vn 0.8224 -0.2706 -0.5004
vn 0.9769 0.1368 -0.1640
vn -0.2998 -0.0116 -0.9539
vn 0.1051 -0.4073 -0.9072
vn -0.4887 -0.2156 -0.8454
vn -0.8581 -0.3692 -0.3568
vn -0.9826 0.0002 -0.1857
vn -0.8522 -0.1459 -0.5025
vn -0.0235 0.0110 -0.9997
vn -0.4715 0.0503 -0.8804
vn 0.2958 -0.0876 -0.9512
vn 0.9086 -0.0243 -0.4169
vn 0.4665 0.0291 -0.8840
vn 0.7894 -0.5920 -0.1625
vn 0.9877 -0.0893 -0.1281
vn 0.9205 0.2463 -0.3033
vn 0.9870 0.0233 -0.1589
vn 0.8343 0.2445 -0.4942
vn 0.9552 0.0264 -0.2949
vn -0.0914 0.0286 -0.9954
vn -0.7353 0.0627 -0.6748
vn -0.2088 0.0254 -0.9776
vn 0.3912 -0.0119 -0.9202
vn 0.5546 0.0306 -0.8315
vn 0.4565 -0.1588 -0.8754
vn -0.9222 -0.0344 0.3851
vn -0.9667 -0.0248 0.2548
vn -0.9845 0.0009 0.1751
vn -0.9314 -0.3427 0.1227
vn -0.9551 0.0728 0.2872
vn -0.9683 0.1263 -0.2154
vn -0.9735 0.0777 -0.2150
vn 0.0004 -0.0387 0.9992
vn 0.1244 -0.1684 0.9778
vn 0.4165 -0.2808 0.8647
vn -0.7269 -0.6862 0.0288
vn 0.4839 -0.7658 0.4237
vn -0.0556 -0.1976 0.9787
vn 0.0092 -0.7098 -0.7043
vn 0.8849 -0.3019 -0.3548
vn 0.9417 -0.1942 -0.2749
vn 0.6945 -0.6776 -0.2418
vn -0.2080 -0.0275 -0.9777
vn -0.6277 0.0021 -0.7785
vn -0.5880 -0.1235 -0.7994
vn 0.8250 -0.1316 -0.5496
vn 0.1525 -0.4290 -0.8904
vn 0.2093 0.2144 0.9541
vn -0.1456 -0.9244 0.3526
vn -0.0865 -0.9494 0.3021
vn 0.1087 -0.5602 0.8212
vn 0.4752 -0.7866 0.3943
vn 0.3892 0.2786 0.8780
vn 0.9297 0.1700 -0.3267
vn 0.7932 -0.5398 0.2819
vn 0.2127 -0.0407 -0.9763
vn -0.4873 -0.1761 0.8553
vn -0.9060 -0.3764 -0.1934
vn -0.5881 -0.7570 0.2848
vn 0.0042 -0.5337 0.8457
vn 0.3098 -0.9417 0.1314
vn 0.2317 -0.9626 0.1407
vn 0.7420 -0.4666 0.4814
vn -0.3396 -0.5773 0.7425
vn -0.0001 -0.9216 0.3881
vn -0.0414 0.8750 -0.4824
vn -0.2495 0.9552 0.1591
vn -0.0753 0.9743 -0.2125
vn -0.2614 0.9648 -0.0274
vn -0.0915 0.2516 0.9635
vn 0.1274 0.0060 0.9918
vn 0.1495 -0.8709 0.4681
vn 0.0128 -0.4798 0.8773
vn -0.0125 -0.9382 0.3458
vn 0.0766 -0.8653 0.4954
vn -0.0626 -0.7323 -0.6781
vn 0.0782 -0.2124 -0.9741
vn 0.1640 -0.5440 -0.8229
vn 0.9125 -0.3333 0.2371
vn 0.9391 0.1719 -0.2974
vn 0.7580 0.6277 0.1773
vn 0.2824 0.9323 -0.2258
vn 0.1536 0.9640 -0.2170
vn 0.7708 0.5896 0.2413
vn 0.9904 -0.1121 -0.0809
vn 0.9871 0.0380 0.1554
vn -0.4537 -0.2067 0.8669
vn -0.2856 -0.0118 0.9583
vn -0.3089 0.1218 0.9433
vn 0.7098 0.6580 0.2513
vn 0.2674 0.1119 0.9571
vn 0.1588 0.2803 0.9467
vn -0.0795 -0.1609 0.9838
vn 0.4538 0.8620 -0.2258
vn 0.0084 0.9965 0.0828
vn 0.0777 0.4082 0.9096
vn -0.8380 0.5187 -0.1694
vn -0.3494 0.4831 -0.8029
vn 0.7055 0.2366 0.6680
vn 0.8239 0.5365 -0.1826
vn -0.0313 0.1183 0.9925
vn -0.0485 -0.4659 0.8835
vn 0.0247 -0.2249 0.9741
vn -0.0450 0.0388 0.9982
vn -0.0403 -0.0515 0.9979
vn -0.0837 -0.2285 0.9699
vn -0.0977 -0.0008 0.9952
vn -0.0725 -0.3438 0.9362
vn -0.8460 0.5137 -0.1427
vn -0.5748 0.7384 -0.3526
vn -0.7011 0.5314 -0.4754
vn -0.8318 0.5460 0.1000
vn -0.7609 0.2886 -0.5812
vn -0.9775 -0.0712 -0.1986
vn 0.7046 0.6703 0.2330
vn 0.2578 0.2271 0.9391
vn 0.3126 0.1361 0.9401
vn -0.8289 0.2651 -0.4927
vn 0.0355 0.5156 -0.8561
vn -0.2346 0.2815 -0.9305
vn 0.4895 0.2811 -0.8255
vn 0.5681 0.5412 -0.6200
vn 0.5841 0.3319 0.7407
vn -0.2582 0.7142 0.6506
vn -0.8766 0.4465 0.1793
vn -0.4781 0.7761 -0.4113
vn 0.0132 0.0157 0.9998
vn 0.0362 0.0562 0.9978
vn -0.1622 0.0433 0.9858
vn 0.0109 0.2066 0.9784
vn -0.1064 0.0653 0.9922
vn -0.0992 0.1056 0.9895
vn -0.1199 0.0036 0.9928
vn -0.0514 0.0610 0.9968
vn 0.1251 0.1225 0.9846
vn 0.0398 0.0974 0.9944
vn 0.0050 0.0965 0.9953
vn -0.8591 0.5118 -0.0021
vn -0.8400 0.4795 -0.2539
vn -0.9401 0.2432 0.2389
vn 0.1347 0.0354 -0.9903
vn 0.2056 -0.0062 -0.9786
vn 0.1839 0.0480 -0.9818
vn -0.0352 -0.0223 -0.9991
vn 0.1262 0.1729 -0.9768
vn 0.0347 0.1232 -0.9918
vn 0.0369 0.1110 -0.9931
vn -0.0571 0.1257 -0.9904
vn -0.0179 0.1148 -0.9932
vn -0.0489 0.3185 -0.9467
vn 0.0761 0.1860 -0.9796
vn 0.1701 0.1949 -0.9660
vn -0.3113 0.1743 -0.9342
vn 0.3687 0.1222 -0.9215
vn 0.3800 0.1145 -0.9179
vn 0.2362 0.1264 -0.9635
vn 0.0808 -0.0659 -0.9945
vn 0.0873 0.0936 -0.9918
vn 0.0204 -0.0588 -0.9981
vn 0.0875 0.0835 -0.9927
vn 0.0960 0.0247 -0.9951
vn -0.9722 0.1995 -0.1222
vn -0.9115 -0.0328 0.4099
vn -0.9843 -0.1739 0.0314
vn -0.9282 -0.3562 0.1073
vn -0.9358 -0.2400 -0.2582
vn -0.9794 -0.1524 -0.1327
vn 0.1101 0.1240 -0.9862
vn 0.1271 -0.2875 -0.9493
vn 0.1192 0.1152 -0.9862
vn 0.0483 0.0619 -0.9969
vn 0.1028 0.0742 -0.9919
vn -0.2133 0.9376 -0.2746
vn -0.1124 0.9740 -0.1966
vn -0.5883 0.5562 -0.5869
vn 0.2133 0.9762 -0.0380
vn 0.1435 0.9736 -0.1775
vn 0.4466 0.8937 -0.0423
vn 0.0455 0.8558 -0.5152
vn 0.2126 0.8775 0.4300
vn -0.1327 0.9696 0.2057
vn -0.5379 0.8417 -0.0465
vn 0.0643 0.9875 0.1437
vn -0.0632 0.9760 0.2083
vn -0.0268 0.8844 0.4659
vn 0.0248 0.9988 -0.0431
vn 0.0723 0.9966 0.0397
vn -0.0787 0.9957 0.0481
vn 0.0509 0.9955 0.0804
vn -0.0084 0.9106 0.4131
vn 0.0828 0.9836 0.1602
vn 0.2532 0.9386 -0.2343
vn -0.1053 0.9238 -0.3682
vn -0.2293 0.8812 -0.4133
vn 0.4944 0.8395 -0.2252
vn -0.1173 0.9922 0.0432
vn 0.0169 0.9776 0.2096
vn 0.0320 0.9987 0.0397
vn 0.0585 -0.9762 0.2087
vn -0.1689 -0.8067 0.5663
vn 0.0820 -0.9674 -0.2395
vn -0.7271 -0.6319 0.2685
vn 0.6899 -0.7163 0.1048
vn 0.2601 -0.4111 0.8737
vn -0.4543 -0.8736 -0.1746
vn -0.1698 -0.9850 0.0296
vn 0.4418 -0.8633 0.2439
vn -0.0977 -0.9429 0.3185
vn -0.3265 -0.8049 -0.4955
vn 0.2259 -0.8599 -0.4578
vn 0.1324 -0.9848 0.1120
vn -0.1084 -0.9524 -0.2849
vn -0.5945 -0.7872 -0.1639
vn 0.0628 -0.9892 0.1321
vn -0.2254 -0.7890 0.5716
vn -0.0499 -0.9950 -0.0871
vn 0.0283 -0.9898 0.1393
vn 0.0751 -0.9150 0.3964
vn -0.4019 -0.7860 -0.4697
vn -0.3287 -0.8139 -0.4790
vn -0.3725 -0.8116 -0.4500
vn 0.5182 -0.8361 -0.1799
vn -0.5579 -0.8012 0.2165
vn -0.2868 -0.8785 -0.3821
vn 0.9492 0.0347 -0.3127
vn 0.4170 -0.3008 -0.8577
vn -0.0047 0.0353 -0.9994
vn -0.3582 -0.7161 -0.5991
vn 0.0887 -0.0873 0.9922
vn -0.0561 -0.3334 0.9411
vn 0.3316 0.0732 0.9406
vn 0.6591 0.2617 -0.7050
vn 0.1671 -0.1242 -0.9781
vn -0.0980 -0.1995 -0.9750
vn 0.0904 -0.1056 -0.9903
vn 0.7286 0.0757 -0.6808
vn 0.0088 0.0620 -0.9980
vn 0.9284 0.2161 -0.3023
vn 0.4018 0.0918 -0.9111
vn 0.9122 0.0113 0.4097
vn 0.9751 0.1802 -0.1291
vn 0.9525 -0.0073 0.3044
vn -0.0012 0.0065 -1.0000
vn -0.1469 -0.0872 -0.9853
vn -0.0913 0.0118 -0.9958
vn -0.4251 -0.0601 -0.9031
vn 0.7744 -0.0372 -0.6316
vn 0.7131 0.0059 -0.7010
vn 0.0477 0.1074 -0.9931
vn -0.8164 0.0177 -0.5773
vn -0.7855 -0.0148 -0.6187
vn 0.9832 -0.1580 0.0913
vn 0.7670 -0.1101 0.6322
vn 0.6793 0.0007 0.7339
vn 0.8891 -0.0463 0.4555
vn 0.9982 0.0235 -0.0555
vn 0.7181 0.6286 0.2987
vn 0.7636 0.6456 -0.0100
vn -0.8518 0.5009 0.1533
vn -0.8209 -0.3791 -0.4271
vn -0.0724 -0.7184 -0.6919
vn -0.4351 -0.6811 -0.5889
vn 0.0190 -0.2840 -0.9586
vn -0.2460 -0.5099 0.8243
vn -0.2602 -0.5628 0.7846
vn -0.2890 -0.9573 0.0110
vn -0.0569 -0.7928 0.6068
vn -0.1066 -0.9918 -0.0698
vn -0.7675 -0.6089 0.2004
vn -0.6778 -0.2833 0.6785
vn -0.7507 0.5361 0.3861
vn -0.4091 0.4903 0.7696
vn 0.2595 -0.8317 0.4909
vn 0.2373 -0.8796 0.4123
vn -0.0084 -0.9807 0.1955
vn 0.0549 -0.9704 -0.2354
vn 0.0291 -0.6914 0.7219
vn -0.0559 -0.9853 0.1615
vn 0.0100 -0.4762 0.8793
vn -0.0564 -0.5958 0.8012
vn -0.2998 -0.9103 -0.2853
vn 0.1011 -0.9945 0.0254
vn -0.3062 -0.8787 0.3662
vn 0.1856 0.9819 -0.0367
vn 0.7086 0.6216 -0.3339
vn 0.3127 0.9456 -0.0897
vn 0.1461 0.8192 -0.5545
vn -0.1929 0.4142 -0.8895
vn 0.0749 0.6005 -0.7961
vn -0.9648 -0.2349 -0.1181
vn -0.8482 0.4925 -0.1951
vn -0.9028 -0.3904 -0.1802
vn -0.8915 -0.1211 -0.4366
vn -0.9296 -0.3684 0.0150
vn -0.9971 0.0180 0.0740
vn -0.8857 -0.1050 -0.4523
vn 0.2690 0.4548 0.8490
vn 0.7207 0.6791 -0.1393
vn -0.0231 0.0291 0.9993
vn 0.1007 -0.0311 0.9944
vn -0.9846 0.1706 -0.0378
vn -0.9504 -0.2107 -0.2287
vn -0.9726 -0.0282 -0.2309
vn -0.9462 0.2086 0.2475
vn -0.9200 0.3918 0.0030
vn -0.9293 0.2022 0.3090
vn -0.0351 0.1003 0.9943
vn -0.0908 0.1662 0.9819
vn -0.0289 -0.0136 0.9995
vn -0.3392 0.0323 0.9402
vn -0.2765 -0.0114 0.9610
vn 0.1544 -0.8637 -0.4798
vn 0.5952 -0.5757 -0.5606
vn 0.2725 -0.6593 -0.7008
vn 0.8137 -0.5598 -0.1566
vn 0.6450 -0.4780 -0.5962
vn 0.9949 0.0532 -0.0861
vn -0.6246 -0.5552 0.5491
vn -0.9647 0.0836 0.2498
vn -0.5181 -0.5114 0.6856
vn -0.8657 -0.1598 0.4743
vn -0.0294 0.3144 0.9488
vn -0.0295 0.0609 0.9977
vn -0.0779 -0.0670 0.9947
vn -0.0859 0.0477 0.9952
vn 0.1606 0.0025 0.9870
vn -0.0465 0.1035 0.9935
vn -0.0989 0.0039 0.9951
vn -0.0123 -0.0388 0.9992
vn 0.0787 0.9579 -0.2762
vn -0.1878 0.9781 -0.0896
vn 0.2373 0.9504 -0.2009
vn 0.3591 0.8667 0.3461
vn -0.3005 0.8120 0.5004
vn 0.1833 0.9511 0.2488
vn 0.0339 0.9454 -0.3241
vn -0.1353 0.9907 0.0148
vn -0.3364 0.8722 -0.3552
vn -0.0065 0.9999 -0.0136
vn 0.4663 0.8755 -0.1266
vn 0.6783 0.7260 0.1128
vn 0.1490 0.9822 0.1140
vn 0.2985 0.8777 0.3750
vn -0.3703 0.8828 0.2891
vn -0.5226 0.8362 -0.1664
vn 0.3182 0.9026 -0.2899
vn 0.1124 0.9807 0.1598
vn 0.2379 0.9607 -0.1427
vn 0.0072 0.9549 -0.2968
vn 0.4009 0.7837 -0.4744
vn -0.0342 0.8285 0.5589
vn 0.1134 0.9180 -0.3800
vn 0.1192 0.9868 0.1099
vn -0.0917 0.9934 0.0685
vn -0.1289 0.9915 0.0163
vn 0.2406 0.9521 0.1888
vn 0.3068 0.9436 -0.1245
vn 0.7341 0.5464 0.4031
vn -0.1876 0.9786 -0.0849
vn -0.2516 0.9300 0.2678
vn 0.0934 0.9869 -0.1318
vn 0.3088 0.9478 0.0797
vn 0.3784 -0.8319 -0.4060
vn -0.3338 -0.9295 0.1567
vn -0.6412 -0.7152 -0.2782
vn 0.0036 -0.9112 -0.4119
vn 0.6273 -0.6955 -0.3504
vn 0.5899 -0.8040 -0.0746
vn 0.5055 -0.5619 -0.6548
vn -0.1974 -0.9791 0.0487
vn -0.4784 -0.8764 0.0558
vn 0.7361 -0.6694 -0.1005
vn -0.5334 -0.8413 0.0882
vn -0.1559 -0.9154 -0.3711
vn 0.2982 -0.8920 0.3398
vn -0.1442 -0.9862 0.0810
vn -0.2165 -0.0834 0.9727
vn -0.5724 -0.6028 0.5558
vn 0.3964 -0.5551 0.7312
vn -0.3048 -0.9227 0.2359
vn -0.0914 -0.5965 0.7974
vn -0.0033 -0.6308 0.7760
vn -0.0327 -0.0104 0.9994
vn 0.8110 -0.5816 -0.0640
vn 0.9100 -0.0778 0.4071
vn 0.1774 -0.7605 0.6247
vn -0.1319 -0.7453 0.6535
vn -0.6144 -0.4277 0.6630
vn -0.6666 -0.6979 0.2619
vn 0.1248 0.0485 0.9910
vn 0.5459 -0.3103 -0.7783
vn 0.2372 -0.4407 -0.8658
vn -0.8012 -0.4465 -0.3984
vn 0.3151 -0.7857 0.5324
vn -0.6973 -0.7040 -0.1351
vn 0.2459 -0.8206 -0.5159
vn 0.9216 0.0602 0.3835
vn 0.9977 0.0670 -0.0123
vn -0.9797 0.1133 -0.1653
vn -0.8552 0.0098 -0.5182
vn 0.0967 0.0057 -0.9953
vn -0.1448 0.4535 0.8794
vn 0.3076 0.5000 0.8096
vn -0.6808 0.0355 0.7316
vn -0.9928 0.1194 0.0059
vn 0.3896 0.5829 0.7130
vn 0.5642 0.1521 0.8115
vn -0.5567 0.1903 0.8086
vn 0.1744 -0.0816 0.9813
vn 0.3986 0.0272 0.9167
vn 0.4507 -0.2228 0.8644
vn 0.9517 -0.0231 0.3063
vn 0.9936 -0.0292 -0.1089
vn 0.9671 -0.0045 -0.2544
vn 0.3167 -0.1037 -0.9428
vn 0.6914 -0.3855 -0.6111
vn 0.8271 -0.5169 -0.2207
vn 0.8280 -0.5604 -0.0215
vn 0.3927 -0.3315 -0.8579
vn 0.3469 -0.9379 0.0018
vn 0.5466 -0.8268 -0.1326
vn 0.4739 -0.8330 -0.2855
vn -0.9223 -0.3860 -0.0180
vn -0.9756 0.0090 -0.2192
vn -0.9354 0.1382 0.3256
vn -0.3208 -0.4557 -0.8303
vn -0.9096 0.0827 -0.4072
vn -0.9217 -0.2827 -0.2655
vn -0.4651 -0.1209 -0.8770
vn -0.0404 -0.1663 -0.9852
vn 0.6859 -0.1298 -0.7160
vn 0.5449 -0.3876 -0.7435
vn -0.7291 -0.1871 -0.6583
vn -0.5160 -0.6435 -0.5654
vn 0.9052 -0.1984 -0.3759
vn -0.1603 -0.8623 -0.4804
vn 0.2526 -0.5263 -0.8119
vn -0.2211 -0.6672 -0.7113
vn 0.6706 -0.5750 -0.4688
vn -0.3038 -0.8852 0.3524
vn 0.3005 -0.8445 0.4434
vn -0.1167 -0.8219 0.5576
vn 0.0841 0.9187 0.3858
vn 0.2544 0.9571 0.1387
vn -0.2222 0.3596 0.9063
vn -0.0284 0.7448 0.6667
vn 0.2187 0.9656 -0.1408
vn -0.0911 0.6958 -0.7124
vn 0.4190 0.9075 -0.0301
vn 0.8831 0.1232 -0.4527
vn 0.1621 0.3089 -0.9372
vn -0.3226 0.4247 -0.8459
vn -0.1308 -0.9822 -0.1348
vn 0.2549 -0.8949 -0.3664
vn 0.2381 -0.9693 -0.0606
vn -0.0730 -0.9966 -0.0373
vn 0.0630 -0.8168 -0.5734
vn -0.0494 -0.1757 -0.9832
vn -0.3899 -0.6301 -0.6715
vn 0.1465 0.9880 -0.0483
vn -0.3757 0.9243 -0.0676
vn 0.5632 0.6874 0.4585
vn 0.6804 -0.2125 0.7014
vn -0.2139 0.8608 0.4618
vn -0.5632 -0.5558 0.6115
vn -0.5881 0.8031 -0.0956
vn 0.8436 0.1076 0.5261
vn 0.6724 0.6854 0.2793
vn -0.3223 0.2198 0.9208
vn 0.5462 0.0687 0.8349
vn 0.3157 0.6282 0.7111
vn -0.5429 0.8390 0.0360
vn -0.3532 0.6230 -0.6979
vn -0.8225 0.4926 0.2843
vn -0.3080 0.2915 -0.9056
vn 0.3019 0.5220 -0.7978
vn 0.4920 0.5896 -0.6405
vn 0.7470 0.5367 0.3923
vn 0.8608 0.2780 -0.4263
vn -0.0639 -0.4504 -0.8905
vn 0.4333 0.5011 -0.7491
vn 0.7357 0.5610 -0.3795
vn -0.0726 0.5075 -0.8586
vn -0.8813 -0.4724 -0.0142
vn -0.8341 -0.5370 0.1258
vn -0.3709 -0.4145 0.8310
vn -0.9167 -0.2382 0.3209
vn 0.0752 -0.0025 0.9972
vn -0.0014 0.0306 0.9995
vn -0.9626 0.2639 -0.0621
vn -0.9825 0.0916 0.1620
vn -0.9360 0.3378 0.0988
vn -0.9290 0.3439 0.1364
vn -0.9928 0.0766 0.0924
vn -0.9807 -0.1631 0.1078
vn -0.9772 -0.1932 -0.0883
vn -0.3576 -0.5541 0.7517
vn -0.1142 0.0948 0.9889
vn -0.8642 -0.2347 0.4451
vn 0.8957 -0.0464 -0.4423
vn 0.5965 0.7293 0.3351
vn 0.8345 0.4788 0.2727
vn 0.9254 -0.0762 0.3712
vn 0.0474 -0.2911 -0.9555
vn 0.6935 0.7203 0.0115
vn 0.1273 -0.0182 -0.9917
vn 0.0261 0.2160 0.9760
vn -0.0036 -0.0028 1.0000
vn 0.0362 0.0401 0.9985
vn -0.3512 0.5676 0.7446
vn -0.1331 0.1464 0.9802
vn -0.0855 -0.0372 0.9956
vn -0.1906 -0.0765 0.9787
vn -0.0567 -0.0444 0.9974
vn 0.9373 0.0432 0.3459
vn 0.9266 -0.0925 0.3644
vn 0.9409 -0.2608 0.2161
vn -0.1545 -0.0019 0.9880
vn -0.0948 0.1736 0.9802
vn -0.9693 -0.1118 -0.2190
vn -0.9989 -0.0464 0.0097
vn -0.9837 -0.0355 0.1762
vn 0.0696 0.9894 -0.1277
vn 0.0230 0.9996 0.0146
vn 0.0237 0.9995 -0.0185
vn -0.0478 0.9928 -0.1101
vn -0.0116 0.9989 -0.0452
vn 0.0171 0.9906 -0.1359
vn 0.2252 0.9730 0.0510
vn -0.1646 0.9825 0.0867
vn -0.0718 0.9696 -0.2341
vn 0.1929 0.7259 -0.6602
vn -0.0824 0.8327 -0.5475
vn -0.1972 0.9712 0.1339
vn 0.7215 0.5875 0.3665
vn 0.2406 0.6883 0.6844
vn 0.2282 0.9608 0.1574
vn 0.3252 0.2989 0.8972
vn 0.4747 0.8168 0.3278
vn -0.1168 0.9572 -0.2649
vn -0.3685 0.8931 0.2580
vn 0.2907 0.9568 -0.0025
vn -0.0634 0.9192 0.3887
vn 0.4985 0.8607 -0.1033
vn -0.0959 0.9897 0.1063
vn 0.9071 0.4208 0.0065
vn 0.3582 0.9211 -0.1525
vn 0.0778 0.9783 -0.1922
vn 0.2822 -0.9416 0.1837
vn 0.4835 -0.8738 -0.0521
vn -0.2290 -0.9606 0.1576
vn 0.0029 -0.7397 -0.6729
vn 0.1625 -0.8639 -0.4768
vn 0.2780 -0.9321 -0.2323
vn -0.2091 -0.9708 -0.1178
vn 0.7036 -0.7105 -0.0116
vn -0.0278 -0.9946 -0.0999
vn -0.7660 -0.5810 -0.2751
vn 0.8167 -0.5494 -0.1768
vn 0.3406 -0.3435 -0.8752
vn 0.5793 -0.5008 0.6431
vn -0.0008 -0.9989 0.0463
vn 0.8556 -0.4518 0.2529
vn -0.6519 -0.7281 0.2119
vn -0.4070 -0.8408 0.3568
vn 0.5418 -0.6531 -0.5291
vn 0.4230 -0.8619 0.2797
vn 0.4353 -0.8969 -0.0778
vn 0.4716 -0.8816 -0.0186
vn -0.5567 -0.8276 -0.0721
vn 0.9114 -0.3509 0.2149
vn 0.9125 -0.4089 0.0062
vn -0.4827 -0.8452 0.2293
vn 0.7440 -0.4475 0.4962
vn 0.7972 -0.6022 -0.0424
vn 0.5781 -0.6875 -0.4395
vn 0.9786 -0.1366 -0.1541
vn 0.9236 -0.2253 -0.3103
vn 0.6487 -0.3196 0.6906
vn 0.7249 -0.3121 0.6141
vn 0.2595 -0.5508 -0.7933
vn -0.1351 -0.1376 0.9812
vn -0.4331 -0.2601 0.8630
vn -0.0395 -0.3069 -0.9509
vn -0.0295 -0.0460 -0.9985
vn 0.8406 0.0319 -0.5407
vn 0.2480 0.1503 -0.9570
vn 0.6537 -0.4470 -0.6106
vn 0.9874 0.0480 0.1508
vn 0.0050 -0.0566 -0.9984
vn -0.3208 -0.3237 -0.8901
vn 0.1603 0.0875 -0.9832
vn 0.8761 0.0038 -0.4822
vn 0.1126 -0.2722 -0.9556
vn 0.5006 -0.7166 -0.4856
vn -0.1458 -0.6825 -0.7162
vn 0.9714 -0.2375 0.0057
vn 0.4747 -0.5967 0.6470
vn 0.5234 -0.2372 0.8184
vn -0.0520 -0.5238 0.8503
vn -0.9676 0.0371 -0.2498
vn -0.7040 -0.0628 -0.7075
vn -0.1699 -0.4925 -0.8536
vn -0.5488 -0.1475 -0.8228
vn -0.0923 -0.4236 -0.9011
vn -0.9871 0.1550 0.0393
vn -0.8437 -0.2792 0.4585
vn -0.8288 0.1390 0.5420
vn -0.4927 -0.0644 0.8678
vn -0.0172 0.0593 0.9981
vn 0.6787 -0.2443 0.6926
vn 0.5288 0.1744 0.8307
vn 0.4729 0.0235 0.8808
vn 0.9894 0.0544 0.1347
vn 0.9817 -0.0874 0.1692
vn 0.9693 -0.0787 0.2328
vn -0.9673 -0.1814 -0.1775
vn -0.9656 -0.2009 -0.1649
vn -0.9985 -0.0064 -0.0535
vn 0.7948 -0.5229 0.3079
vn 0.9487 -0.3132 -0.0435
vn 0.8993 -0.0053 -0.4372
vn -0.3028 -0.0584 -0.9513
vn 0.4676 0.0096 -0.8839
vn 0.2265 -0.0575 0.9723
vn 0.8788 -0.0956 0.4675
vn 0.8825 -0.1257 0.4532
vn -0.0586 0.0480 0.9971
vn -0.0470 -0.3294 0.9430
vn 0.1453 -0.1743 0.9739
vn -0.3800 -0.0086 0.9249
vn -0.8937 0.0570 0.4451
vn 0.9980 0.0593 0.0208
vn 0.8346 -0.1665 0.5252
vn 0.9998 -0.0045 -0.0191
vn -0.1320 -0.0225 0.9910
vn 0.5535 0.1050 0.8262
vn 0.7458 -0.6397 -0.1856
vn 0.3788 -0.5066 -0.7745
vn -0.6742 -0.2137 0.7069
vn -0.6565 -0.0747 0.7506
vn -0.4520 -0.0421 0.8910
vn -0.2721 0.0514 0.9609
vn -0.4473 0.1502 0.8817
vn 0.5343 0.0219 0.8450
vn 0.0877 -0.4069 0.9092
vn -0.6190 -0.5149 0.5931
vn -0.4686 -0.2426 0.8495
vn -0.9992 0.0388 0.0038
vn -0.9930 0.0356 -0.1124
vn -0.7476 -0.1125 0.6545
vn -0.4467 -0.1366 0.8842
vn 0.1060 -0.3042 0.9467
vn 0.2429 -0.6783 0.6935
vn 0.6521 -0.7526 -0.0917
vn -0.4264 -0.8362 0.3448
vn -0.0486 -0.8826 0.4676
vn -0.0904 -0.9824 0.1635
vn -0.0984 -0.9919 0.0800
vn -0.0607 -0.9972 -0.0432
vn -0.3021 -0.7371 0.6045
vn -0.3048 -0.9492 -0.0778
vn 0.1488 -0.9700 -0.1922
vn -0.1488 -0.9884 -0.0289
vn -0.5261 -0.5922 0.6104
vn 0.2044 -0.6822 0.7020
vn -0.2034 -0.7919 0.5758
vn 0.4631 -0.5161 0.7205
vn 0.5607 -0.4391 0.7020
vn -0.6785 -0.3345 0.6541
vn 0.4530 -0.2342 0.8602
vn 0.0357 -0.6325 0.7737
vn 0.4504 -0.1656 0.8774
vn 0.2911 -0.4798 0.8277
vn -0.3451 -0.6234 0.7017
vn 0.4871 -0.7126 0.5049
vn -0.8864 -0.4384 -0.1484
vn -0.6264 -0.4797 0.6144
vn 0.1653 -0.1917 0.9674
vn 0.1712 -0.5271 0.8324
vn -0.1842 -0.5443 -0.8184
vn -0.2728 -0.4569 -0.8467
vn 0.8718 -0.1754 -0.4575
vn 0.3517 -0.9184 -0.1810
vn 0.9989 -0.0456 -0.0083
vn 0.9866 0.0666 -0.1491
vn 0.9384 0.1594 -0.3066
vn 0.3866 0.0416 -0.9213
vn 0.5249 0.0029 -0.8512
vn 0.3994 0.0310 -0.9162
vn 0.1847 0.0043 -0.9828
vn 0.1205 -0.3705 -0.9210
vn 0.1511 -0.2690 -0.9512
vn -0.0797 0.2151 -0.9733
vn 0.0589 -0.1542 -0.9863
vn 0.0276 0.0394 -0.9988
vn -0.1460 -0.0005 -0.9893
vn -0.2808 0.1255 -0.9515
vn -0.9815 0.1802 -0.0653
vn -0.9573 0.1665 -0.2364
vn -0.7528 0.5320 0.3877
vn -0.4881 0.8720 -0.0385
vn -0.2635 0.8703 -0.4161
vn 0.0165 0.5469 0.8370
vn 0.0569 0.6948 0.7169
vn 0.0025 0.0978 0.9952
vn -0.4742 0.8549 0.2104
vn -0.9655 0.2504 0.0721
vn 0.9844 0.1201 0.1290
vn 0.9886 0.1071 0.1062
vn 0.8976 -0.0563 0.4372
vn 0.9532 0.1233 0.2759
vn 0.9169 0.1788 0.3569
vn -0.0366 -0.0898 0.9953
vn 0.3543 -0.2215 0.9085
vn 0.5915 -0.1154 0.7980
vn 0.2350 -0.0999 0.9669
vn 0.3870 0.1440 0.9108
vn 0.1079 0.3310 0.9375
vn -0.9988 -0.0335 0.0367
vn -0.9854 0.0392 -0.1657
vn -0.9798 -0.0355 -0.1970
vn 0.9957 0.0282 -0.0879
vn -0.8592 0.0297 0.5107
vn -0.3468 0.0016 0.9379
vn 0.6636 -0.0492 0.7465
vn -0.1807 0.1449 0.9728
vn 0.0654 -0.3077 -0.9492
vn 0.7977 -0.0228 -0.6027
vn -0.8272 0.0510 -0.5597
vn 0.2109 -0.3236 0.9224
vn 0.0290 -0.2713 0.9621
vn 0.3190 -0.3082 0.8962
vn 0.2870 -0.0863 0.9540
vn -0.4352 -0.1217 0.8921
vn -0.9032 0.2321 0.3611
vn 0.2117 -0.9773 -0.0005
vn 0.0791 -0.8329 -0.5477
vn 0.2397 -0.9133 -0.3294
vn -0.8669 -0.1970 -0.4578
vn -0.7537 -0.0207 -0.6569
vn -0.6623 -0.1652 0.7308
vn -0.2617 -0.4643 0.8462
vn 0.0696 -0.9966 -0.0439
vn 0.0407 -0.5882 0.8077
vn 0.1314 -0.9547 -0.2669
vn -0.9664 -0.2238 -0.1265
vn -0.6796 -0.1170 -0.7242
vn -0.5683 -0.7444 -0.3507
vn 0.5573 -0.6018 -0.5721
vn 0.2273 0.9400 -0.2546
vn -0.7354 0.6492 -0.1940
vn -0.1947 0.8876 0.4175
vn -0.9282 0.3705 -0.0354
vn -0.8740 0.3218 -0.3642
vn 0.4672 0.7744 0.4266
vn -0.2079 0.4382 -0.8745
vn 0.2977 0.8856 -0.3565
vn 0.0410 0.7254 -0.6871
vn 0.0020 -0.9922 -0.1244
vn -0.5949 -0.7053 0.3856
vn 0.1415 0.1221 0.9824
vn -0.0335 0.0726 0.9968
vn -0.9217 -0.3617 -0.1402
vn -0.9002 -0.2888 -0.3258
vn -0.9295 -0.3097 -0.2000
vn 0.2710 -0.7317 -0.6255
vn -0.2875 -0.8530 0.4355
vn -0.8380 -0.4411 -0.3212
vn 0.0247 0.9962 0.0838
vn -0.3679 0.9219 -0.1217
vn -0.0203 0.9662 -0.2569
vn 0.4656 0.8842 -0.0372
vn -0.0357 -0.0201 -0.9992
vn 0.2030 0.8808 -0.4278
vn 0.0514 0.9985 0.0177
vn 0.4932 0.8674 -0.0659
vn 0.4046 0.8835 0.2361
vn 0.2109 0.9695 0.1246
vn -0.5769 0.8158 0.0411
vn -0.3810 0.8410 0.3841
vn 0.0726 0.9921 0.1020
vn -0.8382 0.3471 0.4207
vn -0.5165 0.5149 0.6841
vn -0.2929 0.9207 0.2580
vn -0.1875 0.7801 0.5968
vn -0.3194 0.9466 -0.0447
vn -0.8527 0.4328 -0.2926
vn -0.0288 0.9996 0.0021
vn 0.3241 0.9164 0.2348
vn 0.5703 0.7950 -0.2065
vn 0.0078 0.7882 -0.6154
vn -0.0897 0.9188 -0.3844
vn -0.0497 0.9548 -0.2931
vn -0.0711 0.9877 0.1392
vn -0.0176 0.9962 -0.0856
vn 0.2279 0.9364 0.2667
vn 0.3071 0.9015 0.3049
vn 0.0900 0.9959 -0.0078
vn -0.1738 0.8370 0.5188
vn -0.0441 0.9978 0.0498
vn -0.2030 0.9785 -0.0368
vn 0.2417 -0.9703 0.0129
vn 0.5053 -0.6812 0.5298
vn -0.3121 -0.5288 -0.7893
vn -0.1168 -0.9932 -0.0022
vn 0.0896 -0.9956 0.0271
vn -0.1809 -0.9755 0.1248
vn -0.0038 -0.9888 -0.1489
vn -0.1406 -0.9850 0.0998
vn 0.2567 -0.9575 0.1318
vn 0.2083 0.1409 0.9679
vn 0.3046 -0.8446 0.4403
vn -0.9744 -0.0197 -0.2238
vn -0.9501 0.2641 -0.1662
vn 0.5278 -0.4238 -0.7361
vn 0.8480 -0.0385 -0.5286
vn -0.5674 0.1004 -0.8173
vn 0.2997 0.0158 0.9539
vn 0.9146 0.0583 0.4003
vn 0.9922 -0.0345 -0.1196
vn -0.0284 0.2036 0.9786
vn -0.8887 0.0425 0.4566
vn -0.0849 0.1755 0.9808
vn -0.5258 0.1815 -0.8310
vn 0.2971 0.0930 -0.9503
vn 0.1459 0.1200 -0.9820
vn -0.1536 0.1826 -0.9711
vn -0.2772 0.0376 -0.9601
vn -0.9831 0.0788 -0.1652
vn -0.9696 0.0764 -0.2324
vn 0.9653 0.0318 -0.2592
vn -0.9782 -0.0025 0.2078
vn 0.1243 -0.9898 0.0696
vn -0.5783 -0.8158 0.0059
vn -0.0844 -0.2685 -0.9596
vn -0.1975 -0.2678 0.9430
vn 0.0361 -0.6015 0.7981
vn 0.3905 -0.3711 0.8425
vn 0.0943 -0.6071 -0.7890
vn -0.9751 0.0653 -0.2121
vn -0.9995 -0.0328 0.0044
vn -0.6668 -0.7298 -0.1508
vn 0.6804 -0.7300 -0.0646
vn 0.0968 -0.9615 0.2571
vn -0.6918 -0.4747 -0.5441
vn 0.9561 -0.0019 0.2932
vn 0.6284 -0.5606 0.5393
vn 0.7033 -0.4138 0.5780
vn -0.3445 -0.0657 -0.9365
vn 0.0234 -0.5644 -0.8251
vn 0.1323 -0.2781 -0.9514
vn -0.3280 0.9445 0.0188
vn -0.2325 0.9668 -0.1061
vn -0.2065 0.6638 0.7188
vn -0.3495 0.3551 0.8670
vn -0.6534 -0.6939 -0.3027
vn 0.6408 -0.7232 -0.2578
vn 0.2778 -0.8964 -0.3454
vn -0.3044 -0.9322 -0.1957
vn -0.4228 0.8184 -0.3891
vn -0.1548 0.9785 -0.1363
vn -0.2525 0.8808 0.4005
vn 0.1221 0.7199 0.6833
vn -0.0077 0.9357 -0.3527
vn -0.7950 0.5455 0.2652
vn -0.9145 0.3590 0.1866
vn -0.3546 0.4371 0.8265
vn 0.5057 0.6136 0.6065
vn -0.4486 0.6695 -0.5920
vn -0.8425 0.4795 -0.2457
vn 0.6047 0.6249 -0.4938
vn 0.6850 0.5415 -0.4874
vn 0.6667 0.7146 -0.2117
vn 0.1175 0.9912 -0.0610
vn -0.7965 0.2995 0.5253
vn 0.3893 0.5545 0.7355
vn 0.1082 -0.0053 -0.9941
vn 0.0056 -0.0235 -0.9997
vn 0.0034 0.0578 -0.9983
vn -0.3837 0.1599 -0.9095
vn -0.2829 -0.0119 -0.9591
vn 0.0496 0.0844 -0.9952
vn 0.7207 -0.6815 -0.1275
vn 0.9389 -0.3340 -0.0835
vn -0.9148 -0.3947 -0.0860
vn -0.1948 -0.9235 -0.3305
vn -0.6452 -0.3798 -0.6629
vn -0.9946 -0.0282 0.0996
vn -0.9523 0.1795 -0.2469
vn -0.7782 -0.0394 0.6268
vn -0.7571 -0.5205 0.3947
vn -0.9368 -0.1960 0.2898
vn -0.0156 0.2425 0.9700
vn 0.3661 0.2146 0.9055
vn 0.0813 0.1914 0.9781
vn -0.9352 -0.0209 -0.3534
vn -0.8650 -0.0731 -0.4964
vn -0.9987 -0.0164 -0.0487
vn 0.1375 0.0481 -0.9893
vn 0.0373 -0.1338 -0.9903
vn 0.1993 0.0952 -0.9753
vn 0.0816 -0.0357 -0.9960
vn 0.0447 0.1164 -0.9922
vn 0.0224 -0.0157 -0.9996
vn 0.1207 0.1093 -0.9867
vn 0.5340 0.1900 0.8238
vn 0.1536 0.4725 0.8678
vn 0.5021 0.4268 0.7522
vn 0.9785 0.1928 0.0736
vn 0.9177 0.0175 0.3970
vn -0.4380 0.8989 0.0128
vn -0.4207 0.8343 -0.3563
vn -0.7812 0.6214 0.0605
vn -0.8932 0.4213 0.1571
vn -0.2495 0.9183 0.3073
vn 0.7261 -0.3159 -0.6107
vn 0.7556 -0.4304 0.4937
vn 0.1054 -0.9701 -0.2187
vn -0.5088 -0.7331 -0.4514
vn 0.4040 -0.4253 -0.8099
vn 0.3006 -0.9424 -0.1467
vn 0.5450 -0.8376 0.0369
vn -0.8537 -0.5086 -0.1122
vn -0.9128 0.1276 -0.3880
vn 0.9949 0.0562 0.0832
vn 0.4302 -0.6222 -0.6541
vn 0.5502 0.1546 -0.8206
vn 0.2263 -0.5670 -0.7920
vn -0.4987 -0.4113 0.7629
vn -0.9523 -0.3034 -0.0318
vn 0.0661 0.3876 0.9194
vn 0.8389 -0.5397 0.0710
vn 0.5786 -0.6012 -0.5512
vn 0.9879 -0.1542 -0.0187
vn 0.8908 -0.1353 0.4337
vn 0.2443 -0.5230 -0.8166
vn 0.4363 -0.2082 -0.8754
vn -0.3673 -0.5069 -0.7798
vn 0.9098 -0.4149 0.0059
vn -0.3287 -0.4529 -0.8288
vn -0.2069 -0.6730 -0.7101
vn 0.0496 -0.3852 -0.9215
vn -0.0272 -0.5386 -0.8421
vn 0.8806 -0.4734 -0.0207
vn -0.0086 -0.9900 0.1407
vn 0.0113 -0.9977 0.0672
vn -0.3676 -0.9172 0.1540
vn -0.0754 -0.9589 0.2735
vn -0.5478 -0.2973 0.7820
vn -0.1826 -0.8844 0.4295
vn 0.3600 -0.5208 0.7741
vn 0.1312 -0.8276 0.5458
vn 0.6995 -0.6350 0.3278
vn -0.5936 -0.3544 0.7225
vn -0.1494 -0.9726 0.1779
vn -0.1189 -0.2518 0.9604
vn -0.4013 -0.9157 0.0227
vn 0.0937 0.9807 0.1716
vn 0.5581 0.8252 -0.0872
vn 0.4163 0.4555 0.7869
vn -0.5813 -0.5925 -0.5576
vn -0.1604 0.9866 -0.0288
vn -0.0686 0.9933 0.0929
vn 0.0772 0.9957 -0.0507
vn -0.1524 0.9860 0.0682
vn -0.2699 0.9609 -0.0617
vn -0.3742 0.6442 0.6671
vn 0.0673 0.6978 0.7131
vn 0.5988 0.7060 0.3782
vn -0.8473 0.1024 0.5212
vn -0.7842 0.5613 0.2645
vn -0.8416 0.0795 -0.5342
vn -0.7493 -0.5987 0.2832
vn -0.0425 0.8860 -0.4617
vn 0.6419 0.7648 -0.0549
vn -0.4543 0.5810 0.6753
vn -0.1366 0.2849 0.9488
vn 0.7026 -0.2060 0.6811
vn 0.7206 -0.6803 0.1340
vn 0.7542 -0.4121 -0.5112
vn 0.4283 -0.6230 -0.6546
vn -0.0670 0.0413 -0.9969
vn 0.1005 -0.1248 -0.9871
vn 0.5022 0.4327 -0.7487
vn 0.8456 0.4385 -0.3044
vn 0.1681 -0.5032 -0.8477
vn 0.3308 -0.5658 -0.7553
vn 0.3568 0.3513 -0.8656
vn -0.4727 0.5382 -0.6978
vn -0.9566 -0.2820 0.0739
vn -0.1387 0.1207 0.9830
vn -0.0822 0.1381 0.9870
vn -0.0665 0.1700 0.9832
vn 0.1966 0.1166 0.9735
vn 0.1188 0.1816 0.9762
vn 0.0841 0.0906 0.9923
vn -0.0429 0.2017 0.9785
vn -0.0345 0.0539 0.9980
vn 0.0782 0.3704 0.9256
vn 0.0584 0.0719 0.9957
vn -0.1744 0.1468 0.9737
vn -0.1263 0.0679 0.9897
vn -0.0562 0.0888 0.9945
vn -0.3708 -0.2141 -0.9037
vn 0.1463 0.2041 -0.9680
vn -0.0122 0.6043 -0.7967
vn 0.0668 -0.0290 -0.9973
vn 0.3129 0.8564 -0.4108
vn -0.3792 0.8861 -0.2664
vn 0.5410 0.8406 -0.0287
vn -0.4218 0.9067 -0.0018
vn -0.1223 0.9703 0.2086
vn 0.0880 0.9950 0.0468
vn -0.0067 0.9942 -0.1069
vn 0.1003 0.9949 0.0046
vn 0.0996 0.8431 -0.5285
vn 0.0652 0.9868 0.1481
vn -0.6941 0.0105 0.7198
vn -0.6717 -0.0046 0.7408
vn -0.5034 0.0056 0.8640
vn 0.5410 -0.0288 0.8405
vn 0.3906 0.0170 0.9204
vn 0.6879 0.1120 0.7171
vn 0.4230 0.0013 0.9061
vn -0.3413 -0.0685 0.9375
vn 0.5868 0.0676 -0.8069
vn 0.6291 -0.0460 -0.7760
vn 0.0262 -0.0210 -0.9994
vn 0.7061 0.3533 -0.6137
vn -0.3243 -0.0948 -0.9412
vn -0.2104 0.0073 -0.9776
vn -0.4111 0.3371 -0.8470
vn 0.3857 -0.0878 -0.9184
vn -0.0752 -0.1147 -0.9905
vn 0.0681 0.5776 -0.8135
vn -0.3329 -0.4077 -0.8503
vn -0.0659 0.0121 -0.9978
vn 0.9512 -0.0209 -0.3078
vn -0.9690 -0.0181 -0.2466
vn -0.6130 -0.6538 -0.4437
vn -0.4201 -0.2913 -0.8595
vn -0.0033 -0.0119 -0.9999
vn 0.9307 -0.3146 -0.1865
vn 0.8093 0.2859 -0.5131
vn -0.8956 -0.4375 -0.0801
vn -0.9728 0.0322 -0.2295
vn -0.8189 -0.5586 -0.1319
vn -0.8317 0.2439 0.4988
vn -0.7990 0.1440 0.5839
vn -0.1080 0.0750 0.9913
vn 0.8456 -0.0619 0.5303
vn -0.9947 0.0038 -0.1024
vn -0.9178 0.0779 -0.3893
vn -0.4291 0.1200 -0.8952
vn -0.9322 -0.3570 0.0595
vn -0.9966 -0.0259 0.0782
vn -0.0228 -0.9075 -0.4194
vn 0.4353 -0.8954 -0.0934
vn -0.2425 -0.9224 0.3006
vn -0.3777 -0.8852 -0.2714
vn 0.0018 0.0195 -0.9998
vn 0.1949 -0.0425 -0.9799
vn 0.7969 0.5987 0.0802
vn 0.3749 0.6197 -0.6895
vn -0.3681 0.8977 -0.2421
vn -0.8881 0.4537 0.0742
vn -0.2272 0.2227 -0.9480
vn 0.0574 0.1346 -0.9892
vn 0.0313 -0.0002 -0.9995
vn -0.0796 0.1416 -0.9867
vn -0.1868 0.0988 0.9774
vn -0.2045 0.1672 0.9645
vn -0.1722 0.0985 0.9801
vn 0.4280 0.1106 0.8970
vn -0.0901 0.1820 0.9792
vn 0.9851 -0.1681 -0.0363
vn 0.8660 0.0191 -0.4998
vn 0.9449 0.3204 -0.0671
vn 0.9873 0.0030 0.1590
vn 0.9685 0.1000 -0.2281
vn -0.8446 0.4711 -0.2544
vn 0.2497 0.9674 -0.0426
vn -0.6155 0.7826 -0.0937
vn 0.3407 0.9292 0.1429
vn -0.5686 0.5029 0.6510
vn -0.6139 0.6904 0.3827
vn -0.5102 0.8167 0.2696
vn -0.4181 0.5572 0.7175
vn -0.9854 0.1277 -0.1124
vn -0.3786 0.3703 -0.8482
vn -0.2941 0.9143 -0.2785
vn -0.6654 0.7461 0.0261
vn 0.4007 0.7792 -0.4820
vn -0.3430 0.8425 -0.4153
vn 0.5484 0.8349 -0.0472
vn 0.0170 0.8652 0.5011
vn 0.1109 0.9740 -0.1978
vn -0.0252 0.9950 -0.0965
vn -0.0253 0.9809 -0.1929
vn -0.0676 0.1022 0.9925
vn -0.1193 0.2308 0.9657
vn 0.1012 0.8677 0.4867
vn -0.1523 0.7110 0.6865
vn -0.0137 0.9997 -0.0197
vn 0.1814 0.7364 0.6518
vn 0.7180 0.6521 0.2435
vn 0.6706 0.3454 0.6565
vn 0.0959 0.9630 0.2520
vn 0.1518 0.9869 0.0554
vn 0.0569 0.8582 0.5102
vn 0.0744 0.9972 0.0040
vn -0.0668 0.9615 0.2666
vn -0.1316 0.9910 0.0258
vn -0.7170 0.5307 -0.4520
vn -0.0031 0.9933 0.1154
vn -0.0689 0.9798 -0.1875
vn 0.5348 -0.8017 -0.2669
vn -0.1537 -0.9833 0.0970
vn 0.5486 -0.7842 -0.2900
vn -0.6839 -0.4344 -0.5862
vn 0.5363 -0.1606 -0.8286
vn -0.1929 -0.3419 -0.9197
vn -0.3073 -0.3824 -0.8714
vn -0.3594 -0.9326 -0.0337
vn -0.2038 -0.7537 0.6249
vn -0.0782 -0.4497 0.8897
vn 0.3132 -0.0691 0.9472
vn 0.4068 0.6967 0.5908
vn 0.9979 0.0405 -0.0510
vn 0.9778 0.2065 -0.0363
vn 0.7927 0.4093 -0.4518
vn 0.4374 0.3670 -0.8210
vn -0.0415 0.9916 0.1225
vn -0.2051 0.9759 0.0744
vn -0.6107 0.7162 0.3378
vn -0.9896 0.1012 0.1022
vn 0.2098 0.3380 0.9175
vn -0.9584 0.0242 0.2844
vn -0.4508 -0.8914 -0.0468
vn 0.4232 -0.3293 0.8441
vn 0.8390 -0.1008 0.5348
vn 0.9144 -0.2053 0.3490
vn -0.8776 0.3501 -0.3274
vn -0.9919 -0.0755 0.1025
vn 0.4575 0.1256 -0.8803
vn 0.4172 0.1380 -0.8983
vn 0.0033 0.0920 -0.9958
vn 0.1201 -0.0418 -0.9919
vn -0.0486 0.0553 -0.9973
vn 0.0737 0.0823 -0.9939
vn 0.2775 -0.1236 0.9527
vn -0.1569 0.0633 0.9856
vn -0.0732 0.1729 -0.9822
vn 0.1792 0.1314 -0.9750
vn 0.0181 0.2519 -0.9676
vn -0.4454 0.8418 0.3049
vn -0.3591 0.4994 0.7884
vn -0.6446 0.0863 0.7596
vn -0.7152 0.6961 -0.0625
vn 0.1216 0.7306 -0.6719
vn -0.7417 0.1218 -0.6595
vn -0.9451 0.3139 0.0911
vn -0.9399 0.1730 0.2943
vn -0.9636 -0.1190 -0.2395
vn -0.1747 0.4504 -0.8755
vn -0.0295 0.9948 -0.0978
vn 0.1525 0.8910 -0.4277
vn 0.2463 0.9678 -0.0522
vn -0.7347 0.6327 -0.2447
vn 0.3207 0.9324 0.1666
vn -0.1840 0.9829 0.0069
vn -0.1604 0.9541 0.2527
vn -0.5724 -0.7396 0.3541
vn -0.5900 -0.7980 -0.1230
vn -0.3105 -0.7921 -0.5254
vn -0.9000 -0.3569 -0.2504
vn 0.6629 -0.7486 -0.0130
vn 0.4261 -0.6577 0.6212
vn -0.2786 -0.8986 0.3389
vn -0.6530 -0.5882 -0.4771
vn 0.1540 -0.9488 -0.2758
vn -0.1256 -0.2878 -0.9494
vn -0.4845 -0.6924 -0.5347
vn 0.1108 -0.9409 0.3202
vn 0.5169 -0.1493 0.8430
vn 0.2778 -0.9605 -0.0165
vn 0.9773 0.1270 0.1698
vn 0.2757 -0.8180 -0.5048
vn -0.8766 -0.1397 0.4606
vn -0.9950 -0.0978 -0.0196
vn -0.5393 -0.3721 0.7555
vn 0.9999 -0.0145 -0.0068
vn 0.7261 0.2956 0.6208
vn 0.3517 -0.9013 0.2531
vn 0.1882 -0.5776 -0.7944
vn 0.4483 -0.3515 -0.8219
vn -0.1549 -0.8081 0.5683
vn -0.0542 -0.9539 -0.2953
vn 0.1847 -0.9342 0.3053
vn -0.5270 -0.8369 -0.1477
vn -0.8039 -0.1177 -0.5830
vn -0.4473 0.0658 -0.8920
vn -0.2730 -0.0006 0.9620
vn -0.0597 -0.0141 0.9981
vn 0.5371 -0.0825 -0.8395
vn 0.9719 -0.1272 0.1979
vn 0.9651 -0.2086 -0.1583
vn 0.9240 0.0832 0.3733
vn -0.7627 0.4435 0.4707
vn -0.7034 0.4153 -0.5768
vn -0.9067 0.0108 0.4217
vn -0.0084 0.0826 0.9965
vn 0.3976 0.2731 0.8760
vn 0.9221 0.0023 0.3870
vn -0.4777 -0.8785 -0.0087
vn -0.8543 -0.3646 -0.3705
vn -0.6732 -0.7341 -0.0885
vn -0.9131 -0.3570 -0.1972
vn 0.8886 -0.2889 0.3563
vn -0.4391 -0.0473 0.8972
vn -0.6333 -0.7522 0.1821
vn -0.2317 -0.9705 0.0668
vn -0.6722 -0.5723 0.4696
vn -0.3889 -0.9162 -0.0969
vn -0.0669 -0.9889 -0.1327
vn 0.2940 -0.9541 -0.0560
vn -0.0015 -0.9992 0.0411
vn 0.1626 -0.9730 0.1640
vn 0.1303 -0.9915 0.0040
vn -0.3059 -0.9492 -0.0739
vn -0.0505 -0.1427 -0.9885
vn -0.3548 -0.8866 -0.2968
vn 0.4769 -0.5412 -0.6926
vn 0.8889 -0.0163 -0.4578
vn 0.4288 -0.4329 0.7929
vn -0.8915 0.3172 0.3235
vn -0.6487 -0.5553 0.5204
vn -0.9109 0.1897 0.3665
vn -0.1982 0.9464 0.2552
vn -0.8263 -0.3943 0.4023
vn -0.1100 -0.5803 -0.8070
vn 0.1809 0.9606 -0.2109
vn 0.1578 0.7120 -0.6843
vn 0.1733 0.4956 -0.8511
vn 0.0669 -0.4023 -0.9131
vn -0.8361 0.3846 -0.3913
vn -0.1336 0.9713 0.1969
vn -0.8166 0.5756 0.0433
vn -0.3084 0.9224 0.2325
vn -0.5345 0.7711 -0.3458
vn -0.9278 0.3190 0.1936
vn 0.8573 0.3949 0.3302
vn 0.6075 0.4746 0.6369
vn 0.8591 0.4939 0.1346
vn 0.6052 0.4375 -0.6651
vn 0.5452 0.3198 -0.7749
vn 0.9929 0.0631 -0.1011
vn 0.8329 0.5533 0.0113
vn 0.9381 0.1551 0.3098
vn -0.2673 0.5574 0.7860
vn 0.1652 0.9849 0.0527
vn -0.9147 0.3356 -0.2251
vn -0.1958 0.6112 -0.7668
vn 0.9720 -0.2040 -0.1167
vn -0.2544 -0.6056 0.7540
vn -0.3111 -0.9468 0.0825
vn -0.6243 -0.7805 0.0336
vn -0.4649 -0.8633 0.1963
vn -0.3743 -0.9063 -0.1964
vn 0.0168 -0.9882 -0.1519
vn -0.0217 0.1954 0.9805
vn 0.0686 0.1263 0.9896
vn -0.6819 0.3619 -0.6357
vn -0.2225 0.3607 -0.9058
vn -0.4277 0.8070 -0.4073
vn -0.3749 -0.8524 0.3645
vn -0.5877 -0.5059 0.6313
vn -0.0208 -0.2141 0.9766
vn 0.4516 -0.5715 0.6851
vn 0.2187 -0.1879 0.9575
vn -0.9406 0.0847 -0.3287
vn -0.5177 -0.3341 0.7876
vn 0.5594 -0.1674 0.8118
vn -0.8973 -0.3007 0.3232
vn 0.2926 -0.6048 -0.7407
vn -0.1352 -0.8014 0.5827
vn -0.1146 -0.6245 0.7725
vn 0.1320 -0.8311 0.5402
vn 0.4762 -0.6484 0.5940
vn -0.1469 -0.8615 0.4860
vn -0.5595 -0.7222 -0.4067
vn -0.3346 -0.7493 0.5715
vn 0.5266 -0.5607 0.6390
vn -0.7945 -0.0158 -0.6071
vn -0.0745 -0.9258 0.3707
vn 0.1269 -0.2313 0.9646
vn 0.2305 -0.9557 -0.1829
vn 0.0296 -0.9627 0.2688
vn -0.9293 0.3473 0.1260
vn -0.0126 0.5446 0.8386
vn 0.8661 0.3070 0.3945
vn 0.5354 0.3717 -0.7584
vn -0.5190 0.4836 -0.7048
vn 0.9783 0.0016 0.2074
vn 0.9784 -0.1650 -0.1244
vn 0.8922 -0.4279 0.1446
vn 0.9979 -0.0634 0.0114
vn 0.9050 -0.3385 0.2577
vn -0.4587 0.6633 -0.5913
vn -0.3834 0.7537 0.5338
vn 0.3015 0.9484 -0.0982
vn 0.8720 0.4425 0.2093
vn 0.4445 -0.6546 0.6115
vn 0.9162 -0.3644 0.1667
vn -0.4065 0.9019 0.1461
vn 0.9792 0.1268 -0.1581
vn 0.1260 0.9777 -0.1682
vn -0.1261 0.9901 0.0621
vn -0.2048 0.9787 -0.0154
vn -0.3505 0.9353 0.0482
vn -0.1209 0.9393 0.3212
vn 0.0153 0.9728 0.2311
vn 0.0438 0.9990 -0.0030
vn 0.0359 0.9576 -0.2859
vn -0.4785 0.8741 0.0832
vn -0.3442 0.9091 -0.2347
vn -0.2743 0.9607 0.0427
vn 0.2241 0.9741 0.0312
vn 0.5758 0.8007 -0.1652
vn 0.5281 0.8483 0.0386
vn -0.2619 0.9649 -0.0182
vn 0.1663 -0.9470 0.2748
vn -0.0610 -0.9911 0.1182
vn -0.1746 -0.9742 0.1431
vn 0.1843 -0.9819 -0.0442
vn -0.3216 -0.9367 -0.1380
vn -0.0389 -0.9991 -0.0145
vn -0.1149 -0.7842 0.6098
vn -0.3502 -0.9165 -0.1935
vn 0.4964 -0.8291 -0.2571
vn -0.2391 -0.2260 0.9443
vn 0.9128 -0.0602 0.4039
vn 0.8773 -0.3631 0.3139
vn -0.8525 -0.3936 0.3440
vn 0.4981 -0.5691 -0.6542
vn -0.8211 -0.3899 -0.4169
vn -0.7214 -0.5418 -0.4314
vn -0.5619 -0.7864 0.2566
vn -0.7594 -0.5391 0.3643
vn -0.1047 -0.9457 -0.3078
vn -0.1706 -0.7623 -0.6244
vn 0.4175 -0.8285 0.3732
vn 0.7325 -0.5630 -0.3828
vn -0.0188 -0.5116 0.8590
vn -0.1128 -0.5221 0.8454
vn 0.2663 0.0354 0.9632
vn -0.8701 -0.4696 -0.1498
vn -0.9721 -0.0746 0.2223
vn 0.4563 -0.4891 0.7434
vn -0.7001 -0.5120 0.4977
vn -0.9696 0.2307 -0.0813
vn 0.3173 0.7453 -0.5863
vn 0.2834 0.5100 -0.8121
vn -0.4352 0.8983 -0.0606
vn -0.9943 0.1036 0.0237
vn -0.3637 0.9314 0.0163
vn 0.1952 0.9803 -0.0293
vn 0.3362 -0.4797 -0.8104
vn -0.9795 -0.1308 0.1531
vn -0.6460 0.7460 -0.1621
vn -0.9423 0.2320 0.2414
vn 0.9034 0.3125 -0.2937
vn 0.9768 -0.1201 -0.1773
vn -0.4244 0.8304 0.3610
vn -0.5928 0.7959 0.1227
vn -0.6531 0.6081 -0.4513
vn -0.7106 0.6586 0.2477
vn -0.3100 0.7949 -0.5216
vn -0.7395 0.2456 -0.6267
vn 0.0028 -0.0310 -0.9995
vn -0.3674 0.0448 -0.9290
vn -0.5106 -0.1793 0.8409
vn -0.2047 -0.6034 0.7707
vn -0.8726 -0.2934 0.3906
vn -0.5140 -0.5857 -0.6267
vn 0.6830 0.1687 -0.7107
vn -0.9425 -0.0668 -0.3274
vn 0.7147 0.4249 -0.5556
vn 0.4642 0.8848 -0.0411
vn 0.2095 0.8196 -0.5332
vn -0.4322 0.8738 0.2230
vn -0.5053 0.8595 -0.0766
vn -0.6287 0.7428 -0.2300
vn -0.9643 0.0816 -0.2518
vn -0.3909 0.7779 -0.4920
vn -0.4111 0.9061 -0.1001
vn -0.5633 0.8218 0.0853
vn 0.0885 0.8620 -0.4991
vn 0.4410 0.8497 -0.2889
vn -0.3199 0.9232 -0.2132
vn 0.0685 0.9815 0.1787
vn -0.9552 -0.1793 0.2356
vn -0.5337 -0.8347 0.1359
vn -0.1621 -0.9720 -0.1704
vn -0.0868 -0.9871 -0.1345
vn -0.2459 -0.9676 0.0572
vn -0.4877 -0.8583 -0.1594
vn -0.6901 -0.6937 -0.2060
vn 0.1327 -0.9854 0.1069
vn 0.0552 -0.8856 -0.4611
vn 0.5260 -0.5936 -0.6091
vn 0.7494 -0.5288 0.3984
vn 0.4267 -0.8933 0.1414
vn 0.4979 -0.4022 0.7684
vn 0.3674 -0.8384 0.4026
vn -0.8250 -0.5494 -0.1327
vn -0.5659 -0.6831 -0.4617
vn -0.5198 -0.7434 0.4210
vn -0.0135 -0.9742 -0.2253
vn 0.2955 -0.8351 0.4641
vn 0.2498 -0.6731 -0.6961
vn 0.5116 -0.8550 0.0851
vn 0.4717 -0.8803 0.0514
vn -0.0985 -0.9590 -0.2658
vn 0.2777 -0.8988 0.3393
vn 0.0907 -0.9802 0.1761
vn 0.7467 -0.6525 0.1290
vn 0.8763 -0.4763 0.0721
vn 0.2452 -0.9062 0.3445
vn 0.3093 -0.9500 0.0429
vn 0.2571 -0.9647 0.0561
vn -0.3866 -0.8528 -0.3510
vn 0.3213 -0.8477 -0.4221
vn 0.1059 -0.5636 -0.8192
vn 0.6435 -0.4931 -0.5855
vn 0.5564 -0.5725 -0.6023
vn -0.8337 -0.5198 0.1861
vn 0.2349 0.5038 0.8313
vn 0.6348 0.4631 -0.6184
vn 0.0440 -0.8629 -0.5035
vn 0.6690 -0.3664 -0.6467
vn 0.1110 -0.3057 -0.9456
vn 0.1120 -0.3584 -0.9268
vn 0.1152 -0.3283 -0.9375
vn -0.0403 -0.0506 -0.9979
vn 0.8377 0.2536 0.4837
vn 0.0503 0.6224 0.7811
vn 0.3342 0.4352 -0.8361
vn -0.0972 -0.0325 0.9947
vn 0.9110 0.2202 0.3488
vn 0.9271 0.0128 -0.3747
vn 0.0677 0.0596 -0.9959
vn 0.0375 0.2375 -0.9707
vn 0.1153 0.2545 -0.9602
vn -0.8941 -0.4071 0.1868
vn 0.1969 -0.9764 0.0888
vn -0.3037 -0.8604 -0.4092
vn -0.1264 -0.8535 0.5056
vn 0.2554 0.0598 0.9650
vn -0.3690 -0.0854 0.9255
vn -0.0137 -0.1907 0.9815
vn -0.2343 -0.9651 0.1168
vn -0.3450 -0.9378 0.0387
vn -0.3364 -0.9306 -0.1440
vn -0.0634 -0.8293 -0.5552
vn -0.1257 -0.9000 -0.4173
vn -0.7246 -0.6829 0.0929
vn -0.0013 -0.8039 -0.5947
vn 0.2213 -0.9720 -0.0785
vn -0.1831 0.9792 -0.0877
vn -0.2078 0.8781 0.4311
vn -0.7736 0.5773 -0.2612
vn -0.8561 0.4991 -0.1343
vn 0.3083 0.3998 -0.8632
vn -0.6500 0.3466 -0.6763
vn -0.3298 0.8537 -0.4031
vn -0.9444 -0.0697 -0.3213
vn 0.0002 -0.0586 0.9983
vn -0.9119 -0.1455 -0.3839
vn -0.7407 -0.0324 -0.6711
vn 0.0260 0.0097 -0.9996
vn -0.0895 0.0164 -0.9959
vn 0.9141 -0.1164 -0.3885
vn 0.9147 0.2787 -0.2927
vn 0.9100 0.4101 0.0608
vn 0.9330 0.1640 0.3204
vn 0.9752 0.1438 -0.1683
vn 0.8198 -0.0068 -0.5726
vn 0.8580 -0.3761 0.3498
vn 0.7027 0.4493 -0.5516
vn 0.7414 0.6683 0.0613
vn 0.3229 0.7766 0.5410
vn 0.2796 0.4606 0.8424
vn 0.1780 0.8112 0.5571
vn 0.3381 0.1383 0.9309
vn 0.8927 0.4224 0.1571
vn 0.5072 0.8489 -0.1488
vn 0.5994 0.6105 -0.5177
vn -0.5421 0.3169 -0.7783
vn 0.1806 0.9711 0.1560
vn 0.2206 0.8815 0.4175
vn -0.1527 0.9504 0.2710
vn 0.3180 0.9467 0.0511
vn -0.1705 -0.9426 0.2872
vn -0.8430 -0.4033 -0.3559
vn -0.5936 -0.6014 -0.5347
vn -0.2784 -0.8566 0.4344
vn 0.3964 -0.8017 -0.4474
vn 0.5576 -0.7107 0.4289
vn -0.9985 0.0271 0.0474
vn -0.7602 0.0892 -0.6436
vn 0.0477 -0.0050 -0.9989
vn -0.8159 -0.5239 -0.2446
vn 0.5266 -0.4392 -0.7279
vn 0.7031 -0.1395 -0.6972
vn -0.3101 -0.2157 -0.9259
vn -0.2023 -0.7717 -0.6029
vn 0.1377 -0.8819 0.4510
vn 0.9204 -0.0980 0.3785
vn 0.9647 -0.2275 0.1327
vn 0.7367 -0.6029 -0.3063
vn -0.9939 -0.0930 0.0598
vn -0.9465 -0.0686 0.3154
vn -0.8667 0.0675 -0.4943
vn 0.1683 -0.5961 -0.7851
vn -0.0704 -0.7398 0.6691
vn 0.0347 -0.3548 0.9343
vn 0.4997 -0.8542 0.1438
vn 0.8323 -0.4848 0.2686
vn 0.3664 -0.3691 0.8541
vn 0.9256 -0.0044 0.3784
vn 0.8424 -0.2203 0.4918
vn 0.1211 0.0535 -0.9912
vn 0.0141 -0.0191 -0.9997
vn -0.0546 0.0872 -0.9947
vn 0.9727 -0.1949 -0.1263
vn 0.1132 0.9007 0.4193
vn -0.0823 0.9964 -0.0200
vn 0.1519 0.9796 0.1313
vn 0.0906 0.9936 0.0678
vn 0.8308 0.5565 -0.0003
vn 0.5093 0.6082 -0.6089
vn 0.5172 0.8254 -0.2263
vn -0.1316 0.9882 0.0778
vn 0.2683 0.9630 0.0239
vn -0.0563 0.9109 -0.4088
vn -0.2617 0.8871 -0.3802
vn -0.3789 0.8693 0.3174
vn 0.0558 0.9291 0.3657
vn -0.4796 0.8739 0.0799
vn 0.1290 0.9902 -0.0534
vn 0.0162 0.9157 0.4016
vn 0.0652 0.9967 0.0474
vn 0.0226 0.9123 -0.4089
vn -0.0014 0.9981 0.0613
vn 0.0822 0.9873 0.1359
vn 0.0615 0.9883 0.1395
vn -0.0327 0.9917 0.1245
vn -0.0578 0.9977 -0.0350
vn 0.6847 0.6316 -0.3637
vn 0.2966 0.7066 -0.6425
vn 0.4537 0.4981 -0.7390
vn -0.0065 0.9893 0.1457
vn 0.0564 -0.8613 -0.5050
vn 0.6272 -0.7594 0.1728
vn -0.3602 -0.8979 0.2531
vn -0.9384 -0.2955 0.1792
vn -0.0825 -0.4271 -0.9004
vn 0.5524 -0.7972 -0.2438
vn -0.1656 -0.3899 -0.9058
vn 0.1508 -0.9723 0.1787
vn -0.1317 -0.6673 0.7331
vn -0.9730 -0.0909 -0.2123
vn 0.0285 -0.9905 0.1348
vn -0.3101 -0.9507 0.0007
vn 0.0434 -0.9899 -0.1353
vn -0.2117 -0.9501 -0.2290
vn -0.0851 0.9802 -0.1788
vn 0.7578 -0.2345 -0.6089
vn -0.1496 0.9580 -0.2447
vn -0.3158 0.8476 0.4264
vn 0.0416 0.9587 0.2814
vn 0.1012 0.9918 -0.0774
vn 0.0223 0.1977 -0.9800
vn 0.5305 0.8208 0.2119
vn 0.2431 0.9629 0.1169
vn 0.1561 0.9854 -0.0681
vn 0.2946 0.9153 -0.2748
vn 0.1425 0.9311 -0.3357
vn -0.0462 0.9788 0.1993
vn 0.0398 0.9968 0.0695
vn -0.6750 -0.6535 -0.3425
vn -0.3256 -0.8081 0.4909
vn 0.6768 -0.7340 0.0558
vn -0.5983 -0.5784 -0.5545
vn 0.1328 -0.7399 0.6595
vn 0.2067 -0.8929 -0.4001
vn -0.2852 -0.5699 -0.7706
vn 0.3188 -0.9175 -0.2378
vn -0.3955 -0.8664 -0.3050
vn 0.2090 -0.6069 -0.7668
vn 0.9594 0.0652 0.2743
vn 0.8824 -0.3327 -0.3326
vn 0.8048 -0.4221 0.4173
vn -0.2917 0.1074 0.9504
vn -0.0513 0.1360 0.9894
vn -0.0494 0.2188 0.9745
vn -0.0073 0.0383 0.9992
vn -0.0546 0.0220 0.9983
vn 0.1134 0.9931 -0.0303
vn 0.0433 0.9940 -0.1009
vn 0.0133 0.9997 -0.0205
vn 0.0301 0.7359 -0.6765
vn 0.2385 0.8605 -0.4503
vn 0.0189 0.4989 -0.8665
vn -0.0650 0.2961 -0.9529
vn 0.3633 0.5930 -0.7186
vn 0.2164 0.6834 -0.6972
vn 0.0641 0.4027 -0.9131
vn -0.8496 -0.0873 -0.5201
vn -0.7371 0.0527 0.6738
vn -0.3451 0.0699 -0.9359
vn 0.2298 -0.3274 -0.9165
vn 0.0295 -0.9984 0.0477
vn 0.0539 -0.6554 -0.7534
vn -0.5109 -0.4896 -0.7066
vn 0.6872 -0.7253 -0.0405
vn 0.3369 -0.9335 0.1226
vn 0.1145 0.9398 -0.3219
vn 0.2473 0.9657 -0.0795
vn -0.6925 -0.6911 -0.2069
vn 0.1509 -0.9042 -0.3995
vn 0.0338 -0.6367 -0.7704
vn 0.4669 -0.8805 0.0817
vn -0.1674 -0.9159 -0.3649
vn 0.4932 -0.8149 0.3044
vn -0.1784 -0.7118 -0.6794
vn -0.1948 -0.7459 -0.6369
vn -0.2258 -0.9585 -0.1742
vn 0.0039 -0.9974 -0.0715
vn -0.9593 -0.2295 -0.1646
vn 0.7766 0.2850 -0.5619
vn 0.4559 -0.8629 0.2181
vn 0.6917 0.5739 0.4384
vn -0.1096 -0.9113 -0.3970
vn -0.0544 0.0986 -0.9936
vn 0.4020 -0.0815 -0.9120
vn 0.8837 0.4050 0.2345
vn 0.9002 0.3305 -0.2834
vn 0.3298 -0.4925 0.8054
vn 0.3435 -0.9391 -0.0113
vn 0.0843 0.9677 -0.2376
vn 0.9776 -0.0175 0.2099
vn -0.4083 0.5467 -0.7310
vn -0.5625 -0.4002 0.7235
vn -0.7036 0.1039 0.7030
vn -0.9633 0.2308 -0.1374
vn -0.4156 0.9095 0.0090
vn 0.6619 0.7440 0.0911
vn 0.1317 0.9890 0.0679
vn -0.0967 0.9945 0.0412
vn -0.4024 0.8746 0.2706
vn -0.0630 0.9960 -0.0641
vn -0.1541 0.9559 -0.2501
vn -0.0330 0.9990 -0.0297
vn 0.0568 0.9882 0.1422
vn 0.0954 0.9894 0.1095
vn -0.0808 0.9962 -0.0312
vn 0.1964 0.7017 -0.6849
vn 0.0387 0.9351 -0.3524
vn 0.0060 -0.9783 0.2073
vn 0.2621 -0.8713 -0.4149
vn -0.1447 -0.5236 -0.8396
vn 0.2225 -0.9247 0.3088
vn 0.4189 -0.8595 -0.2928
vn 0.1646 -0.9665 -0.1972
vn -0.2117 -0.6418 -0.7371
vn -0.9120 -0.4081 0.0414
vn -0.7041 -0.0949 0.7037
vn -0.5169 0.0031 0.8560
vn 0.1754 -0.9822 -0.0677
vn 0.8218 -0.5315 0.2055
vn -0.8876 -0.4033 0.2224
vn 0.3288 0.9371 -0.1172
vn -0.6370 0.7346 0.2336
vn -0.0315 0.0792 -0.9964
vn 0.1762 0.1068 -0.9786
vn 0.9593 -0.0904 -0.2676
vn 0.6954 -0.1156 0.7092
vn 0.2018 0.6369 0.7440
vn 0.1369 0.3583 0.9235
vn 0.0118 0.8546 -0.5192
vn 0.7913 0.6084 -0.0606
vn 0.9254 0.3262 0.1930
vn -0.9866 0.0384 0.1583
vn -0.3855 0.8816 -0.2723
vn 0.1131 -0.9244 -0.3642
vn -0.0618 -0.9954 0.0734
vn -0.4782 -0.8499 -0.2212
vn -0.7022 -0.6238 -0.3433
vn 0.4167 -0.8459 -0.3329
vn -0.0101 -0.9989 0.0468
vn 0.2308 -0.9016 0.3659
vn -0.0991 -0.0874 0.9912
vn 0.8782 0.0866 0.4704
vn 0.7712 -0.4256 -0.4734
vn 0.5255 -0.7056 -0.4753
vn -0.2353 -0.9626 -0.1340
vn -0.3841 -0.9232 -0.0157
vn 0.1233 -0.9323 0.3399
vn -0.3908 -0.9168 0.0818
vn -0.2643 0.9514 0.1582
vn -0.3781 -0.4875 -0.7870
vn -0.9628 0.0998 0.2512
vn -0.6604 0.7464 0.0827
vn -0.3530 0.2139 -0.9108
vn 0.6882 0.7232 -0.0584
vn 0.2920 0.8469 0.4444
vn -0.2430 -0.9436 -0.2249
vn 0.4185 -0.8631 -0.2826
vn -0.6993 -0.7147 0.0134
vn 0.1549 -0.9034 0.3998
vn -0.6204 -0.7755 0.1169
vn 0.2538 -0.1142 0.9605
vn 0.6619 -0.7435 0.0950
vn 0.4204 -0.4463 0.7900
vn -0.2611 0.8865 -0.3820
vn 0.3592 0.6317 0.6869
vn 0.5029 0.8486 -0.1641
vn -0.0681 -0.6406 -0.7648
vn 0.1806 -0.2118 -0.9605
vn -0.9324 0.3594 0.0379
vn 0.6872 -0.7119 0.1449
vn -0.6075 0.3015 0.7348
vn -0.0804 0.9960 0.0396
vn 0.0907 -0.9889 -0.1177
vn 0.2829 -0.8807 0.3800
vn 0.5713 0.7921 0.2150
vn 0.7986 0.3013 0.5210
vn -0.9008 0.1222 0.4168
vn 0.8605 0.5050 0.0671
vn -0.4138 0.6049 -0.6803
vn 0.6280 -0.6921 0.3558
vn 0.5829 -0.7191 -0.3784
vn -0.1250 0.0878 -0.9883
vn -0.7572 0.3731 0.5361
vn 0.0607 0.9336 0.3532
vn 0.1212 0.8106 -0.5730
vn 0.1108 0.9403 -0.3218
vn -0.0845 0.9929 0.0838
vn -0.0049 0.9537 0.3008
vn 0.2505 -0.9651 0.0770
vn -0.4305 -0.9010 0.0528
vn 0.4488 -0.8790 0.1609
vn -0.3521 -0.9306 -0.1005
vn 0.4933 -0.8655 -0.0872
vn 0.5242 -0.4549 0.7199
vn -0.1304 -0.6252 0.7695
vn -0.0596 -0.9566 -0.2853
vn 0.3782 -0.7092 -0.5950
vn -0.1535 -0.9477 -0.2800
vn 0.4199 -0.6883 -0.5915
vn -0.6753 -0.2562 -0.6916
vn 0.8870 0.1562 -0.4345
vn 0.4259 0.3921 -0.8154
vn 0.9851 0.1194 -0.1234
vn 0.9153 0.3060 -0.2619
vn 0.0444 0.9969 0.0654
vn 0.1173 0.9502 -0.2886
vn 0.1194 0.9895 -0.0817
vn 0.2560 0.9629 -0.0849
vn -0.0533 0.9985 0.0125
vn 0.3092 0.9340 0.1791
vn -0.1943 0.9665 0.1677
vn -0.1275 -0.9913 -0.0322
vn -0.4498 -0.8838 0.1285
vn 0.7744 0.6286 -0.0721
vn 0.9746 -0.1721 0.1434
vn -0.0380 0.9787 0.2018
vn 0.0739 -0.9969 0.0271
vn 0.2116 -0.9245 -0.3171
vn 0.0473 0.9786 -0.2004
vn 0.1974 -0.9722 -0.1261
vn -0.1275 -0.9511 -0.2813
vn 0.0045 -0.9913 -0.1315
vn 0.5043 -0.6402 0.5795
vn 0.1826 -0.5681 0.8024
vn 0.0792 0.8338 0.5464
vn 0.4329 0.3023 -0.8493
vn 0.3225 0.4816 -0.8149
vn -0.1693 0.9608 -0.2197
vn -0.0525 -0.9552 0.2913
vn 0.2281 0.9575 0.1765
vn 0.2155 0.9749 0.0562
vn 0.6407 0.6618 -0.3893
vn 0.1008 0.9101 -0.4019
vn 0.7512 0.1988 -0.6294
vn -0.3757 -0.9172 -0.1325
vn -0.9388 -0.1221 0.3221
vn -0.5389 0.7983 -0.2690
vn 0.0245 0.9921 -0.1232
vn -0.4129 -0.9001 0.1391
vn 0.2633 -0.7949 0.5467
vn 0.0209 -0.9800 0.1978
vn -0.0972 -0.9887 -0.1138
vn -0.3011 -0.9428 -0.1433
vn 0.2625 -0.9382 0.2257
vn 0.1942 -0.9527 -0.2338
vt 0.649731 0.021432
vt 0.657735 0.027837
vt 0.641093 0.030076
vt 0.656333 0.007244
vt 0.666715 0.014446
vt 0.634503 0.009456
vt 0.628567 0.021947
vt 0.613363 0.028234
vt 0.613836 0.005153
vt 0.856407 0.943212
vt 0.836102 0.955741
vt 0.829093 0.946225
vt 0.846019 0.932996
vt 0.829093 0.933353
vt 0.701173 0.512664
vt 0.722564 0.502904
vt 0.718022 0.521208
vt 0.706361 0.498302
vt 0.711481 0.534906
vt 0.656031 0.518538
vt 0.639744 0.505613
vt 0.658085 0.497806
vt 0.973751 0.633084
vt 0.969446 0.651216
vt 0.963661 0.642136
vt 0.997736 0.569914
vt 0.997736 0.590427
vt 0.989845 0.582776
vt 0.908796 0.260638
vt 0.938016 0.260455
vt 0.921676 0.268717
vt 0.625654 0.519528
vt 0.629350 0.512165
vt 0.964415 0.591547
vt 0.970961 0.593144
vt 0.963661 0.608795
vt 0.554752 0.800477
vt 0.547783 0.826988
vt 0.545180 0.795638
vt 0.447201 0.921132
vt 0.448583 0.935639
vt 0.438032 0.928828
vt 0.439740 0.899190
vt 0.426131 0.906330
vt 0.424472 0.925403
vt 0.424137 0.936231
vt 0.787431 0.357373
vt 0.802031 0.371322
vt 0.773517 0.386464
vt 0.694531 0.759325
vt 0.683255 0.770327
vt 0.683122 0.755580
vt 0.598710 0.524022
vt 0.625065 0.524330
vt 0.598212 0.529283
vt 0.625654 0.536614
vt 0.611676 0.512285
vt 0.990413 0.245024
vt 0.990154 0.261400
vt 0.979053 0.256649
vt 0.954984 0.107370
vt 0.967651 0.123190
vt 0.948334 0.119255
vt 0.990949 0.214379
vt 0.983248 0.221757
vt 0.979444 0.206351
vt 0.639029 0.622583
vt 0.634025 0.613222
vt 0.641689 0.602225
vt 0.800280 0.525026
vt 0.817367 0.507556
vt 0.821380 0.517486
vt 0.621555 0.599643
vt 0.631882 0.587756
vt 0.622532 0.399808
vt 0.620809 0.410055
vt 0.612196 0.409441
vt 0.193104 0.560261
vt 0.182744 0.545733
vt 0.188580 0.525319
vt 0.206406 0.530193
vt 0.179463 0.518818
vt 0.210508 0.513429
vt 0.615616 0.371385
vt 0.173961 0.490194
vt 0.182750 0.483967
vt 0.195716 0.500161
vt 0.204907 0.486274
vt 0.224504 0.486900
vt 0.618867 0.357479
vt 0.622789 0.364711
vt 0.459420 0.901747
vt 0.469907 0.903359
vt 0.453828 0.911173
vt 0.448583 0.902569
vt 0.964372 0.091956
vt 0.952737 0.091956
vt 0.963509 0.101763
vt 0.701611 0.960998
vt 0.716397 0.965642
vt 0.706607 0.969232
vt 0.937112 0.189454
vt 0.940976 0.159958
vt 0.957225 0.188874
vt 0.954105 0.160753
vt 0.937112 0.141966
vt 0.771497 0.445138
vt 0.780459 0.465400
vt 0.765642 0.455328
vt 0.767778 0.473271
vt 0.982529 0.802814
vt 0.974897 0.813841
vt 0.963071 0.797865
vt 0.973783 0.790880
vt 0.981014 0.665194
vt 0.984354 0.684265
vt 0.970218 0.678838
vt 0.749920 0.507482
vt 0.758507 0.491215
vt 0.768828 0.507292
vt 0.770436 0.517855
vt 0.752482 0.517327
vt 0.825427 0.536432
vt 0.831437 0.525084
vt 0.832528 0.536432
vt 0.955154 0.860236
vt 0.944435 0.863236
vt 0.957809 0.849046
vt 0.851505 0.314094
vt 0.861965 0.312954
vt 0.858238 0.355253
vt 0.840593 0.338693
vt 0.372903 0.258673
vt 0.362576 0.235045
vt 0.375843 0.253846
vt 0.727978 0.655427
vt 0.704140 0.669346
vt 0.707037 0.658464
vt 0.716540 0.457301
vt 0.706365 0.461170
vt 0.715954 0.433060
vt 0.684958 0.667641
vt 0.679381 0.662396
vt 0.341573 0.934049
vt 0.338202 0.913222
vt 0.360559 0.910866
vt 0.027307 0.930487
vt 0.040312 0.940878
vt 0.023734 0.944607
vt 0.807258 0.961414
vt 0.817240 0.968596
vt 0.811188 0.973147
vt 0.033918 0.958315
vt 0.048927 0.960548
vt 0.346342 0.896260
vt 0.335792 0.907193
vt 0.048464 0.967371
vt 0.688432 0.417370
vt 0.704204 0.410316
vt 0.693668 0.429119
vt 0.935419 0.155085
vt 0.937112 0.189454
vt 0.927645 0.181155
vt 0.121757 0.064331
vt 0.129142 0.049239
vt 0.135323 0.056379
vt 0.921078 0.156428
vt 0.910872 0.174843
vt 0.134907 0.077175
vt 0.147274 0.095686
vt 0.112119 0.091520
vt 0.112949 0.107167
vt 0.144345 0.105384
vt 0.139823 0.121273
vt 0.136111 0.150462
vt 0.113894 0.144307
vt 0.556037 0.455243
vt 0.550724 0.445146
vt 0.587633 0.445047
vt 0.668068 0.922422
vt 0.681271 0.930142
vt 0.644308 0.929584
vt 0.655462 0.886869
vt 0.644308 0.915613
vt 0.989477 0.774776
vt 0.981147 0.788568
vt 0.981147 0.758283
vt 0.962268 0.827447
vt 0.953192 0.845136
vt 0.947396 0.832115
vt 0.940800 0.845422
vt 0.934156 0.815397
vt 0.817451 0.536594
vt 0.809833 0.530457
vt 0.817451 0.525084
vt 0.962268 0.807935
vt 0.955822 0.821260
vt 0.212088 0.726005
vt 0.195965 0.725669
vt 0.205213 0.714036
vt 0.934470 0.132901
vt 0.922117 0.132901
vt 0.926557 0.119729
vt 0.169065 0.730269
vt 0.161054 0.743916
vt 0.167161 0.694532
vt 0.153550 0.739489
vt 0.155827 0.703677
vt 0.107504 0.910840
vt 0.091806 0.913335
vt 0.094024 0.896634
vt 0.943577 0.615981
vt 0.945722 0.632955
vt 0.933243 0.616646
vt 0.976549 0.552774
vt 0.987828 0.541040
vt 0.987828 0.559853
vt 0.877729 0.984750
vt 0.885403 0.991958
vt 0.877729 0.999163
vt 0.616741 0.924264
vt 0.597065 0.939154
vt 0.592708 0.923347
vt 0.202584 0.695203
vt 0.187675 0.671844
vt 0.208408 0.668129
vt 0.496671 0.307568
vt 0.496539 0.294011
vt 0.512259 0.303505
vt 0.179342 0.692802
vt 0.179328 0.658210
vt 0.731997 0.012774
vt 0.738083 0.012663
vt 0.731539 0.040291
vt 0.738562 0.040370
vt 0.029689 0.073782
vt 0.011718 0.067066
vt 0.038899 0.064531
vt 0.204367 0.652268
vt 0.174672 0.644905
vt 0.168499 0.667461
vt 0.518953 0.322563
vt 0.527611 0.297376
vt 0.540712 0.315807
vt 0.521423 0.329814
vt 0.019443 0.098529
vt 0.007995 0.100195
vt 0.010767 0.141251
vt 0.605138 0.140858
vt 0.622320 0.135108
vt 0.623469 0.148203
vt 0.619712 0.122258
vt 0.609728 0.132523
vt 0.598170 0.137798
vt 0.591493 0.123881
vt 0.626254 0.105686
vt 0.606521 0.099608
vt 0.623182 0.096094
vt 0.584873 0.154186
vt 0.576252 0.146705
vt 0.580257 0.113977
vt 0.594363 0.099167
vt 0.574801 0.096256
vt 0.609592 0.091834
vt 0.623793 0.083922
vt 0.587596 0.086436
vt 0.601439 0.044825
vt 0.620093 0.046685
vt 0.621638 0.055681
vt 0.593412 0.057322
vt 0.586031 0.052029
vt 0.578858 0.085356
vt 0.588225 0.073976
vt 0.549626 0.944928
vt 0.542557 0.922506
vt 0.554154 0.926856
vt 0.283258 0.844434
vt 0.276708 0.873421
vt 0.273717 0.843037
vt 0.294924 0.851281
vt 0.291100 0.872070
vt 0.302501 0.867386
vt 0.474232 0.878296
vt 0.486449 0.834868
vt 0.492778 0.878926
vt 0.287157 0.329122
vt 0.275420 0.320496
vt 0.309788 0.311236
vt 0.297970 0.331017
vt 0.299093 0.342943
vt 0.318849 0.332553
vt 0.516654 0.713779
vt 0.499006 0.722384
vt 0.497929 0.702123
vt 0.515769 0.683243
vt 0.740025 0.211028
vt 0.754984 0.199441
vt 0.769271 0.214745
vt 0.753385 0.170229
vt 0.777172 0.190990
vt 0.352070 0.851984
vt 0.341246 0.845282
vt 0.353463 0.825702
vt 0.368408 0.825476
vt 0.381505 0.836479
vt 0.365499 0.848323
vt 0.762132 0.425929
vt 0.752826 0.407709
vt 0.766424 0.409197
vt 0.737800 0.392896
vt 0.802891 0.402336
vt 0.750068 0.379276
vt 0.764515 0.366310
vt 0.598472 0.760718
vt 0.595807 0.782120
vt 0.582065 0.764566
vt 0.962133 0.933131
vt 0.983468 0.924035
vt 0.981969 0.937641
vt 0.962133 0.914812
vt 0.805184 0.198873
vt 0.799426 0.183921
vt 0.817269 0.178407
vt 0.016885 0.633213
vt 0.001281 0.647040
vt 0.012839 0.617021
vt 0.327909 0.798609
vt 0.305881 0.803665
vt 0.315310 0.788260
vt 0.469097 0.933914
vt 0.461660 0.918433
vt 0.448583 0.935420
vt 0.990949 0.192061
vt 0.049601 0.784930
vt 0.033133 0.788882
vt 0.031693 0.779390
vt 0.582384 0.720459
vt 0.578867 0.710390
vt 0.595306 0.707085
vt 0.195282 0.948869
vt 0.182958 0.961047
vt 0.191213 0.940488
vt 0.989981 0.223855
vt 0.989981 0.245009
vt 0.978788 0.230572
vt 0.267406 0.798497
vt 0.248117 0.786129
vt 0.257087 0.778669
vt 0.667272 0.678862
vt 0.656601 0.692324
vt 0.657835 0.673391
vt 0.898554 -0.000000
vt 0.909717 0.005539
vt 0.886929 0.017031
vt 0.792657 0.625143
vt 0.785073 0.612896
vt 0.797995 0.610324
vt 0.847395 0.790485
vt 0.841044 0.802393
vt 0.832333 0.786840
vt 0.826080 0.811260
vt 0.146930 0.023000
vt 0.145035 0.054034
vt 0.137064 0.022342
vt 0.155268 0.053634
vt 0.141128 0.069331
vt 0.823929 0.688576
vt 0.824744 0.705793
vt 0.814864 0.688211
vt 0.146926 0.152646
vt 0.374299 0.277414
vt 0.398468 0.290539
vt 0.383171 0.299786
vt 0.250898 0.769065
vt 0.267406 0.772576
vt 0.250590 0.778669
vt 0.708918 0.351279
vt 0.717966 0.354574
vt 0.703894 0.363422
vt 0.228855 0.776240
vt 0.228123 0.767906
vt 0.215487 0.763960
vt 0.129190 0.346428
vt 0.117318 0.359386
vt 0.099871 0.345522
vt 0.767277 0.650816
vt 0.773967 0.647981
vt 0.774412 0.659555
vt 0.111010 0.387918
vt 0.118396 0.378530
vt 0.122429 0.396645
vt 0.706523 0.481057
vt 0.985268 0.102373
vt 0.993187 0.106263
vt 0.985268 0.128728
vt 0.686317 0.497524
vt 0.711960 0.497806
vt 0.999680 0.128728
vt 0.993188 0.119172
vt 0.999680 0.112939
vt 0.738941 0.953009
vt 0.738538 0.964868
vt 0.724535 0.954205
vt 0.897965 0.128909
vt 0.881567 0.140244
vt 0.881567 0.119633
vt 0.999085 0.397555
vt 0.999085 0.415250
vt 0.993063 0.402230
vt 0.035335 0.932891
vt 0.048927 0.930645
vt 0.109599 0.184380
vt 0.139896 0.175102
vt 0.128477 0.212911
vt 0.104548 0.212266
vt 0.115095 0.228301
vt 0.127315 0.256904
vt 0.108902 0.264712
vt 0.136819 0.231288
vt 0.924230 0.107703
vt 0.936720 0.101712
vt 0.942257 0.115965
vt 0.923925 0.091895
vt 0.558759 0.369517
vt 0.561262 0.355662
vt 0.584383 0.369643
vt 0.541021 0.883923
vt 0.544997 0.865923
vt 0.550171 0.877851
vt 0.883185 0.698088
vt 0.898976 0.675028
vt 0.891406 0.691789
vt 0.906152 0.706186
vt 0.921658 0.689474
vt 0.991009 0.839326
vt 0.998688 0.842718
vt 0.991009 0.856070
vt 0.267406 0.902248
vt 0.253381 0.914169
vt 0.258579 0.899962
vt 0.094074 0.114993
vt 0.097187 0.159711
vt 0.083315 0.126326
vt 0.096321 0.176565
vt 0.092804 0.245061
vt 0.083308 0.270320
vt 0.073117 0.250044
vt 0.096406 0.286364
vt 0.078669 0.303459
vt 0.094438 0.312205
vt 0.074468 0.318146
vt 0.076650 0.508621
vt 0.087583 0.498049
vt 0.091864 0.511524
vt 0.386745 0.162674
vt 0.385122 0.148985
vt 0.399731 0.138959
vt 0.425901 0.173786
vt 0.437222 0.203524
vt 0.422675 0.193962
vt 0.417223 0.097788
vt 0.403742 0.106720
vt 0.386678 0.093586
vt 0.407671 0.114596
vt 0.401282 0.120075
vt 0.412919 0.123127
vt 0.376783 0.050991
vt 0.401451 0.055639
vt 0.377576 0.064394
vt 0.390869 0.072975
vt 0.427937 0.081959
vt 0.424221 0.115935
vt 0.438226 0.115355
vt 0.419567 0.134689
vt 0.435628 0.142408
vt 0.071324 0.466230
vt 0.059698 0.474546
vt 0.033076 0.474826
vt 0.037864 0.486831
vt 0.038903 0.509034
vt 0.019646 0.499413
vt 0.460301 0.137133
vt 0.462869 0.160803
vt 0.472829 0.159441
vt 0.460567 0.175581
vt 0.487120 0.199513
vt 0.521105 0.745441
vt 0.526312 0.751759
vt 0.515710 0.755834
vt 0.432237 0.483673
vt 0.399843 0.476019
vt 0.409582 0.467940
vt 0.978446 0.058355
vt 0.989818 0.085876
vt 0.978446 0.090829
vt 0.405784 0.486998
vt 0.426229 0.499028
vt 0.526023 0.760457
vt 0.395511 0.488880
vt 0.387349 0.478262
vt 0.087841 0.882018
vt 0.091806 0.894160
vt 0.079470 0.884149
vt 0.091586 0.917461
vt 0.829093 0.987414
vt 0.829093 0.962562
vt 0.842126 0.972147
vt 0.478528 0.489007
vt 0.481752 0.528921
vt 0.459936 0.507967
vt 0.467717 0.544027
vt 0.446480 0.537784
vt 0.447607 0.515863
vt 0.478829 0.558936
vt 0.449487 0.568732
vt 0.429555 0.532630
vt 0.435845 0.550005
vt 0.423700 0.556972
vt 0.412909 0.534062
vt 0.437512 0.562825
vt 0.478537 0.597373
vt 0.462536 0.581161
vt 0.686707 0.218327
vt 0.686633 0.256619
vt 0.674406 0.244283
vt 0.721367 0.178896
vt 0.719100 0.154082
vt 0.727449 0.160023
vt 0.705144 0.170384
vt 0.693980 0.167576
vt 0.696191 0.160966
vt 0.686645 0.176191
vt 0.679049 0.198293
vt 0.675820 0.176542
vt 0.685418 0.141042
vt 0.680921 0.159467
vt 0.659473 0.238165
vt 0.664908 0.249780
vt 0.648878 0.244068
vt 0.646544 0.261389
vt 0.637550 0.253348
vt 0.636608 0.237111
vt 0.646739 0.232633
vt 0.638832 0.227832
vt 0.626966 0.247381
vt 0.641149 0.967563
vt 0.628783 0.974363
vt 0.632837 0.960831
vt 0.986948 0.579019
vt 0.976549 0.563249
vt 0.989845 0.559853
vt 0.740906 0.172971
vt 0.735318 0.158491
vt 0.315669 0.849755
vt 0.313116 0.874991
vt 0.329303 0.869867
vt 0.727636 0.765810
vt 0.710601 0.786835
vt 0.714827 0.755949
vt 0.152204 0.993958
vt 0.145171 0.998381
vt 0.145171 0.985856
vt 0.113801 0.652918
vt 0.109392 0.667016
vt 0.087119 0.659799
vt 0.084389 0.650959
vt 0.095400 0.739644
vt 0.099023 0.752738
vt 0.084703 0.751538
vt 0.862134 0.609057
vt 0.869658 0.615848
vt 0.866751 0.627187
vt 0.852067 0.621915
vt 0.091423 0.692442
vt 0.096759 0.718576
vt 0.082098 0.712281
vt 0.353711 0.802518
vt 0.905068 0.500831
vt 0.916293 0.502081
vt 0.900848 0.525026
vt 0.391000 0.817995
vt 0.400431 0.816642
vt 0.399119 0.836013
vt 0.804171 0.279584
vt 0.807015 0.292820
vt 0.775924 0.294237
vt 0.799999 0.252388
vt 0.783348 0.240830
vt 0.804961 0.243583
vt 0.808929 0.504853
vt 0.597423 0.394002
vt 0.606332 0.357089
vt 0.888248 0.721796
vt 0.882973 0.731933
vt 0.881808 0.718886
vt 0.917731 0.710845
vt 0.920219 0.735216
vt 0.908057 0.720521
vt 0.934156 0.845422
vt 0.821448 0.546103
vt 0.830297 0.573343
vt 0.821579 0.565427
vt 0.154163 0.213331
vt 0.800440 0.686263
vt 0.807674 0.699778
vt 0.794577 0.705109
vt 0.976807 0.136623
vt 0.980908 0.145116
vt 0.962278 0.154459
vt 0.730131 0.978094
vt 0.738699 0.987927
vt 0.726968 0.987927
vt 0.959685 0.142857
vt 0.960309 0.152297
vt 0.950862 0.136623
vt 0.798813 0.649332
vt 0.801822 0.634897
vt 0.814456 0.652411
vt 0.812546 0.632989
vt 0.807295 0.608952
vt 0.140355 0.262161
vt 0.881568 0.108798
vt 0.867982 0.065671
vt 0.880306 0.075682
vt 0.874298 0.050384
vt 0.850117 0.052362
vt 0.853709 0.075968
vt 0.136813 0.320889
vt 0.142035 0.348995
vt 0.716885 0.413550
vt 0.718963 0.407682
vt 0.695964 0.394075
vt 0.714997 0.382056
vt 0.723656 0.370296
vt 0.688721 0.374199
vt 0.679182 0.408553
vt 0.894637 0.408195
vt 0.912225 0.419455
vt 0.905690 0.426853
vt 0.923515 0.395635
vt 0.116970 0.588559
vt 0.128106 0.605379
vt 0.093249 0.604843
vt 0.122333 0.584389
vt 0.110927 0.582742
vt 0.765852 0.110850
vt 0.771143 0.129449
vt 0.754636 0.120740
vt 0.780047 0.113830
vt 0.384896 0.922791
vt 0.379372 0.929397
vt 0.369854 0.916297
vt 0.096914 0.200877
vt 0.087161 0.229069
vt 0.751193 0.085664
vt 0.800559 0.096574
vt 0.783155 0.092179
vt 0.121715 0.476577
vt 0.080767 0.483056
vt 0.081657 0.473851
vt 0.073322 0.286323
vt 0.090469 0.328874
vt 0.060482 0.333034
vt 0.079778 0.345806
vt 0.066113 0.346161
vt 0.606297 0.952758
vt 0.591201 0.955471
vt 0.005142 0.910450
vt 0.016626 0.929327
vt 0.000280 0.927089
vt 0.142804 0.643489
vt 0.149511 0.634173
vt 0.151265 0.643489
vt 0.003475 0.892229
vt 0.000074 0.901063
vt 0.000074 0.884320
vt 0.601744 0.993184
vt 0.611332 0.980608
vt 0.611332 0.996192
vt 0.214796 0.705975
vt 0.191367 0.714295
vt 0.913413 0.897396
vt 0.933358 0.904027
vt 0.916725 0.910407
vt 0.928654 0.915250
vt 0.010157 0.169265
vt 0.035858 0.171245
vt 0.016795 0.180835
vt 0.014330 0.205385
vt 0.040103 0.084923
vt 0.043817 0.096226
vt 0.035556 0.115861
vt 0.027324 0.136376
vt 0.361846 0.625212
vt 0.376675 0.617356
vt 0.373873 0.634382
vt 0.398382 0.634653
vt 0.393450 0.657097
vt 0.384263 0.640046
vt 0.377099 0.650779
vt 0.386106 0.662210
vt 0.368314 0.663053
vt 0.997603 0.880947
vt 0.997603 0.900190
vt 0.991390 0.885937
vt 0.385274 0.679443
vt 0.403810 0.670983
vt 0.404209 0.679047
vt 0.395935 0.687224
vt 0.397042 0.709115
vt 0.407740 0.717679
vt 0.402678 0.723211
vt 0.044530 0.967371
vt 0.048927 0.988786
vt 0.037499 0.988786
vt 0.358544 0.673487
vt 0.375862 0.693305
vt 0.369400 0.684564
vt 0.393056 0.698903
vt 0.380897 0.706479
vt 0.897668 0.961458
vt 0.897668 0.988851
vt 0.885490 0.971065
vt 0.367640 0.715556
vt 0.450455 0.749855
vt 0.446409 0.725899
vt 0.461814 0.724746
vt 0.467299 0.748907
vt 0.436642 0.734579
vt 0.447054 0.758759
vt 0.430303 0.711155
vt 0.445065 0.715863
vt 0.420414 0.724360
vt 0.413351 0.735858
vt 0.852091 0.196374
vt 0.836581 0.208334
vt 0.831212 0.194358
vt 0.841275 0.187042
vt 0.425618 0.986132
vt 0.429586 0.977025
vt 0.438660 0.984661
vt 0.855769 0.218635
vt 0.626170 0.265619
vt 0.635082 0.272199
vt 0.619453 0.281797
vt 0.606944 0.276875
vt 0.592090 0.282803
vt 0.583523 0.273735
vt 0.591956 0.274571
vt 0.583478 0.245148
vt 0.078032 0.872481
vt 0.083399 0.878179
vt 0.066530 0.878075
vt 0.693607 0.055880
vt 0.709105 0.054284
vt 0.694204 0.063788
vt 0.602325 0.838778
vt 0.560759 0.836609
vt 0.575224 0.819697
vt 0.686615 0.946631
vt 0.690037 0.934148
vt 0.705458 0.938320
vt 0.957002 0.560143
vt 0.957002 0.587877
vt 0.943851 0.572094
vt 0.684066 0.919776
vt 0.944880 0.596845
vt 0.927471 0.584559
vt 0.934240 0.604118
vt 0.566906 0.807304
vt 0.696196 0.956443
vt 0.715201 0.947636
vt 0.757089 0.905196
vt 0.744224 0.895430
vt 0.763239 0.895515
vt 0.940927 0.558570
vt 0.425878 0.896216
vt 0.411676 0.919408
vt 0.932563 0.568135
vt 0.445710 0.953057
vt 0.448772 0.942162
vt 0.469907 0.942162
vt 0.633713 0.998123
vt 0.633713 0.985704
vt 0.641150 0.991929
vt 0.775633 0.251509
vt 0.754451 0.230664
vt 0.829093 0.947683
vt 0.823560 0.931309
vt 0.829093 0.917041
vt 0.333153 0.885651
vt 0.333153 0.930398
vt 0.327013 0.900373
vt 0.387505 0.842741
vt 0.377006 0.812831
vt 0.087287 0.758308
vt 0.582665 0.781222
vt 0.578069 0.772266
vt 0.884965 0.842055
vt 0.872567 0.821820
vt 0.888288 0.813569
vt 0.801353 0.536624
vt 0.803952 0.525203
vt 0.809833 0.536624
vt 0.997614 0.473208
vt 0.997614 0.485761
vt 0.987357 0.480428
vt 0.894347 0.833674
vt 0.079928 0.820443
vt 0.058796 0.844864
vt 0.059559 0.796200
vt 0.506673 0.643174
vt 0.499637 0.673881
vt 0.493992 0.632627
vt 0.326865 0.336534
vt 0.355518 0.316806
vt 0.364976 0.320805
vt 0.518050 0.617132
vt 0.508198 0.609082
vt 0.492574 0.610851
vt 0.375487 0.306960
vt 0.584954 0.583245
vt 0.584412 0.603363
vt 0.560607 0.575574
vt 0.562319 0.564799
vt 0.489929 0.777491
vt 0.487042 0.801545
vt 0.478747 0.790972
vt 0.496449 0.778922
vt 0.457569 0.802302
vt 0.460100 0.783643
vt 0.337089 0.298942
vt 0.368560 0.286765
vt 0.384746 0.311541
vt 0.394330 0.775591
vt 0.381529 0.780094
vt 0.379459 0.762938
vt 0.402312 0.774323
vt 0.397748 0.760685
vt 0.927835 0.475691
vt 0.921029 0.452212
vt 0.930915 0.458048
vt 0.323320 0.951900
vt 0.312714 0.963308
vt 0.309615 0.947037
vt 0.326978 0.962564
vt 0.810739 0.679135
vt 0.807201 0.660337
vt 0.824286 0.671899
vt 0.677075 0.359338
vt 0.661590 0.371095
vt 0.653765 0.359213
vt 0.645944 0.366060
vt 0.691114 0.323559
vt 0.665956 0.323990
vt 0.678389 0.309157
vt 0.657018 0.309448
vt 0.650594 0.321719
vt 0.689649 0.823359
vt 0.679468 0.837775
vt 0.667206 0.827320
vt 0.436007 0.870211
vt 0.441016 0.882670
vt 0.418611 0.881257
vt 0.421561 0.864247
vt 0.394719 0.320483
vt 0.407208 0.315857
vt 0.406527 0.335941
vt 0.690476 0.356880
vt 0.702038 0.334885
vt 0.682003 0.338127
vt 0.423848 0.967405
vt 0.423848 0.985209
vt 0.411958 0.981185
vt 0.411676 0.987217
vt 0.858481 0.944903
vt 0.863229 0.932996
vt 0.867010 0.939222
vt 0.611331 0.988530
vt 0.621777 0.980608
vt 0.621777 0.996124
vt 0.900639 0.569140
vt 0.899997 0.594089
vt 0.881641 0.586206
vt 0.534531 0.957137
vt 0.555521 0.965380
vt 0.535432 0.968188
vt 0.670245 0.801298
vt 0.681129 0.814545
vt 0.664386 0.820393
vt 0.707945 0.804571
vt 0.703172 0.823686
vt 0.090558 0.978216
vt 0.078939 0.989441
vt 0.078939 0.964720
vt 0.454509 0.359275
vt 0.447338 0.371967
vt 0.427041 0.368742
vt 0.433152 0.378044
vt 0.990639 0.626701
vt 0.981022 0.639001
vt 0.981126 0.620154
vt 0.107355 0.562886
vt 0.094601 0.579024
vt 0.121400 0.555830
vt 0.101777 0.550722
vt 0.073225 0.237821
vt 0.058339 0.231999
vt 0.756797 0.072964
vt 0.736970 0.073376
vt 0.767838 0.084262
vt 0.771089 0.068065
vt 0.782826 0.071643
vt 0.802458 0.068551
vt 0.806307 0.083779
vt 0.014219 0.930488
vt 0.022583 0.949179
vt 0.007704 0.946945
vt 0.819048 0.069148
vt 0.232392 0.691011
vt 0.152204 0.962071
vt 0.152204 0.977758
vt 0.138458 0.979140
vt 0.621649 0.947805
vt 0.611886 0.944386
vt 0.990010 0.312658
vt 0.980640 0.314947
vt 0.990816 0.294237
vt 0.415759 0.067408
vt 0.042498 0.258965
vt 0.032587 0.236724
vt 0.052776 0.243663
vt 0.032927 0.276649
vt 0.036240 0.307326
vt 0.025057 0.287535
vt 0.054438 0.321328
vt 0.022542 0.315357
vt 0.729463 0.576237
vt 0.706644 0.578089
vt 0.710011 0.558112
vt 0.028191 0.203766
vt 0.014599 0.230700
vt 0.753419 0.035785
vt 0.761180 0.019852
vt 0.782518 0.028907
vt 0.305321 0.682925
vt 0.296610 0.694477
vt 0.282479 0.686474
vt 0.300281 0.663458
vt 0.282282 0.666848
vt 0.321022 0.689255
vt 0.311016 0.727869
vt 0.294184 0.712761
vt 0.279342 0.704026
vt 0.272063 0.708486
vt 0.273836 0.652452
vt 0.352603 0.720012
vt 0.361363 0.721889
vt 0.354039 0.728212
vt 0.346821 0.731453
vt 0.355397 0.751953
vt 0.348646 0.754737
vt 0.337310 0.744255
vt 0.332465 0.714261
vt 0.329360 0.725229
vt 0.323736 0.702528
vt 0.774237 0.819252
vt 0.764722 0.804589
vt 0.774237 0.801524
vt 0.768262 0.783962
vt 0.330687 0.734395
vt 0.319291 0.743904
vt 0.332888 0.759533
vt 0.300121 0.750537
vt 0.364222 0.474480
vt 0.374088 0.487412
vt 0.589348 0.185174
vt 0.608593 0.191705
vt 0.589223 0.202861
vt 0.579427 0.192219
vt 0.577783 0.169331
vt 0.577102 0.229557
vt 0.571252 0.240973
vt 0.565711 0.230327
vt 0.553718 0.236733
vt 0.549991 0.249260
vt 0.550258 0.223919
vt 0.540712 0.230491
vt 0.692773 0.010716
vt 0.684548 0.016664
vt 0.667905 0.006270
vt 0.950220 0.302549
vt 0.940764 0.300867
vt 0.955748 0.294237
vt 0.982148 0.277028
vt 0.982148 0.292831
vt 0.968803 0.291720
vt 0.163879 0.853215
vt 0.153799 0.864172
vt 0.147662 0.850902
vt 0.650619 0.043505
vt 0.659299 0.039226
vt 0.661604 0.045439
vt 0.940121 0.317553
vt 0.960204 0.318715
vt 0.738181 0.268445
vt 0.727449 0.257104
vt 0.733128 0.256566
vt 0.636729 0.000000
vt 0.737016 0.237231
vt 0.950823 0.333179
vt 0.161955 0.831571
vt 0.147662 0.822645
vt 0.156216 0.817696
vt 0.940121 0.345280
vt 0.948149 0.344725
vt 0.727449 0.214580
vt 0.438660 0.936231
vt 0.429337 0.945216
vt 0.416890 0.937287
vt 0.424582 0.960902
vt 0.413888 0.956090
vt 0.959135 0.189454
vt 0.945815 0.214860
vt 0.941929 0.203477
vt 0.919298 0.000208
vt 0.930896 0.002383
vt 0.917636 0.026921
vt 0.930714 0.034461
vt 0.138483 0.667603
vt 0.132137 0.709790
vt 0.110808 0.702091
vt 0.864239 0.645942
vt 0.871267 0.639406
vt 0.855192 0.664620
vt 0.110868 0.741727
vt 0.134484 0.743528
vt 0.137611 0.751401
vt 0.854799 0.643143
vt 0.125062 0.728647
vt 0.839439 0.665521
vt 0.897891 0.255297
vt 0.883205 0.247508
vt 0.887480 0.226370
vt 0.903593 0.219662
vt 0.830297 0.662237
vt 0.840803 0.627432
vt 0.950473 0.894345
vt 0.943640 0.905530
vt 0.943640 0.873429
vt 0.954731 0.875965
vt 0.908796 0.259884
vt 0.882418 0.278096
vt 0.875850 0.270100
vt 0.927726 0.836573
vt 0.925653 0.857972
vt 0.916524 0.837440
vt 0.808814 0.315851
vt 0.795893 0.302532
vt 0.809580 0.304569
vt 0.346386 0.867323
vt 0.335792 0.858364
vt 0.394795 0.862045
vt 0.384219 0.865752
vt 0.791109 0.420564
vt 0.809577 0.426700
vt 0.785415 0.428684
vt 0.218997 0.886508
vt 0.196450 0.872695
vt 0.215501 0.862473
vt 0.185774 0.866084
vt 0.173152 0.883779
vt 0.174529 0.863749
vt 0.905581 0.092002
vt 0.909203 0.111747
vt 0.896183 0.093498
vt 0.793585 0.228911
vt 0.774343 0.221578
vt 0.799135 0.218441
vt 0.761909 0.325262
vt 0.755698 0.311730
vt 0.770800 0.317315
vt 0.765253 0.303102
vt 0.817161 0.211008
vt 0.806603 0.162823
vt 0.806208 0.175565
vt 0.794314 0.165371
vt 0.016885 0.662234
vt 0.319639 0.822264
vt 0.308381 0.832551
vt 0.330317 0.810810
vt 0.190940 0.234101
vt 0.202108 0.242931
vt 0.170383 0.242944
vt 0.688681 0.726707
vt 0.667171 0.723583
vt 0.678192 0.712207
vt 0.657936 0.713142
vt 0.654785 0.720665
vt 0.118462 0.844249
vt 0.101120 0.810199
vt 0.118189 0.789604
vt 0.640146 0.767574
vt 0.630900 0.771994
vt 0.634977 0.750973
vt 0.625654 0.507253
vt 0.953677 0.128084
vt 0.980424 0.269686
vt 0.990413 0.276367
vt 0.942257 0.127020
vt 0.290099 0.916619
vt 0.283096 0.928984
vt 0.285949 0.909350
vt 0.626331 0.738802
vt 0.624631 0.749837
vt 0.610282 0.749894
vt 0.637796 0.738659
vt 0.076299 0.791897
vt 0.091806 0.780058
vt 0.089494 0.800745
vt 0.892151 0.784648
vt 0.890790 0.797526
vt 0.874869 0.774029
vt 0.901780 0.798306
vt 0.900660 0.786168
vt 0.163125 0.226534
vt 0.150902 0.243168
vt 0.145799 0.762461
vt 0.135569 0.783207
vt 0.139501 0.758308
vt 0.254220 0.621492
vt 0.239597 0.634452
vt 0.238898 0.619845
vt 0.200655 0.600954
vt 0.213892 0.608289
vt 0.209608 0.616710
vt 0.218726 0.633640
vt 0.230205 0.602578
vt 0.201768 0.582574
vt 0.217422 0.585854
vt 0.250282 0.611441
vt 0.258172 0.643969
vt 0.261041 0.632654
vt 0.267406 0.637428
vt 0.176884 0.791233
vt 0.189555 0.792030
vt 0.195312 0.801511
vt 0.300268 0.910477
vt 0.271244 0.907987
vt 0.282710 0.897837
vt 0.152268 0.661497
vt 0.142477 0.666848
vt 0.142477 0.643969
vt 0.625308 0.723657
vt 0.634540 0.723242
vt 0.615531 0.725199
vt 0.881787 0.766836
vt 0.901142 0.768491
vt 0.571518 0.746627
vt 0.574588 0.720744
vt 0.582356 0.743580
vt 0.559216 0.721533
vt 0.543757 0.737921
vt 0.542235 0.720459
vt 0.966038 0.827853
vt 0.977181 0.840123
vt 0.962268 0.845422
vt 0.526937 0.523134
vt 0.524421 0.539362
vt 0.510406 0.515139
vt 0.905715 0.444650
vt 0.912230 0.459634
vt 0.504754 0.499949
vt 0.513408 0.503273
vt 0.836580 0.470045
vt 0.824400 0.480249
vt 0.814813 0.463133
vt 0.344841 0.098499
vt 0.329531 0.102399
vt 0.341355 0.090073
vt 0.343293 0.120099
vt 0.361711 0.205912
vt 0.358436 0.191437
vt 0.374374 0.174356
vt 0.380679 0.222674
vt 0.453749 0.346398
vt 0.431971 0.337442
vt 0.454478 0.323293
vt 0.080857 0.530840
vt 0.070692 0.525800
vt 0.991279 0.459401
vt 0.981720 0.470612
vt 0.981720 0.444787
vt 0.963662 0.457511
vt 0.976267 0.447620
vt 0.962308 0.469497
vt 0.005471 0.209165
vt 0.002903 0.234617
vt 0.011554 0.266421
vt 0.760428 0.007370
vt 0.779294 0.008923
vt 0.757924 0.284950
vt 0.779139 0.285335
vt 0.793244 0.264058
vt 0.748931 0.259879
vt 0.772446 0.887027
vt 0.765631 0.902024
vt 0.765631 0.857010
vt 0.727843 0.731414
vt 0.724671 0.741917
vt 0.712854 0.721348
vt 0.972936 0.724089
vt 0.987507 0.714062
vt 0.987507 0.735216
vt 0.670699 0.733282
vt 0.681612 0.739472
vt 0.228029 0.819380
vt 0.248051 0.842189
vt 0.232300 0.854087
vt 0.128711 0.819670
vt 0.258960 0.846629
vt 0.258559 0.825853
vt 0.266452 0.839584
vt 0.104348 0.833212
vt 0.639130 0.790809
vt 0.630989 0.794677
vt 0.362333 0.789470
vt 0.377767 0.788716
vt 0.400511 0.794973
vt 0.702830 0.713902
vt 0.690522 0.711457
vt 0.700712 0.697132
vt 0.675094 0.697251
vt 0.220496 0.830107
vt 0.223810 0.787456
vt 0.136630 0.815007
vt 0.265698 0.819283
vt 0.590311 0.568362
vt 0.558916 0.546888
vt 0.577495 0.545292
vt 0.540712 0.551222
vt 0.500937 0.783212
vt 0.523774 0.776753
vt 0.526155 0.800258
vt 0.582180 0.534629
vt 0.813005 0.758084
vt 0.808708 0.749403
vt 0.822269 0.747506
vt 0.464832 0.888710
vt 0.816192 0.727877
vt 0.823210 0.727434
vt 0.817961 0.706786
vt 0.802602 0.738155
vt 0.583978 0.512371
vt 0.599580 0.517973
vt 0.590760 0.502986
vt 0.023734 0.967239
vt 0.023734 0.986296
vt 0.010733 0.980645
vt 0.470339 0.969671
vt 0.481556 0.988911
vt 0.470339 0.990114
vt 0.835258 0.525084
vt 0.840509 0.534554
vt 0.832528 0.534554
vt 0.833192 0.429356
vt 0.840488 0.423634
vt 0.840488 0.433711
vt 0.155909 0.952496
vt 0.167695 0.952115
vt 0.167019 0.961607
vt 0.158835 0.934950
vt 0.159857 0.959085
vt 0.142645 0.958670
vt 0.167695 0.933710
vt 0.591832 0.308783
vt 0.592614 0.327228
vt 0.577468 0.316631
vt 0.534530 0.858034
vt 0.534530 0.875686
vt 0.529579 0.865552
vt 0.141313 0.937375
vt 0.138580 0.924148
vt 0.590470 0.997418
vt 0.580939 0.989709
vt 0.590470 0.981825
vt 0.889832 0.446855
vt 0.868551 0.447642
vt 0.897390 0.432169
vt 0.643533 0.901046
vt 0.631555 0.893417
vt 0.639076 0.886773
vt 0.080374 0.098977
vt 0.095967 0.071293
vt 0.061199 0.562772
vt 0.067452 0.541930
vt 0.073104 0.558756
vt 0.684547 0.979700
vt 0.694853 0.981156
vt 0.686597 0.985495
vt 0.860436 0.691296
vt 0.855131 0.697546
vt 0.860663 0.680342
vt 0.872199 0.701928
vt 0.452673 0.116567
vt 0.425991 0.593101
vt 0.408232 0.589282
vt 0.407078 0.583278
vt 0.103812 0.990586
vt 0.091806 0.979268
vt 0.103812 0.967749
vt 0.396903 0.539227
vt 0.403760 0.562348
vt 0.394557 0.558063
vt 0.380053 0.545080
vt 0.947571 0.000208
vt 0.946419 0.030646
vt 0.940101 0.004557
vt 0.939525 0.015199
vt 0.007329 0.543513
vt -0.000000 0.539140
vt 0.004700 0.516010
vt 0.009742 0.501562
vt 0.320184 0.441246
vt 0.347580 0.452362
vt 0.325991 0.455932
vt 0.343622 0.441552
vt 0.939525 0.039170
vt 0.354961 0.468150
vt 0.350686 0.476479
vt 0.356346 0.488128
vt 0.367588 0.499059
vt 0.010733 0.988997
vt 0.000235 0.978686
vt 0.010733 0.967239
vt 0.372955 0.509153
vt 0.365989 0.520101
vt 0.016473 0.705614
vt 0.002025 0.688475
vt 0.014056 0.682346
vt 0.339966 0.469518
vt 0.313000 0.468242
vt 0.322305 0.486042
vt 0.336217 0.488631
vt 0.317672 0.494200
vt 0.330211 0.501663
vt 0.320294 0.511735
vt 0.307618 0.446850
vt 0.305410 0.438187
vt 0.635823 0.214273
vt 0.661381 0.189081
vt 0.662694 0.183521
vt 0.058846 0.926919
vt 0.048927 0.918406
vt 0.058846 0.913837
vt 0.667680 0.176120
vt 0.654548 0.176984
vt 0.975893 0.605496
vt 0.963661 0.619103
vt 0.980774 0.620154
vt 0.846017 0.758084
vt 0.830297 0.748313
vt 0.846017 0.741598
vt 0.662304 0.145912
vt 0.671157 0.163733
vt 0.656893 0.159062
vt 0.646035 0.149310
vt 0.645492 0.166016
vt 0.640638 0.198972
vt 0.641683 0.193695
vt 0.631913 0.185943
vt 0.626154 0.202678
vt 0.625273 0.188840
vt 0.981022 0.648332
vt 0.629741 0.829555
vt 0.644308 0.838969
vt 0.566984 0.988168
vt 0.556323 0.989503
vt 0.555521 0.969102
vt 0.565672 0.968829
vt 0.811427 0.342926
vt 0.791192 0.318581
vt 0.875167 0.285763
vt 0.374700 0.861911
vt 0.774615 0.165582
vt 0.293806 0.833840
vt 0.199398 0.216459
vt 0.250269 0.235545
vt 0.237390 0.242662
vt 0.140714 0.850041
vt 0.132129 0.846068
vt 0.665764 0.762158
vt 0.655474 0.764359
vt 0.655676 0.741310
vt 0.630273 0.814706
vt 0.102591 0.628745
vt 0.108750 0.639163
vt 0.081744 0.639058
vt 0.274941 0.836615
vt 0.284201 0.828700
vt 0.080997 0.672168
vt 0.471890 0.851548
vt 0.467793 0.836797
vt 0.493601 0.813127
vt 0.494329 0.842939
vt 0.087606 0.620964
vt 0.267406 0.811470
vt 0.518117 0.651285
vt 0.526312 0.677028
vt 0.293691 0.816438
vt 0.465624 0.814641
vt 0.492426 0.679930
vt 0.490506 0.640050
vt 0.172936 0.528442
vt 0.175241 0.560139
vt 0.166594 0.562908
vt 0.781039 0.935870
vt 0.787725 0.944526
vt 0.777473 0.941624
vt 0.727861 0.678823
vt 0.722332 0.696053
vt 0.715525 0.678762
vt 0.692448 0.681785
vt 0.872952 0.294237
vt 0.883286 0.310269
vt 0.595490 0.357223
vt 0.598028 0.344832
vt 0.607458 0.345442
vt 0.951884 0.430337
vt 0.932450 0.427008
vt 0.943874 0.418719
vt 0.932495 0.407569
vt 0.611674 0.306331
vt 0.932384 0.200262
vt 0.941929 0.203460
vt 0.926975 0.219433
vt 0.918465 0.204673
vt 0.909749 0.218022
vt 0.603027 0.294237
vt 0.279475 0.017860
vt 0.274585 0.031335
vt 0.267406 0.011609
vt 0.288132 0.047697
vt 0.808197 0.821296
vt 0.814440 0.802556
vt 0.698308 0.316586
vt 0.927471 0.536614
vt 0.925206 0.550031
vt 0.918565 0.550788
vt 0.920125 0.572636
vt 0.674434 0.355370
vt 0.908397 0.559980
vt 0.922579 0.581904
vt 0.671481 0.328667
vt 0.644308 0.816966
vt 0.437289 0.859027
vt 0.435520 0.810607
vt 0.421883 0.824097
vt 0.421735 0.809486
vt 0.142922 0.185541
vt 0.934353 0.088566
vt 0.920662 0.075634
vt 0.930672 0.069222
vt 0.398172 0.919544
vt 0.387077 0.937311
vt 0.933125 0.052117
vt 0.916131 0.048294
vt 0.554875 0.516745
vt 0.568097 0.519166
vt 0.564874 0.533904
vt 0.925294 0.146851
vt 0.921409 0.133314
vt 0.937112 0.137414
vt 0.559457 0.504422
vt 0.326099 0.903759
vt 0.306037 0.912884
vt 0.327013 0.885651
vt 0.769332 0.136380
vt 0.788847 0.136380
vt 0.782100 0.145231
vt 0.909749 0.144995
vt 0.909930 0.156438
vt 0.773724 0.157523
vt 0.310781 0.923413
vt 0.325140 0.919367
vt 0.300268 0.922249
vt 0.318737 0.932442
vt 0.410279 0.225205
vt 0.397174 0.203069
vt 0.409258 0.247481
vt 0.390671 0.250399
vt 0.427721 0.328006
vt 0.427231 0.304554
vt 0.250327 0.751847
vt 0.264862 0.757255
vt 0.238001 0.746021
vt 0.590713 0.895355
vt 0.608347 0.877462
vt 0.610451 0.883875
vt 0.094671 0.536721
vt 0.738817 0.096217
vt 0.729657 0.100227
vt 0.913413 0.920861
vt 0.993683 0.698753
vt 0.985912 0.685571
vt 0.993683 0.679424
vt 0.727449 0.069841
vt 0.065700 0.084675
vt 0.068069 0.070902
vt 0.064685 0.095240
vt 0.985912 0.705427
vt 0.972936 0.697208
vt 0.985912 0.685197
vt 0.899208 0.961391
vt 0.911878 0.962795
vt 0.899208 0.980817
vt 0.055357 0.509195
vt 0.047715 0.529708
vt 0.056066 0.493860
vt 0.479391 0.218809
vt 0.471744 0.197146
vt 0.491606 0.214891
vt 0.483393 0.239897
vt 0.501845 0.239069
vt 0.496603 0.273018
vt 0.518762 0.280677
vt 0.781666 0.879202
vt 0.779367 0.899345
vt 0.774412 0.877563
vt 0.590470 0.934339
vt 0.588163 0.951129
vt 0.564484 0.922130
vt 0.565834 0.942823
vt 0.998540 0.657905
vt 0.998540 0.677649
vt 0.993043 0.668136
vt 0.931911 0.992785
vt 0.922240 0.991178
vt 0.931911 0.972958
vt 0.586391 0.913174
vt 0.406213 0.513779
vt 0.429192 0.513002
vt 0.064329 0.901589
vt 0.074625 0.919873
vt 0.389836 0.515554
vt 0.380656 0.502825
vt 0.167695 0.924148
vt 0.153470 0.922967
vt 0.167695 0.899719
vt 0.143727 0.907063
vt 0.301743 0.884073
vt 0.309319 0.875028
vt 0.267406 0.329289
vt 0.276766 0.341361
vt 0.280628 0.351383
vt 0.663933 0.029816
vt 0.674628 0.038027
vt 0.637673 0.048237
vt 0.639407 0.039149
vt 0.655812 0.032832
vt 0.991931 0.789037
vt 0.998663 0.798034
vt 0.991931 0.806116
vt 0.625222 0.038479
vt 0.816457 0.365656
vt 0.785140 0.338950
vt 0.810131 0.231116
vt 0.173152 0.971625
vt 0.173152 0.961013
vt 0.573304 0.536614
vt 0.529579 0.918419
vt 0.534222 0.913393
vt 0.534222 0.927975
vt 0.506406 0.770179
vt 0.859372 0.552607
vt 0.876509 0.553581
vt 0.868729 0.579855
vt 0.851522 0.557916
vt 0.908918 0.145425
vt 0.907477 0.160521
vt 0.885911 0.148048
vt 0.838251 0.555750
vt 0.833403 0.566870
vt 0.830297 0.551248
vt 0.033448 0.700672
vt 0.025395 0.696018
vt 0.043449 0.689667
vt 0.035320 0.680864
vt 0.111856 0.767545
vt 0.872459 0.094371
vt 0.861707 0.090848
vt 0.857802 0.044556
vt 0.862718 0.032394
vt 0.869312 0.023442
vt 0.136426 0.354650
vt 0.142918 0.361052
vt 0.137796 0.369631
vt 0.881568 0.014907
vt 0.877143 0.009933
vt 0.854796 0.001599
vt 0.881092 -0.000000
vt 0.913413 0.938980
vt 0.898905 0.961391
vt 0.903313 0.939175
vt 0.132037 0.391552
vt 0.139976 0.404845
vt 0.133438 0.403270
vt 0.749358 0.868995
vt 0.745532 0.880801
vt 0.735245 0.879215
vt 0.691634 0.449485
vt 0.692409 0.465622
vt 0.679845 0.457359
vt 0.674856 0.451102
vt 0.806819 0.987033
vt 0.823056 0.987033
vt 0.173125 0.901344
vt 0.173125 0.922795
vt 0.167819 0.906000
vt 0.586914 0.345066
vt 0.911858 0.189454
vt 0.138673 0.941703
vt 0.284287 -0.000000
vt 0.290358 0.014534
vt 0.302181 0.045077
vt 0.831143 0.829891
vt 0.843944 0.838941
vt 0.823880 0.843794
vt 0.817630 0.855232
vt 0.839100 0.861132
vt 0.829710 0.868729
vt 0.566015 0.892699
vt 0.559819 0.894592
vt 0.819127 0.950173
vt 0.805386 0.955565
vt 0.806879 0.946672
vt 0.230860 0.989677
vt 0.218573 0.989677
vt 0.227214 0.974570
vt 0.792080 0.938778
vt 0.791635 0.954198
vt 0.925902 0.704584
vt 0.809559 0.147005
vt 0.820945 0.145727
vt 0.822997 0.158306
vt 0.537785 0.839288
vt 0.566880 0.847661
vt 0.666913 0.634290
vt 0.669464 0.643427
vt 0.654565 0.635577
vt 0.039200 0.910613
vt 0.048927 0.930487
vt 0.018445 0.927448
vt 0.261134 0.744047
vt 0.029451 0.903231
vt 0.016885 0.915536
vt 0.354322 0.148801
vt 0.372528 0.129185
vt 0.689086 0.901391
vt 0.702022 0.895506
vt 0.711941 0.909325
vt 0.703269 0.919776
vt 0.690599 0.914446
vt 0.333167 0.966126
vt 0.327642 0.946189
vt 0.343022 0.956986
vt 0.070646 0.584367
vt 0.082748 0.578278
vt 0.086138 0.547817
vt 0.064974 0.133724
vt 0.046628 0.125586
vt 0.063982 0.141712
vt 0.079972 0.150577
vt 0.077207 0.160437
vt 0.064339 0.154353
vt 0.053147 0.168432
vt 0.071368 0.203272
vt 0.057201 0.182988
vt 0.055277 0.203491
vt 0.058340 0.223526
vt 0.080470 0.220716
vt 0.063125 0.213856
vt 0.428917 0.167636
vt 0.422611 0.040256
vt 0.452477 0.093878
vt 0.435194 0.073889
vt 0.366405 0.640552
vt 0.360528 0.660155
vt 0.355567 0.637341
vt 0.448453 0.444377
vt 0.465232 0.469589
vt 0.457675 0.472978
vt 0.439511 0.470237
vt 0.446178 0.484379
vt 0.433984 0.493887
vt 0.442710 0.501214
vt 0.218769 0.839034
vt 0.204404 0.851989
vt 0.205912 0.835614
vt 0.194395 0.837841
vt 0.176836 0.844961
vt 0.177059 0.829931
vt 0.892900 0.056183
vt 0.902796 0.073368
vt 0.888002 0.078746
vt 0.734229 0.748512
vt 0.159583 0.493870
vt 0.143969 0.512470
vt 0.143329 0.485667
vt 0.280409 0.803089
vt 0.540639 0.466947
vt 0.539533 0.451206
vt 0.540639 0.437096
vt 0.963661 0.628205
vt 0.959513 0.651216
vt 0.945722 0.625086
vt 0.072914 0.727111
vt 0.055950 0.745216
vt 0.050969 0.716512
vt 0.063467 0.720017
vt 0.054128 0.702197
vt 0.060999 0.692420
vt 0.066123 0.674305
vt 0.053662 0.675497
vt 0.870341 0.598991
vt 0.517572 0.823961
vt 0.501717 0.803903
vt 0.267406 0.958870
vt 0.277509 0.932273
vt 0.278203 0.954325
vt 0.289558 0.932218
vt 0.295571 0.951499
vt 0.736972 0.351400
vt 0.745165 0.365855
vt 0.729236 0.373142
vt 0.676112 0.939075
vt 0.684066 0.953041
vt 0.671311 0.952947
vt 0.664158 0.941116
vt 0.657827 0.955902
vt 0.483452 0.931841
vt 0.470706 0.931985
vt 0.477626 0.916829
vt 0.486592 0.915819
vt 0.497077 0.930718
vt 0.197429 0.962952
vt 0.956834 0.485016
vt 0.965269 0.486238
vt 0.956561 0.499982
vt 0.974133 0.497794
vt 0.177325 0.948661
vt 0.980908 0.162517
vt 0.846017 0.756701
vt 0.861623 0.741598
vt 0.861623 0.757314
vt 0.960309 0.166551
vt 0.790778 0.679937
vt 0.523725 0.970069
vt 0.523725 0.993091
vt 0.514825 0.975836
vt 0.545303 0.982147
vt 0.543607 0.994787
vt 0.535382 0.995648
vt 0.607512 0.461634
vt 0.611095 0.473907
vt 0.590837 0.475980
vt 0.576986 0.459696
vt 0.516110 0.540261
vt 0.539533 0.559114
vt 0.520537 0.561553
vt 0.521165 0.492517
vt 0.514666 0.481560
vt 0.524014 0.473056
vt 0.001990 0.739432
vt 0.000228 0.724250
vt 0.001990 0.705614
vt 0.411879 0.271337
vt 0.427155 0.289484
vt 0.809143 0.437806
vt 0.800280 0.450522
vt 0.546730 0.472027
vt 0.542488 0.452381
vt 0.943347 0.804397
vt 0.935393 0.801535
vt 0.741261 0.121478
vt 0.485185 0.338897
vt 0.472942 0.325735
vt 0.456126 0.224558
vt 0.438940 0.221653
vt 0.452089 0.212989
vt 0.045450 0.344900
vt 0.049602 0.370475
vt 0.021937 0.353985
vt 0.055431 0.378627
vt 0.018075 0.369529
vt 0.738891 0.567831
vt 0.751630 0.575799
vt 0.737462 0.598354
vt 0.991390 0.880947
vt 0.991390 0.908766
vt 0.983661 0.896784
vt 0.829093 0.903884
vt 0.837722 0.906245
vt 0.834651 0.920313
vt 0.843408 0.911360
vt 0.020795 0.548325
vt 0.039313 0.547343
vt 0.030932 0.561432
vt 0.858596 0.924405
vt 0.858323 0.931226
vt 0.837364 0.932996
vt 0.021936 0.537803
vt 0.037178 0.536688
vt 0.851151 0.911764
vt 0.861801 0.913628
vt 0.065702 0.911118
vt 0.058867 0.922918
vt 0.066213 0.929051
vt 0.361858 0.683860
vt 0.361171 0.709813
vt 0.353539 0.682992
vt 0.332933 0.697892
vt 0.473773 0.670861
vt 0.479927 0.688296
vt 0.465701 0.701334
vt 0.008819 0.320517
vt 0.006829 0.347326
vt 0.000000 0.350588
vt 0.001754 0.306297
vt 0.476472 0.718847
vt 0.000289 0.369423
vt 0.484524 0.727007
vt 0.474907 0.754137
vt 0.490506 0.746104
vt 0.489211 0.756437
vt 0.445788 0.671429
vt 0.451132 0.654649
vt 0.001150 0.152723
vt 0.000000 0.182859
vt 0.486594 0.585678
vt 0.486460 0.611094
vt 0.483792 0.638272
vt 0.466439 0.611799
vt 0.483836 0.457079
vt 0.461674 0.443620
vt 0.484520 0.437861
vt 0.467862 0.456724
vt 0.772954 -0.000000
vt 0.810367 0.000648
vt 0.423222 0.455263
vt 0.411395 0.437096
vt 0.435341 0.459576
vt 0.623120 0.971013
vt 0.641149 0.985704
vt 0.733330 0.201924
vt 0.170198 0.803780
vt 0.155312 0.778669
vt 0.166151 0.783762
vt 0.149128 0.803981
vt 0.555511 0.982147
vt 0.555511 0.993990
vt 0.545303 0.982292
vt 0.975775 0.973228
vt 0.986689 0.965905
vt 0.986689 0.988750
vt 0.566984 0.957137
vt 0.976549 0.590427
vt 0.730964 0.166978
vt 0.253315 0.869138
vt 0.590713 0.890813
vt 0.578576 0.911466
vt 0.578576 0.882365
vt 0.662929 0.732919
vt 0.343265 0.786415
vt 0.382379 0.808926
vt 0.526312 0.630960
vt 0.282396 0.778526
vt 0.300561 0.787301
vt 0.963661 0.604118
vt 0.632161 0.653451
vt 0.899862 0.735216
vt 0.881808 0.751481
vt 0.887170 0.735808
vt 0.899862 0.757416
vt 0.078844 0.771446
vt 0.738928 0.684709
vt 0.747165 0.684012
vt 0.746786 0.703142
vt 0.920756 0.592948
vt 0.927471 0.604118
vt 0.754817 0.466989
vt 0.758062 0.482774
vt 0.963219 0.788568
vt 0.748874 0.490924
vt 0.740444 0.514679
vt 0.441108 0.428611
vt 0.435083 0.437096
vt 0.431269 0.428379
vt 0.740723 0.525026
vt 0.801018 0.860876
vt 0.803385 0.837514
vt 0.794620 0.840170
vt 0.802120 0.866222
vt 0.570920 0.839344
vt 0.591946 0.379254
vt 0.558752 0.378629
vt 0.570568 0.867958
vt 0.961697 0.422966
vt 0.951884 0.432472
vt 0.951884 0.415250
vt 0.802924 0.974451
vt 0.800402 0.990995
vt 0.791635 0.979969
vt 0.263363 0.919487
vt 0.990639 0.647667
vt 0.803870 0.136313
vt 0.822997 0.136629
vt 0.823056 0.927389
vt 0.110977 0.537509
vt 0.125059 0.545928
vt 0.116252 0.562329
vt 0.970634 0.053056
vt 0.964130 0.058355
vt 0.965089 0.048492
vt 0.907615 0.363726
vt 0.917508 0.363964
vt 0.916829 0.379909
vt 0.090852 0.461897
vt 0.110484 0.469983
vt 0.367599 0.080157
vt 0.355675 0.077041
vt 0.376086 0.103834
vt 0.360395 0.108014
vt 0.371002 0.089024
vt 0.386000 0.114375
vt 0.049465 0.298269
vt 0.058036 0.310688
vt 0.471073 0.308235
vt 0.469377 0.276107
vt 0.495484 0.329652
vt 0.495737 0.338475
vt 0.513273 0.895006
vt 0.523906 0.902348
vt 0.505294 0.905757
vt 0.201132 0.943449
vt 0.216773 0.940488
vt 0.202512 0.956704
vt 0.215639 0.955403
vt 0.806607 0.020629
vt 0.787842 0.048765
vt 0.803958 0.040522
vt 0.505670 0.886177
vt 0.024666 0.612525
vt 0.028857 0.576885
vt 0.040478 0.600068
vt 0.047855 0.571524
vt 0.857840 0.883355
vt 0.856984 0.893584
vt 0.842089 0.887691
vt 0.847207 0.900955
vt 0.867011 0.893345
vt 0.333838 0.628120
vt 0.324326 0.615664
vt 0.344401 0.622535
vt 0.064804 0.935876
vt 0.064804 0.961783
vt 0.048998 0.948230
vt 0.438113 0.949275
vt 0.431462 0.967405
vt 0.140822 0.713077
vt 0.140575 0.750496
vt 0.939525 0.000918
vt 0.937844 0.032072
vt 0.141567 0.690084
vt 0.574776 0.252699
vt 0.560636 0.249884
vt 0.508955 0.874845
vt 0.519928 0.885462
vt 0.498614 0.886177
vt 0.573764 0.222226
vt 0.879146 0.257154
vt 0.283503 0.963921
vt 0.292805 0.987258
vt 0.280380 0.988429
vt 0.726968 0.992342
vt 0.717477 0.980709
vt 0.726968 0.969886
vt 0.173152 0.840355
vt 0.956930 0.091720
vt 0.943277 0.067622
vt 0.955676 0.070027
vt 0.964130 0.086390
vt 0.922117 0.124247
vt 0.909200 0.132901
vt 0.909200 0.119633
vt 0.061846 0.882018
vt 0.038976 0.877833
vt 0.055436 0.869195
vt 0.533704 0.719533
vt 0.526312 0.694686
vt 0.539902 0.694686
vt 0.739919 0.293322
vt 0.746689 0.275743
vt 0.947178 0.664054
vt 0.945722 0.651216
vt 0.970218 0.662332
vt 0.292805 0.963240
vt 0.218997 0.898076
vt 0.220490 0.876333
vt 0.238486 0.878135
vt 0.247430 0.890532
vt 0.658267 0.786056
vt 0.130983 0.863669
vt 0.111267 0.856743
vt 0.639539 0.814964
vt 0.858481 0.934894
vt 0.685325 0.501544
vt 0.683755 0.520342
vt 0.669686 0.510459
vt 0.693049 0.500932
vt 0.910335 0.278729
vt 0.219440 0.922053
vt 0.243740 0.910622
vt 0.234417 0.932104
vt 0.222461 0.901884
vt 0.402312 0.866987
vt 0.525575 0.863578
vt 0.500559 0.844793
vt 0.875167 0.234925
vt 0.877372 0.204372
vt 0.902643 0.058207
vt 0.748296 0.723600
vt 0.742410 0.743817
vt 0.741490 0.724674
vt 0.748764 0.745241
vt 0.996800 0.529481
vt 0.989229 0.534286
vt 0.989229 0.511037
vt 0.900455 0.197057
vt 0.846799 0.595456
vt 0.837060 0.604336
vt 0.839491 0.581643
vt 0.846853 0.576903
vt 0.098125 0.793806
vt 0.960204 0.294237
vt 0.967974 0.294621
vt 0.963763 0.307189
vt 0.884425 0.933637
vt 0.897668 0.941274
vt 0.884449 0.951984
vt 0.872877 0.940385
vt 0.867011 0.958685
vt 0.980640 0.310769
vt 0.267406 0.938312
vt 0.242220 0.550877
vt 0.232940 0.530988
vt 0.241217 0.528827
vt 0.728499 0.354550
vt 0.741248 0.340666
vt 0.723656 0.323130
vt 0.741819 0.325781
vt 0.897472 0.017134
vt 0.881568 0.037102
vt 0.729973 0.706535
vt 0.237333 0.588271
vt 0.207247 0.567063
vt 0.232530 0.575201
vt 0.218886 0.559910
vt 0.605795 0.654934
vt 0.595589 0.652070
vt 0.605906 0.639551
vt 0.602243 0.625116
vt 0.608375 0.613971
vt 0.622453 0.650395
vt 0.419400 0.774537
vt 0.428537 0.760685
vt 0.426920 0.782189
vt 0.432901 0.410179
vt 0.410618 0.813487
vt 0.409204 0.822081
vt 0.803350 0.136865
vt 0.803350 0.156918
vt 0.790431 0.146732
vt 0.690652 0.999884
vt 0.684066 0.991841
vt 0.690652 0.985494
vt 0.788847 0.136381
vt 0.896012 0.906774
vt 0.877851 0.913076
vt 0.879061 0.901714
vt 0.991756 0.566563
vt 0.998126 0.556701
vt 0.998126 0.569914
vt 0.300111 0.990182
vt 0.292805 0.970505
vt 0.300111 0.963240
vt 0.989818 0.077079
vt 0.997365 0.090898
vt 0.989818 0.098578
vt 0.411375 0.800409
vt 0.905330 0.910174
vt 0.899979 0.916312
vt 0.909476 0.792648
vt 0.922766 0.792849
vt 0.910156 0.810021
vt 0.902184 0.789082
vt 0.441791 0.411965
vt 0.432300 0.392229
vt 0.347258 0.180971
vt 0.881419 0.474073
vt 0.892821 0.475613
vt 0.895290 0.494265
vt 0.880415 0.483614
vt 0.863262 0.483902
vt 0.877351 0.494762
vt 0.877956 0.461394
vt 0.858952 0.459404
vt 0.135908 0.508000
vt 0.130087 0.507405
vt 0.127563 0.490866
vt 0.967752 0.388577
vt 0.969058 0.402540
vt 0.959445 0.403069
vt 0.951884 0.397237
vt 0.960333 0.383809
vt 0.176808 0.733448
vt 0.178532 0.756919
vt 0.171633 0.750709
vt 0.901173 0.877979
vt 0.908468 0.873429
vt 0.906134 0.884394
vt 0.230860 0.949826
vt 0.217261 0.947930
vt 0.230411 0.942917
vt 0.153163 0.750665
vt 0.913413 0.879395
vt 0.957002 0.593963
vt 0.962227 0.590427
vt 0.962227 0.603453
vt 0.193771 0.738005
vt 0.618861 0.856022
vt 0.604649 0.862674
vt 0.613796 0.851289
vt 0.633851 0.862452
vt 0.644308 0.873763
vt 0.631682 0.870543
vt 0.630132 0.881036
vt 0.621003 0.885454
vt 0.618745 0.872020
vt 0.730897 0.054951
vt 0.053633 0.069836
vt 0.047299 0.148901
vt 0.493355 0.750082
vt 0.497636 0.730622
vt 0.511440 0.735154
vt 0.364498 0.616876
vt 0.195918 0.892525
vt 0.190444 0.888519
vt 0.182721 0.883758
vt 0.898661 0.117227
vt 0.749261 0.784841
vt 0.740478 0.784177
vt 0.747489 0.761036
vt 0.982631 0.705427
vt 0.706356 0.733849
vt 0.240778 0.815386
vt 0.194370 0.808667
vt 0.178997 0.808764
vt 0.207872 0.803814
vt 0.897838 0.037467
vt 0.980093 0.858729
vt 0.991009 0.851718
vt 0.991009 0.873349
vt 0.335792 0.784812
vt 0.787541 0.435486
vt 0.700160 0.846320
vt 0.706551 0.857997
vt 0.695483 0.856458
vt 0.854528 0.015497
vt 0.847564 0.026664
vt 0.044292 0.769565
vt 0.033875 0.758308
vt 0.020719 0.761364
vt 0.756680 0.852087
vt 0.741136 0.847642
vt 0.751958 0.841200
vt 0.763239 0.826595
vt 0.477624 0.895950
vt 0.470339 0.907872
vt 0.493033 0.899082
vt 0.497261 0.904390
vt 0.267406 0.885651
vt 0.712173 0.888298
vt 0.731778 0.886162
vt 0.731837 0.891457
vt 0.715339 0.877563
vt 0.723340 0.868124
vt 0.139802 0.423346
vt 0.133771 0.434114
vt 0.142895 0.449931
vt 0.127919 0.455133
vt 0.845401 0.140059
vt 0.861350 0.115537
vt 0.871927 0.123708
vt 0.845988 0.118880
vt 0.832756 0.135554
vt 0.849298 0.091485
vt 0.836711 0.115751
vt 0.829769 0.126780
vt 0.585862 0.354421
vt 0.983661 0.898340
vt 0.968090 0.900706
vt 0.981259 0.888946
vt 0.973172 0.909409
vt 0.339090 0.970216
vt 0.328960 0.981681
vt 0.328960 0.966126
vt 0.216773 0.974442
vt 0.204334 0.989037
vt 0.204516 0.974862
vt 0.744534 0.643146
vt 0.720451 0.634811
vt 0.216207 0.753163
vt 0.229099 0.734751
vt 0.218379 0.739214
vt 0.945656 0.433174
vt 0.962308 0.449279
vt 0.938765 0.454494
vt 0.930915 0.446746
vt 0.186761 0.760668
vt 0.131178 0.976991
vt 0.132138 0.988779
vt 0.119957 0.983090
vt 0.120280 0.972372
vt 0.066847 0.610912
vt 0.065312 0.600447
vt 0.071305 0.605542
vt 0.249763 0.656410
vt 0.247664 0.667161
vt 0.221430 0.653331
vt 0.436322 0.643535
vt 0.431727 0.660710
vt 0.016473 0.716298
vt 0.001990 0.733274
vt 0.011014 0.705614
vt 0.442051 0.687598
vt 0.453263 0.693477
vt 0.435380 0.684457
vt 0.420582 0.669287
vt 0.419424 0.688217
vt 0.425339 0.696782
vt 0.978446 0.068101
vt 0.973928 0.091956
vt 0.964130 0.084375
vt 0.526815 0.609082
vt 0.537794 0.633272
vt 0.526312 0.636391
vt 0.964130 0.058355
vt 0.016473 0.750946
vt 0.007583 0.744256
vt 0.016163 0.733104
vt 0.539237 0.640664
vt 0.526312 0.654233
vt 0.641779 0.133341
vt 0.631862 0.144385
vt 0.638665 0.123392
vt 0.639442 0.108285
vt 0.637089 0.095852
vt 0.651084 0.094970
vt 0.934926 0.943543
vt 0.934926 0.972958
vt 0.928575 0.960283
vt 0.663879 0.080925
vt 0.676577 0.083624
vt 0.667739 0.086965
vt 0.645627 0.083305
vt 0.651464 0.075819
vt 0.646913 0.062900
vt 0.655828 0.052239
vt 0.648335 0.048399
vt 0.634831 0.085952
vt 0.636823 0.069576
vt 0.529526 0.719533
vt 0.529526 0.741921
vt 0.526312 0.730105
vt 0.634155 0.053998
vt 0.628017 0.061329
vt 0.733205 0.796349
vt 0.694885 0.796018
vt 0.659488 0.536301
vt 0.658086 0.516265
vt 0.258689 0.225632
vt 0.267406 0.219505
vt 0.262600 0.237743
vt 0.258379 0.246278
vt 0.266744 0.244453
vt 0.145799 0.870653
vt 0.143286 0.879319
vt 0.120371 0.879898
vt 0.123655 0.869092
vt 0.652582 0.797719
vt 0.693748 0.180878
vt 0.644308 0.796320
vt 0.637749 0.828627
vt 0.669793 0.233014
vt 0.663605 0.501012
vt 0.657044 0.988495
vt 0.644682 0.974732
vt 0.655486 0.973078
vt 0.363005 0.870485
vt 0.900152 0.735216
vt 0.912599 0.748720
vt 0.899862 0.757514
vt 0.968090 0.894191
vt 0.964016 0.879455
vt 0.947250 0.233291
vt 0.964183 0.254426
vt 0.944767 0.256166
vt 0.253123 0.942917
vt 0.253123 0.957332
vt 0.230860 0.953169
vt 0.957867 0.292348
vt 0.968803 0.278854
vt 0.968803 0.292340
vt 0.053702 0.929051
vt 0.910020 0.863986
vt 0.908522 0.834269
vt 0.901780 0.862089
vt 0.962133 0.957396
vt 0.953335 0.967017
vt 0.946662 0.955769
vt 0.073996 0.845979
vt 0.762545 0.267011
vt 0.526697 0.832918
vt 0.737310 0.300700
vt 0.739041 0.313777
vt 0.344756 0.814841
vt 0.534217 0.955624
vt 0.523725 0.964423
vt 0.523725 0.935415
vt 0.267406 0.932218
vt 0.150218 0.684263
vt 0.871260 0.794331
vt 0.878063 0.808402
vt 0.069975 0.796810
vt 0.541650 0.749890
vt 0.990259 0.815317
vt 0.998404 0.825927
vt 0.990259 0.835077
vt 0.990643 0.039667
vt 0.998924 0.052332
vt 0.990643 0.057388
vt 0.981589 0.846004
vt 0.734995 0.398488
vt 0.729227 0.384988
vt 0.231715 0.569458
vt 0.186118 0.477465
vt 0.829093 0.917041
vt 0.823250 0.898019
vt 0.829093 0.877563
vt 0.223581 0.479147
vt 0.928991 0.228996
vt 0.916771 0.244508
vt 0.917584 0.225376
vt 0.929608 0.243270
vt 0.848663 0.433711
vt 0.840488 0.429329
vt 0.848663 0.424776
vt 0.791635 0.927389
vt 0.598587 0.442815
vt 0.819901 0.767072
vt 0.831665 0.770596
vt 0.592374 0.430722
vt 0.805886 0.768742
vt 0.816305 0.758083
vt 0.599758 0.421909
vt 0.591670 0.418324
vt 0.796963 0.783966
vt 0.154859 0.031775
vt 0.796303 0.717367
vt 0.991717 0.927574
vt 0.983468 0.936052
vt 0.983468 0.923395
vt 0.735354 0.969886
vt 0.999671 0.924181
vt 0.991717 0.913524
vt 0.999671 0.909409
vt 0.195239 0.994147
vt 0.195239 0.974442
vt 0.204334 0.991004
vt 0.970122 0.019354
vt 0.983654 0.035906
vt 0.965950 0.039170
vt 0.979582 0.024760
vt 0.571136 0.913174
vt 0.884436 0.525026
vt 0.897655 0.507287
vt 0.900848 0.516098
vt 0.823056 0.961414
vt 0.139480 0.535845
vt 0.135595 0.554583
vt 0.127481 0.531880
vt 0.774237 0.839275
vt 0.765631 0.836341
vt 0.774237 0.819252
vt 0.854100 0.852174
vt 0.846289 0.865358
vt 0.841056 0.877563
vt 0.701611 0.987874
vt 0.694804 0.999207
vt 0.694804 0.985494
vt 0.791198 0.873478
vt 0.130144 0.521944
vt 0.142404 0.538474
vt 0.774412 0.875394
vt 0.230860 0.972054
vt 0.242232 0.985295
vt 0.230860 0.989261
vt 0.976443 0.545868
vt 0.976443 0.557655
vt 0.967349 0.546855
vt 0.867010 0.958935
vt 0.145836 0.763382
vt 0.152268 0.756752
vt 0.152268 0.778279
vt 0.723656 0.480672
vt 0.751967 0.643852
vt 0.968090 0.880947
vt 0.724088 0.938953
vt 0.736850 0.938953
vt 0.343022 0.984657
vt 0.216773 0.989624
vt 0.702697 0.632526
vt 0.745164 0.536594
vt 0.745164 0.525027
vt 0.755153 0.528360
vt 0.925902 0.688451
vt 0.936082 0.686021
vt 0.938541 0.696048
vt 0.946330 0.703588
vt 0.926579 0.704914
vt 0.891746 0.421997
vt 0.883286 0.404768
vt 0.884075 0.379909
vt 0.121777 0.465035
vt 0.335385 0.066811
vt 0.323855 0.056887
vt 0.344911 0.055620
vt 0.916508 0.889023
vt 0.943640 0.906955
vt 0.939608 0.876391
vt 0.934966 0.873429
vt 0.527395 0.927253
vt 0.509612 0.921650
vt 0.500290 0.917329
vt 0.216773 0.969990
vt 0.207939 0.963873
vt 0.051837 0.594857
vt 0.054660 0.604721
vt 0.684065 0.889716
vt 0.698176 0.864479
vt 0.701326 0.871835
vt 0.349038 0.533634
vt 0.365527 0.545062
vt 0.342536 0.564439
vt 0.355482 0.564902
vt 0.011589 0.481173
vt 0.020738 0.470795
vt 0.011704 0.466440
vt 0.350567 0.514062
vt 0.153763 0.555890
vt 0.142853 0.553107
vt 0.160242 0.537128
vt 0.765768 0.761831
vt 0.774237 0.767037
vt 0.764856 0.783962
vt 0.354373 0.527082
vt 0.764856 0.746106
vt 0.367779 0.564829
vt 0.160242 0.582950
vt 0.367842 0.984114
vt 0.356476 0.988564
vt 0.356476 0.965773
vt 0.814512 0.394907
vt 0.824918 0.393431
vt 0.826857 0.208546
vt 0.840404 0.221852
vt 0.825837 0.236337
vt 0.253381 0.954472
vt 0.253381 0.935375
vt 0.267377 0.949972
vt 0.653868 0.287206
vt 0.652167 0.279925
vt 0.667414 0.282355
vt 0.978504 0.949659
vt 0.966960 0.965905
vt 0.963220 0.949132
vt 0.410912 0.972061
vt 0.410912 0.993732
vt 0.401965 0.980577
vt 0.668369 0.269378
vt 0.630254 0.925507
vt 0.635249 0.916232
vt 0.644308 0.923506
vt 0.638384 0.945411
vt 0.929095 0.371792
vt 0.924131 0.352693
vt 0.932926 0.362266
vt 0.985268 0.112436
vt 0.980626 0.128084
vt 0.967651 0.114445
vt 0.937016 0.353810
vt 0.961634 0.909409
vt 0.213565 0.894781
vt 0.847342 0.279955
vt 0.830269 0.269038
vt 0.845451 0.271720
vt 0.176957 0.891759
vt 0.766104 0.136649
vt 0.769332 0.147272
vt 0.756651 0.136649
vt 0.733498 0.423721
vt 0.734580 0.410347
vt 0.909749 0.174547
vt 0.916626 0.257154
vt 0.928384 0.256191
vt 0.875953 0.171415
vt 0.875380 0.147688
vt 0.577257 0.657203
vt 0.611162 0.675010
vt 0.634928 0.681286
vt 0.600972 0.687629
vt 0.575028 0.644108
vt 0.566843 0.627148
vt 0.579625 0.617786
vt 0.590093 0.631399
vt 0.590786 0.615715
vt 0.428265 0.849730
vt 0.424752 0.833107
vt 0.448583 0.832132
vt 0.436578 0.821008
vt 0.369854 0.953308
vt 0.361174 0.965773
vt 0.357303 0.951084
vt 0.593971 0.545814
vt 0.599370 0.556795
vt 0.829093 0.969430
vt 0.823141 0.961101
vt 0.829093 0.947683
vt 0.357005 0.937023
vt 0.369854 0.934049
vt 0.994830 0.735289
vt 0.994830 0.756145
vt 0.986003 0.736486
vt 0.759892 0.938956
vt 0.763239 0.955746
vt 0.750921 0.945826
vt 0.750509 0.953807
vt 0.738941 0.938953
vt 0.738941 0.958385
vt 0.142853 0.609669
vt 0.144726 0.620041
vt 0.142853 0.625627
vt 0.919994 0.834269
vt 0.909036 0.825828
vt 0.898905 0.926329
vt 0.300141 0.944428
vt 0.295571 0.942605
vt 0.300141 0.932218
vt 0.871448 0.984750
vt 0.877729 0.997159
vt 0.867011 0.997159
vt 0.126297 0.438381
vt 0.774405 0.669346
vt 0.774405 0.711195
vt 0.763239 0.692580
vt 0.459085 0.984348
vt 0.469907 0.970968
vt 0.469907 0.989698
vt 0.899633 0.141692
vt 0.689362 0.477564
vt 0.726187 0.969886
vt 0.717477 0.958818
vt 0.990639 0.627475
vt 0.998112 0.639263
vt 0.990639 0.647667
vt 0.152268 0.740369
vt 0.142463 0.756752
vt 0.142463 0.724168
vt 0.307966 0.094658
vt 0.311824 0.103849
vt 0.323674 0.120471
vt 0.329532 0.140183
vt 0.348198 0.163056
vt 0.344258 0.879712
vt 0.364859 0.878707
vt 0.369854 0.890110
vt 0.819520 0.434246
vt 0.818810 0.480067
vt 0.418677 0.363131
vt 0.885145 0.563484
vt 0.109971 0.321727
vt 0.767557 0.610922
vt 0.759071 0.624132
vt 0.443482 0.153976
vt 0.445210 0.174061
vt 0.457717 0.193004
vt 0.814936 0.406195
vt 0.851158 0.252841
vt 0.857281 0.238106
vt 0.859847 0.257063
vt 0.266051 0.977140
vt 0.267377 0.987546
vt 0.254468 0.987546
vt 0.255273 0.976685
vt 0.262439 0.969294
vt 0.764426 0.157641
vt 0.749021 0.154711
vt 0.748901 0.143258
vt 0.779599 0.307970
vt 0.567940 0.795293
vt 0.567016 0.782829
vt 0.547317 0.785693
vt 0.611059 0.790327
vt 0.599270 0.797338
vt 0.913486 0.477961
vt 0.234120 0.498699
vt 0.240507 0.500278
vt 0.243105 0.484229
vt 0.234497 0.476985
vt 0.246158 0.460934
vt 0.256633 0.473162
vt 0.244553 0.455133
vt 0.267406 0.462539
vt 0.982814 0.817123
vt 0.982814 0.839539
vt 0.925323 0.430781
vt 0.923515 0.418771
vt 0.935199 0.393820
vt 0.929723 0.379909
vt 0.951884 0.401737
vt 0.941399 0.384449
vt 0.172923 0.945164
vt 0.172923 0.965929
vt 0.167819 0.960680
vt 0.505771 0.570340
vt 0.521536 0.583719
vt 0.510732 0.591085
vt 0.529579 0.895220
vt 0.533329 0.902123
vt 0.529579 0.913393
vt 0.517798 0.609082
vt 0.502717 0.590715
vt 0.343022 0.996413
vt 0.331533 0.996413
vt 0.335391 0.984657
vt 0.998650 0.873349
vt 0.991009 0.865637
vt 0.998650 0.856070
vt 0.820614 0.828018
vt 0.853234 0.846674
vt 0.789637 0.825900
vt 0.577704 0.878117
vt 0.909717 0.073616
vt 0.809887 0.127374
vt 0.816346 0.136313
vt 0.792129 0.130369
vt 0.665538 0.878859
vt 0.681084 0.864479
vt 0.674890 0.885277
vt 0.988366 0.347676
vt 0.988366 0.325418
vt 0.996266 0.330681
vt 0.309102 0.978310
vt 0.300303 0.993583
vt 0.300303 0.969992
vt 0.121217 0.617021
vt 0.133286 0.612867
vt 0.942257 0.058334
vt 0.789993 0.114060
vt 0.111251 0.297060
vt 0.132730 0.294349
vt 0.673101 0.972418
vt 0.684066 0.965754
vt 0.684066 0.979371
vt 0.822997 0.123718
vt 0.811072 0.094333
vt 0.818145 0.103473
vt 0.430659 0.248980
vt 0.432671 0.274602
vt 0.254328 0.733050
vt 0.748009 0.605700
vt 0.738457 0.609684
vt 0.980908 0.144608
vt 0.988867 0.133102
vt 0.988867 0.166551
vt 0.733259 0.621383
vt 0.717394 0.620956
vt 0.681426 0.633786
vt 0.678087 0.617814
vt 0.010724 0.960580
vt 0.001609 0.949373
vt 0.987502 0.530430
vt 0.975298 0.540649
vt 0.975298 0.513869
vt 0.008732 0.800234
vt 0.016626 0.825770
vt 0.000274 0.810747
vt 0.823420 0.969430
vt 0.829093 0.971325
vt 0.823420 0.989589
vt 0.903831 0.607246
vt 0.902355 0.622862
vt 0.890660 0.604118
vt 0.889677 0.620378
vt 0.881641 0.605946
vt 0.510877 0.970069
vt 0.510877 0.985690
vt 0.499233 0.981228
vt 0.920346 0.604402
vt 0.937311 0.604118
vt 0.115319 0.879898
vt 0.091806 0.883345
vt 0.136408 0.961607
vt 0.621777 0.924756
vt 0.021522 0.461672
vt 0.393350 0.575739
vt 0.391639 0.591599
vt 0.399929 0.611120
vt 0.423948 0.608193
vt 0.384371 0.603150
vt 0.001986 0.261904
vt 0.330698 0.476688
vt 0.683208 0.277175
vt 0.679083 0.262513
vt 0.469401 0.962889
vt 0.450585 0.964272
vt 0.954672 0.675215
vt 0.967434 0.671560
vt 0.578745 0.957989
vt 0.590470 0.957100
vt 0.577535 0.979579
vt 0.567073 0.978679
vt 0.954685 0.049802
vt 0.044286 0.842032
vt 0.463994 0.852933
vt 0.733750 0.525026
vt 0.723656 0.534228
vt 0.724024 0.525026
vt 0.735105 0.536595
vt 0.070601 0.752385
vt 0.968427 0.530936
vt 0.975298 0.537269
vt 0.959151 0.545664
vt 0.975298 0.521253
vt 0.779270 0.966796
vt 0.766062 0.965623
vt 0.765758 0.954221
vt 0.777171 0.957048
vt 0.574306 0.607585
vt 0.566186 0.595553
vt 0.824782 0.207080
vt 0.819853 0.167663
vt 0.231223 0.783535
vt 0.026919 0.650986
vt 0.031789 0.633869
vt 0.041132 0.643839
vt 0.034062 0.617021
vt 0.039657 0.627095
vt 0.270424 0.776958
vt 0.272922 0.790559
vt 0.493319 0.520512
vt 0.784717 0.563477
vt 0.775489 0.551477
vt 0.784244 0.542380
vt 0.878600 0.129659
vt 0.955829 0.545868
vt 0.967349 0.545868
vt 0.963131 0.558570
vt 0.737223 0.848663
vt 0.724929 0.855113
vt 0.726440 0.847390
vt 0.729865 0.834660
vt 0.493043 0.888710
vt 0.955815 0.920460
vt 0.955948 0.909409
vt 0.962133 0.915938
vt 0.949296 0.919955
vt 0.881043 0.741368
vt 0.881043 0.757966
vt 0.876882 0.750904
vt 0.952138 0.699826
vt 0.661851 0.965754
vt 0.673101 0.980280
vt 0.661851 0.990319
vt 0.153601 0.967403
vt 0.167694 0.961607
vt 0.165049 0.973725
vt 0.152204 0.986358
vt 0.114130 0.507480
vt 0.111789 0.521767
vt 0.111167 0.492109
vt 0.733753 0.123400
vt 0.098138 0.062096
vt 0.016626 0.906723
vt 0.991931 0.798104
vt 0.991931 0.813841
vt 0.982529 0.802054
vt 0.986971 0.789037
vt 0.909508 0.333389
vt 0.894081 0.343802
vt 0.889810 0.632173
vt 0.121639 0.895488
vt 0.131797 0.905884
vt 0.120471 0.907267
vt 0.132138 0.894110
vt 0.467785 0.247966
vt 0.444118 0.247846
vt 0.464837 0.256324
vt 0.745001 0.551268
vt 0.961442 0.004025
vt 0.333577 0.522842
vt 0.332268 0.544218
vt 0.323713 0.563188
vt 0.324540 0.531169
vt 0.318552 0.544424
vt 0.011859 0.893018
vt 0.016626 0.906723
vt 0.003567 0.896271
vt 0.207786 0.906994
vt 0.218997 0.927643
vt 0.207786 0.938643
vt 0.217506 0.914409
vt 0.966987 0.743348
vt 0.973279 0.735289
vt 0.973279 0.754430
vt 0.375937 0.592662
vt 0.373299 0.604547
vt 0.356401 0.583951
vt 0.362220 0.609552
vt 0.992654 0.351327
vt 0.983932 0.361576
vt 0.983004 0.348087
vt 0.335274 0.609115
vt 0.334685 0.596008
vt 0.349288 0.614072
vt 0.016626 0.863454
vt 0.324223 0.581934
vt 0.323871 0.598869
vt 0.291440 0.500202
vt 0.305075 0.520174
vt 0.291639 0.536009
vt 0.290043 0.560699
vt 0.277792 0.499152
vt 0.276855 0.524416
vt 0.417888 0.751575
vt 0.413349 0.757828
vt 0.406320 0.732439
vt 0.403564 0.752093
vt 0.450595 0.549622
vt 0.965186 0.345280
vt 0.983004 0.345280
vt 0.965530 0.352569
vt 0.980774 0.611394
vt 0.990726 0.591547
vt 0.988293 0.609511
vt 0.718091 0.891457
vt 0.732058 0.919061
vt 0.713194 0.903717
vt 0.732058 0.894104
vt 0.914908 0.046124
vt 0.523725 0.935415
vt 0.522660 0.951948
vt 0.504480 0.942550
vt 0.134898 0.631693
vt 0.941929 0.242140
vt 0.954621 0.277028
vt 0.411676 0.936231
vt 0.253123 0.933047
vt 0.237925 0.942917
vt 0.965068 0.191038
vt 0.965068 0.219429
vt 0.253123 0.901450
vt 0.118107 0.745837
vt 0.245471 0.216695
vt 0.935683 0.273423
vt 0.939019 0.268195
vt 0.941862 0.275312
vt 0.091806 0.827615
vt 0.090551 0.813517
vt 0.888583 0.961458
vt 0.960204 0.324407
vt 0.941929 0.252542
vt 0.289555 0.963240
vt 0.754315 0.353540
vt 0.058050 0.888222
vt 0.048927 0.913837
vt 0.048927 0.882018
vt 0.321863 0.969992
vt 0.328960 0.983486
vt 0.321863 0.991128
vt 0.498910 0.969671
vt 0.498910 0.980007
vt 0.492772 0.977324
vt 0.902579 0.019145
vt 0.498838 0.989598
vt 0.192541 0.606473
vt 0.178789 0.591928
vt 0.167276 0.577078
vt 0.164250 0.592309
vt 0.160242 0.579797
vt 0.615496 0.444712
vt 0.867011 0.932341
vt 0.883291 0.926329
vt 0.846686 0.525084
vt 0.846686 0.535709
vt 0.840509 0.528535
vt 0.518491 0.596574
vt 0.635302 0.371719
vt 0.627643 0.390391
vt 0.625654 0.369857
vt 0.152943 0.087328
vt 0.830297 0.663440
vt 0.823239 0.652895
vt 0.824829 0.636694
vt 0.976239 0.339765
vt 0.988366 0.325418
vt 0.988366 0.345027
vt 0.821630 0.605892
vt 0.806341 0.578835
vt 0.146641 0.193174
vt 0.827904 0.583247
vt 0.804274 0.563018
vt 0.874430 0.961458
vt 0.884264 0.965820
vt 0.876596 0.974444
vt 0.867011 0.974233
vt 0.884264 0.982658
vt 0.872971 0.984750
vt 0.907237 0.624587
vt 0.920347 0.644423
vt 0.708493 0.828203
vt 0.712173 0.826307
vt 0.712173 0.848121
vt 0.266497 0.719420
vt 0.263066 0.731192
vt 0.247930 0.713028
vt 0.922479 0.634645
vt 0.926934 0.625602
vt 0.932851 0.650193
vt 0.064804 0.985221
vt 0.078939 0.964719
vt 0.078939 0.982731
vt 0.146281 0.879315
vt 0.146281 0.864172
vt 0.157826 0.869768
vt 0.875966 0.680017
vt 0.881808 0.686681
vt 0.968377 0.858707
vt 0.980093 0.868564
vt 0.967405 0.873349
vt 0.989229 0.554228
vt 0.997971 0.536423
vt 0.974920 0.849379
vt 0.861623 0.757314
vt 0.867177 0.741368
vt 0.876882 0.757314
vt 0.957809 0.845422
vt 0.957809 0.869331
vt 0.474719 0.263562
vt 0.574169 0.952740
vt 0.862724 0.724476
vt 0.859217 0.711453
vt 0.869857 0.721090
vt 0.881808 0.737575
vt 0.203735 0.643969
vt 0.298879 0.731305
vt 0.289979 0.735602
vt 0.271183 0.752093
vt 0.277259 0.729187
vt 0.269570 0.730441
vt 0.526944 0.274423
vt 0.482322 0.654784
vt 0.488417 0.682879
vt 0.442213 0.618778
vt 0.925902 0.668291
vt 0.935663 0.686021
vt 0.927578 0.685394
vt 0.997872 0.184014
vt 0.990726 0.192061
vt 0.990726 0.176423
vt 0.995836 0.172066
vt 0.824918 0.351128
vt 0.819158 0.340663
vt 0.679680 0.965754
vt 0.659230 0.965754
vt 0.470339 0.943755
vt 0.491411 0.941778
vt 0.909200 0.119633
vt 0.909200 0.141115
vt 0.899633 0.121310
vt 0.068413 0.776344
vt 0.063349 0.785576
vt 0.055722 0.767964
vt 0.675015 0.930142
vt 0.750888 0.823241
vt 0.658793 0.933425
vt 0.016885 0.784466
vt 0.962133 0.943382
vt 0.957275 0.473587
vt 0.971580 0.474477
vt 0.309101 0.986100
vt 0.321399 0.969992
vt 0.321863 0.986100
vt 0.966924 0.763169
vt 0.978240 0.758084
vt 0.981147 0.769091
vt 0.413681 0.834041
vt 0.417106 0.847569
vt 0.404660 0.830086
vt 0.343022 0.957633
vt 0.343295 0.946669
vt 0.173152 0.893240
vt 0.167819 0.890132
vt 0.173152 0.879791
vt 0.167934 0.901344
vt 0.972473 0.663631
vt 0.891152 0.926329
vt 0.984354 0.653098
vt 0.913413 0.923576
vt 0.748620 0.971107
vt 0.422001 0.385397
vt 0.757738 0.432529
vt 0.945480 0.521374
vt 0.941198 0.509121
vt 0.956561 0.500397
vt 0.932909 0.481381
vt 0.939616 0.473587
vt 0.856311 0.470610
vt 0.837931 0.444937
vt 0.998001 0.442247
vt 0.991846 0.437178
vt 0.998001 0.423224
vt 0.678429 0.650476
vt 0.217810 0.960040
vt 0.083293 0.359173
vt 0.023734 0.932562
vt 0.248365 0.972054
vt 0.253124 0.980371
vt 0.244243 0.988446
vt 0.043993 0.215044
vt 0.054492 0.262293
vt 0.057457 0.281505
vt 0.197429 0.958454
vt 0.981720 0.444787
vt 0.981720 0.473587
vt 0.027346 0.332511
vt 0.005517 0.379704
vt 0.770607 0.592231
vt 0.759359 0.560485
vt 0.758556 0.542295
vt 0.744221 0.539818
vt 0.284853 0.444271
vt 0.291238 0.470242
vt 0.270154 0.444684
vt 0.305721 0.459805
vt 0.277777 0.476863
vt 0.269862 0.463550
vt 0.268828 0.509062
vt 0.347401 0.520558
vt 0.372172 0.549347
vt 0.598711 0.961340
vt 0.591287 0.988986
vt 0.593111 0.965561
vt 0.069021 0.720777
vt 0.497261 0.825500
vt 0.078344 0.695700
vt 0.881641 0.585436
vt 0.875340 0.613775
vt 0.986689 0.991502
vt 0.987076 0.975059
vt 0.994086 0.975155
vt 0.071366 0.711912
vt 0.068610 0.682404
vt 0.965384 0.424373
vt 0.982741 0.417514
vt 0.982741 0.444787
vt 0.962308 0.435944
vt 0.757332 0.343425
vt 0.188782 0.972603
vt 0.974395 0.508438
vt 0.956561 0.511037
vt 0.617143 0.764481
vt 0.034047 0.672603
vt 0.064249 0.642386
vt 0.160242 0.470705
vt 0.051937 0.622147
vt 0.066375 0.631189
vt 0.448583 0.791446
vt 0.057834 0.651502
vt 0.059053 0.662348
vt 0.024632 0.662344
vt 0.603615 0.591471
vt 0.669123 0.840899
vt 0.663708 0.849615
vt 0.657317 0.850538
vt 0.688122 0.840820
vt 0.963071 0.776853
vt 0.332438 0.779102
vt 0.308816 0.774828
vt 0.307653 0.765638
vt 0.743249 0.806410
vt 0.731582 0.817051
vt 0.728888 0.797719
vt 0.719673 0.805888
vt 0.982741 0.429989
vt 0.991846 0.417514
vt 0.991846 0.442247
vt 0.817962 0.492149
vt 0.639389 0.404230
vt 0.658078 0.399976
vt 0.529496 0.770733
vt 0.517325 0.760685
vt 0.873279 0.406556
vt 0.883286 0.408363
vt 0.883058 0.416308
vt 0.866283 0.423634
vt 0.856470 0.406622
vt 0.328624 0.174346
vt 0.319769 0.138760
vt 0.852403 0.536614
vt 0.384637 0.978849
vt 0.393638 0.971126
vt 0.393638 0.992969
vt 0.873797 0.392931
vt 0.867626 0.373017
vt 0.853737 0.381528
vt 0.850490 0.373026
vt 0.845297 0.355382
vt 0.584085 0.490188
vt 0.745164 0.535883
vt 0.737395 0.528385
vt 0.745164 0.525090
vt 0.037499 0.988369
vt 0.029690 0.998619
vt 0.029690 0.985361
vt 0.983654 0.013292
vt 0.708150 0.797719
vt 0.712173 0.815500
vt 0.708150 0.826307
vt 0.320278 0.108067
vt 0.953593 0.471451
vt 0.946448 0.473587
vt 0.935969 0.463073
vt 0.664951 0.625376
vt 0.755153 0.536594
vt 0.755153 0.525428
vt 0.764669 0.529661
vt 0.039733 0.900853
vt 0.934773 0.722912
vt 0.955101 0.719738
vt 0.942332 0.735216
vt 0.699572 0.597230
vt 0.989477 0.779274
vt 0.989477 0.758283
vt 0.997764 0.774923
vt 0.965068 0.201069
vt 0.979444 0.215795
vt 0.971097 0.221757
vt 0.057756 0.582417
vt 0.564484 0.957099
vt 0.850946 0.717822
vt 0.567073 0.981825
vt 0.577987 0.981825
vt 0.574789 0.996211
vt 0.590713 0.909532
vt 0.590713 0.934644
vt 0.876024 0.741235
vt 0.852404 0.737254
vt 0.346035 0.668809
vt 0.348871 0.676101
vt 0.330865 0.677168
vt 0.580492 0.838969
vt 0.585567 0.849404
vt 0.578863 0.860076
vt 0.324935 0.663822
vt 0.292178 0.616800
vt 0.307018 0.606394
vt 0.296716 0.645239
vt 0.321865 0.640409
vt 0.288552 0.634771
vt 0.278345 0.613686
vt 0.269893 0.615436
vt 0.272231 0.585109
vt 0.429344 0.630241
vt 0.416502 0.619398
vt 0.402015 0.624905
vt 0.390509 0.618066
vt 0.684918 0.085712
vt 0.691880 0.119239
vt 0.679790 0.134182
vt 0.680750 0.103200
vt 0.534531 0.720459
vt 0.534531 0.775893
vt 0.529568 0.738260
vt 0.693280 0.077560
vt 0.684993 0.051899
vt 0.675503 0.067946
vt 0.671887 0.048117
vt 0.665365 0.138688
vt 0.636304 0.153859
vt 0.628720 0.154383
vt 0.167172 0.879898
vt 0.157625 0.880633
vt 0.564484 0.944406
vt 0.562826 0.914987
vt 0.942257 0.048294
vt 0.192898 0.902216
vt 0.190164 0.923864
vt 0.173152 0.899472
vt 0.871619 0.847671
vt 0.610834 0.773669
vt 0.825833 0.247353
vt 0.823266 0.230094
vt 0.584159 0.683084
vt 0.568666 0.662878
vt 0.148379 0.455133
vt 0.292547 0.766039
vt 0.476454 0.775650
vt 0.875167 0.141765
vt 0.507048 0.458284
vt 0.510967 0.468118
vt 0.501697 0.472360
vt 0.494858 0.437096
vt 0.837095 0.420847
vt 0.841638 0.402826
vt 0.845344 0.416407
vt 0.020940 0.716620
vt 0.872766 0.358173
vt 0.022270 0.677849
vt 0.654803 0.413085
vt 0.639594 0.413667
vt 0.674250 0.386199
vt 0.894336 0.456567
vt 0.308030 0.062977
vt 0.313307 0.056291
vt 0.942343 0.754769
vt 0.936819 0.735289
vt 0.955261 0.735289
vt 0.934926 0.943543
vt 0.940626 0.954368
vt 0.934926 0.966161
vt 0.345138 0.986252
vt 0.343022 0.965773
vt 0.356476 0.965773
vt 0.267406 0.935375
vt 0.900848 0.443186
vt 0.962308 0.433285
vt 0.689565 0.797719
vt 0.201564 0.760577
vt 0.445112 0.303089
vt 0.452381 0.272668
vt 0.235578 0.712962
vt 0.103270 0.923810
vt 0.091806 0.961174
vt 0.091806 0.922852
vt 0.499700 0.987693
vt 0.150216 0.985856
vt 0.990816 0.322908
vt 0.601084 0.983427
vt 0.917182 0.327049
vt 0.910150 0.311292
vt 0.895064 0.313802
vt 0.841890 0.675139
vt 0.839656 0.686997
vt 0.830297 0.690605
vt 0.795643 0.923750
vt 0.786331 0.927389
vt 0.790899 0.910403
vt 0.774449 0.913835
vt 0.770836 0.049989
vt 0.419672 0.709978
vt 0.875166 0.163727
vt 0.858184 0.151760
vt 0.872066 0.145688
vt 0.855804 0.141765
vt 0.845670 0.152539
vt 0.950391 0.271271
vt 0.941929 0.276952
vt 0.236296 0.966575
vt 0.252947 0.972054
vt 0.624165 0.212977
vt 0.609402 0.198693
vt 0.608334 0.980608
vt 0.603557 0.969786
vt 0.621220 0.967308
vt 0.621777 0.955471
vt 0.783504 0.536594
vt 0.773700 0.536594
vt 0.781147 0.526257
vt 0.596170 0.244044
vt 0.604658 0.234421
vt 0.616725 0.240317
vt 0.455146 0.992268
vt 0.445710 0.983139
vt 0.455146 0.970968
vt 0.598711 0.955471
vt 0.962133 0.978290
vt 0.940686 0.978868
vt 0.573209 0.206770
vt 0.947898 0.228140
vt 0.951825 0.233291
vt 0.607094 0.823031
vt 0.734951 0.922299
vt 0.758217 0.916761
vt 0.752594 0.929349
vt 0.740139 0.933172
vt 0.488979 0.955245
vt 0.483746 0.968643
vt 0.471007 0.958475
vt 0.787183 0.508209
vt 0.787403 0.525026
vt 0.791635 0.962918
vt 0.635464 0.571405
vt 0.622812 0.573646
vt 0.481114 0.943755
vt 0.777856 0.631978
vt 0.774412 0.623501
vt 0.862032 0.339655
vt 0.869754 0.327946
vt 0.016885 0.636140
vt 0.856098 0.299883
vt 0.497261 0.770077
vt 0.480225 0.760685
vt 0.833430 0.351529
vt 0.835803 0.315884
vt 0.824918 0.326254
vt 0.828955 0.308451
vt 0.447877 0.870308
vt 0.438463 0.894103
vt 0.423668 0.889091
vt 0.406290 0.896216
vt 0.409873 0.872704
vt 0.838741 0.071445
vt 0.836025 0.048958
vt 0.710367 0.319348
vt 0.547660 0.972750
vt 0.534531 0.982147
vt 0.881474 0.895994
vt 0.868767 0.895721
vt 0.987357 0.510421
vt 0.974395 0.511037
vt 0.982383 0.497928
vt 0.680256 0.294531
vt 0.764484 0.903806
vt 0.774412 0.927389
vt 0.763604 0.927389
vt 0.723656 0.445230
vt 0.732189 0.445301
vt 0.728281 0.458147
vt 0.973912 0.379909
vt 0.822997 0.083883
vt 0.088786 0.560522
vt 0.757014 0.588247
vt 0.043390 0.558763
vt 0.052140 0.987896
vt 0.059900 0.961783
vt 0.064804 0.981472
vt 0.052140 0.962551
vt 0.529959 0.790453
vt 0.534531 0.775893
vt 0.534531 0.801477
vt 0.452017 0.089247
vt 0.992654 0.371066
vt 0.353257 0.630375
vt 0.167819 0.922795
vt 0.172880 0.935495
vt 0.167819 0.945164
vt 0.016626 0.843252
vt 0.003694 0.852762
vt 0.001574 0.838714
vt 0.333940 0.638684
vt 0.334910 0.660600
vt 0.590713 0.875588
vt 0.578863 0.882365
vt 0.016473 0.778648
vt 0.013681 0.789516
vt 0.002928 0.782210
vt 0.000274 0.773952
vt 0.012768 0.769042
vt 0.016626 0.825770
vt 0.985360 0.371197
vt 0.995003 0.379870
vt 0.985360 0.388630
vt 0.014550 0.863454
vt 0.454670 0.970968
vt 0.667681 0.055942
vt 0.590470 0.981826
vt 0.942257 0.091956
vt 0.149853 0.836783
vt 0.180377 0.940488
vt 0.173152 0.939244
vt 0.686781 0.042538
vt 0.696963 0.033792
vt 0.942505 0.661692
vt 0.942505 0.677630
vt 0.998588 0.454016
vt 0.998588 0.470612
vt 0.991279 0.458387
vt 0.529496 0.875223
vt 0.865860 0.185416
vt 0.861653 0.196297
vt 0.849839 0.185112
vt 0.868239 0.195896
vt 0.903849 0.278568
vt 0.861129 0.164339
vt 0.870141 0.168505
vt 0.896154 0.289415
vt 0.499233 0.970069
vt 0.499233 0.942844
vt 0.218997 0.899962
vt 0.909717 0.026914
vt 0.448583 0.906766
vt 0.881932 0.873429
vt 0.183415 0.894781
vt 0.553324 0.913174
vt 0.974675 0.909409
vt 0.470339 0.969671
vt 0.797237 0.510906
vt 0.720513 0.711739
vt 0.091806 0.782138
vt 0.800280 0.428684
vt 0.791817 0.448875
vt 0.639969 0.591079
vt 0.787803 0.468511
vt 0.628703 0.563844
vt 0.700330 0.864479
vt 0.494420 0.948247
vt 0.277739 0.760685
vt 0.843360 0.306531
vt 0.836737 0.301979
vt 0.448583 0.894932
vt 0.415166 0.895275
vt 0.391095 0.315489
vt 0.930915 0.525026
vt 0.930915 0.498354
vt 0.078939 0.985221
vt 0.077773 0.997422
vt 0.069731 0.985221
vt 0.857571 0.452014
vt 0.858952 0.459542
vt 0.846548 0.443869
vt 0.167878 0.968430
vt 0.172880 0.965929
vt 0.172880 0.979460
vt 0.739035 0.432178
vt 0.974395 0.479053
vt 0.746189 0.466618
vt 0.735755 0.496858
vt 0.707945 0.833689
vt 0.973912 0.415250
vt 0.131540 0.467667
vt 0.995073 0.729387
vt 0.987507 0.716465
vt 0.995073 0.705427
vt 0.940121 0.365304
vt 0.940121 0.350516
vt 0.948289 0.345280
vt 0.965186 0.359917
vt 0.552555 0.356860
vt 0.881808 0.672864
vt 0.888426 0.665521
vt 0.958804 0.378261
vt 0.944730 0.379529
vt 0.595628 0.877791
vt 0.990949 0.208577
vt 0.997439 0.192061
vt 0.997439 0.213325
vt 0.395597 0.964390
vt 0.410911 0.966504
vt 0.403602 0.972061
vt 0.684066 0.960998
vt 0.369854 0.969868
vt 0.379855 0.958301
vt 0.376287 0.971127
vt 0.392873 0.960097
vt 0.990816 0.322908
vt 0.990816 0.304212
vt 0.998333 0.320066
vt 0.997830 0.223855
vt 0.997830 0.244426
vt 0.989981 0.237164
vt 0.068213 0.490848
vt 0.506917 0.222022
vt 0.534531 0.830593
vt 0.529648 0.838969
vt 0.529648 0.823859
vt 0.252337 0.643969
vt 0.258747 0.649763
vt 0.236349 0.646726
vt 0.497261 0.888710
vt 0.467971 0.887784
vt 0.516642 0.724250
vt 0.629049 0.985481
vt 0.601291 0.006537
vt 0.599631 0.018117
vt 0.572494 0.020467
vt 0.576114 0.043087
vt 0.086800 0.853425
vt 0.573737 0.773776
vt 0.494420 0.962899
vt 0.956561 0.535074
vt 0.830707 0.074997
vt 0.829003 0.059804
vt 0.876977 0.758084
vt 0.867011 0.764962
vt 0.890191 0.760434
vt 0.822997 0.043603
vt 0.866948 0.823778
vt 0.867011 0.835418
vt 0.849441 0.815203
vt 0.802601 0.589413
vt 0.790616 0.577264
vt 0.998103 0.599262
vt 0.998103 0.619632
vt 0.990726 0.612566
vt 0.763239 0.976805
vt 0.763239 0.992777
vt 0.754022 0.983365
vt 0.756673 0.971107
vt 0.894313 0.891488
vt 0.891860 0.899330
vt 0.529959 0.801477
vt 0.534210 0.806217
vt 0.529959 0.823688
vt 0.901780 0.775857
vt 0.909085 0.771695
vt 0.925620 0.777413
vt 0.910011 0.902074
vt 0.048487 0.885972
vt 0.048927 0.914034
vt 0.037434 0.882018
vt 0.921293 0.661572
vt 0.920346 0.648146
vt 0.396302 0.182442
vt 0.529786 0.838969
vt 0.534531 0.851211
vt 0.529786 0.858034
vt 0.400383 0.954388
vt 0.533624 0.895220
vt 0.529579 0.880962
vt 0.533624 0.875686
vt 0.937237 0.897146
vt 0.072345 0.062648
vt 0.393638 0.942896
vt 0.402450 0.937311
vt 0.975775 0.977021
vt 0.962133 0.985190
vt 0.962133 0.965905
vt 0.410911 0.940104
vt 0.393638 0.937311
vt 0.369854 0.944706
vt 0.763515 0.819252
vt 0.765631 0.836973
vt 0.763515 0.847577
vt 0.279947 0.555798
vt 0.472741 0.134517
vt 0.310203 0.567883
vt 0.289944 0.592504
vt 0.277843 0.590423
vt 0.480703 0.159800
vt 0.492041 0.188008
vt 0.429997 0.028719
vt 0.437221 0.046197
vt 0.420748 0.030902
vt 0.732058 0.891457
vt 0.711906 0.037419
vt 0.732058 0.938953
vt 0.534530 0.838969
vt 0.945722 0.684265
vt 0.684066 0.960998
vt 0.684887 0.922985
vt 0.652884 0.136080
vt 0.820550 0.308093
vt 0.975205 0.391604
vt 0.973912 0.378331
vt 0.985360 0.395031
vt 0.623120 0.960831
vt 0.624587 0.947723
vt 0.960309 0.187822
vt 0.975513 0.166551
vt 0.975513 0.188389
vt 0.438660 0.967405
vt 0.870372 0.203586
vt 0.930243 0.299025
vt 0.926734 0.326259
vt 0.917508 0.315111
vt 0.848886 0.163791
vt 0.817081 0.296378
vt 0.516210 0.969073
vt 0.990726 0.619632
vt 0.467972 0.885129
vt 0.622463 0.611702
vt 0.956461 0.801535
vt 0.950459 0.792659
vt 0.963071 0.792566
vt 0.644308 0.680280
vt 0.641194 0.662848
vt 0.848607 0.487698
vt 0.943640 0.929637
vt 0.950665 0.940209
vt 0.942975 0.780239
vt 0.939081 0.761747
vt 0.951776 0.762130
vt 0.944188 0.792242
vt 0.790582 0.600980
vt 0.692243 0.672281
vt 0.679126 0.669346
vt 0.808767 0.551128
vt 0.793172 0.536614
vt 0.353031 0.215035
vt 0.524849 0.573052
vt 0.295686 0.067775
vt 0.496657 0.536899
vt 0.498081 0.548856
vt 0.507524 0.531114
vt 0.306513 0.075908
vt 0.151265 0.636700
vt 0.160242 0.634173
vt 0.160242 0.643387
vt 0.312894 0.111567
vt 0.406286 0.344554
vt 0.407419 0.358661
vt 0.882023 0.592466
vt 0.677579 0.991190
vt 0.645979 0.941426
vt 0.657827 0.940131
vt 0.644682 0.963294
vt 0.095005 0.612684
vt 0.791635 0.961414
vt 0.800875 0.962249
vt 0.037499 0.967371
vt 0.037499 0.977313
vt 0.024787 0.967958
vt 0.624349 0.901658
vt 0.641965 0.909532
vt 0.353618 0.047986
vt 0.438660 0.956177
vt 0.445348 0.961812
vt 0.438660 0.967298
vt 0.906441 0.989504
vt 0.913413 0.980530
vt 0.976239 0.324444
vt 0.963639 0.342690
vt 0.960204 0.324407
vt 0.976239 0.345027
vt 0.979444 0.189454
vt 0.056640 0.557182
vt 0.680422 0.553483
vt 0.674790 0.559145
vt 0.672841 0.537397
vt 0.684934 0.548229
vt 0.816296 0.896884
vt 0.016473 0.750946
vt 0.949257 0.978867
vt 0.962133 0.986576
vt 0.949257 0.993188
vt 0.842126 0.962562
vt 0.854668 0.984187
vt 0.842126 0.988265
vt 0.449304 0.585510
vt 0.436901 0.602929
vt 0.160242 0.582950
vt 0.160083 0.611015
vt 0.146666 0.597650
vt 0.527626 0.654233
vt 0.540456 0.681931
vt 0.526312 0.678583
vt 0.433825 0.581132
vt 0.411676 0.912677
vt 0.400324 0.935534
vt 0.400324 0.911464
vt 0.984354 0.653098
vt 0.993043 0.670260
vt 0.984354 0.677649
vt 0.400454 0.896216
vt 0.404993 0.522349
vt 0.393715 0.526264
vt 0.096304 0.961174
vt 0.384138 0.531602
vt 0.168660 0.864172
vt 0.173152 0.879791
vt 0.157826 0.879791
vt 0.386353 0.564048
vt 0.146160 0.617577
vt 0.624393 0.234146
vt 0.616546 0.227697
vt 0.589732 0.223982
vt 0.621242 0.179602
vt 0.834197 0.184146
vt 0.940121 0.338334
vt 0.923009 0.333377
vt 0.936027 0.322512
vt 0.604110 0.282658
vt 0.940121 0.310833
vt 0.935165 0.294237
vt 0.908796 0.294237
vt 0.931849 0.870755
vt 0.576065 0.284269
vt 0.367886 0.869976
vt 0.378504 0.878707
vt 0.902122 0.870755
vt 0.399543 0.875497
vt 0.992974 0.039170
vt 0.983654 0.028211
vt 0.992974 0.015665
vt 0.763239 0.711195
vt 0.774237 0.725525
vt 0.763239 0.746106
vt 0.591287 0.955471
vt 0.994390 0.966605
vt 0.986689 0.965905
vt 0.998421 0.937641
vt 0.998421 0.956907
vt 0.992529 0.950433
vt 0.957763 0.517246
vt 0.994902 0.128832
vt 0.996914 0.141971
vt 0.988867 0.141971
vt 0.966637 0.511037
vt 0.716397 0.988175
vt 0.704934 0.986562
vt 0.847941 0.040748
vt 0.789431 0.966796
vt 0.789431 0.990193
vt 0.778808 0.973385
vt 0.536596 0.555206
vt 0.920570 0.437543
vt 0.539533 0.487228
vt 0.534736 0.469496
vt 0.900848 0.437075
vt 0.500078 0.500676
vt 0.694756 0.581045
vt 0.893242 0.339303
vt 0.883286 0.338156
vt 0.884880 0.312643
vt 0.836584 0.700771
vt 0.183031 0.989010
vt 0.183031 0.972603
vt 0.194792 0.983598
vt 0.977542 0.013292
vt 0.965950 0.013292
vt 0.977046 0.000675
vt 0.979053 0.254670
vt 0.964183 0.245024
vt 0.974913 0.245896
vt 0.964183 0.270988
vt 0.976749 0.276952
vt 0.447116 0.760685
vt 0.716291 0.536614
vt 0.736617 0.538584
vt 0.716466 0.544208
vt 0.420989 0.741837
vt 0.560560 0.039419
vt 0.566222 0.015408
vt 0.557762 0.022613
vt 0.205535 0.920697
vt 0.552323 0.954544
vt 0.867011 0.871900
vt 0.156201 0.207978
vt 0.903470 0.458568
vt 0.025043 0.740331
vt 0.023773 0.732483
vt 0.099662 0.765726
vt 0.867011 0.912722
vt 0.410496 0.853187
vt 0.402312 0.843130
vt 0.629966 0.985704
vt 0.629966 0.999256
vt 0.623120 0.991946
vt 0.667776 0.294237
vt 0.963688 0.813841
vt 0.853418 0.397882
vt 0.834469 0.391518
vt 0.493193 0.750591
vt 0.490506 0.742323
vt 0.493193 0.724250
vt 0.347650 0.197873
vt 0.934156 0.823081
vt 0.924175 0.820400
vt 0.358034 0.926764
vt 0.953508 0.279103
vt 0.941862 0.294237
vt 0.943267 0.277028
vt 0.954621 0.294237
vt 0.653445 0.662274
vt 0.653930 0.653434
vt 0.167694 0.978930
vt 0.854497 0.525084
vt 0.853020 0.533042
vt 0.846686 0.525084
vt 0.644308 0.655849
vt 0.918039 0.379909
vt 0.743795 0.130310
vt 0.932591 0.119633
vt 0.670873 0.618116
vt 0.908681 0.651189
vt 0.916321 0.660448
vt 0.073974 0.387776
vt 0.850323 0.727491
vt 0.115302 0.996350
vt 0.104223 0.986544
vt 0.115302 0.984058
vt 0.362868 0.571952
vt 0.336270 0.572021
vt 0.993063 0.398333
vt 0.985360 0.415250
vt 0.985360 0.388630
vt 0.212299 0.894780
vt 0.353515 0.578390
vt 0.267406 0.513586
vt 0.552419 0.086121
vt 0.545865 0.100346
vt 0.142853 0.594473
vt 0.145506 0.582950
vt 0.145506 0.609669
vt 0.567082 0.084082
vt 0.549505 0.074689
vt 0.540712 0.085442
vt 0.980285 0.355126
vt 0.971269 0.371066
vt 0.913413 0.953749
vt 0.976549 0.590427
vt 0.957002 0.568092
vt 0.971077 0.570547
vt 0.976549 0.558570
vt 0.589130 0.150798
vt 0.939525 0.048294
vt 0.142404 0.634574
vt 0.138803 0.617021
vt 0.129421 0.624469
vt 0.132138 0.917362
vt 0.198536 0.931619
vt 0.606634 0.052864
vt 0.535995 0.952035
vt 0.534531 0.941242
vt 0.564484 0.957137
vt 0.269401 0.884526
vt 0.990726 0.166751
vt 0.990726 0.192061
vt 0.979444 0.188455
vt 0.268239 0.885651
vt 0.981270 0.402598
vt 0.979789 0.102373
vt 0.967651 0.102745
vt 0.235048 0.899962
vt 0.922240 0.972958
vt 0.922240 0.994759
vt 0.913413 0.983617
vt 0.160242 0.511489
vt 0.736297 0.148997
vt 0.748901 0.158491
vt 0.727449 0.157580
vt 0.744219 0.136649
vt 0.727449 0.139079
vt 0.152268 0.697871
vt 0.142599 0.709553
vt 0.145081 0.684263
vt 0.045612 0.810943
vt 0.042123 0.794405
vt 0.956521 0.776677
vt 0.218997 0.784710
vt 0.534530 0.982147
vt 0.187782 0.779490
vt 0.173152 0.778669
vt 0.688983 0.471367
vt 0.481556 0.969671
vt 0.492772 0.977896
vt 0.481556 0.989852
vt 0.998520 0.077079
vt 0.989818 0.059979
vt 0.998520 0.058355
vt 0.712173 0.815692
vt 0.669331 0.457573
vt 0.934156 0.772487
vt 0.577704 0.838969
vt 0.574182 0.847097
vt 0.965833 0.997080
vt 0.973354 0.985191
vt 0.975775 0.997080
vt 0.941975 0.132098
vt 0.934470 0.121756
vt 0.941975 0.119729
vt 0.989845 0.555413
vt 0.925094 0.783752
vt 0.921742 0.806419
vt 0.933163 0.796960
vt 0.990259 0.828466
vt 0.982814 0.834473
vt 0.982814 0.815317
vt 0.985952 0.845422
vt 0.909784 0.543848
vt 0.900221 0.546018
vt 0.896722 0.553049
vt 0.765758 0.966796
vt 0.778809 0.966796
vt 0.778025 0.985858
vt 0.438660 0.990366
vt 0.438660 0.967298
vt 0.445601 0.970929
vt 0.732058 0.919061
vt 0.732058 0.938553
vt 0.716660 0.922669
vt 0.951630 0.731965
vt 0.925902 0.730153
vt 0.764669 0.536594
vt 0.773700 0.527557
vt 0.773479 0.535411
vt 0.764669 0.525214
vt 0.008827 0.967239
vt 0.253124 0.994051
vt 0.001609 0.934159
vt 0.753710 0.971107
vt 0.753710 0.983233
vt 0.748591 0.977289
vt 0.940244 0.973098
vt 0.940244 0.994939
vt 0.931911 0.989423
vt 0.931975 0.972958
vt 0.910929 0.605465
vt 0.708493 0.848121
vt 0.712049 0.859268
vt 0.708493 0.861547
vt 0.822167 0.890709
vt 0.823056 0.914059
vt 0.108474 0.935616
vt 0.132138 0.931075
vt 0.111346 0.960522
vt 0.129665 0.952976
vt 0.085860 0.927392
vt 0.965950 0.024433
vt 0.816628 0.014808
vt 0.511177 0.724250
vt 0.940558 0.983855
vt 0.949257 0.978867
vt 0.949257 0.998034
vt 0.409612 0.444232
vt 0.407810 0.460294
vt 0.517699 0.729635
vt 0.909717 0.119633
vt 0.817651 0.425532
vt 0.835241 0.251999
vt 0.119613 0.964123
vt 0.119613 0.984058
vt 0.113557 0.976251
vt 0.861470 0.273270
vt 0.623120 0.909532
vt 0.261601 0.969294
vt 0.651912 0.294237
vt 0.962133 0.937641
vt 0.983202 0.937641
vt 0.657044 0.963294
vt 0.801353 0.525203
vt 0.801353 0.536594
vt 0.792850 0.532866
vt 0.919150 0.358468
vt 0.933306 0.294237
vt 0.908796 0.288750
vt 0.328988 0.830682
vt 0.215899 0.810473
vt 0.774412 0.788587
vt 0.777794 0.796136
vt 0.793973 0.773337
vt 0.792167 0.801884
vt 0.778130 0.821616
vt 0.683633 0.885508
vt 0.683941 0.911016
vt 0.684066 0.921062
vt 0.393410 0.905315
vt 0.540712 0.507881
vt 0.543235 0.518280
vt 0.023896 0.985361
vt 0.395727 0.884906
vt 0.375915 0.878706
vt 0.881641 0.648686
vt 0.114022 0.922585
vt 0.919940 0.933740
vt 0.929394 0.927669
vt 0.926226 0.943543
vt 0.376285 0.980571
vt 0.367885 0.993853
vt 0.367885 0.971127
vt 0.972936 0.717350
vt 0.961497 0.726716
vt 0.955100 0.708872
vt 0.966749 0.732655
vt 0.002119 0.799575
vt 0.016626 0.789515
vt 0.955100 0.735216
vt 0.955832 0.716844
vt 0.969199 0.699113
vt 0.956997 0.695179
vt 0.132138 0.964123
vt 0.917508 0.294237
vt 0.690223 0.565700
vt 0.425747 0.646187
vt 0.405693 0.633101
vt 0.404751 0.659473
vt 0.866453 0.989308
vt 0.854668 0.974959
vt 0.866453 0.962562
vt 0.393638 0.983375
vt 0.401750 0.972061
vt 0.401750 0.994601
vt 0.490506 0.443761
vt 0.485376 0.476634
vt 0.973912 0.415250
vt 0.335792 0.851549
vt 0.147299 0.537128
vt 0.822551 0.265893
vt 0.003567 0.884320
vt 0.000074 0.876019
vt 0.003567 0.863454
vt 0.300268 0.969992
vt 0.300268 0.941590
vt 0.906643 0.476370
vt 0.371434 0.772729
vt 0.132138 0.960268
vt 0.132138 0.946409
vt 0.137987 0.954650
vt 0.154207 0.011511
vt 0.091465 0.942342
vt 0.091806 0.964720
vt 0.084065 0.941919
vt 0.791651 0.732010
vt 0.988476 0.001619
vt 0.994584 0.000002
vt 0.994584 0.015665
vt 0.735105 0.536594
vt 0.748591 0.978390
vt 0.738941 0.991764
vt 0.739291 0.981459
vt 0.983654 0.013371
vt 0.590981 0.485612
vt 0.074528 0.963389
vt 0.076227 0.937188
vt 0.064804 0.964720
vt 0.083101 0.929051
vt 0.124283 0.570279
vt 0.979168 0.040737
vt 0.979168 0.056544
vt 0.534531 0.861643
vt 0.384637 0.987899
vt 0.376285 0.994564
vt 0.376285 0.971127
vt 0.936819 0.735216
vt 0.927985 0.754769
vt 0.917458 0.740104
vt 0.917458 0.754663
vt 0.910228 0.672614
vt 0.990413 0.245024
vt 0.998396 0.250093
vt 0.990413 0.265055
vt 0.644682 0.930142
vt 0.784365 0.060449
vt 0.803556 0.052820
vt 0.208816 0.974442
vt 0.989229 0.511037
vt 0.444751 0.936231
vt 0.842068 0.665521
vt 0.998901 0.280602
vt 0.993414 0.292541
vt 0.993414 0.277028
vt 0.786040 0.536594
vt 0.783504 0.525920
vt 0.792850 0.525920
vt 0.020375 0.602455
vt 0.835039 0.878255
vt 0.866446 0.904536
vt 0.818854 0.021914
vt 0.833192 0.430141
vt 0.824918 0.433044
vt 0.824918 0.423634
vt 0.841285 0.877563
vt 0.494940 0.760457
vt 0.058867 0.890887
vt 0.867011 0.923946
vt 0.001281 0.668358
vt 0.016473 0.662234
vt 0.145525 0.626890
vt 0.160242 0.634173
vt 0.955261 0.745283
vt 0.426078 0.523005
vt 0.409393 0.570706
vt 0.848404 0.240253
vt 0.104223 0.980218
vt 0.686440 0.286376
vt 0.643974 0.282051
vt 0.842936 0.962562
vt 0.693050 0.536301
vt 0.693049 0.536301
vt 0.658085 0.536301
vt 0.534217 0.979229
vt 0.523853 0.990057
vt 0.523853 0.964423
vt 0.986003 0.735289
vt 0.973280 0.749540
vt 0.978600 0.738754
vt 0.986003 0.757326
vt 0.981022 0.623902
vt 0.972583 0.620154
vt 0.823426 0.293056
vt 0.369854 0.897205
vt 0.567385 0.473886
vt 0.985999 0.705427
vt 0.343022 0.934551
vt 0.330229 0.934049
vt 0.069703 0.459215
vt 0.132138 0.924149
vt 0.138194 0.934834
vt 0.132138 0.946409
vt 0.852255 0.294237
vt 0.865343 0.293916
vt 0.875166 0.284351
vt 0.763239 0.792478
vt 0.753579 0.797719
vt 0.825833 0.249181
vt 0.979168 0.040737
vt 0.990643 0.040737
vt 0.984424 0.057388
vt 0.917458 0.757514
vt 0.854764 0.424776
vt 0.854764 0.433907
vt 0.848663 0.427655
vt 0.152268 0.724168
vt 0.549687 0.716129
vt 0.540712 0.705225
vt 0.555912 0.696149
vt 0.055174 0.786579
vt 0.562996 0.710908
vt 0.574092 0.695615
vt 0.036797 0.787228
vt 0.567404 0.690138
vt 0.947248 0.955769
vt 0.173152 0.992190
vt 0.173152 0.972603
vt 0.183031 0.984763
vt 0.963071 0.758084
vt 0.934156 0.871929
vt 0.152609 0.000000
vt 0.135499 0.004617
vt 0.571251 0.485127
vt 0.982378 0.000232
vt 0.982378 0.013292
vt 0.977542 0.007092
vt 0.989288 0.909409
vt 0.785099 0.157641
vt 0.825427 0.525084
vt 0.819296 0.535758
vt 0.817451 0.525084
vt 0.738941 0.971107
vt 0.327013 0.941590
vt 0.398348 0.878706
vt 0.402312 0.884580
vt 0.398348 0.895532
vt 0.160467 0.759842
vt 0.993414 0.277028
vt 0.987362 0.292504
vt 0.982148 0.277028
vt 0.925284 0.758084
vt 0.934156 0.760712
vt 0.229019 0.974184
vt 0.217261 0.974570
vt 0.152268 0.766060
vt 0.976708 0.225618
vt 0.965068 0.245009
vt 0.965068 0.221757
vt 0.978788 0.241408
vt 0.369854 0.907265
vt 0.101877 0.455133
vt 0.102297 0.922852
vt 0.026154 0.882707
vt 0.992529 0.952489
vt 0.983202 0.961343
vt 0.983202 0.937641
vt 0.529496 0.935415
vt 0.518028 0.932498
vt 0.499233 0.935415
vt 0.132138 0.965739
vt 0.119613 0.964123
vt 0.051324 0.617021
vt 0.711941 0.875520
vt 0.065640 0.965907
vt 0.848786 0.709463
vt 0.998789 0.362309
vt 0.992654 0.371066
vt 0.992654 0.353091
vt 0.880393 0.706501
vt 0.639160 0.178417
vt 0.988867 0.155802
vt 0.996236 0.141971
vt 0.996236 0.166551
vt 0.630605 0.167531
vt 0.071776 0.711788
vt 0.941415 0.548588
vt 0.955829 0.552850
vt 0.941224 0.558570
vt 0.949718 0.539480
vt 0.459599 0.942162
vt 0.927471 0.545502
vt 0.942665 0.527510
vt 0.955829 0.531733
vt 0.928875 0.532604
vt 0.254254 0.492532
vt 0.727666 0.294237
vt 0.987357 0.511037
vt 0.987357 0.485761
vt 0.994832 0.506809
vt 0.596177 0.564331
vt 0.267406 0.963240
vt 0.280380 0.980819
vt 0.267406 0.987366
vt 0.835094 0.373638
vt 0.514007 0.576521
vt 0.502974 0.560087
vt 0.497585 0.570717
vt 0.285805 0.059251
vt 0.490506 0.510082
vt 0.300252 0.097444
vt 0.491926 0.489329
vt 0.493111 0.468416
vt 0.866530 0.801825
vt 0.772464 0.857010
vt 0.600125 0.843363
vt 0.618345 0.838969
vt 0.590713 0.847861
vt 0.682587 0.536614
vt 1.000000 0.031289
vt 0.992974 0.026406
vt 1.000000 0.015665
vt 0.113182 0.925738
vt 0.104454 0.922852
vt 0.105573 0.941728
vt 0.823056 0.879561
vt 0.271361 0.558596
s 1
usemtl FusedMaterial
f 31/1/1 5/2/2 30/3/3
f 31/1/1 49/4/4 5/2/2
f 157/5/5 5/2/2 49/4/4
f 31/1/1 54/6/6 49/4/4
f 31/1/1 30/3/3 62/7/7
f 62/7/7 30/3/3 65/8/8
f 74/9/9 62/7/7 65/8/8
f 54/6/6 62/7/7 74/9/9
f 300/10/10 221/11/11 109/12/12
f 259/13/13 300/10/10 109/12/12
f 109/12/12 116/14/14 259/13/13
f 261/15/15 116/16/14 25/17/16
f 261/15/15 259/18/13 116/16/14
f 25/17/16 177/19/17 261/15/15
f 210/20/18 288/21/19 177/22/17
f 227/23/20 97/24/21 225/25/22
f 345/26/23 288/27/19 346/28/24
f 261/29/15 288/30/19 345/31/23
f 307/32/25 346/33/24 288/21/19
f 358/34/26 365/35/27 215/36/28
f 339/37/29 202/38/30 386/39/31
f 351/40/32 317/41/33 362/42/34
f 258/43/35 351/40/32 405/44/36
f 406/45/37 351/40/32 362/42/34
f 405/44/36 351/40/32 406/45/37
f 406/45/37 362/42/34 363/46/38
f 368/47/39 314/48/40 340/49/41
f 385/50/42 309/51/43 420/52/44
f 637/53/45 559/54/46 735/55/47
f 546/56/48 735/55/47 559/54/46
f 637/53/45 651/57/49 559/54/46
f 651/58/49 629/59/50 575/60/51
f 732/61/52 570/62/53 628/63/54
f 732/64/52 628/65/54 629/66/50
f 667/67/55 668/68/56 777/69/57
f 777/70/57 770/71/58 667/72/55
f 769/73/59 666/74/60 668/68/56
f 733/75/61 693/76/62 778/77/63
f 766/78/64 703/79/65 727/80/66
f 766/78/64 727/80/66 779/81/67
f 733/82/61 744/83/68 727/80/66
f 744/83/68 779/81/67 727/80/66
f 778/77/63 831/84/69 733/75/61
f 831/85/69 794/86/70 733/82/61
f 744/83/68 733/82/61 801/87/71
f 801/87/71 733/82/61 794/86/70
f 796/88/72 801/87/71 794/86/70
f 744/83/68 801/87/71 776/89/73
f 776/89/73 801/87/71 796/88/72
f 737/90/74 794/91/70 831/84/69
f 816/92/75 735/93/47 742/94/76
f 816/92/75 742/94/76 927/95/77
f 927/96/77 732/61/52 839/97/78
f 742/98/76 732/61/52 927/96/77
f 839/99/78 732/100/52 762/101/79
f 655/102/80 738/103/81 884/104/82
f 871/105/83 738/103/81 782/106/84
f 812/107/85 765/108/86 908/109/87
f 825/110/88 908/109/87 765/108/86
f 825/111/88 875/112/89 926/113/90
f 1007/114/91 825/111/88 926/113/90
f 838/115/92 682/116/93 926/117/90
f 932/118/94 926/119/90 682/120/93
f 932/118/94 682/120/93 743/121/95
f 937/122/96 932/118/94 743/121/95
f 888/123/97 937/124/96 752/125/98
f 961/126/99 822/127/100 891/128/101
f 1143/129/102 880/130/103 906/131/104
f 1143/129/102 906/131/104 975/132/105
f 1035/133/106 1019/134/107 1093/135/108
f 1227/136/109 1105/137/110 1185/138/111
f 1227/139/109 1184/140/112 1105/141/110
f 1105/137/110 1081/142/113 1151/143/114
f 1151/143/114 1185/138/111 1105/137/110
f 1116/144/115 980/145/116 1187/146/117
f 1129/147/118 1211/148/119 1128/149/120
f 1201/150/121 995/151/122 1128/152/120
f 1128/149/120 1211/148/119 1201/153/121
f 1013/154/123 1201/153/121 1211/148/119
f 1201/155/121 980/145/116 995/156/122
f 1201/153/121 1013/154/123 1020/157/124
f 1176/158/125 1097/159/126 1116/160/115
f 1154/161/127 1156/162/128 1282/163/129
f 1231/164/130 1282/165/129 1156/166/128
f 1177/167/131 1282/163/129 1120/168/132
f 1156/166/128 1110/169/133 1231/164/130
f 1110/169/133 963/170/134 1270/171/135
f 1272/172/136 1270/171/135 982/173/137
f 982/173/137 993/174/138 1272/172/136
f 1094/175/139 1286/176/140 993/174/138
f 1245/177/141 1295/178/142 968/179/143
f 1204/180/144 968/181/143 1295/182/142
f 1266/183/145 1204/180/144 1348/184/146
f 1329/185/147 1364/186/148 1363/187/149
f 1369/188/150 1341/189/151 1396/190/152
f 1396/190/152 1341/189/151 1266/191/145
f 1348/192/146 1396/190/152 1266/191/145
f 1376/193/153 1384/194/154 1340/195/155
f 1342/196/156 1369/188/150 1423/197/157
f 1396/190/152 1423/197/157 1369/188/150
f 1448/198/158 1425/199/159 1479/200/160
f 1425/201/159 1496/202/161 1479/203/160
f 1385/204/162 1315/205/163 1528/206/164
f 1528/206/164 1271/207/165 1517/208/166
f 1315/205/163 1271/207/165 1528/206/164
f 1452/209/167 1455/210/168 1516/211/169
f 1516/212/169 1455/213/168 1564/214/170
f 1521/215/171 1527/216/172 1454/217/173
f 1527/218/172 1490/219/174 1454/220/173
f 1639/221/175 1544/222/176 1673/223/177
f 1622/224/178 1578/225/179 1688/226/180
f 1542/227/181 1593/228/182 1690/229/183
f 1553/230/184 1528/206/164 1738/231/185
f 1732/232/186 1735/233/187 1650/234/188
f 1735/233/187 1652/235/189 1650/234/188
f 1682/236/190 1732/237/186 1650/238/188
f 1770/239/191 1738/231/185 1797/240/192
f 1738/231/185 1675/241/193 1797/240/192
f 1674/242/194 1771/243/195 1797/244/192
f 1675/245/193 1674/242/194 1797/244/192
f 1732/237/186 1758/246/196 1831/247/197
f 1758/246/196 1832/248/198 1831/247/197
f 38/249/199 121/250/200 2/251/201
f 47/252/202 121/250/200 43/253/203
f 43/253/203 121/250/200 38/249/199
f 43/253/203 38/249/199 45/254/204
f 43/253/203 45/254/204 46/255/205
f 52/256/206 55/257/207 126/258/208
f 45/254/204 29/259/209 173/260/210
f 173/260/210 69/261/211 45/254/204
f 46/255/205 45/254/204 69/261/211
f 199/262/212 46/255/205 69/261/211
f 20/263/213 199/262/212 69/261/211
f 85/264/214 126/258/208 55/257/207
f 85/264/214 83/265/215 126/258/208
f 199/262/212 85/264/214 55/257/207
f 95/266/216 85/264/214 199/262/212
f 64/267/217 57/268/218 99/269/219
f 64/267/217 102/270/220 79/271/221
f 112/272/222 199/262/212 20/263/213
f 95/266/216 199/262/212 112/272/222
f 95/266/216 112/272/222 231/273/223
f 231/273/223 79/271/221 102/270/220
f 112/272/222 79/271/221 231/273/223
f 226/274/224 306/275/225 336/276/226
f 313/277/227 148/278/228 342/279/229
f 313/277/227 347/280/230 236/281/231
f 347/280/230 272/282/232 236/281/231
f 275/283/233 357/284/234 140/285/235
f 254/286/236 140/287/235 421/288/237
f 421/288/237 338/289/238 254/286/236
f 241/290/239 254/286/236 338/289/238
f 338/289/238 495/291/240 241/290/239
f 148/292/228 165/293/241 241/294/239
f 241/294/239 342/295/229 148/292/228
f 206/296/242 344/297/243 303/298/244
f 355/299/245 399/300/246 344/297/243
f 294/301/247 374/302/248 430/303/249
f 400/304/250 381/305/251 295/306/252
f 452/307/253 499/308/254 494/309/255
f 494/309/255 508/310/256 335/311/257
f 340/49/41 335/311/257 508/310/256
f 340/49/41 513/312/258 445/313/259
f 503/314/260 447/315/261 520/316/262
f 561/317/263 554/318/264 553/319/265
f 554/318/264 561/317/263 593/320/266
f 504/321/267 497/322/268 644/323/269
f 538/324/270 492/325/271 601/326/272
f 536/327/273 538/328/270 647/329/274
f 546/330/48 611/331/275 735/93/47
f 742/94/76 611/331/275 570/332/53
f 742/98/76 570/62/53 732/61/52
f 629/66/50 651/333/49 732/64/52
f 745/334/276 662/335/277 748/336/278
f 748/337/278 662/338/277 709/339/279
f 671/340/280 608/341/281 853/342/282
f 853/343/282 608/344/281 712/345/283
f 764/346/284 720/347/285 913/348/286
f 821/349/287 764/350/284 913/351/286
f 948/352/288 883/353/289 817/354/290
f 948/355/288 807/356/291 988/357/292
f 951/358/293 1008/359/294 1076/360/295
f 1008/359/294 1024/361/296 1076/360/295
f 979/362/297 1039/363/298 1154/364/127
f 1039/363/298 917/365/299 954/366/300
f 954/367/300 917/368/299 952/369/301
f 954/366/300 963/170/134 1110/169/133
f 1094/175/139 993/174/138 1002/370/302
f 921/371/303 1055/372/304 941/373/305
f 1093/135/108 1055/372/304 921/371/303
f 1190/374/306 1170/375/307 1125/376/308
f 1130/377/309 1125/378/308 1223/379/310
f 1190/374/306 1136/380/311 1197/381/312
f 1125/376/308 1136/380/311 1190/374/306
f 1197/381/312 1136/380/311 1239/382/313
f 1117/383/314 1157/384/315 1375/385/316
f 1308/386/317 1233/387/318 1180/388/319
f 1233/389/318 1169/390/320 1180/391/319
f 1227/139/109 1249/392/321 1184/140/112
f 1308/393/317 1180/394/319 1206/395/322
f 1206/396/322 1249/392/321 1308/397/317
f 1259/398/323 1207/399/324 1206/400/322
f 1274/401/325 1129/402/118 1207/403/324
f 1259/404/323 966/405/326 1155/406/327
f 1211/407/119 1129/408/118 1274/409/325
f 1211/148/119 1274/410/325 1155/411/327
f 1211/148/119 1155/411/327 1013/154/123
f 1293/412/328 1102/413/329 967/414/330
f 1389/415/331 967/414/330 1320/416/332
f 1320/416/332 1168/417/333 1304/418/334
f 960/419/335 1168/417/333 1320/416/332
f 1289/420/336 1255/421/337 1282/422/129
f 1210/423/338 1255/421/337 1289/420/336
f 1260/424/339 1303/425/340 1113/426/341
f 1335/427/342 1267/428/343 1278/429/344
f 1195/430/345 1358/431/346 1250/432/347
f 1079/433/348 1358/431/346 1310/434/349
f 1399/435/350 1361/436/351 1311/437/352
f 1334/438/353 1311/439/352 1361/440/351
f 1270/171/135 1272/172/136 1439/441/354
f 1336/442/355 1420/443/356 1286/176/140
f 1336/442/355 1293/412/328 1401/444/357
f 1383/445/358 1426/446/359 1453/447/360
f 1426/446/359 1346/448/361 1432/449/362
f 1337/450/363 1437/451/364 1432/449/362
f 1513/452/365 1410/453/366 1409/454/367
f 1370/455/368 1395/456/369 1492/457/370
f 1481/458/371 1551/459/372 1462/460/373
f 1604/461/374 1568/462/375 1523/463/376
f 1609/464/377 1488/465/378 1568/462/375
f 1609/464/377 1597/466/379 1488/465/378
f 1488/465/378 1597/466/379 1492/457/370
f 1520/467/380 1627/468/381 1456/469/382
f 1522/470/383 1456/469/382 1627/468/381
f 1522/470/383 1629/471/384 1523/463/376
f 1604/461/374 1523/463/376 1629/471/384
f 1609/464/377 1568/462/375 1604/461/374
f 1657/472/385 1728/473/386 1599/474/387
f 1603/475/388 1599/474/387 1728/473/386
f 1518/476/389 1647/477/390 1748/478/391
f 1695/479/392 1676/480/393 1741/481/394
f 1728/473/386 1761/482/395 1603/475/388
f 1733/483/396 1761/482/395 1795/484/397
f 1707/485/398 1733/483/396 1795/484/397
f 1760/486/399 1707/485/398 1795/484/397
f 1947/487/400 1970/488/401 1766/489/402
f 1941/490/403 1851/491/404 1970/492/401
f 1941/493/403 1811/494/405 1851/495/404
f 1811/496/405 1941/490/403 1829/497/406
f 1766/489/402 1970/488/401 1851/498/404
f 1851/491/404 1934/499/407 1957/500/408
f 1851/501/404 1957/502/408 1766/503/402
f 1957/502/408 1868/504/409 1766/503/402
f 2033/505/410 1957/506/408 1934/507/407
f 1940/508/411 1938/509/412 2018/510/413
f 2018/510/413 1938/509/412 2026/511/414
f 2018/510/413 2026/511/414 1992/512/415
f 1992/512/415 2022/513/416 2018/510/413
f 1950/514/417 2007/515/418 2026/511/414
f 1994/516/419 1995/517/420 1884/518/421
f 1870/519/422 1994/516/419 1884/518/421
f 2035/520/423 1884/518/421 1995/517/420
f 1950/514/417 2000/521/424 2002/522/425
f 11/523/426 10/524/427 17/525/428
f 67/526/429 75/527/430 73/528/431
f 75/527/430 67/526/429 162/529/432
f 75/527/430 162/529/432 98/530/433
f 98/530/433 86/531/434 75/527/430
f 96/532/435 11/523/426 63/533/436
f 63/533/436 39/534/437 96/532/435
f 98/530/433 119/535/438 86/531/434
f 96/532/435 101/536/439 98/530/433
f 39/534/437 101/536/439 96/532/435
f 119/535/438 98/530/433 101/536/439
f 109/537/12 17/525/428 89/538/440
f 109/537/12 89/538/440 131/539/441
f 89/538/440 115/540/442 131/539/441
f 131/539/441 115/540/442 128/541/443
f 6/542/444 131/539/441 128/541/443
f 116/543/14 109/537/12 131/539/441
f 116/543/14 131/539/441 6/542/444
f 18/544/445 116/543/14 6/542/444
f 13/545/446 6/542/444 128/541/443
f 262/546/447 186/547/448 257/548/449
f 282/549/450 198/550/451 262/551/447
f 355/299/245 206/296/242 278/552/452
f 355/299/245 278/552/452 244/553/453
f 423/554/454 272/282/232 347/280/230
f 287/555/455 272/282/232 423/554/454
f 244/556/453 287/555/455 423/554/454
f 298/557/456 205/558/457 390/559/458
f 429/560/459 313/561/227 342/562/229
f 352/563/460 434/564/461 438/565/462
f 428/566/463 352/563/460 438/565/462
f 421/288/237 495/291/240 338/289/238
f 431/567/464 397/568/465 450/569/466
f 464/570/467 463/571/468 397/572/465
f 464/570/467 397/572/465 377/573/469
f 444/574/470 391/575/471 471/576/472
f 400/304/250 430/303/249 454/577/473
f 465/578/474 483/579/475 381/580/251
f 467/581/476 480/582/477 395/583/478
f 487/584/479 482/585/480 324/586/481
f 500/587/482 410/588/483 510/589/484
f 508/310/256 494/309/255 499/308/254
f 508/310/256 513/312/258 340/49/41
f 770/71/58 777/70/57 803/590/485
f 831/84/69 778/77/63 873/591/486
f 737/90/74 831/84/69 833/592/487
f 806/593/488 737/594/74 833/595/487
f 891/596/101 746/597/489 804/598/490
f 822/127/100 746/599/489 891/128/101
f 652/600/491 1014/601/492 1067/602/493
f 967/414/330 652/603/491 960/419/335
f 851/604/494 1066/605/495 1012/606/496
f 952/369/301 1066/605/495 851/604/494
f 1012/607/496 849/608/497 851/609/494
f 1012/610/496 1016/611/498 849/612/497
f 1016/613/498 1023/614/499 849/615/497
f 945/616/500 883/617/289 902/618/501
f 883/617/289 912/619/502 902/618/501
f 947/620/503 912/619/502 883/617/289
f 947/620/503 883/617/289 948/355/288
f 960/419/335 994/621/504 1168/417/333
f 994/622/504 973/623/505 1107/624/506
f 1107/624/506 973/623/505 1031/625/507
f 974/626/508 973/623/505 955/627/509
f 1031/628/507 866/629/510 1117/383/314
f 1081/630/113 1097/159/126 1151/631/114
f 1151/631/114 1097/159/126 1104/632/511
f 1104/632/511 1162/633/512 1151/631/114
f 1170/634/307 1162/633/512 1125/378/308
f 1125/378/308 1162/633/512 1223/379/310
f 1162/633/512 1109/635/513 1223/379/310
f 957/636/514 1097/159/126 1176/158/125
f 1183/637/515 957/638/514 1176/639/125
f 1003/640/516 957/638/514 1183/637/515
f 1268/641/517 1078/642/518 1296/643/519
f 1171/644/520 1268/641/517 1294/645/521
f 1286/176/140 1102/413/329 1336/442/355
f 1293/412/328 1336/442/355 1102/413/329
f 1293/412/328 967/414/330 1389/415/331
f 1356/646/522 1210/647/338 1289/648/336
f 1236/649/523 1210/647/338 1356/646/522
f 1229/650/524 1234/651/525 1341/652/151
f 1403/653/526 1401/444/357 1293/412/328
f 1293/412/328 1389/415/331 1403/653/526
f 1441/654/527 1389/415/331 1320/416/332
f 1320/416/332 1383/445/358 1441/654/527
f 1356/646/522 1289/648/336 1493/655/528
f 1309/656/529 1356/646/522 1418/657/530
f 1299/658/531 1483/659/532 1442/660/533
f 1426/446/359 1432/449/362 1506/661/534
f 1437/451/364 1379/662/535 1509/663/536
f 1379/662/535 1458/664/537 1509/663/536
f 1509/663/536 1458/664/537 1478/665/538
f 1544/222/176 1576/666/539 1515/667/540
f 1504/668/541 1515/669/540 1576/670/539
f 1566/671/542 1564/672/170 1504/673/541
f 1566/674/542 1504/675/541 1576/676/539
f 1576/677/539 1577/678/543 1566/679/542
f 1508/680/544 1479/200/160 1622/224/178
f 1479/200/160 1496/681/161 1622/224/178
f 1578/225/179 1496/681/161 1553/230/184
f 1538/682/545 1625/683/546 1519/684/547
f 1625/683/546 1560/685/548 1519/684/547
f 1750/686/549 1679/687/550 1751/688/551
f 1768/689/552 1751/688/551 1679/687/550
f 1659/690/553 1608/691/554 1758/246/196
f 1758/246/196 1682/236/190 1659/690/553
f 1608/691/554 1666/692/555 1758/246/196
f 1666/692/555 1723/693/556 1758/246/196
f 1949/694/557 1974/695/558 1952/696/559
f 1785/697/560 1835/698/561 1956/699/562
f 1952/696/559 1956/699/562 1960/700/563
f 1958/701/564 1956/699/562 1835/698/561
f 1958/701/564 1960/700/563 1956/699/562
f 1960/700/563 1958/701/564 1888/702/565
f 1959/703/566 1893/704/567 1889/705/568
f 1973/706/569 1959/707/566 1889/708/568
f 1973/706/569 1889/708/568 1919/709/570
f 1818/710/571 1910/711/572 1905/712/573
f 1980/713/574 1818/714/571 1905/715/573
f 1958/701/564 1973/706/569 1888/702/565
f 1888/702/565 1973/706/569 2027/716/575
f 1973/706/569 1977/717/576 1902/718/577
f 2027/716/575 1973/706/569 1902/718/577
f 1919/709/570 1802/719/578 1973/706/569
f 1802/719/578 1818/710/571 1980/720/574
f 1980/721/574 1973/722/569 1802/723/578
f 1980/720/574 1905/712/573 1856/724/579
f 1931/725/580 1923/726/581 1881/727/582
f 1881/727/582 1924/728/583 1931/725/580
f 1931/725/580 1925/729/584 1923/726/581
f 1931/725/580 1924/728/583 1926/730/585
f 1898/731/586 1882/732/587 1923/726/581
f 1898/731/586 1923/726/581 1990/733/588
f 1923/726/581 1925/729/584 1990/733/588
f 1990/733/588 1925/729/584 1825/734/589
f 122/735/590 1/736/591 21/737/592
f 122/735/590 21/737/592 23/738/593
f 23/739/593 174/740/594 122/741/590
f 1/736/591 122/735/590 26/742/595
f 232/743/596 56/744/597 27/745/598
f 27/745/598 58/746/599 232/743/596
f 70/747/600 78/748/601 72/749/602
f 72/749/602 78/748/601 53/750/603
f 247/751/604 248/752/605 187/753/606
f 196/754/607 248/755/605 202/756/30
f 3/757/608 197/758/609 252/759/610
f 252/759/610 197/758/609 202/38/30
f 113/760/611 214/761/612 317/762/33
f 317/763/33 16/764/613 363/765/38
f 214/761/612 16/766/613 317/762/33
f 363/765/38 24/767/614 297/768/615
f 16/764/613 24/767/614 363/765/38
f 24/767/614 168/769/616 297/768/615
f 252/759/610 202/38/30 337/770/617
f 337/770/617 202/38/30 339/37/29
f 150/771/618 317/762/33 351/772/32
f 308/773/619 150/774/618 351/775/32
f 362/776/34 317/763/33 363/765/38
f 405/44/36 322/777/620 258/43/35
f 405/44/36 406/45/37 297/778/615
f 406/779/37 363/765/38 297/768/615
f 322/780/620 405/781/36 297/782/615
f 188/783/621 311/784/622 305/785/623
f 383/786/624 349/787/625 410/588/483
f 374/788/248 412/789/626 453/790/627
f 454/791/473 374/792/248 453/793/627
f 430/303/249 374/302/248 454/577/473
f 378/794/628 381/305/251 467/581/476
f 395/583/478 378/794/628 467/581/476
f 400/304/250 465/795/474 381/305/251
f 450/569/466 397/568/465 463/796/468
f 447/315/261 478/797/629 502/798/630
f 386/799/31 468/800/631 514/801/632
f 466/802/633 502/803/630 478/804/629
f 466/805/633 469/806/634 502/807/630
f 470/808/635 386/799/31 514/801/632
f 473/809/636 392/810/637 460/811/638
f 581/812/639 424/813/640 585/814/641
f 424/815/640 515/816/642 585/817/641
f 638/818/643 581/812/639 680/819/644
f 698/820/645 680/819/644 581/812/639
f 581/812/639 585/814/641 698/820/645
f 585/817/641 515/816/642 642/821/646
f 750/822/647 654/823/648 644/824/269
f 648/825/649 750/822/647 644/824/269
f 749/826/650 600/827/651 631/828/652
f 636/829/653 600/827/651 749/826/650
f 631/828/652 543/830/654 713/831/655
f 515/816/642 448/832/656 636/833/653
f 642/821/646 515/816/642 636/833/653
f 642/821/646 698/834/645 585/817/641
f 634/835/657 632/836/658 811/837/659
f 726/838/660 634/835/657 867/839/661
f 632/840/658 772/841/662 811/842/659
f 909/843/663 683/844/664 781/845/665
f 909/843/663 784/846/666 683/844/664
f 900/847/667 858/848/668 895/849/669
f 902/618/501 895/849/669 858/848/668
f 1001/850/670 1072/851/671 1010/852/672
f 1072/851/671 881/853/673 1010/852/672
f 1148/854/674 1017/855/675 1074/856/676
f 903/857/677 1074/856/676 1017/855/675
f 1017/855/675 872/858/678 903/857/677
f 953/859/679 872/860/678 1017/861/675
f 921/371/303 1035/133/106 1093/135/108
f 983/862/680 1049/863/681 944/864/682
f 983/862/680 944/864/682 1004/865/683
f 959/866/684 941/373/305 1181/867/685
f 1181/867/685 941/373/305 1055/372/304
f 1181/867/685 1021/868/686 959/866/684
f 1145/869/687 1130/377/309 1223/379/310
f 1125/378/308 1130/377/309 1136/870/311
f 1130/377/309 1145/869/687 1148/854/674
f 1148/854/674 1145/869/687 1146/871/688
f 1136/870/311 1130/377/309 1148/854/674
f 1279/872/689 985/873/690 1165/874/691
f 985/873/690 1030/875/692 1165/874/691
f 1167/876/693 1165/877/691 1030/878/692
f 1248/879/694 1239/880/313 1164/881/695
f 1122/882/696 971/883/697 1269/884/698
f 1258/885/699 1123/886/700 1182/887/701
f 1258/888/699 1200/889/702 1123/890/700
f 1200/889/702 1275/891/703 953/859/679
f 1198/892/704 953/859/679 1275/891/703
f 1248/893/694 1164/894/695 1108/895/705
f 1271/896/165 1323/897/706 1100/898/707
f 1323/897/706 1175/899/708 1100/898/707
f 1339/900/709 1280/901/710 1334/902/353
f 1354/903/711 1294/645/521 1404/904/712
f 1240/905/713 1354/903/711 1360/906/714
f 1482/907/715 1605/908/716 1441/654/527
f 1526/909/717 1493/655/528 1484/910/718
f 1495/911/719 1493/655/528 1526/909/717
f 1503/912/720 1495/911/719 1526/909/717
f 1503/912/720 1505/913/721 1418/657/530
f 1534/914/722 1466/915/723 1505/913/721
f 1519/916/547 1467/917/724 1507/918/725
f 1534/914/722 1511/919/726 1466/915/723
f 1633/920/727 1508/680/544 1622/224/178
f 1671/921/728 1638/922/729 1600/923/730
f 1577/924/543 1602/925/731 1639/221/175
f 1600/926/730 1577/927/543 1731/928/732
f 1629/471/384 1522/470/383 1716/929/733
f 1604/461/374 1657/472/385 1609/464/377
f 1657/472/385 1597/466/379 1609/464/377
f 1653/930/734 1689/931/735 1541/932/736
f 1628/933/737 1665/934/738 1694/935/739
f 1665/934/738 1635/936/740 1753/937/741
f 1583/938/742 1580/939/743 1706/940/744
f 1658/941/745 1689/931/735 1746/942/746
f 1746/942/746 1768/689/552 1658/941/745
f 1735/233/187 1616/943/747 1652/235/189
f 1735/233/187 1764/944/748 1616/943/747
f 1616/943/747 1764/944/748 1724/945/749
f 1832/248/198 1758/246/196 1723/693/556
f 1723/693/556 1679/687/550 1832/248/198
f 1750/686/549 1832/248/198 1679/687/550
f 2005/946/750 1834/947/751 1848/948/752
f 1999/949/753 2005/946/750 2003/950/754
f 1834/947/751 2005/946/750 2016/951/755
f 2016/951/755 1996/952/756 1998/953/757
f 1834/947/751 2016/951/755 1998/953/757
f 1834/947/751 1998/953/757 2025/954/758
f 2005/946/750 1848/948/752 2003/950/754
f 1834/947/751 2025/954/758 1848/948/752
f 2003/950/754 1848/948/752 1877/955/759
f 1877/955/759 1922/956/760 2003/950/754
f 1848/948/752 2025/954/758 1877/955/759
f 1890/957/761 1803/958/762 1895/959/763
f 1890/957/761 1895/959/763 1900/960/764
f 1895/959/763 1773/961/765 1907/962/766
f 1907/962/766 1900/960/764 1895/959/763
f 1911/963/767 1900/960/764 1907/962/766
f 1865/964/768 1890/957/761 2029/965/769
f 1890/957/761 1900/960/764 2029/965/769
f 2029/965/769 1886/966/770 1865/964/768
f 1900/967/764 1903/968/771 2029/969/769
f 1886/966/770 2029/965/769 1996/952/756
f 1996/970/756 2029/969/769 1903/968/771
f 1996/952/756 1903/971/771 1936/972/772
f 1907/962/766 1914/973/773 1864/974/774
f 1868/975/409 1957/500/408 1972/976/775
f 8/977/776 104/978/777 4/979/778
f 8/977/776 4/979/778 22/980/779
f 41/981/780 8/977/776 22/980/779
f 29/259/209 8/977/776 41/981/780
f 59/982/781 60/983/782 192/984/783
f 192/984/783 60/983/782 127/985/784
f 60/983/782 66/986/785 127/985/784
f 192/984/783 127/985/784 201/987/786
f 66/986/785 213/988/787 127/985/784
f 201/987/786 127/985/784 213/988/787
f 280/989/788 139/990/789 151/991/790
f 151/991/790 139/990/789 157/5/5
f 253/992/791 5/993/2 246/994/792
f 246/995/792 5/996/2 157/997/5
f 193/998/793 208/999/794 15/1000/795
f 193/1001/793 242/1002/796 208/1003/794
f 30/1004/3 5/993/2 253/992/791
f 253/992/791 264/1005/797 30/1004/3
f 49/4/4 151/991/790 157/5/5
f 151/1006/790 49/1007/4 51/1008/798
f 49/4/4 54/6/6 234/1009/799
f 234/1010/799 51/1008/798 49/1007/4
f 30/1004/3 264/1005/797 238/1011/800
f 200/1012/801 57/1013/218 183/1014/802
f 30/1004/3 238/1011/800 65/1015/8
f 65/1015/8 238/1011/800 186/1016/448
f 54/6/6 31/1/1 62/7/7
f 234/1009/799 54/6/6 74/9/9
f 234/1010/799 74/1017/9 206/296/242
f 145/1018/803 223/1019/804 296/1020/805
f 296/1020/805 152/1021/806 302/1022/807
f 223/1019/804 152/1021/806 296/1020/805
f 296/1023/805 100/1024/808 145/1025/803
f 302/1026/807 152/1027/806 281/1028/809
f 152/1027/806 164/1029/810 281/1028/809
f 173/1030/210 161/1031/811 292/1032/812
f 292/1032/812 434/564/461 173/1030/210
f 325/1033/813 326/1034/814 192/1035/783
f 326/1036/814 191/1037/815 192/1038/783
f 328/1039/816 325/1033/813 192/1035/783
f 191/1037/815 326/1036/814 312/1040/817
f 192/1035/783 201/1041/786 328/1039/816
f 213/1042/787 212/1043/818 380/1044/819
f 331/1045/820 213/1042/787 380/1044/819
f 201/1041/786 213/1046/787 331/1047/820
f 233/1048/821 232/1049/596 382/1050/822
f 382/1050/822 359/1051/823 233/1048/821
f 232/1052/596 301/1053/824 382/1054/822
f 387/1055/825 289/1056/826 310/1057/827
f 249/1058/828 374/1059/248 290/1060/829
f 143/1061/830 290/1062/829 374/302/248
f 294/301/247 143/1061/830 374/302/248
f 277/1063/831 270/1064/832 378/794/628
f 348/1065/833 250/1066/834 384/1067/835
f 250/1068/834 334/1069/836 384/1070/835
f 364/1071/837 239/1072/838 398/1073/839
f 398/1074/839 239/1075/838 370/1076/840
f 383/786/624 410/588/483 500/587/482
f 474/1077/841 396/1078/842 479/1079/843
f 303/298/244 479/1079/843 396/1078/842
f 493/1080/844 532/1081/845 443/1082/846
f 453/1083/627 443/1082/846 532/1081/845
f 479/1079/843 504/321/267 557/1084/847
f 303/298/244 504/321/267 479/1079/843
f 536/1085/273 535/1086/848 498/1087/849
f 535/1086/848 497/322/268 498/1087/849
f 422/1088/850 492/325/271 538/324/270
f 446/1089/851 422/1090/850 538/328/270
f 538/328/270 498/1091/849 446/1089/851
f 432/1092/852 451/1093/853 562/1094/854
f 496/1095/855 540/1096/856 572/1097/857
f 579/1098/858 540/1096/856 516/1099/859
f 366/1100/860 518/1101/861 539/1102/862
f 518/1103/861 485/1104/863 580/1105/864
f 611/331/275 546/330/48 570/332/53
f 559/54/46 651/57/49 575/1106/51
f 570/62/53 576/1107/865 628/63/54
f 575/60/51 629/59/50 578/1108/866
f 628/1109/54 578/1108/866 629/59/50
f 576/1107/865 578/1110/866 628/63/54
f 660/1111/867 584/1112/868 669/1113/869
f 684/1114/870 589/1115/871 584/1116/868
f 684/1114/870 729/1117/872 589/1115/871
f 729/1117/872 580/1105/864 589/1115/871
f 639/1118/873 707/1119/874 630/1120/875
f 721/1121/876 597/1122/877 707/1123/874
f 531/1124/878 597/1122/877 721/1121/876
f 721/1121/876 723/1125/879 531/1124/878
f 565/1126/880 562/1094/854 841/1127/881
f 841/1128/881 562/1129/854 747/1130/882
f 722/1131/883 783/1132/884 799/1133/885
f 718/1134/886 696/1135/887 782/1136/84
f 767/1137/888 782/1136/84 696/1135/887
f 696/1135/887 686/1138/889 767/1137/888
f 799/1133/885 767/1137/888 686/1138/889
f 783/1132/884 767/1137/888 799/1133/885
f 775/1139/890 696/1135/887 718/1134/886
f 780/1140/891 696/1135/887 775/1139/890
f 686/1138/889 696/1135/887 780/1140/891
f 686/1138/889 605/1141/892 799/1133/885
f 605/1141/892 722/1131/883 799/1133/885
f 722/1131/883 788/1142/893 783/1132/884
f 722/1131/883 725/1143/894 788/1142/893
f 860/1144/895 788/1142/893 725/1143/894
f 734/1145/896 860/1146/895 725/1147/894
f 842/1148/897 660/1111/867 669/1113/869
f 669/1113/869 678/1149/898 934/1150/899
f 678/1151/898 645/1152/900 855/1153/901
f 729/1117/872 684/1114/870 865/1154/902
f 865/1154/902 845/1155/903 729/1117/872
f 842/1156/897 865/1154/902 684/1114/870
f 721/1121/876 707/1123/874 852/1157/904
f 857/1158/905 721/1121/876 852/1157/904
f 633/1159/906 855/1160/901 645/1161/900
f 855/1160/901 633/1159/906 856/1162/907
f 633/1159/906 723/1163/879 856/1162/907
f 856/1162/907 723/1163/879 857/1164/905
f 723/1125/879 721/1121/876 857/1158/905
f 826/1165/908 789/1166/909 822/1167/100
f 781/1168/665 826/1169/908 909/1170/663
f 867/839/661 634/835/657 811/837/659
f 784/1171/666 772/841/662 659/1172/910
f 909/1170/663 920/1173/911 784/1174/666
f 832/1175/912 935/1176/913 1178/1177/914
f 980/145/116 1201/155/121 1187/146/117
f 1290/1178/915 1208/1179/916 1241/1180/917
f 1251/1181/918 1208/1179/916 1290/1178/915
f 1084/1182/919 1086/1183/920 1160/1184/921
f 1172/1185/922 1084/1182/919 1160/1184/921
f 1304/418/334 1383/445/358 1320/416/332
f 1347/1186/923 1253/1187/924 1378/1188/925
f 1513/452/365 1471/1189/926 1512/1190/927
f 1410/1191/366 1513/1192/365 1483/1193/532
f 1623/1194/928 1664/1195/929 1618/1196/930
f 1842/1197/931 1750/686/549 1751/688/551
f 1751/688/551 1768/689/552 1842/1197/931
f 1768/689/552 1746/942/746 1842/1197/931
f 1849/1198/932 1842/1197/931 1746/942/746
f 1746/942/746 1736/1199/933 1849/1198/932
f 1735/233/187 1873/1200/934 1764/944/748
f 1794/1201/935 1764/944/748 1873/1200/934
f 324/586/481 361/1202/936 415/1203/937
f 527/1204/938 333/1205/939 383/786/624
f 416/1206/940 333/1207/939 527/1208/938
f 476/1209/941 449/1210/942 523/1211/943
f 455/1212/944 523/1213/943 449/1214/942
f 486/1215/945 496/1095/855 457/1216/946
f 409/1217/947 458/1218/948 356/1219/949
f 437/1220/950 366/1100/860 539/1102/862
f 439/1221/951 458/1218/948 516/1222/859
f 516/1222/859 461/1223/952 439/1221/951
f 366/1100/860 425/1224/953 518/1101/861
f 425/1225/953 435/1226/954 485/1104/863
f 485/1104/863 518/1103/861 425/1225/953
f 400/304/250 454/577/473 624/1227/955
f 505/1228/956 400/304/250 624/1227/955
f 480/582/477 467/581/476 534/1229/957
f 524/1230/958 564/1231/959 700/1232/960
f 650/1233/961 564/1231/959 572/1097/857
f 409/1217/947 408/1234/962 640/1235/963
f 539/1102/862 562/1129/854 451/1236/853
f 572/1097/857 579/1098/858 650/1233/961
f 579/1237/858 516/1222/859 764/346/284
f 800/1238/964 648/825/649 716/1239/965
f 716/1239/965 701/1240/966 800/1238/964
f 716/1239/965 648/825/649 647/1241/274
f 726/1242/660 672/1243/967 571/1244/968
f 890/1245/969 637/53/45 735/55/47
f 890/1246/969 816/1247/75 863/1248/970
f 890/1249/969 735/93/47 816/92/75
f 863/1248/970 816/1247/75 929/1250/971
f 914/1251/972 863/1248/970 929/1250/971
f 917/368/299 914/1251/972 929/1250/971
f 929/1250/971 862/1252/973 917/368/299
f 929/1250/971 816/1247/75 927/1253/77
f 637/53/45 930/1254/974 828/1255/975
f 930/1254/974 933/1256/976 828/1255/975
f 762/1257/79 828/1258/975 933/1259/976
f 933/1260/976 936/1261/977 762/1262/79
f 936/1263/977 839/1264/78 762/1265/79
f 871/105/83 782/106/84 849/615/497
f 1250/1266/347 1283/1267/978 1195/1268/345
f 1283/1269/978 1191/1270/979 1195/1271/345
f 1191/1270/979 1283/1269/978 1285/1272/980
f 1250/1273/347 1079/1274/348 1283/1269/978
f 1191/1270/979 1285/1272/980 1058/1275/981
f 1060/1276/982 1058/1277/981 1311/1278/352
f 1311/1279/352 1058/1280/981 1285/1281/980
f 1285/1272/980 1203/1282/983 1279/1283/689
f 1205/1284/984 1280/1285/710 1281/1286/985
f 1281/1287/985 1199/1288/986 1205/1289/984
f 993/174/138 1286/176/140 1272/172/136
f 1454/1290/173 1475/1291/987 1477/1292/988
f 1473/1293/989 1377/1294/990 1270/171/135
f 1439/441/354 1473/1293/989 1270/171/135
f 1530/1295/991 1500/1296/992 1494/1297/993
f 1573/1298/994 1569/1299/995 1570/1300/996
f 1685/1301/997 1681/1302/998 1680/1303/999
f 1685/1301/997 1667/1304/1000 1681/1302/998
f 1761/482/395 1728/473/386 1791/1305/1001
f 1830/1306/1002 1780/1307/1003 1775/1308/1004
f 1870/1309/422 1933/1310/1005 2030/1311/1006
f 1884/518/421 1933/1312/1005 1870/519/422
f 1933/1312/1005 1884/518/421 1781/1313/1007
f 1933/1312/1005 1796/1314/1008 1904/1315/1009
f 1783/1316/1010 1784/1317/1011 1946/1318/1012
f 1944/1319/1013 1946/1318/1012 1784/1317/1011
f 1783/1320/1010 1946/1321/1012 2001/1322/1014
f 2001/1322/1014 1859/1323/1015 1783/1320/1010
f 2001/1324/1014 1944/1325/1013 1860/1326/1016
f 1946/1327/1012 1944/1325/1013 2001/1324/1014
f 1969/1328/1017 1944/1319/1013 1784/1317/1011
f 1784/1329/1011 1868/975/409 1969/1330/1017
f 1868/975/409 1972/976/775 1969/1330/1017
f 1798/1331/1018 1972/976/775 1879/1332/1019
f 1978/1333/1020 1879/1334/1019 1972/1335/775
f 1978/1336/1020 1979/1337/1021 1879/1332/1019
f 1972/1338/775 1798/1339/1018 1969/1340/1017
f 1860/1326/1016 1944/1325/1013 1985/1341/1022
f 1985/1341/1022 1954/1342/1023 1860/1326/1016
f 1965/1343/1024 1805/1344/1025 2017/1345/1026
f 1805/1344/1025 1892/1346/1027 2017/1345/1026
f 1971/1347/1028 2017/1345/1026 1892/1346/1027
f 1988/1348/1029 2001/1324/1014 1860/1326/1016
f 2001/1324/1014 1988/1348/1029 1859/1349/1015
f 116/543/14 18/544/445 25/1350/16
f 63/533/436 210/1351/18 35/1352/1030
f 39/1353/437 35/1354/1030 215/1355/28
f 215/1356/28 35/1352/1030 77/1357/1031
f 215/36/28 224/1358/1032 39/1359/437
f 224/1358/1032 101/1360/439 39/1359/437
f 80/1361/1033 101/1362/439 224/1363/1032
f 80/1364/1033 224/1365/1032 225/1366/22
f 225/1366/22 81/1367/1034 80/1364/1033
f 97/1368/21 81/1367/1034 225/1366/22
f 177/1369/17 87/1370/1035 210/1351/18
f 90/1371/1036 87/1370/1035 44/1372/1037
f 87/1370/1035 177/1369/17 44/1372/1037
f 90/1371/1036 44/1372/1037 91/1373/1038
f 227/23/20 77/1374/1031 97/24/21
f 134/1375/1039 86/1376/434 3/757/608
f 262/1377/447 257/1378/449 299/1379/1040
f 299/1379/1040 282/1380/450 262/1377/447
f 344/297/243 206/296/242 355/299/245
f 249/1058/828 283/1381/1041 411/1382/1042
f 387/1383/825 382/1054/822 301/1053/824
f 374/1059/248 249/1058/828 411/1382/1042
f 295/306/252 294/301/247 430/303/249
f 430/303/249 400/304/250 295/306/252
f 378/794/628 270/1064/832 267/1384/1043
f 267/1384/1043 295/306/252 381/305/251
f 381/305/251 378/794/628 267/1384/1043
f 277/1063/831 378/794/628 395/583/478
f 303/298/244 344/297/243 399/300/246
f 418/1385/1044 399/300/246 355/299/245
f 422/1090/850 347/280/230 414/1386/1045
f 422/1090/850 423/554/454 347/280/230
f 408/1387/962 327/1388/1046 432/1092/852
f 329/1389/1047 432/1092/852 327/1388/1046
f 437/1220/950 329/1390/1047 332/1391/1048
f 369/1392/1049 373/1393/1050 439/1394/951
f 425/1225/953 341/1395/1051 435/1226/954
f 319/1396/1052 413/1397/1053 490/1398/1054
f 429/1399/459 489/1400/1055 313/277/227
f 414/1386/1045 313/277/227 489/1400/1055
f 433/1401/1056 438/565/462 434/564/461
f 357/284/234 354/1402/1057 426/1403/1058
f 357/284/234 448/1404/656 421/1405/237
f 426/1406/1058 319/1396/1052 490/1398/1054
f 511/1407/1059 489/1400/1055 429/1399/459
f 511/1408/1059 429/1409/459 342/295/229
f 492/1410/271 414/1386/1045 489/1400/1055
f 357/284/234 426/1403/1058 521/1411/1060
f 521/1411/1060 600/827/651 357/284/234
f 448/1404/656 357/284/234 600/827/651
f 342/295/229 424/813/640 581/812/639
f 424/813/640 495/1412/240 515/1413/642
f 693/1414/62 677/1415/1061 661/1416/1062
f 703/79/65 677/1415/1061 693/1414/62
f 752/1417/98 743/1418/95 706/1419/1063
f 807/1420/291 691/1421/1064 808/1422/1065
f 808/1422/1065 700/1232/960 757/1423/1066
f 808/1422/1065 691/1421/1064 700/1232/960
f 821/349/287 757/1423/1066 650/1233/961
f 880/130/103 713/1424/655 820/1425/1067
f 1043/1426/1068 1044/1427/1069 833/592/487
f 1044/1427/1069 869/1428/1070 833/592/487
f 804/1429/490 806/1430/488 1052/1431/1071
f 1052/1431/1071 806/1430/488 892/1432/1072
f 1044/1427/1069 1058/1277/981 869/1428/1070
f 901/1433/1073 869/1428/1070 1058/1277/981
f 1059/1434/1074 1052/1435/1071 837/1436/1075
f 1059/1434/1074 837/1436/1075 985/1437/690
f 985/1437/690 837/1436/1075 874/1438/1076
f 1060/1276/982 901/1433/1073 1058/1277/981
f 1061/1439/1077 901/1433/1073 1060/1276/982
f 1061/1440/1077 918/1441/1078 901/1442/1073
f 1061/1440/1077 1033/1443/1079 918/1441/1078
f 1062/1444/1080 889/1445/1081 1024/361/296
f 1148/854/674 1164/1446/695 1136/870/311
f 1164/1446/695 1148/854/674 1074/856/676
f 1145/1447/687 1001/1448/670 1095/1449/1082
f 1001/1448/670 1010/1450/672 1095/1449/1082
f 1145/869/687 1095/1451/1082 1146/871/688
f 1118/1452/1083 1095/1449/1082 1010/1450/672
f 1118/1452/1083 881/1453/673 1122/882/696
f 1010/1450/672 881/1453/673 1118/1452/1083
f 1123/1454/700 1148/854/674 1146/871/688
f 1123/890/700 1017/861/675 1148/1455/674
f 983/862/680 1004/865/683 829/1456/1084
f 834/1457/1085 1028/1458/1086 1064/1459/1087
f 1014/1460/492 652/603/491 967/414/330
f 1209/1461/1088 1255/421/337 1210/423/338
f 1209/1461/1088 1210/423/338 1220/1462/1089
f 1209/1461/1088 1220/1462/1089 1121/1463/1090
f 1229/650/524 1077/1464/1091 1121/1465/1090
f 1234/1466/525 1220/1462/1089 1082/1467/1092
f 1121/1463/1090 1220/1462/1089 1234/1466/525
f 1225/1468/1093 1089/1469/1094 1150/1470/1095
f 1232/1471/1096 1225/1472/1093 1150/1473/1095
f 1232/1471/1096 1154/161/127 1177/167/131
f 1150/1473/1095 1154/161/127 1232/1471/1096
f 1154/161/127 1282/163/129 1177/167/131
f 1225/1468/1093 1257/1474/1097 1089/1469/1094
f 1257/1475/1097 1188/1476/1098 1089/1477/1094
f 1263/1478/1099 1177/1479/131 1192/1480/1100
f 1263/1481/1099 1232/1471/1096 1177/167/131
f 1192/1482/1100 1177/167/131 1120/168/132
f 1263/1478/1099 1192/1480/1100 1202/1483/1101
f 1188/1476/1098 1257/1475/1097 1228/1484/1102
f 1202/1485/1101 1228/1484/1102 1257/1475/1097
f 1244/1486/1103 1188/1476/1098 1228/1484/1102
f 1228/1484/1102 1202/1485/1101 1149/1487/1104
f 1300/1488/1105 1172/1185/922 1357/1489/1106
f 1243/1490/1107 1159/1491/1108 1300/1488/1105
f 1153/1492/1109 1181/867/685 1262/1493/1110
f 1353/1494/1111 1364/1495/148 1190/374/306
f 1353/1494/1111 1190/374/306 1359/1496/1112
f 1428/1497/1113 1430/1498/1114 1461/1499/1115
f 1409/454/367 1413/1500/1116 1471/1189/926
f 1411/1501/1117 1366/1502/1118 1484/910/718
f 1493/655/528 1411/1501/1117 1484/910/718
f 1560/685/548 1468/1503/1119 1519/684/547
f 1548/1504/1120 1521/1505/171 1560/1506/548
f 1484/910/718 1366/1502/1118 1531/1507/1121
f 1532/1508/1122 1531/1509/1121 1377/1294/990
f 1532/1508/1122 1473/1293/989 1543/1510/1123
f 1548/1511/1120 1560/1512/548 1623/1513/928
f 1623/1514/928 1618/1515/930 1548/1516/1120
f 1607/1517/1124 1601/1518/1125 1676/480/393
f 1624/1519/1126 1607/1517/1124 1676/480/393
f 1703/1520/1127 1704/1521/1128 1760/486/399
f 1765/1522/1129 1703/1520/1127 1760/486/399
f 1696/1523/1130 1703/1520/1127 1765/1522/1129
f 1765/1522/1129 1772/1524/1131 1696/1523/1130
f 1672/1525/1132 1696/1523/1130 1772/1524/1131
f 1772/1524/1131 1742/1526/1133 1672/1525/1132
f 1803/1527/762 1725/1528/1134 1895/1529/763
f 1725/1530/1134 1670/1531/1135 1773/1532/765
f 1670/1531/1135 1700/1533/1136 1773/1532/765
f 1773/1534/765 1727/1535/1137 1774/1536/1138
f 1700/1537/1136 1727/1538/1137 1773/1539/765
f 1895/1540/763 1725/1530/1134 1773/1532/765
f 1811/496/405 1934/499/407 1851/491/404
f 1811/496/405 1829/497/406 1869/1541/1139
f 1829/497/406 1837/1542/1140 1869/1541/1139
f 1934/499/407 1811/496/405 1869/1541/1139
f 1868/504/409 1749/1543/1141 1766/503/402
f 1763/1544/1142 1749/1543/1141 1868/504/409
f 1934/499/407 1869/1541/1139 1883/1545/1143
f 1934/499/407 1883/1545/1143 2033/1546/410
f 83/1547/215 85/1548/214 251/1549/1144
f 220/1550/1145 251/1549/1144 85/1548/214
f 272/282/232 79/1551/221 236/281/231
f 137/1552/1146 79/1551/221 272/282/232
f 32/1553/1147 140/287/235 254/286/236
f 241/290/239 176/1554/1148 254/286/236
f 241/290/239 165/1555/241 176/1554/1148
f 246/1556/792 240/1557/1149 242/1002/796
f 271/1558/1150 264/1559/797 193/1001/793
f 253/1560/791 193/1001/793 264/1559/797
f 51/1008/798 234/1010/799 333/1205/939
f 271/1561/1150 200/1562/801 238/1563/800
f 238/1564/800 264/1559/797 271/1558/1150
f 349/787/625 206/296/242 303/298/244
f 283/1381/1041 136/1565/1151 368/47/39
f 283/1381/1041 375/1566/1152 411/1382/1042
f 510/589/484 474/1077/841 604/1567/1153
f 608/341/281 582/1568/1154 620/1569/1155
f 741/1570/1156 701/1240/966 716/1239/965
f 758/1571/1157 656/1572/1158 664/1573/1159
f 672/1243/967 726/1242/660 867/1574/661
f 878/1575/1160 840/1576/1161 555/1577/1162
f 878/1575/1160 555/1577/1162 670/1578/1163
f 859/1579/1164 681/1580/1165 541/1581/1166
f 702/1582/1167 681/1583/1165 859/1584/1164
f 790/1585/1168 924/1586/1169 717/1587/1170
f 774/1588/1171 717/1587/1170 924/1586/1169
f 751/1589/1172 747/1130/882 562/1129/854
f 973/623/505 994/622/504 1071/1590/1173
f 955/627/509 1071/1590/1173 984/1591/1174
f 955/627/509 973/623/505 1071/1590/1173
f 876/1592/1175 1031/625/507 973/623/505
f 974/626/508 876/1592/1175 973/623/505
f 876/1592/1175 885/1593/1176 1031/625/507
f 866/1594/510 1031/625/507 885/1593/1176
f 1046/1595/1177 893/1596/1178 1047/1597/1179
f 1046/1598/1177 866/1594/510 893/1599/1178
f 893/1599/1178 877/1600/1180 1047/1601/1179
f 1047/1602/1179 877/1603/1180 1090/1604/1181
f 1053/1605/1182 1073/1606/1183 991/1607/1184
f 1073/1608/1183 1053/1609/1182 1057/1610/1185
f 1139/1611/1186 1105/141/110 1184/140/112
f 1116/160/115 1105/141/110 1139/1611/1186
f 1081/630/113 1105/141/110 1097/159/126
f 1097/159/126 1105/141/110 1116/160/115
f 1184/140/112 958/1612/1187 898/1613/1188
f 898/1613/1188 1139/1611/1186 1184/140/112
f 1139/1611/1186 898/1613/1188 980/1614/116
f 980/1614/116 1116/160/115 1139/1611/1186
f 1129/1615/118 1128/152/120 854/1616/1189
f 1128/152/120 995/151/122 854/1616/1189
f 1203/1617/983 1079/1618/348 1059/1619/1074
f 1283/1269/978 1079/1274/348 1203/1282/983
f 1058/1277/981 1044/1427/1069 1191/1620/979
f 1285/1272/980 1283/1269/978 1203/1282/983
f 1279/1621/689 1059/1434/1074 985/1437/690
f 1279/1283/689 1203/1282/983 1059/1622/1074
f 1061/1440/1077 1060/1623/982 1205/1624/984
f 1061/1440/1077 1205/1624/984 1199/1625/986
f 1126/1626/1190 1144/1627/1191 1092/1628/1192
f 1092/1628/1192 1144/1627/1191 1096/1629/1193
f 1144/1627/1191 1222/1630/1194 1096/1629/1193
f 1096/1629/1193 1222/1630/1194 1212/1631/1195
f 1278/429/344 1083/1632/1196 1161/1633/1197
f 1213/1634/1198 1212/1635/1195 1240/1636/713
f 1224/1637/1199 1215/1638/1200 1273/1639/1201
f 1273/1640/1201 1240/1636/713 1224/1641/1199
f 1240/1636/713 1212/1635/1195 1224/1641/1199
f 1079/433/348 1310/434/349 1216/1642/1202
f 1310/1643/349 1173/1644/1203 1216/1645/1202
f 1267/428/343 1291/1646/1204 1112/1647/1205
f 1374/1648/1206 1363/1649/149 1400/1650/1207
f 1400/1651/1207 1363/1652/149 1364/1653/148
f 1381/1654/1208 1364/1495/148 1353/1494/1111
f 1408/1655/1209 1400/1651/1207 1364/1653/148
f 1408/1655/1209 1364/1653/148 1381/1656/1208
f 1395/456/369 1230/1657/1210 1349/1658/1211
f 1591/1659/1212 1514/1660/1213 1451/1661/1214
f 1451/1661/1214 1487/1662/1215 1525/1663/1216
f 1525/1663/1216 1591/1659/1212 1451/1661/1214
f 1487/1664/1215 1490/1665/174 1525/1666/1216
f 1485/1667/1217 1530/1295/991 1461/1668/1115
f 1530/1295/991 1494/1297/993 1461/1668/1115
f 1494/1297/993 1500/1296/992 1465/1669/1218
f 1512/1190/927 1471/1189/926 1500/1296/992
f 1524/1670/1219 1554/1671/1220 1473/1293/989
f 1561/1672/1221 1524/1670/1219 1470/1673/1222
f 1561/1672/1221 1470/1673/1222 1486/1674/1223
f 1561/1672/1221 1486/1674/1223 1567/1675/1224
f 1582/1676/1225 1491/1677/1226 1572/1678/1227
f 1572/1678/1227 1491/1677/1226 1574/1679/1228
f 1575/1680/1229 1440/1681/1230 1605/908/716
f 1502/1682/1231 1440/1681/1230 1575/1680/1229
f 1599/474/387 1492/457/370 1597/466/379
f 1603/475/388 1492/457/370 1599/474/387
f 1481/458/371 1492/457/370 1603/475/388
f 1603/475/388 1606/1683/1232 1481/458/371
f 1686/1684/1233 1627/468/381 1520/467/380
f 1627/468/381 1716/929/733 1522/470/383
f 1736/1199/933 1746/942/746 1689/931/735
f 1753/937/741 1736/1199/933 1694/935/739
f 1789/1685/1234 1791/1305/1001 1754/1686/1235
f 1790/1687/1236 1792/1688/1237 1808/1689/1238
f 1962/1690/1239 2009/1691/1240 2032/1692/1241
f 1967/1693/1242 1962/1690/1239 2032/1692/1241
f 1966/1694/1243 1967/1693/1242 2032/1692/1241
f 1986/1695/1244 1941/490/403 1983/1696/1245
f 1986/1695/1244 1983/1696/1245 1837/1542/1140
f 452/1697/253 407/1698/1246 472/1699/1247
f 459/1700/1248 436/1701/1249 484/1702/1250
f 459/1700/1248 472/1699/1247 407/1698/1246
f 491/1703/1251 436/1704/1249 440/1705/1252
f 476/1209/941 417/1706/1253 449/1210/942
f 569/1707/1254 428/1708/463 563/1709/1255
f 492/1410/271 489/1400/1055 544/1710/1256
f 433/1711/1056 501/1712/1257 560/1713/1258
f 545/1714/1259 433/1715/1056 560/1716/1258
f 456/1717/1260 522/1718/1261 606/1719/1262
f 567/1720/1263 456/1717/1260 606/1719/1262
f 649/1721/1264 622/1722/1265 606/1719/1262
f 501/1723/1257 622/1722/1265 560/1724/1258
f 555/1577/1162 526/1725/1266 464/570/467
f 462/1726/1267 534/1727/957 571/1244/968
f 614/1728/1268 848/1729/1269 621/1730/1270
f 730/1731/1271 621/1730/1270 848/1729/1269
f 730/1731/1271 625/1732/1272 621/1730/1270
f 583/1733/1273 577/1734/1274 646/1735/1275
f 761/1736/1276 596/1737/1277 603/1738/1278
f 671/1739/280 761/1736/1276 603/1738/1278
f 671/1739/280 603/1738/1278 607/1740/1279
f 594/1741/1280 596/1742/1277 761/1743/1276
f 594/1741/1280 761/1743/1276 689/1744/1281
f 594/1741/1280 689/1744/1281 598/1745/1282
f 671/340/280 607/1746/1279 608/341/281
f 689/1747/1281 712/1748/283 598/1749/1282
f 712/1748/283 620/1750/1155 598/1749/1282
f 608/341/281 620/1569/1155 712/1751/283
f 851/609/494 849/608/497 767/1752/888
f 849/1753/497 782/1754/84 767/1755/888
f 767/1752/888 783/1756/884 851/609/494
f 783/1757/884 858/848/668 851/604/494
f 858/1758/668 783/1759/884 788/1760/893
f 858/1761/668 788/1762/893 860/1763/895
f 884/104/82 738/103/81 871/105/83
f 763/1764/1283 655/1765/80 884/1766/82
f 884/1766/82 894/1767/1284 763/1764/1283
f 1015/1768/1285 961/1769/99 1030/1770/692
f 1025/1771/1286 1041/1772/1287 1032/1773/1288
f 1154/364/127 1039/363/298 1156/166/128
f 1156/166/128 1039/363/298 954/366/300
f 1110/169/133 1156/166/128 954/366/300
f 963/170/134 982/173/137 1270/171/135
f 1093/1774/108 1159/1775/1108 1243/1776/1107
f 1247/1777/1289 1093/135/108 1243/1490/1107
f 1055/372/304 1093/135/108 1247/1777/1289
f 1262/1493/1110 1055/372/304 1261/1778/1290
f 1181/867/685 1055/372/304 1262/1493/1110
f 1252/1779/1291 1178/1177/914 1319/1780/1292
f 1245/177/141 1342/1781/156 1406/1782/1293
f 1342/196/156 1423/197/157 1406/1783/1293
f 1406/1783/1293 1423/197/157 1396/190/152
f 1406/1782/1293 1295/178/142 1245/177/141
f 1406/1783/1293 1348/192/146 1295/1784/142
f 1406/1783/1293 1396/190/152 1348/192/146
f 1288/1785/1294 1366/1502/1118 1411/1501/1117
f 1300/1488/1105 1357/1489/1106 1462/460/373
f 1347/1186/923 1517/1786/166 1271/896/165
f 1517/1786/166 1347/1186/923 1501/1787/1295
f 1559/1788/1296 1480/1789/1297 1584/1790/1298
f 1598/1791/1299 1510/1792/1300 1692/1793/1301
f 1459/1794/1302 1705/1795/1303 1510/1792/1300
f 1651/1796/1304 1693/1797/1305 1540/1798/1306
f 1540/1798/1306 1583/938/742 1651/1796/1304
f 1644/1799/1307 1555/1800/1308 1693/1801/1305
f 1647/477/390 1695/479/392 1748/478/391
f 1629/471/384 1728/473/386 1604/461/374
f 1657/472/385 1604/461/374 1728/473/386
f 1702/1802/1309 1755/1803/1310 1709/1804/1311
f 1755/1803/1310 1708/1805/1312 1709/1804/1311
f 1737/1806/1313 1683/1807/1314 1709/1808/1311
f 1709/1804/1311 1718/1809/1315 1740/1810/1316
f 1740/1810/1316 1737/1811/1313 1709/1804/1311
f 1722/1812/1317 1683/1807/1314 1737/1806/1313
f 1720/1813/1318 1683/1807/1314 1722/1812/1317
f 1718/1809/1315 1712/1814/1319 1745/1815/1320
f 1745/1816/1320 1763/1544/1142 1718/1817/1315
f 1740/1818/1316 1718/1817/1315 1763/1544/1142
f 1776/1819/1321 1793/1820/1322 1786/1821/1323
f 1793/1820/1322 1816/1822/1324 1786/1821/1323
f 1840/1823/1325 1841/1824/1326 1930/1825/1327
f 1762/1826/1328 1739/1827/1329 1867/1828/1330
f 1867/1828/1330 1819/1829/1331 1762/1826/1328
f 1841/1824/1326 1872/1830/1332 1930/1825/1327
f 1930/1825/1327 1872/1830/1332 1881/727/582
f 1739/1827/1329 1894/1831/1333 1867/1828/1330
f 1872/1830/1332 1867/1832/1330 1924/728/583
f 1872/1830/1332 1924/728/583 1881/727/582
f 1867/1832/1330 1912/1833/1334 1924/728/583
f 1894/1834/1333 1769/1835/1335 1912/1833/1334
f 1840/1823/1325 1846/1836/1336 2019/1837/1337
f 1832/248/198 1750/686/549 1938/1838/412
f 1938/1838/412 1750/686/549 1950/1839/417
f 1950/1839/417 1750/686/549 1842/1197/931
f 2000/521/424 1950/514/417 1842/1840/931
f 1842/1840/931 1849/1841/932 2000/521/424
f 2000/521/424 1849/1841/932 1880/1842/1338
f 2000/521/424 1880/1842/1338 2008/1843/1339
f 1997/1844/1340 1873/1845/934 1735/1846/187
f 1997/1844/1340 1862/1847/1341 1873/1845/934
f 1962/1690/1239 1862/1847/1341 2009/1691/1240
f 1873/1845/934 1862/1847/1341 1962/1690/1239
f 1794/1201/935 1873/1200/934 1962/1848/1239
f 1794/1201/935 1962/1848/1239 1838/1849/1342
f 2024/1850/1343 1838/1851/1342 1962/1690/1239
f 1962/1690/1239 2023/1852/1344 2024/1850/1343
f 176/1554/1148 32/1553/1147 254/286/236
f 186/547/448 183/1853/802 257/548/449
f 198/1854/451 186/547/448 262/546/447
f 206/296/242 207/1855/1345 278/552/452
f 257/1856/449 137/1857/1146 299/1858/1040
f 64/1859/217 137/1857/1146 257/1856/449
f 272/1860/232 287/1861/455 137/1862/1146
f 299/1863/1040 137/1864/1146 172/1865/1346
f 282/1380/450 299/1379/1040 172/1866/1346
f 282/549/450 172/1867/1346 198/550/451
f 207/1855/1345 185/1868/1347 278/552/452
f 244/553/453 278/552/452 185/1868/1347
f 432/1092/852 329/1389/1047 451/1093/853
f 437/1220/950 451/1236/853 329/1390/1047
f 332/1391/1048 366/1100/860 437/1220/950
f 373/1869/1050 356/1219/949 458/1218/948
f 439/1221/951 373/1869/1050 458/1218/948
f 457/1870/946 369/1871/1049 486/1872/945
f 420/52/44 369/1392/1049 457/1216/946
f 486/1215/945 369/1392/1049 461/1873/952
f 439/1394/951 461/1873/952 369/1392/1049
f 624/1227/955 454/577/473 556/1874/1348
f 634/835/657 483/1875/475 632/836/658
f 467/581/476 483/1875/475 634/835/657
f 534/1229/957 467/581/476 634/835/657
f 638/818/643 623/1876/1349 511/1408/1059
f 492/1410/271 544/1710/1256 724/1877/1350
f 601/1878/272 492/1410/271 724/1877/1350
f 545/1714/1259 560/1716/1258 635/1879/1351
f 543/830/654 631/828/652 521/1411/1060
f 668/68/56 667/67/55 663/1880/1352
f 693/1414/62 727/80/66 703/79/65
f 727/80/66 693/1414/62 733/82/61
f 842/1881/897 584/1882/868 660/1883/867
f 684/1884/870 584/1882/868 842/1881/897
f 740/1885/1353 707/1119/874 639/1118/873
f 824/1886/1354 817/1887/290 619/1888/1355
f 824/1886/1354 691/1421/1064 807/1420/291
f 971/883/697 881/1453/673 868/1889/1356
f 777/1890/57 971/883/697 868/1889/1356
f 908/109/87 825/110/88 1005/1891/1357
f 1005/1891/1357 825/110/88 1007/1892/91
f 926/113/90 1037/1893/1358 1007/114/91
f 1037/1894/1358 926/119/90 932/118/94
f 1040/1895/1359 932/118/94 937/122/96
f 956/1896/1360 937/1897/96 888/1898/97
f 956/1899/1360 1040/1895/1359 937/122/96
f 1092/1628/1192 1141/1900/1361 1140/1901/1362
f 1092/1628/1192 1096/1629/1193 1141/1900/1361
f 1140/1901/1362 1141/1900/1361 1083/1902/1196
f 1141/1900/1361 1096/1629/1193 1106/1903/1363
f 923/1904/1364 1112/1647/1205 1291/1646/1204
f 1260/424/339 923/1905/1364 1291/1906/1204
f 1113/426/341 923/1905/1364 1260/424/339
f 1112/1647/1205 1114/1907/1365 1267/428/343
f 1278/429/344 1267/428/343 1114/1907/1365
f 1225/1908/1093 1232/1909/1096 1376/1910/153
f 1263/1911/1099 1202/1912/1101 1257/1913/1097
f 1149/1487/1104 1244/1486/1103 1228/1484/1102
f 1280/1914/710 1311/439/352 1334/438/353
f 1279/1915/689 1280/901/710 1339/900/709
f 1335/1916/342 1161/1917/1197 1173/1644/1203
f 1360/1918/714 1213/1634/1198 1240/1636/713
f 1360/906/714 1322/1919/1366 1213/1920/1198
f 1325/1921/1367 1294/645/521 1354/903/711
f 1325/1922/1367 1354/1923/711 1240/1924/713
f 1414/1925/1368 1429/1926/1369 1386/1927/1370
f 1444/1928/1371 1388/1929/1372 1442/660/533
f 1419/1930/1373 1445/1931/1374 1456/469/382
f 1447/1932/1375 1343/1933/1376 1446/1934/1377
f 1343/1933/1376 1447/1932/1375 1450/1935/1378
f 1506/661/534 1432/449/362 1533/1936/1379
f 1533/1936/1379 1432/449/362 1562/1937/1380
f 1432/449/362 1437/451/364 1562/1937/1380
f 1578/225/179 1622/224/178 1496/681/161
f 1499/1938/1381 1498/1939/1382 1593/228/182
f 1552/1940/1383 1528/1941/164 1517/1786/166
f 1710/1942/1384 1654/1943/1385 1656/1944/1386
f 1684/1945/1387 1710/1946/1384 1661/1947/1388
f 1710/1946/1384 1663/1948/1389 1661/1947/1388
f 1711/1949/1390 1630/1950/1391 1724/945/749
f 1656/1951/1386 1630/1950/1391 1711/1949/1390
f 1710/1942/1384 1656/1944/1386 1711/1952/1390
f 1710/1953/1384 1702/1954/1309 1663/1955/1389
f 1632/1956/1392 1663/1955/1389 1702/1954/1309
f 1717/1957/1393 1730/1958/1394 1743/1959/1395
f 1743/1959/1395 1730/1958/1394 1719/1960/1396
f 1721/1961/1397 1730/1958/1394 1717/1957/1393
f 1961/1962/1398 1975/1963/1399 1955/1964/1400
f 330/1965/1401 4/1966/778 103/1967/1402
f 152/1021/806 104/1968/777 8/1969/776
f 22/1970/779 59/1971/781 312/1040/817
f 312/1040/817 161/1031/811 22/1970/779
f 8/1972/776 29/1973/209 152/1027/806
f 164/1029/810 152/1027/806 29/1973/209
f 41/1974/780 22/1970/779 161/1031/811
f 161/1031/811 173/1030/210 41/1974/780
f 173/260/210 29/259/209 41/981/780
f 53/750/603 178/1975/1403 60/983/782
f 178/1975/1403 189/1976/1404 60/983/782
f 189/1977/1404 66/1978/785 60/1979/782
f 191/1980/815 59/982/781 192/984/783
f 213/1042/787 66/1981/785 212/1043/818
f 188/1982/621 48/1983/1405 84/1984/1406
f 93/1985/1407 170/1986/1408 311/1987/622
f 193/998/793 200/1012/801 271/1988/1150
f 107/1989/1409 251/1990/1144 273/1991/1410
f 117/1992/1411 107/1989/1409 273/1991/1410
f 187/1993/606 228/1994/1412 279/1995/1413
f 228/1996/1412 280/1997/788 279/1998/1413
f 139/1999/789 235/2000/1414 240/2001/1149
f 157/5/5 240/1557/1149 246/1556/792
f 139/990/789 240/1557/1149 157/5/5
f 280/2002/788 151/1006/790 291/2003/1415
f 333/1205/939 291/2003/1415 151/1006/790
f 317/762/33 150/771/618 113/760/611
f 110/2004/1416 48/2005/1405 305/2006/623
f 48/1983/1405 188/1982/621 305/2007/623
f 67/2008/429 285/2009/1417 356/1219/949
f 286/2010/1418 67/2008/429 356/1219/949
f 286/2010/1418 373/1869/1050 219/2011/1419
f 369/1392/1049 219/2012/1419 373/1393/1050
f 366/1100/860 169/2013/1420 401/2014/1421
f 401/2015/1421 134/1375/1039 341/1395/1051
f 300/10/10 259/13/13 379/2016/1422
f 300/2017/10 284/2018/1423 155/2019/1424
f 379/2020/1422 259/18/13 261/15/15
f 345/31/23 379/2021/1422 261/29/15
f 360/2022/1425 404/2023/1426 343/2024/1427
f 367/2025/1428 404/2023/1426 360/2022/1425
f 189/2026/1404 277/1063/831 395/583/478
f 376/2027/1429 189/1977/1404 395/2028/478
f 328/1039/816 397/572/465 325/1033/813
f 397/572/465 328/1039/816 377/573/469
f 212/1043/818 376/2029/1429 403/2030/1430
f 403/2030/1430 380/1044/819 212/1043/818
f 491/1703/1251 484/2031/1250 436/1704/1249
f 491/2032/1251 441/2033/1431 512/2034/1432
f 440/2035/1252 441/2033/1431 491/2032/1251
f 476/1209/941 512/2034/1432 417/1706/1253
f 441/2036/1431 417/2037/1253 512/2038/1432
f 517/2039/1433 403/2030/1430 541/1581/1166
f 488/2040/1434 517/2041/1433 626/2042/1435
f 626/2042/1435 613/2043/1436 488/2040/1434
f 451/1236/853 437/1220/950 539/1102/862
f 572/1097/857 540/1096/856 579/1098/858
f 539/1102/862 518/1101/861 580/2044/864
f 681/1580/1165 517/2039/1433 541/1581/1166
f 755/2045/1437 687/2046/1438 595/2047/1439
f 755/2048/1437 595/2049/1439 609/2050/1440
f 609/2050/1440 710/2051/1441 755/2048/1437
f 710/2051/1441 609/2050/1440 612/2052/1442
f 614/2053/1268 595/2047/1439 687/2046/1438
f 848/1729/1269 614/1728/1268 687/2054/1438
f 646/2055/1275 731/2056/1443 583/2057/1273
f 731/2058/1443 586/2059/1444 583/1733/1273
f 673/2060/1445 586/2059/1444 731/2058/1443
f 588/2061/1446 586/2059/1444 673/2060/1445
f 728/2062/1447 619/2063/1355 817/354/290
f 551/2064/1448 691/1421/1064 824/1886/1354
f 780/1140/891 695/2065/1449 686/1138/889
f 780/1140/891 775/1139/890 786/2066/1450
f 786/2066/1450 590/2067/1451 780/1140/891
f 780/1140/891 590/2067/1451 695/2065/1449
f 714/2068/1452 590/2067/1451 786/2066/1450
f 786/2066/1450 779/81/67 714/2068/1452
f 646/2055/1275 714/2068/1452 731/2056/1443
f 798/2069/1453 739/2070/1454 760/2071/1455
f 861/2072/1456 771/2073/1457 760/2071/1455
f 771/2073/1457 753/2074/1458 760/2071/1455
f 999/2075/1459 888/2076/97 870/2077/1460
f 999/2078/1459 956/1896/1360 888/1898/97
f 1100/2079/707 1028/1458/1086 1091/2080/1461
f 1064/1459/1087 1028/1458/1086 1100/2079/707
f 1108/2081/705 1074/2082/676 940/2083/1462
f 1108/2084/705 834/2085/1085 1115/2086/1463
f 1108/2081/705 940/2083/1462 834/2087/1085
f 1063/2088/1464 942/2089/1465 981/2090/1466
f 1124/2091/1467 1115/2092/1463 943/2093/1468
f 1064/1459/1087 870/2077/1460 834/1457/1085
f 870/2094/1460 1115/2095/1463 834/2096/1085
f 870/2097/1460 943/2098/1468 1115/2099/1463
f 1100/2079/707 998/2100/1469 1064/1459/1087
f 1124/2101/1467 943/2102/1468 1063/2088/1464
f 1132/2103/1470 1124/2104/1467 1133/2105/1471
f 1133/2105/1471 1098/2106/1472 1132/2103/1470
f 1133/2107/1471 999/2078/1459 1098/2108/1472
f 956/1896/1360 999/2078/1459 1133/2107/1471
f 1160/1184/921 1086/1183/920 976/2109/1473
f 1093/135/108 1019/134/107 1172/1185/922
f 1167/2110/693 1219/2111/1474 1216/2112/1202
f 1216/2112/1202 1217/2113/1475 1167/2110/693
f 1167/2110/693 1217/2113/1475 1284/2114/1476
f 1284/2114/1476 1217/2113/1475 1179/2115/1477
f 1199/1288/986 1165/2116/691 1167/2110/693
f 1199/1288/986 1167/2110/693 1235/2117/1478
f 1179/2118/1477 1298/2119/1479 1284/2120/1476
f 1235/2117/1478 1167/2110/693 1284/2114/1476
f 1317/2121/1480 1256/2122/1481 1152/2123/1482
f 1152/2123/1482 1193/2124/1483 1318/2125/1484
f 1318/2125/1484 1317/2121/1480 1152/2123/1482
f 1153/1492/1109 1378/1188/925 1253/1187/924
f 1382/2126/1485 1302/2127/1486 1314/2128/1487
f 1314/2128/1487 1315/205/163 1385/204/162
f 1350/2129/1488 1397/2130/1489 1254/2131/1490
f 1350/2132/1488 1317/2133/1480 1397/2134/1489
f 1315/205/163 1323/2135/706 1271/207/165
f 1397/2130/1489 1398/2136/1491 1254/2131/1490
f 1398/2137/1491 1397/2138/1489 1318/2139/1484
f 1448/198/158 1387/2140/1492 1425/199/159
f 1425/199/159 1387/2140/1492 1382/2126/1485
f 1314/2128/1487 1385/204/162 1382/2126/1485
f 1463/2141/1493 1438/2142/1494 1427/2143/1495
f 1467/2144/724 1468/2145/1119 1435/2146/1496
f 1468/2145/1119 1472/2147/1497 1435/2146/1496
f 1477/1292/988 1475/1291/987 1472/2147/1497
f 1451/2148/1214 1472/2147/1497 1475/1291/987
f 1472/2147/1497 1449/2149/1498 1435/2146/1496
f 1451/2148/1214 1449/2149/1498 1472/2147/1497
f 1451/2148/1214 1461/1499/1115 1449/2149/1498
f 1461/1499/1115 1430/1498/1114 1449/2149/1498
f 1587/2150/1499 1484/910/718 1531/1507/1121
f 1532/1508/1122 1587/2151/1499 1531/1509/1121
f 1543/1510/1123 1473/1293/989 1608/691/554
f 1608/691/554 1473/1293/989 1554/1671/1220
f 1682/236/190 1587/2151/1499 1659/690/553
f 1554/1671/1220 1524/1670/1219 1699/2152/1500
f 1699/2152/1500 1582/1676/1225 1679/687/550
f 1679/687/550 1582/1676/1225 1572/1678/1227
f 1711/1949/1390 1724/945/749 1794/1201/935
f 1717/2153/1393 1759/2154/1501 1810/2155/1502
f 1855/2156/1503 1974/695/558 1949/694/557
f 1973/706/569 1958/701/564 1959/707/566
f 1973/706/569 1980/720/574 1977/717/576
f 1856/724/579 1977/717/576 1980/720/574
f 334/1069/836 250/1068/834 166/2157/1504
f 160/2158/1505 260/2159/1506 364/1071/837
f 364/1071/837 334/1069/836 160/2158/1505
f 364/1071/837 260/2159/1506 239/1072/838
f 370/1076/840 239/1075/838 182/2160/1507
f 182/2161/1507 184/2162/1508 370/2163/840
f 370/2163/840 184/2162/1508 298/557/456
f 335/311/257 250/1066/834 348/1065/833
f 524/2164/958 523/1213/943 455/1212/944
f 455/2165/944 496/1095/855 524/1230/958
f 537/2166/1509 458/1218/948 409/1217/947
f 537/2166/1509 516/1222/859 458/1218/948
f 496/1095/855 486/1215/945 540/1096/856
f 540/1096/856 486/1215/945 461/1873/952
f 540/1096/856 461/1873/952 516/1099/859
f 547/2167/1510 484/1702/1250 602/2168/1511
f 472/1699/1247 459/1700/1248 547/2167/1510
f 547/2167/1510 605/2169/892 472/1699/1247
f 602/2170/1511 491/1703/1251 619/2063/1355
f 491/2032/1251 512/2034/1432 619/1888/1355
f 551/2064/1448 619/1888/1355 512/2034/1432
f 587/2171/1512 590/2172/1451 499/2173/254
f 647/329/274 538/328/270 601/1878/272
f 647/329/274 648/2174/649 536/327/273
f 777/2175/57 765/108/86 812/107/85
f 825/2176/88 765/2177/86 768/2178/1513
f 805/2179/1514 866/1594/510 740/2180/1353
f 805/2179/1514 877/1600/1180 866/1594/510
f 835/2181/1515 748/336/278 904/2182/1516
f 748/336/278 843/2183/1517 904/2182/1516
f 1075/2184/1518 916/2185/1519 844/2186/1520
f 847/2187/1521 1075/2184/1518 844/2186/1520
f 916/2188/1519 689/1744/1281 844/2189/1520
f 916/2188/1519 925/2190/1522 689/1744/1281
f 925/2190/1522 854/2191/1189 689/1744/1281
f 934/1150/899 842/1148/897 669/1113/869
f 934/1150/899 678/1149/898 855/2192/901
f 877/2193/1180 1103/2194/1523 1090/2195/1181
f 1103/2194/1523 877/2193/1180 835/2196/1515
f 904/2197/1516 1103/2194/1523 835/2196/1515
f 1073/1606/1183 1075/2198/1518 991/1607/1184
f 1006/2199/1524 991/1607/1184 1075/2198/1518
f 916/2185/1519 1073/1608/1183 1057/1610/1185
f 1075/2184/1518 1073/1608/1183 916/2185/1519
f 1075/2198/1518 847/2200/1521 1006/2199/1524
f 966/2201/326 1006/2199/1524 847/2200/1521
f 751/2202/1172 996/2203/1525 747/2204/882
f 751/2202/1172 1056/2205/1526 996/2203/1525
f 1056/2205/1526 751/2202/1172 845/2206/903
f 1056/2205/1526 934/2207/899 984/1591/1174
f 955/627/509 984/1591/1174 934/2207/899
f 842/2208/897 934/2207/899 1056/2205/1526
f 845/2206/903 865/2209/902 1056/2205/1526
f 1083/1632/1196 1278/429/344 1114/1907/1365
f 1113/426/341 1195/2210/345 1043/1426/1068
f 1191/1620/979 1044/1427/1069 1195/2210/345
f 1044/1427/1069 1043/1426/1068 1195/2210/345
f 1327/2211/1527 1259/2212/323 1321/2213/1528
f 1207/2214/324 1259/2212/323 1327/2211/1527
f 1326/2215/1529 1155/2216/327 1331/2217/1530
f 1331/2218/1530 1274/2219/325 1328/2220/1531
f 1287/2221/1532 1227/136/109 1332/2222/1533
f 1359/1496/1112 1297/2223/1534 1367/2224/1535
f 1380/2225/1536 1367/2224/1535 1297/2223/1534
f 1355/2226/1537 1345/2227/1538 1368/2228/1539
f 1368/2228/1539 1275/2229/703 1355/2226/1537
f 1380/2225/1536 1297/2223/1534 1387/2140/1492
f 1387/2140/1492 1226/2230/1540 1382/2126/1485
f 1420/443/356 1336/442/355 1470/1673/1222
f 1403/653/526 1389/415/331 1440/1681/1230
f 1440/1681/1230 1401/444/357 1403/653/526
f 1605/908/716 1453/447/360 1541/932/736
f 1605/908/716 1482/907/715 1453/447/360
f 1571/2231/1541 1538/2232/545 1519/2233/547
f 1537/2234/1542 1571/2231/1541 1519/2233/547
f 1511/2235/726 1539/2236/1543 1507/2237/725
f 1578/225/179 1553/230/184 1738/231/185
f 1738/231/185 1528/206/164 1675/241/193
f 1674/242/194 1542/227/181 1690/229/183
f 1774/2238/1138 1727/2239/1137 1788/2240/1544
f 1727/2239/1137 1688/226/180 1788/2240/1544
f 1770/239/191 1788/2240/1544 1688/226/180
f 1688/226/180 1578/225/179 1770/239/191
f 1738/231/185 1770/239/191 1578/225/179
f 1742/1526/1133 1771/243/195 1690/229/183
f 1674/242/194 1690/229/183 1771/243/195
f 2004/2241/1545 2019/1837/1337 2006/2242/1546
f 2019/1837/1337 1846/1836/1336 2006/2242/1546
f 1945/2243/1547 1778/2244/1548 2006/2245/1546
f 1882/732/587 1876/2246/1549 1937/2247/1550
f 2013/2248/1551 1846/1836/1336 1876/2246/1549
f 2013/2248/1551 2006/2242/1546 1846/1836/1336
f 1945/2249/1547 2013/2248/1551 1959/707/566
f 1945/2249/1547 2006/2242/1546 2013/2248/1551
f 1893/2250/567 2013/2248/1551 1777/2251/1552
f 1893/2250/567 1959/707/566 2013/2248/1551
f 1876/2246/1549 1882/732/587 1898/731/586
f 1898/731/586 2013/2248/1551 1876/2246/1549
f 1898/731/586 1990/733/588 1910/711/572
f 1932/2252/1553 1844/2253/1554 1953/2254/1555
f 1942/2255/1556 1843/2256/1557 1913/2257/1558
f 1968/2258/1559 1932/2252/1553 1953/2254/1555
f 1958/2259/564 1835/2260/561 1959/2261/566
f 1913/2257/1558 1785/2262/560 1956/2263/562
f 114/2264/1560 12/2265/1561 121/250/200
f 16/2266/613 114/2264/1560 121/250/200
f 24/2267/614 105/2268/1562 168/2269/616
f 121/250/200 52/256/206 16/2266/613
f 52/2270/206 121/2271/200 47/2272/202
f 24/2267/614 16/2266/613 52/256/206
f 105/2268/1562 24/2267/614 52/256/206
f 48/2273/1405 130/2274/1563 42/2275/1564
f 168/2269/616 132/2276/1565 42/2275/1564
f 84/2277/1406 42/2275/1564 132/2276/1565
f 84/2277/1406 48/2273/1405 42/2275/1564
f 92/2278/1566 84/2277/1406 132/2276/1565
f 93/2279/1407 15/2280/795 208/1003/794
f 92/2278/1566 15/2280/795 93/2279/1407
f 132/2276/1565 168/2269/616 105/2268/1562
f 105/2268/1562 106/2281/1567 132/2276/1565
f 132/2276/1565 107/2282/1409 92/2278/1566
f 126/258/208 105/2268/1562 52/256/206
f 83/2283/215 132/2284/1565 106/2285/1567
f 83/265/215 106/2281/1567 126/258/208
f 107/2282/1409 132/2276/1565 83/265/215
f 15/2280/795 92/2278/1566 107/2282/1409
f 118/2286/1568 15/2280/795 107/2282/1409
f 118/2286/1568 107/2282/1409 117/2287/1411
f 117/2287/1411 99/269/219 118/2286/1568
f 57/268/218 118/2286/1568 99/269/219
f 205/558/457 10/2288/427 11/2289/426
f 205/558/457 11/2289/426 219/2012/1419
f 155/2019/1424 63/2290/436 11/2291/426
f 245/2292/1569 67/2293/429 73/2294/431
f 167/2295/1570 73/2294/431 75/2296/430
f 169/2013/1420 167/2297/1570 75/2298/430
f 169/2013/1420 75/2298/430 86/2299/434
f 243/2300/1571 169/2013/1420 86/2299/434
f 11/2289/426 96/2301/435 219/2012/1419
f 219/2302/1419 98/530/433 162/529/432
f 96/2301/435 98/2303/433 219/2012/1419
f 86/1376/434 134/1375/1039 243/2304/1571
f 221/2305/11 11/523/426 17/525/428
f 221/2305/11 17/525/428 109/537/12
f 155/2019/1424 11/2291/426 221/2306/11
f 115/2307/442 89/2308/440 171/2309/1572
f 142/2310/1573 143/1061/830 294/301/247
f 294/301/247 295/306/252 142/2310/1573
f 295/2311/252 267/2312/1043 142/2313/1573
f 179/2314/1574 233/1048/821 318/2315/1575
f 321/2316/1576 194/2317/1577 179/2318/1574
f 103/2319/1402 33/2320/1578 323/2321/1579
f 204/2322/1580 323/2323/1579 203/2324/1581
f 323/2325/1579 330/1965/1401 103/1967/1402
f 310/1057/827 216/2326/1582 321/2327/1576
f 216/2326/1582 194/2328/1577 321/2327/1576
f 204/2329/1580 218/2330/1583 330/2331/1401
f 247/751/604 187/753/606 353/2332/1584
f 324/586/481 280/2002/788 361/1202/936
f 361/1202/936 291/2003/1415 416/2333/940
f 291/2003/1415 333/1205/939 416/2333/940
f 376/2027/1429 395/2028/478 462/1726/1267
f 403/2334/1430 376/2027/1429 462/1726/1267
f 331/1045/820 380/1044/819 517/2039/1433
f 292/1032/812 391/575/471 444/574/470
f 433/1401/1056 434/564/461 444/574/470
f 511/1408/1059 342/295/229 581/812/639
f 495/291/240 421/288/237 448/832/656
f 515/816/642 495/291/240 448/832/656
f 556/2335/1348 532/1081/845 549/2336/1585
f 453/1083/627 532/1081/845 556/2335/1348
f 454/577/473 453/2337/627 556/1874/1348
f 465/578/474 632/840/658 483/579/475
f 584/2338/868 503/2339/260 669/2340/869
f 678/1149/898 669/1113/869 503/2341/260
f 678/1151/898 503/2342/260 645/1152/900
f 630/2343/875 707/1123/874 528/2344/1586
f 630/1120/875 533/2345/1587 639/1118/873
f 597/1122/877 528/2344/1586 707/1123/874
f 633/1159/906 645/1161/900 503/314/260
f 723/1163/879 633/1159/906 531/2346/878
f 587/2347/1512 568/2348/1588 686/2349/889
f 686/2350/889 695/2351/1449 587/2352/1512
f 695/2353/1449 590/2172/1451 587/2171/1512
f 508/310/256 590/2354/1451 714/2355/1452
f 714/2068/1452 646/2055/1275 508/2356/256
f 796/88/72 794/86/70 737/2357/74
f 776/2358/73 796/2359/72 737/2360/74
f 737/2357/74 746/2361/489 776/89/73
f 710/2362/1441 625/2363/1272 730/2364/1271
f 612/2365/1442 625/2363/1272 710/2362/1441
f 755/2366/1437 848/2367/1269 687/2368/1438
f 731/2056/1443 714/2068/1452 779/81/67
f 731/2056/1443 779/81/67 744/83/68
f 743/1418/95 752/1417/98 937/2369/96
f 968/179/143 763/1764/1283 894/1767/1284
f 815/2370/1589 763/1764/1283 968/179/143
f 1076/360/295 978/2371/1590 977/2372/1591
f 977/2372/1591 951/358/293 1076/360/295
f 968/179/143 1000/2373/1592 815/2370/1589
f 978/2371/1590 1000/2374/1592 968/2375/143
f 1000/2373/1592 827/2376/1593 815/2370/1589
f 970/2377/1594 827/2376/1593 1000/2373/1592
f 1076/360/295 1000/2374/1592 978/2371/1590
f 1000/2374/1592 1076/360/295 990/2378/1595
f 990/2378/1595 1076/360/295 889/1445/1081
f 889/1445/1081 1076/360/295 1024/361/296
f 979/362/297 914/2379/972 1039/363/298
f 914/2379/972 917/365/299 1039/363/298
f 917/368/299 862/1252/973 952/369/301
f 1002/370/302 1102/413/329 1094/175/139
f 1066/605/495 950/2380/1596 1012/606/496
f 1120/2381/132 1012/2382/496 950/2383/1596
f 1016/611/498 1012/610/496 1120/2384/132
f 1120/2385/132 1209/2386/1088 1016/2387/498
f 1209/2388/1088 1121/2389/1090 1016/2390/498
f 1077/2391/1091 1016/2392/498 1121/2393/1090
f 1023/2394/499 1016/2392/498 1077/2391/1091
f 1083/1632/1196 1141/2395/1361 1161/1633/1197
f 1141/2396/1361 1173/2397/1203 1161/2398/1197
f 1212/1635/1195 1213/1634/1198 1096/2399/1193
f 1106/2400/1363 1096/2401/1193 1213/1920/1198
f 1214/2402/1597 1106/2400/1363 1213/1920/1198
f 1085/2403/1598 1171/2404/520 1222/2405/1194
f 1222/1630/1194 1171/2406/520 1215/2407/1200
f 1222/1630/1194 1215/2407/1200 1224/2408/1199
f 1222/1630/1194 1224/2408/1199 1212/1631/1195
f 1173/2397/1203 1141/2396/1361 1179/2115/1477
f 1179/2115/1477 1216/2112/1202 1173/2397/1203
f 1216/1642/1202 891/596/101 1079/433/348
f 1216/2409/1202 961/2410/99 891/2411/101
f 1179/2115/1477 1217/2113/1475 1216/2112/1202
f 1141/1900/1361 1106/1903/1363 1218/2412/1599
f 1214/2402/1597 1218/2413/1599 1106/2400/1363
f 1298/2119/1479 1179/2118/1477 1141/2414/1361
f 1298/2415/1479 1141/1900/1361 1218/2412/1599
f 1216/2416/1202 1219/2417/1474 961/2418/99
f 1167/2419/693 961/2420/99 1219/2421/1474
f 1167/876/693 1030/878/692 961/2422/99
f 1268/2423/517 1171/2424/520 1078/2425/518
f 1233/389/318 1157/384/315 1169/390/320
f 1313/2426/1600 1308/397/317 1249/392/321
f 1313/2427/1600 1227/136/109 1287/2221/1532
f 1313/2426/1600 1249/392/321 1227/139/109
f 1321/2213/1528 1259/2212/323 1326/2428/1529
f 1327/2429/1527 1328/2430/1531 1207/403/324
f 1328/2430/1531 1274/401/325 1207/403/324
f 1259/2431/323 1155/2216/327 1326/2215/1529
f 1274/2219/325 1331/2218/1530 1155/2432/327
f 1332/2222/1533 1185/138/111 1351/2433/1601
f 1187/2434/117 1362/2435/1602 1306/2436/1603
f 1265/2437/1604 1242/2438/1605 1306/2439/1603
f 1362/2440/1602 1365/2441/1606 1306/2439/1603
f 1365/2441/1606 1265/2437/1604 1306/2439/1603
f 1183/637/515 1265/2442/1604 1365/2443/1606
f 1319/2444/1292 1183/637/515 1365/2443/1606
f 1305/2445/1607 1299/658/531 1388/1929/1372
f 1324/2446/1608 1305/2447/1607 1415/2448/1609
f 1590/2449/1610 1625/683/546 1538/682/545
f 1560/685/548 1625/683/546 1623/2450/928
f 1684/2451/1387 1590/2449/1610 1654/2452/1385
f 1590/2453/1610 1613/2454/1611 1656/1944/1386
f 1656/1944/1386 1654/1943/1385 1590/2453/1610
f 1656/1944/1386 1613/2454/1611 1612/2455/1612
f 1663/1948/1389 1614/2456/1613 1646/2457/1614
f 1615/2458/1615 1614/2459/1613 1663/1955/1389
f 1594/2460/1616 1661/2461/1388 1646/2462/1614
f 1632/1956/1392 1615/2458/1615 1663/1955/1389
f 1800/2463/1617 1801/2464/1618 1806/2465/1619
f 1807/2466/1620 1806/2465/1619 1801/2464/1618
f 1827/2467/1621 1741/481/394 1859/1323/1015
f 1752/2468/1622 1741/481/394 1827/2467/1621
f 1827/2467/1621 1833/2469/1623 1752/2468/1622
f 1799/2470/1624 1879/1332/1019 1979/1337/1021
f 1909/2471/1625 1799/2472/1624 1979/2473/1021
f 1918/2474/1626 1801/2475/1618 1896/2476/1627
f 1896/2477/1627 1801/2464/1618 1800/2463/1617
f 1854/2478/1628 1801/2475/1618 1918/2474/1626
f 1807/2466/1620 1801/2464/1618 1854/2479/1628
f 1892/1346/1027 1799/2470/1624 1971/1347/1028
f 1805/1344/1025 1799/2470/1624 1892/1346/1027
f 1971/2480/1028 1799/2472/1624 1909/2471/1625
f 1896/2481/1627 1800/2482/1617 1981/2483/1629
f 135/2484/1630 136/1565/1151 19/2485/1631
f 136/2486/1151 37/2487/1632 19/2488/1631
f 37/2487/1632 136/2486/1151 1/736/591
f 68/2489/1633 147/2490/1634 149/2491/1635
f 154/2492/1636 76/2493/1637 68/2494/1633
f 82/2495/1638 68/2496/1633 158/2497/1639
f 158/2498/1639 76/2499/1637 163/2500/1640
f 68/2494/1633 76/2493/1637 158/2501/1639
f 181/2502/1641 28/2503/1642 71/2504/1643
f 71/2504/1643 26/2505/595 181/2502/1641
f 154/2506/1636 190/2507/1644 94/2508/1645
f 163/2509/1640 76/2510/1637 115/2511/442
f 190/2507/1644 56/2512/597 94/2508/1645
f 13/2513/446 232/1049/596 233/1048/821
f 205/558/457 184/2162/1508 10/2288/427
f 327/1388/1046 245/2292/1569 73/2294/431
f 250/1068/834 146/2514/1646 166/2157/1504
f 166/2515/1504 146/2516/1646 180/2517/1647
f 260/2159/1506 160/2158/1505 156/2518/1648
f 239/1072/838 260/2159/1506 156/2518/1648
f 318/2519/1575 359/2520/823 321/2521/1576
f 391/575/471 326/1036/814 431/567/464
f 368/47/39 340/49/41 445/313/259
f 455/2165/944 449/1210/942 390/559/458
f 385/50/42 420/52/44 457/1216/946
f 455/2165/944 385/50/42 457/1216/946
f 390/559/458 385/50/42 455/2165/944
f 504/321/267 303/298/244 399/300/246
f 422/1090/850 414/1386/1045 492/1410/271
f 399/300/246 418/1385/1044 498/1087/849
f 459/1700/1248 484/1702/1250 547/2167/1510
f 484/2031/1250 491/1703/1251 602/2170/1511
f 551/2064/1448 512/2034/1432 476/1209/941
f 568/2522/1588 499/308/254 452/307/253
f 587/2523/1512 499/308/254 568/2522/1588
f 590/2354/1451 508/310/256 499/308/254
f 577/1734/1274 445/313/259 513/312/258
f 613/2043/1436 555/1577/1162 464/570/467
f 464/570/467 488/2040/1434 613/2043/1436
f 681/1580/1165 626/2524/1435 517/2039/1433
f 612/2365/1442 573/2525/1649 625/2363/1272
f 558/2526/1650 573/2525/1649 612/2365/1442
f 555/1577/1162 613/2043/1436 670/1578/1163
f 541/1581/1166 571/2527/968 672/2528/967
f 613/2043/1436 626/2042/1435 702/1582/1167
f 702/1582/1167 670/1578/1163 613/2043/1436
f 702/1582/1167 626/2042/1435 681/1583/1165
f 798/2069/1453 699/2529/1651 739/2070/1454
f 697/2530/1652 653/2531/1653 704/2532/1654
f 798/2069/1453 753/2074/1458 697/2530/1652
f 753/2074/1458 653/2531/1653 697/2530/1652
f 753/2074/1458 663/1880/1352 653/2531/1653
f 719/2533/1655 643/2534/1656 658/2535/1657
f 699/2529/1651 719/2533/1655 739/2070/1454
f 739/2070/1454 719/2533/1655 760/2071/1455
f 760/2071/1455 719/2533/1655 802/2536/1658
f 760/2071/1455 802/2536/1658 861/2072/1456
f 753/2074/1458 798/2069/1453 760/2071/1455
f 663/1880/1352 753/2074/1458 668/68/56
f 802/2536/1658 719/2533/1655 658/2535/1657
f 795/2537/1659 802/2536/1658 658/2535/1657
f 861/2072/1456 802/2536/1658 795/2537/1659
f 809/2538/1660 915/2539/1661 716/2540/965
f 813/2541/1662 716/2540/965 915/2539/1661
f 741/2542/1156 716/2543/965 813/2544/1662
f 819/2545/1663 800/1238/964 701/1240/966
f 800/1238/964 819/2545/1663 810/2546/1664
f 701/2547/966 741/2548/1156 940/2549/1462
f 834/2550/1085 741/2542/1156 813/2544/1662
f 940/2551/1462 741/2542/1156 834/2550/1085
f 819/2552/1663 701/2553/966 940/2554/1462
f 838/2555/92 846/2556/1665 758/2557/1157
f 758/2557/1157 846/2556/1665 656/2558/1158
f 682/2559/93 838/2555/92 758/2557/1157
f 706/2560/1063 656/2558/1158 846/2556/1665
f 888/2561/97 752/2562/98 706/2563/1063
f 1133/2105/1471 1040/2564/1359 956/2565/1360
f 1157/384/315 1117/383/314 1046/1595/1177
f 1046/1595/1177 1047/1597/1179 1157/384/315
f 1169/390/320 1157/384/315 1047/1597/1179
f 1169/2566/320 1047/1602/1179 1090/1604/1181
f 1169/390/320 1053/1605/1182 1180/391/319
f 1180/391/319 1053/1605/1182 991/1607/1184
f 1090/2567/1181 1103/2568/1523 1169/2569/320
f 1169/2570/320 1103/2571/1523 1053/2572/1182
f 991/1607/1184 1111/2573/1666 1180/391/319
f 1180/2574/319 1111/2575/1666 1206/2576/322
f 1259/2577/323 1206/2578/322 1111/2579/1666
f 1259/404/323 1111/2580/1666 966/405/326
f 1249/392/321 1206/396/322 1127/2581/1667
f 1207/403/324 1119/2582/1668 1206/2583/322
f 1206/2584/322 1119/2585/1668 1127/2586/1667
f 1207/403/324 1129/402/118 1119/2582/1668
f 1127/2581/1667 958/1612/1187 1249/392/321
f 1249/392/321 958/1612/1187 1184/140/112
f 1208/2587/916 1050/2588/1669 1241/2589/917
f 1241/1180/917 1051/2590/1670 1324/2446/1608
f 1050/2591/1669 1051/2590/1670 1241/1180/917
f 1054/2592/1671 1208/1179/916 1251/1181/918
f 986/2593/1672 1054/2592/1671 1251/1181/918
f 976/2109/1473 1134/2594/1673 1160/1184/921
f 1020/2595/124 1237/2596/1674 1333/2597/1675
f 1237/2598/1674 1178/1177/914 1252/1779/1291
f 1178/1177/914 1011/2599/1676 1319/1780/1292
f 1091/2600/1461 1253/1187/924 1347/1186/923
f 1271/896/165 1091/2600/1461 1347/1186/923
f 1122/882/696 1269/884/698 1345/2601/1538
f 1337/450/363 1246/2602/1677 1379/662/535
f 1233/387/318 1308/386/317 1422/2603/1678
f 1372/2604/1679 1422/2603/1678 1308/386/317
f 1450/1935/1378 1488/465/378 1349/1658/1211
f 1492/457/370 1349/1658/1211 1488/465/378
f 1395/456/369 1349/1658/1211 1492/457/370
f 1599/474/387 1597/466/379 1657/472/385
f 1606/1683/1232 1603/475/388 1701/2605/1680
f 1701/2605/1680 1621/2606/1681 1606/1683/1232
f 1481/458/371 1621/2606/1681 1648/2607/1682
f 1551/459/372 1481/458/371 1648/2607/1682
f 195/2608/1683 250/1066/834 335/311/257
f 335/311/257 135/2484/1630 195/2608/1683
f 136/1565/1151 135/2484/1630 314/48/40
f 268/2609/1684 181/2610/1641 149/2611/1635
f 315/2612/1685 158/2613/1639 163/2614/1640
f 316/2615/1686 315/2612/1685 163/2614/1640
f 171/2616/1572 315/2612/1685 316/2615/1686
f 382/2617/822 321/2521/1576 359/2520/823
f 321/2521/1576 382/2617/822 387/2618/825
f 310/2619/827 321/2521/1576 387/2618/825
f 411/1382/1042 412/2620/626 374/1059/248
f 427/2621/1687 339/37/29 469/2622/634
f 339/37/29 386/39/31 470/2623/635
f 393/2624/1688 394/2625/1689 447/315/261
f 632/840/658 465/578/474 505/2626/956
f 731/2056/1443 744/83/68 754/2627/1690
f 673/2628/1445 731/2056/1443 754/2627/1690
f 754/2627/1690 776/89/73 692/2629/1691
f 694/2630/1692 776/89/73 746/2361/489
f 694/2630/1692 692/2629/1691 776/89/73
f 715/2631/1693 694/2630/1692 746/2361/489
f 673/2628/1445 754/2627/1690 692/2629/1691
f 708/2632/1694 692/2629/1691 715/2631/1693
f 789/2633/909 715/2631/1693 746/2361/489
f 781/2634/665 708/2632/1694 715/2631/1693
f 781/2635/665 715/2636/1693 789/1166/909
f 833/2637/487 869/2638/1070 806/1430/488
f 806/1430/488 869/2638/1070 892/1432/1072
f 823/2639/1695 892/1432/1072 869/2638/1070
f 869/2638/1070 901/2640/1073 823/2639/1695
f 1052/1431/1071 892/1432/1072 837/2641/1075
f 892/1432/1072 823/2639/1695 837/2641/1075
f 874/1438/1076 837/1436/1075 730/2364/1271
f 848/2642/1269 823/2639/1695 901/2640/1073
f 901/2643/1073 850/2644/1696 848/2645/1269
f 899/2646/1697 730/2647/1271 850/2648/1696
f 899/2649/1697 874/2650/1076 730/2651/1271
f 850/2648/1696 901/2652/1073 918/2653/1078
f 899/2646/1697 850/2648/1696 918/2653/1078
f 804/2654/490 1052/2655/1071 1079/2656/348
f 891/596/101 804/598/490 1079/433/348
f 1079/2657/348 1052/2658/1071 1059/2659/1074
f 1033/1443/1079 1061/1440/1077 1199/1625/986
f 1062/1444/1080 1024/361/296 1147/2660/1698
f 1024/361/296 1126/1626/1190 1147/2660/1698
f 1147/2660/1698 1140/1901/1362 1062/1444/1080
f 1147/2660/1698 1126/1626/1190 1092/1628/1192
f 1092/1628/1192 1140/1901/1362 1147/2660/1698
f 1085/2661/1598 1222/1630/1194 1144/1627/1191
f 1065/2662/1699 1062/1444/1080 1140/1901/1362
f 1083/1632/1196 1114/1907/1365 1065/2663/1699
f 1083/1902/1196 1065/2662/1699 1140/1901/1362
f 1220/1462/1089 1210/423/338 1158/2664/1700
f 1166/2665/1701 1082/2666/1092 1158/2667/1700
f 1082/1467/1092 1220/1462/1089 1158/2664/1700
f 1234/2668/525 1082/2669/1092 1087/2670/1702
f 1186/2671/1703 1082/2672/1092 1166/2673/1701
f 1142/2674/1704 1082/2675/1092 1186/2676/1703
f 1186/2677/1703 1078/642/518 1142/2678/1704
f 1229/2679/524 1121/1463/1090 1234/1466/525
f 1236/649/523 1158/2667/1700 1210/647/338
f 1292/2680/1705 1166/2665/1701 1158/2667/1700
f 1189/2681/1706 1304/418/334 1107/2682/506
f 1246/2602/1677 1117/383/314 1375/385/316
f 1266/2683/145 1341/2684/151 1234/2685/525
f 1186/2686/1703 1316/2687/1707 1344/2688/1708
f 1392/2689/1709 1394/2690/1710 1247/1777/1289
f 1417/2691/1711 1381/1654/1208 1359/1496/1112
f 1367/2224/1535 1417/2691/1711 1359/1496/1112
f 1412/2692/1712 1287/2221/1532 1433/2693/1713
f 1421/2694/1714 1433/2695/1713 1287/2696/1532
f 1421/2697/1714 1332/2222/1533 1436/2698/1715
f 1332/2222/1533 1351/2433/1601 1436/2698/1715
f 1351/2433/1601 1386/2699/1370 1429/2700/1369
f 1482/907/715 1383/445/358 1453/447/360
f 1441/654/527 1383/445/358 1482/907/715
f 1495/911/719 1503/912/720 1418/657/530
f 1466/915/723 1418/657/530 1505/913/721
f 1507/918/725 1463/2701/1493 1511/2702/726
f 1467/917/724 1463/2701/1493 1507/918/725
f 1585/2703/1716 1529/2704/1717 1662/2705/1718
f 1662/2706/1718 1529/2707/1717 1636/2708/1719
f 1642/2709/1720 1636/2710/1719 1535/2711/1721
f 1642/2712/1720 1535/2713/1721 1645/2714/1722
f 1645/2714/1722 1558/2715/1723 1610/2716/1724
f 1669/2717/1725 1564/2718/170 1638/2719/729
f 1564/214/170 1669/2720/1725 1611/2721/1726
f 1610/2722/1724 1516/211/169 1611/2723/1726
f 1671/921/728 1600/923/730 1731/2724/732
f 1544/222/176 1639/221/175 1602/925/731
f 1639/221/175 1731/2725/732 1577/924/543
f 1542/227/181 1674/242/194 1552/1940/1383
f 1675/245/193 1552/1940/1383 1674/242/194
f 1761/482/395 1733/483/396 1603/475/388
f 1701/2605/1680 1603/475/388 1733/483/396
f 1707/485/398 1701/2605/1680 1733/483/396
f 1713/2726/1727 1748/478/391 1752/2468/1622
f 1707/485/398 1760/486/399 1704/1521/1128
f 1716/929/733 1627/468/381 1686/1684/1233
f 1754/1686/1235 1716/929/733 1686/1684/1233
f 1839/2727/1728 1775/1308/1004 1779/2728/1729
f 1780/1307/1003 1830/1306/1002 1932/2729/1553
f 1830/1306/1002 1844/2730/1554 1932/2729/1553
f 1779/2728/1729 1932/2729/1553 1874/2731/1730
f 1849/1198/932 1736/1199/933 1880/2732/1338
f 1880/2732/1338 1736/1199/933 1819/1829/1331
f 1736/1199/933 1762/1826/1328 1819/1829/1331
f 1944/1325/1013 1969/1330/1017 1985/1341/1022
f 1985/1341/1022 1969/1330/1017 1987/2733/1731
f 1954/1342/1023 1985/1341/1022 1987/2733/1731
f 1954/1342/1023 1987/2733/1731 1965/1343/1024
f 7/2734/1732 82/2735/1638 10/524/427
f 17/525/428 10/524/427 82/2735/1638
f 168/2736/616 153/2737/1733 322/780/620
f 322/780/620 297/782/615 168/2736/616
f 305/2006/623 170/2738/1408 110/2004/1416
f 305/2006/623 311/2739/622 170/2738/1408
f 311/2740/622 188/2741/621 92/2742/1566
f 92/2742/1566 93/2743/1407 311/2740/622
f 273/1991/1410 350/2744/1734 117/1992/1411
f 279/1998/1413 280/1997/788 324/2745/481
f 280/2002/788 291/2003/1415 361/1202/936
f 428/566/463 413/1397/1053 352/563/460
f 319/2746/1052 426/1403/1058 354/1402/1057
f 419/2747/1735 388/2748/1736 389/2749/1737
f 350/2750/1734 388/2748/1736 419/2747/1735
f 467/581/476 381/305/251 483/1875/475
f 465/795/474 400/304/250 505/1228/956
f 450/569/466 463/796/468 526/2751/1266
f 615/2752/1738 561/2753/263 553/2754/265
f 615/2752/1738 618/2755/1739 561/2753/263
f 593/2756/266 561/2757/263 618/2758/1739
f 616/2759/1740 593/2756/266 618/2758/1739
f 448/1404/656 600/827/651 636/829/653
f 581/812/639 638/818/643 511/1408/1059
f 654/823/648 557/2760/847 504/2761/267
f 654/2762/648 504/321/267 644/323/269
f 644/323/269 535/1086/848 536/1085/273
f 644/323/269 536/1085/273 648/2763/649
f 757/1423/1066 700/1232/960 564/1231/959
f 650/1233/961 757/1423/1066 564/1231/959
f 409/1217/947 640/1235/963 879/2764/1741
f 882/2765/1742 820/2766/1067 685/2767/1743
f 820/2766/1067 713/2768/655 617/2769/1744
f 638/2770/643 724/1877/1350 623/2771/1349
f 909/1170/663 910/2772/1745 920/1173/911
f 1042/2773/1746 821/2774/287 913/2775/286
f 994/621/504 960/419/335 841/1127/881
f 747/2204/882 994/622/504 841/2776/881
f 1071/1590/1173 994/622/504 747/2204/882
f 1071/1590/1173 747/2204/882 996/2203/1525
f 996/2203/1525 984/1591/1174 1071/1590/1173
f 1046/2777/1177 1117/2778/314 866/2779/510
f 1103/2194/1523 1057/1610/1185 1053/1609/1182
f 1103/2194/1523 904/2197/1516 1057/1610/1185
f 991/1607/1184 1006/2199/1524 1111/2573/1666
f 1111/2573/1666 1006/2199/1524 966/2201/326
f 1119/2780/1668 1057/1610/1185 904/2197/1516
f 916/2185/1519 1057/1610/1185 1119/2780/1668
f 904/2197/1516 843/2781/1517 1119/2780/1668
f 1127/2782/1667 1119/2780/1668 843/2781/1517
f 1129/2783/118 916/2185/1519 1119/2780/1668
f 925/2190/1522 916/2188/1519 1129/2784/118
f 897/2785/1747 1127/2786/1667 843/2787/1517
f 1127/2786/1667 897/2785/1747 958/2788/1187
f 1129/2789/118 854/2790/1189 925/2791/1522
f 1107/2682/506 1304/418/334 1168/417/333
f 1189/2681/1706 1031/628/507 1246/2602/1677
f 1201/155/121 1020/2595/124 1333/2597/1675
f 1242/2438/1605 1187/2792/117 1306/2439/1603
f 1329/2793/147 1363/2794/149 1307/2795/1748
f 1364/2796/148 1329/2797/147 1276/2798/1749
f 1364/2796/148 1276/2798/1749 1190/2799/306
f 1335/1916/342 1173/1644/1203 1310/1643/349
f 1352/2800/1750 1298/2119/1479 1371/2801/1751
f 1301/2802/1752 1298/2119/1479 1352/2800/1750
f 1288/1785/1294 1231/2803/130 1366/1502/1118
f 1231/164/130 1110/169/133 1377/1294/990
f 1377/1294/990 1366/2804/1118 1231/164/130
f 1270/171/135 1377/1294/990 1110/169/133
f 1411/1501/1117 1289/648/336 1288/1785/1294
f 1272/172/136 1286/176/140 1439/441/354
f 1473/1293/989 1439/441/354 1420/443/356
f 1486/1674/1223 1470/1673/1222 1336/442/355
f 1491/1677/1226 1582/1676/1225 1401/444/357
f 1401/444/357 1440/1681/1230 1491/1677/1226
f 1502/1682/1231 1491/1677/1226 1440/1681/1230
f 1504/668/541 1469/2805/1753 1515/669/540
f 1545/2806/1754 1556/2807/1755 1476/2808/1756
f 1547/2809/1757 1545/2806/1754 1476/2808/1756
f 1556/2810/1755 1429/1926/1369 1414/1925/1368
f 1556/2810/1755 1414/1925/1368 1476/2811/1756
f 1558/2715/1723 1535/2713/1721 1460/2812/1758
f 1536/2813/1759 1460/2814/1758 1464/2815/1760
f 1536/2813/1759 1558/2816/1723 1460/2814/1758
f 1480/1789/1297 1551/459/372 1584/1790/1298
f 1559/1788/1296 1589/2817/1761 1489/2818/1762
f 1565/2819/1763 1489/2818/1762 1589/2817/1761
f 1666/692/555 1554/1671/1220 1723/693/556
f 1554/1671/1220 1699/2152/1500 1723/693/556
f 1699/2152/1500 1679/687/550 1723/693/556
f 1706/940/744 1756/2820/1764 1651/1796/1304
f 1651/1796/1304 1583/938/742 1706/940/744
f 1783/1316/1010 1737/2821/1313 1784/1317/1011
f 1783/1320/1010 1722/1812/1317 1737/1806/1313
f 1981/2822/1629 1800/2463/1617 1809/2823/1765
f 1809/2823/1765 1800/2463/1617 1806/2465/1619
f 1809/2823/1765 1806/2465/1619 1826/2824/1766
f 1981/2822/1629 1809/2823/1765 1982/2825/1767
f 1982/2825/1767 1809/2823/1765 1917/2826/1768
f 1826/2824/1766 1917/2826/1768 1809/2823/1765
f 1858/2827/1769 1857/2828/1770 1812/2829/1771
f 1861/2830/1772 1807/2831/1620 1854/2832/1628
f 1806/2833/1619 1807/2831/1620 1861/2830/1772
f 1857/2834/1770 1963/2835/1773 1812/2836/1771
f 1963/2837/1773 1875/2838/1774 1812/2839/1771
f 1875/2838/1774 1813/2840/1775 1812/2839/1771
f 1855/2841/1503 1813/2842/1775 1875/2843/1774
f 1891/2844/1776 1814/2845/1777 1817/2846/1778
f 1858/2827/1769 1812/2829/1771 1885/2847/1779
f 1885/2848/1779 1812/2839/1771 1814/2845/1777
f 1885/2848/1779 1814/2845/1777 1901/2849/1780
f 1891/2844/1776 1901/2849/1780 1814/2845/1777
f 1850/2850/1781 1916/2851/1782 1815/2852/1783
f 1916/2851/1782 1917/2826/1768 1815/2852/1783
f 1917/2826/1768 1929/2853/1784 1815/2852/1783
f 1871/2854/1785 1815/2852/1783 1820/2855/1786
f 1850/2850/1781 1815/2852/1783 1871/2854/1785
f 1866/2856/1787 1926/730/585 1878/2857/1788
f 1931/725/580 1926/730/585 1866/2856/1787
f 1990/733/588 1825/734/589 1906/2858/1789
f 1910/711/572 1990/733/588 1905/712/573
f 1905/712/573 1990/733/588 1906/2858/1789
f 1906/2858/1789 1825/734/589 1804/2859/1790
f 1825/734/589 1866/2856/1787 1804/2859/1790
f 1804/2859/1790 1866/2856/1787 1878/2857/1788
f 1803/958/762 1856/724/579 1905/712/573
f 1967/1693/1242 1941/490/403 1970/492/401
f 1972/976/775 1957/500/408 2033/1546/410
f 1978/1336/1020 1972/976/775 2033/1546/410
f 2026/511/414 1938/509/412 1950/514/417
f 1992/512/415 2026/511/414 2034/2860/1791
f 2034/2860/1791 2026/511/414 2007/515/418
f 266/2861/1792 47/2862/202 144/2863/1793
f 269/2864/1794 52/2865/206 266/2866/1792
f 144/2867/1793 199/2868/212 269/2869/1794
f 46/2870/205 199/2868/212 144/2867/1793
f 281/1028/809 164/1029/810 265/2871/1795
f 164/2872/810 38/2873/199 265/2874/1795
f 211/2875/1796 173/1030/210 352/563/460
f 321/2316/1576 179/2318/1574 318/2876/1575
f 204/2322/1580 330/2877/1401 323/2323/1579
f 371/2878/1797 296/1020/805 302/1022/807
f 343/2024/1427 371/2879/1797 302/2880/807
f 371/2881/1797 100/1024/808 296/1023/805
f 371/2881/1797 293/2882/1798 100/1024/808
f 371/2879/1797 404/2023/1426 293/2883/1798
f 367/2025/1428 293/2883/1798 404/2023/1426
f 318/2315/1575 233/1048/821 359/1051/823
f 326/1036/814 325/2884/813 397/568/465
f 312/1040/817 326/1036/814 391/575/471
f 404/2023/1426 371/2879/1797 343/2024/1427
f 409/1217/947 285/2009/1417 408/1234/962
f 285/2885/1417 245/2292/1569 408/1387/962
f 356/1219/949 285/2009/1417 409/1217/947
f 327/1388/1046 408/1387/962 245/2292/1569
f 373/1869/1050 286/2010/1418 356/1219/949
f 369/1392/1049 420/52/44 309/51/43
f 366/1100/860 401/2014/1421 425/1224/953
f 401/2015/1421 341/1395/1051 425/1225/953
f 402/2886/1799 346/2887/24 307/2888/25
f 431/567/464 326/1036/814 397/568/465
f 348/1065/833 384/1067/835 452/307/253
f 407/1698/1246 452/1697/253 384/1070/835
f 364/1071/837 436/1701/1249 459/1700/1248
f 452/307/253 494/309/255 348/1065/833
f 447/315/261 502/798/630 520/316/262
f 468/2889/631 473/809/636 528/2890/1586
f 514/801/632 468/800/631 528/2344/1586
f 531/2346/878 502/798/630 469/2622/634
f 531/1124/878 470/808/635 514/801/632
f 469/2622/634 470/2623/635 531/2346/878
f 473/809/636 460/811/638 533/2345/1587
f 536/327/273 498/1091/849 538/328/270
f 609/2050/1440 550/2891/1800 612/2052/1442
f 609/2050/1440 595/2049/1439 550/2891/1800
f 550/2892/1800 595/2047/1439 614/2053/1268
f 550/2893/1800 558/2526/1650 612/2365/1442
f 573/2894/1649 614/1728/1268 621/1730/1270
f 621/1730/1270 625/1732/1272 573/2894/1649
f 442/2895/1801 577/1734/1274 583/1733/1273
f 568/2896/1588 472/2897/1247 605/2898/892
f 565/1126/880 432/1092/852 562/1094/854
f 686/2899/889 568/2900/1588 605/2901/892
f 725/2902/894 722/2903/883 547/2904/1510
f 725/1147/894 547/2167/1510 602/2168/1511
f 734/1145/896 725/1147/894 602/2168/1511
f 734/2905/896 602/2170/1511 728/2062/1447
f 722/2903/883 605/2906/892 547/2904/1510
f 619/2063/1355 728/2062/1447 602/2170/1511
f 824/1886/1354 619/1888/1355 551/2064/1448
f 718/1134/886 738/2907/81 797/2908/1802
f 657/2909/1803 655/2910/80 763/2911/1283
f 797/2908/1802 655/2910/80 657/2909/1803
f 763/2911/1283 661/1416/1062 657/2909/1803
f 661/1416/1062 677/1415/1061 657/2909/1803
f 718/1134/886 797/2908/1802 775/1139/890
f 766/78/64 797/2908/1802 657/2909/1803
f 775/1139/890 797/2908/1802 766/78/64
f 763/1764/1283 778/77/63 661/2912/1062
f 693/76/62 661/2912/1062 778/77/63
f 766/78/64 657/2909/1803 677/1415/1061
f 703/79/65 766/78/64 677/1415/1061
f 806/593/488 804/598/490 737/594/74
f 746/597/489 737/594/74 804/598/490
f 837/2913/1075 823/2914/1695 710/2051/1441
f 755/2048/1437 710/2051/1441 823/2914/1695
f 730/2364/1271 837/1436/1075 710/2362/1441
f 823/2915/1695 848/2916/1269 755/2917/1437
f 850/2648/1696 730/2647/1271 848/2918/1269
f 868/2919/1356 803/2920/485 777/2921/57
f 873/591/486 778/77/63 827/2376/1593
f 831/84/69 873/591/486 923/1905/1364
f 950/2380/1596 1066/605/495 862/1252/973
f 952/369/301 862/1252/973 1066/605/495
f 900/847/667 954/367/300 952/369/301
f 954/366/300 895/2922/669 963/170/134
f 900/847/667 895/849/669 954/367/300
f 851/604/494 900/847/667 952/369/301
f 902/618/501 963/2923/134 895/849/669
f 982/2924/137 963/2923/134 902/618/501
f 993/2925/138 982/2924/137 902/618/501
f 993/2926/138 902/2927/501 912/2928/502
f 1002/2929/302 993/2925/138 912/619/502
f 1002/2929/302 912/619/502 947/620/503
f 947/620/503 1027/2930/1804 1002/2929/302
f 1002/370/302 1067/2931/493 1102/413/329
f 1102/2932/329 1067/602/493 1014/601/492
f 1067/602/493 1002/2929/302 1027/2930/1804
f 1045/2933/1805 1067/602/493 1027/2930/1804
f 1327/2934/1527 1321/2935/1528 1391/2936/1806
f 1328/2937/1531 1327/2934/1527 1391/2936/1806
f 1391/2936/1806 1321/2935/1528 1326/2938/1529
f 1391/2936/1806 1331/2939/1530 1328/2937/1531
f 1391/2936/1806 1326/2938/1529 1331/2939/1530
f 1332/2222/1533 1421/2697/1714 1287/2221/1532
f 1371/2801/1751 1409/454/367 1352/2800/1750
f 1410/453/366 1352/2800/1750 1409/454/367
f 1410/453/366 1301/2802/1752 1352/2800/1750
f 1483/659/532 1284/2120/1476 1301/2802/1752
f 1483/659/532 1299/658/531 1284/2120/1476
f 1440/1681/1230 1389/415/331 1441/654/527
f 1418/657/530 1356/646/522 1495/911/719
f 1356/646/522 1493/655/528 1495/911/719
f 1529/2940/1717 1414/2941/1368 1460/2812/1758
f 1529/2942/1717 1476/2943/1756 1414/2944/1368
f 1469/2945/1753 1431/2946/1807 1515/2947/540
f 1469/2948/1753 1504/2949/541 1408/2950/1209
f 1504/2949/541 1455/213/168 1408/2950/1209
f 1640/2951/1808 1655/2952/1809 1620/2953/1810
f 1655/2954/1809 1670/2955/1135 1620/2956/1810
f 1667/1304/1000 1636/2957/1719 1642/2958/1720
f 1678/2959/1811 1642/2960/1720 1645/2961/1722
f 1642/2962/1720 1669/2037/1725 1667/2963/1000
f 1642/2960/1720 1678/2959/1811 1669/2964/1725
f 1671/2965/728 1669/2966/1725 1638/2967/729
f 1611/2968/1726 1669/2964/1725 1678/2959/1811
f 1610/2969/1724 1678/2959/1811 1645/2961/1722
f 1678/2959/1811 1610/2969/1724 1611/2968/1726
f 1626/2970/1812 1589/2817/1761 1696/1523/1130
f 1593/228/182 1498/1939/1382 1672/1525/1132
f 1700/1533/1136 1670/1531/1135 1655/2971/1809
f 1633/920/727 1622/224/178 1688/226/180
f 1726/2972/1813 1691/2973/1814 1671/2974/728
f 1731/2975/732 1726/2972/1813 1671/2974/728
f 1753/937/741 1694/935/739 1665/934/738
f 1788/2240/1544 1770/239/191 1864/2976/774
f 2012/2977/1815 1864/974/774 1821/2978/1816
f 1797/2979/192 1847/2980/1817 1821/2978/1816
f 1821/2978/1816 1864/974/774 1797/2979/192
f 1864/2976/774 1770/239/191 1797/240/192
f 1771/2981/195 1877/955/759 1847/2980/1817
f 1771/2981/195 1847/2980/1817 1797/2979/192
f 1877/2982/759 1771/243/195 1742/1526/1133
f 1840/1823/1325 2021/2983/1818 1841/1824/1326
f 1872/1830/1332 1841/1824/1326 1819/2984/1331
f 1819/2984/1331 1867/1832/1330 1872/1830/1332
f 1912/1833/1334 1867/1832/1330 1894/1834/1333
f 2008/1843/1339 2019/1837/1337 1939/2985/1819
f 2019/1837/1337 2008/1843/1339 1880/1842/1338
f 2004/2241/1545 1939/2985/1819 2019/1837/1337
f 240/2986/1149 208/2987/794 242/2988/796
f 242/1002/796 253/1560/791 246/1556/792
f 193/1001/793 253/1560/791 242/1002/796
f 51/1008/798 333/1205/939 151/1006/790
f 238/2989/800 200/2990/801 183/2991/802
f 183/2991/802 186/2992/448 238/2989/800
f 206/296/242 349/787/625 234/1010/799
f 283/1381/1041 21/2993/592 136/1565/1151
f 283/1381/1041 159/2994/1820 21/2993/592
f 340/49/41 135/2484/1630 335/311/257
f 314/48/40 135/2484/1630 340/49/41
f 390/559/458 205/558/457 385/50/42
f 205/558/457 309/51/43 385/50/42
f 596/1737/1277 591/2995/1821 603/1738/1278
f 603/1738/1278 591/2995/1821 607/1740/1279
f 607/1740/1279 591/2995/1821 574/2996/1822
f 594/1741/1280 591/2997/1821 596/1742/1277
f 548/2998/1823 591/2997/1821 594/1741/1280
f 740/2999/1353 639/3000/873 805/3001/1514
f 805/3002/1514 639/1118/873 665/3003/1824
f 877/3004/1180 805/3002/1514 745/334/276
f 805/3002/1514 665/3003/1824 745/334/276
f 877/3004/1180 745/334/276 835/2181/1515
f 745/334/276 748/336/278 835/2181/1515
f 844/3005/1520 761/1736/1276 671/1739/280
f 847/2187/1521 844/2186/1520 853/3006/282
f 844/3005/1520 671/1739/280 853/3007/282
f 843/2183/1517 748/336/278 709/3008/279
f 843/2787/1517 709/3009/279 897/2785/1747
f 844/2189/1520 689/1744/1281 761/1743/1276
f 854/3010/1189 712/1748/283 689/1747/1281
f 854/3010/1189 946/3011/1825 712/1748/283
f 946/3012/1825 853/3013/282 712/3014/283
f 829/3015/1084 809/3016/1660 787/3017/1826
f 931/3018/1827 809/2538/1660 907/3019/1828
f 989/3020/1829 931/3018/1827 907/3019/1828
f 931/3018/1827 915/2539/1661 809/2538/1660
f 813/2544/1662 915/3021/1661 1028/3022/1086
f 903/3023/677 819/3024/1663 940/3025/1462
f 810/3026/1664 819/3024/1663 903/3023/677
f 926/117/90 942/3027/1465 838/115/92
f 943/2102/1468 846/3028/1665 942/2089/1465
f 846/3029/1665 838/115/92 942/3027/1465
f 870/3030/1460 846/3028/1665 943/2102/1468
f 706/2560/1063 846/2556/1665 870/3031/1460
f 1098/2108/1472 999/2078/1459 998/3032/1469
f 812/107/85 971/3033/697 777/2175/57
f 1005/1891/1357 1007/1892/91 1037/1894/1358
f 1040/1895/1359 1037/1894/1358 932/118/94
f 966/3034/326 969/3035/1830 1155/3036/327
f 1155/3036/327 969/3035/1830 911/3037/1831
f 911/3037/1831 1013/3038/123 1155/3036/327
f 1237/2598/1674 793/3039/1832 1178/1177/914
f 1020/3040/124 793/3039/1832 1237/2598/1674
f 793/3039/1832 832/1175/912 1178/1177/914
f 935/3041/913 1011/3042/1676 1178/3043/914
f 1227/136/109 1185/138/111 1332/2222/1533
f 1351/2433/1601 1151/143/114 1307/3044/1748
f 1185/138/111 1151/143/114 1351/2433/1601
f 1187/146/117 1201/155/121 1333/2597/1675
f 1350/2132/1488 1256/3045/1481 1317/2133/1480
f 1346/448/361 1337/450/363 1432/449/362
f 1337/450/363 1379/662/535 1437/451/364
f 1458/664/537 1379/662/535 1375/385/316
f 1375/385/316 1338/3046/1833 1458/664/537
f 1468/3047/1119 1467/917/724 1519/916/547
f 1514/3048/1213 1485/3049/1217 1451/3050/1214
f 1582/1676/1225 1699/2152/1500 1567/1675/1224
f 1561/1672/1221 1567/1675/1224 1699/2152/1500
f 1643/3051/1834 1574/1679/1228 1502/1682/1231
f 1575/1680/1229 1643/3051/1834 1502/1682/1231
f 1526/909/717 1484/910/718 1652/235/189
f 1652/235/189 1616/943/747 1526/909/717
f 1503/912/720 1526/909/717 1616/943/747
f 1653/930/734 1541/932/736 1546/3052/1835
f 1628/933/737 1653/930/734 1546/3052/1835
f 1550/3053/1836 1533/1936/1379 1665/934/738
f 1665/934/738 1628/933/737 1550/3053/1836
f 1665/934/738 1533/1936/1379 1562/1937/1380
f 1635/936/740 1665/934/738 1562/1937/1380
f 1664/3054/929 1684/1945/1387 1661/1947/1388
f 1661/1947/1388 1663/1948/1389 1646/2457/1614
f 1618/1196/930 1664/1195/929 1661/3055/1388
f 1618/1196/930 1661/3055/1388 1594/3056/1616
f 1679/687/550 1658/941/745 1768/689/552
f 1753/937/741 1637/3057/1837 1762/1826/1328
f 1762/1826/1328 1637/3057/1837 1739/1827/1329
f 1705/1795/1303 1459/1794/1302 1769/3058/1335
f 1459/3059/1302 1644/3060/1307 1769/3061/1335
f 1894/1831/1333 1705/1795/1303 1769/3058/1335
f 1894/1831/1333 1739/1827/1329 1692/1793/1301
f 1692/1793/1301 1705/1795/1303 1894/1831/1333
f 1644/3060/1307 1756/2820/1764 1912/3062/1334
f 1912/3062/1334 1769/3061/1335 1644/3060/1307
f 1859/1349/1015 1988/1348/1029 1827/3063/1621
f 1827/3063/1621 1988/1348/1029 2014/3064/1838
f 1827/3063/1621 2014/3064/1838 1833/3065/1623
f 1976/3066/1839 1988/1348/1029 1860/1326/1016
f 1954/1342/1023 1976/3066/1839 1860/1326/1016
f 1976/3066/1839 1954/1342/1023 2014/3064/1838
f 2014/3064/1838 1954/1342/1023 1850/2850/1781
f 2017/1345/1026 1954/1342/1023 1965/1343/1024
f 2017/1345/1026 1971/1347/1028 1850/2850/1781
f 1850/2850/1781 1954/1342/1023 2017/1345/1026
f 1988/1348/1029 1976/3066/1839 2014/3064/1838
f 2014/3064/1838 1850/2850/1781 2020/3067/1840
f 1915/3068/1841 1833/3065/1623 2014/3064/1838
f 2020/3067/1840 1915/3068/1841 2014/3064/1838
f 1871/2854/1785 2020/3067/1840 1850/2850/1781
f 2020/3067/1840 1871/2854/1785 1822/3069/1842
f 1822/3069/1842 1915/3068/1841 2020/3067/1840
f 1979/1337/1021 1896/2477/1627 1909/3070/1625
f 1896/2477/1627 1979/1337/1021 1918/3071/1626
f 1971/1347/1028 1909/3070/1625 1981/2822/1629
f 1909/3070/1625 1896/2477/1627 1981/2822/1629
f 187/753/606 279/1998/1413 353/2332/1584
f 324/2745/481 392/810/637 279/1998/1413
f 339/37/29 427/2621/1687 337/770/617
f 298/557/456 390/559/458 449/1210/942
f 422/1090/850 446/1089/851 423/554/454
f 456/1717/1260 431/567/464 450/569/466
f 477/3072/1843 431/3073/464 456/3074/1260
f 391/575/471 431/567/464 477/3075/1843
f 462/1726/1267 395/2028/478 480/3076/477
f 377/573/469 331/1047/820 488/2040/1434
f 517/2039/1433 380/1044/819 403/2030/1430
f 488/2040/1434 331/1047/820 517/2041/1433
f 471/576/472 391/575/471 477/3075/1843
f 444/574/470 471/576/472 507/3077/1844
f 522/3078/1261 450/3079/466 526/1725/1266
f 507/3080/1844 506/3081/1845 530/3082/1846
f 622/1722/1265 507/3077/1844 530/3083/1846
f 525/3084/1847 507/3077/1844 622/1722/1265
f 480/3076/477 534/1727/957 462/1726/1267
f 464/570/467 377/573/469 488/2040/1434
f 403/2334/1430 462/1726/1267 571/1244/968
f 541/1581/1166 403/2030/1430 571/2527/968
f 558/3085/1650 550/3086/1800 614/3087/1268
f 614/3087/1268 573/3088/1649 558/3085/1650
f 442/2895/1801 445/313/259 577/1734/1274
f 583/1733/1273 586/2059/1444 442/2895/1801
f 586/2059/1444 481/3089/1848 442/2895/1801
f 588/2061/1446 481/3089/1848 586/2059/1444
f 493/1080/844 481/3089/1848 588/2061/1446
f 532/1081/845 493/1080/844 588/2061/1446
f 588/2061/1446 549/2336/1585 532/1081/845
f 594/1741/1280 598/1745/1282 548/2998/1823
f 608/341/281 607/1746/1279 574/3090/1822
f 582/3091/1154 548/3092/1823 598/1749/1282
f 598/1749/1282 620/1750/1155 582/3091/1154
f 608/341/281 574/3090/1822 582/1568/1154
f 589/1115/871 509/3093/1849 584/1116/868
f 580/1105/864 485/1104/863 589/1115/871
f 514/801/632 528/2344/1586 597/1122/877
f 503/314/260 520/316/262 633/1159/906
f 633/1159/906 520/316/262 502/798/630
f 531/2346/878 633/1159/906 502/798/630
f 635/3094/1351 560/1724/1258 774/1588/1171
f 617/2769/1744 569/3095/1254 685/2767/1743
f 569/1707/1254 563/1709/1255 685/3096/1743
f 543/3097/654 542/3098/1850 617/2769/1744
f 713/831/655 543/830/654 617/3099/1744
f 544/1710/1256 623/2771/1349 724/1877/1350
f 563/3100/1255 545/3101/1259 791/3102/1851
f 769/73/59 771/2073/1457 736/3103/1852
f 810/3104/1664 785/3105/1853 800/3106/964
f 875/3107/89 785/3105/1853 810/3104/1664
f 825/2176/88 785/3105/1853 875/3107/89
f 768/2178/1513 785/3105/1853 825/2176/88
f 829/3015/1084 601/186/272 759/3108/1854
f 787/3017/1826 601/186/272 829/3015/1084
f 716/3109/965 787/3110/1826 809/3111/1660
f 847/2187/1521 853/3006/282 905/3112/1855
f 905/3112/1855 853/3006/282 946/3113/1825
f 905/3112/1855 946/3113/1825 911/3114/1831
f 911/3114/1831 946/3113/1825 928/3115/1856
f 832/1175/912 770/71/58 935/1176/913
f 938/3116/1857 935/3117/913 770/3118/58
f 803/590/485 938/3119/1857 770/71/58
f 938/3120/1857 868/2919/1356 887/3121/1858
f 868/2919/1356 881/853/673 887/3121/1858
f 868/2919/1356 938/3120/1857 803/2920/485
f 818/3122/1859 867/1574/661 1032/3123/1288
f 962/3124/1860 705/3125/1861 840/3126/1161
f 962/3124/1860 840/3126/1161 878/3127/1160
f 1080/3128/1862 962/3124/1860 878/3127/1160
f 859/3129/1164 896/3130/1863 986/2593/1672
f 1080/3131/1862 878/1575/1160 702/1582/1167
f 864/3132/1864 1080/3133/1862 702/3134/1167
f 986/2593/1672 976/2109/1473 859/3129/1164
f 922/3135/1865 705/3125/1861 962/3124/1860
f 924/3136/1169 922/3135/1865 1026/3137/1866
f 1026/3137/1866 965/3138/1867 924/3136/1169
f 906/131/104 924/3136/1169 965/3138/1867
f 906/131/104 965/3138/1867 1069/3139/1868
f 637/53/45 890/1245/969 1089/1469/1094
f 1018/3140/1869 930/1254/974 1089/1469/1094
f 1029/3141/1870 1034/3142/1871 1137/3143/1872
f 1034/3144/1871 1023/3145/499 1137/3146/1872
f 1077/2391/1091 1137/3147/1872 1023/2394/499
f 1172/1185/922 1019/134/107 1084/1182/919
f 1051/3148/1670 1101/3149/1873 1088/3150/1874
f 1208/1179/916 1131/3151/1875 1050/2591/1669
f 1208/1179/916 1054/2592/1671 1131/3151/1875
f 1343/1933/1376 1251/1181/918 1290/1178/915
f 1251/1181/918 1349/1658/1211 1230/1657/1210
f 1172/1185/922 1160/1184/921 1357/1489/1106
f 1345/2227/1538 1269/3152/698 1368/2228/1539
f 1277/3153/1876 1368/2228/1539 1269/3152/698
f 1368/2228/1539 1277/3153/1876 1196/3154/1877
f 1402/3155/1878 1374/1648/1206 1400/1650/1207
f 1407/3156/1879 1402/3157/1878 1400/3158/1207
f 1408/1655/1209 1407/3159/1879 1400/1651/1207
f 1390/3160/1880 1333/3161/1675 1252/3162/1291
f 1421/2697/1714 1436/2698/1715 1433/2693/1713
f 1457/3163/1881 1433/2693/1713 1436/2698/1715
f 1525/3164/1216 1557/3165/1882 1591/3166/1212
f 1591/1659/1212 1594/2460/1616 1514/1660/1213
f 1595/3167/1883 1588/3168/1884 1569/3169/995
f 1581/3170/1885 1530/1295/991 1485/1667/1217
f 1589/2817/1761 1703/1520/1127 1696/1523/1130
f 1672/1525/1132 1626/2970/1812 1696/1523/1130
f 1655/2971/1809 1691/3171/1814 1700/1533/1136
f 1700/3172/1136 1691/2973/1814 1726/2972/1813
f 1727/3173/1137 1726/3174/1813 1673/3175/177
f 1727/3176/1137 1673/223/177 1633/3177/727
f 1727/2239/1137 1633/920/727 1688/226/180
f 1726/2972/1813 1731/2975/732 1639/3178/175
f 1639/3178/175 1673/3179/177 1726/2972/1813
f 1676/480/393 1722/1812/1317 1741/481/394
f 1748/478/391 1695/479/392 1741/481/394
f 1824/3180/1886 1836/3181/1887 1853/3182/1888
f 2010/3183/1889 1828/3184/1890 1824/3185/1886
f 1853/3182/1888 2010/3186/1889 1824/3180/1886
f 2010/3186/1889 1853/3182/1888 2005/946/750
f 1853/3182/1888 2016/951/755 2005/946/750
f 1886/966/770 2016/951/755 1853/3182/1888
f 2016/951/755 1886/966/770 1996/952/756
f 1975/1963/1399 1897/3187/1891 2015/3188/1892
f 1908/3189/1893 1897/3187/1891 2011/3190/1894
f 2011/3190/1894 2010/3186/1889 1999/949/753
f 2011/3190/1894 1999/949/753 1908/3189/1893
f 1920/3191/1895 2028/3192/1896 1897/3187/1891
f 1921/3193/1897 1899/3194/1898 2028/3192/1896
f 2028/3192/1896 1922/956/760 1921/3193/1897
f 1922/956/760 2028/3192/1896 1920/3191/1895
f 1920/3191/1895 2003/950/754 1922/956/760
f 1999/949/753 2010/3186/1889 2005/946/750
f 1939/2985/1819 1942/3195/1556 1953/3196/1555
f 1953/3196/1555 1942/3195/1556 1913/3197/1558
f 1953/3196/1555 1913/3197/1558 1968/3198/1559
f 1968/3198/1559 1913/3197/1558 1956/699/562
f 1968/3198/1559 1956/699/562 1952/696/559
f 1952/696/559 1974/695/558 1968/3198/1559
f 119/535/438 124/3199/1899 3/3200/608
f 9/3201/1900 88/3202/1901 119/535/438
f 124/3203/1899 119/3204/438 88/3205/1901
f 197/3206/609 3/3200/608 124/3199/1899
f 130/2274/1563 124/3199/1899 88/3202/1901
f 130/2274/1563 88/3202/1901 42/2275/1564
f 108/3207/1902 197/3206/609 124/3199/1899
f 110/3208/1416 124/3199/1899 130/2274/1563
f 108/3207/1902 124/3199/1899 110/3208/1416
f 111/3209/1903 108/3207/1902 110/3208/1416
f 119/535/438 101/536/439 80/1364/1033
f 9/3201/1900 119/535/438 113/3210/611
f 119/535/438 80/1364/1033 113/3210/611
f 114/2264/1560 113/3210/611 80/1364/1033
f 114/2264/1560 80/1364/1033 81/1367/1034
f 12/2265/1561 81/1367/1034 129/3211/1904
f 12/2265/1561 129/3211/1904 229/3212/1905
f 229/3212/1905 2/251/201 12/2265/1561
f 121/250/200 12/2265/1561 2/251/201
f 388/3213/1736 220/1550/1145 389/3214/1737
f 251/1549/1144 220/1550/1145 388/3213/1736
f 220/3215/1145 336/276/226 389/3216/1737
f 273/1991/1410 251/1990/1144 388/3217/1736
f 306/3218/225 222/3219/1906 350/3220/1734
f 435/1226/954 341/1395/1051 393/2624/1688
f 394/2625/1689 337/770/617 427/2621/1687
f 468/800/631 386/799/31 372/3221/1907
f 447/315/261 475/3222/1908 393/2624/1688
f 719/3223/1655 604/1567/1153 643/3224/1656
f 557/1084/847 643/3224/1656 604/1567/1153
f 690/3225/1909 697/2530/1652 704/2532/1654
f 699/2529/1651 610/3226/1910 719/2533/1655
f 658/2535/1657 643/2534/1656 557/2760/847
f 617/2769/1744 685/2767/1743 820/2766/1067
f 685/3096/1743 563/1709/1255 882/3227/1742
f 724/1877/1350 759/3228/1854 601/1878/272
f 635/3094/1351 791/3102/1851 545/3101/1259
f 791/3102/1851 882/2765/1742 563/3100/1255
f 749/826/650 631/828/652 814/3229/1911
f 631/828/652 713/831/655 814/3229/1911
f 818/3122/1859 672/1243/967 867/1574/661
f 541/1581/1166 672/2528/967 818/3230/1859
f 541/3231/1166 818/3232/1859 896/3233/1863
f 859/3234/1164 541/3231/1166 896/3233/1863
f 878/1575/1160 670/1578/1163 702/1582/1167
f 859/3235/1164 864/3236/1864 702/3237/1167
f 790/1585/1168 922/3238/1865 924/1586/1169
f 906/131/104 774/3239/1171 924/3136/1169
f 906/3240/104 635/3094/1351 774/1588/1171
f 957/636/514 1003/3241/516 887/3121/1858
f 1011/3242/1676 938/3120/1857 1003/3241/516
f 957/636/514 887/3121/1858 964/3243/1912
f 1072/851/671 1001/850/670 964/3243/1912
f 887/3121/1858 1072/851/671 964/3243/1912
f 1072/851/671 887/3121/1858 881/853/673
f 1042/2773/1746 913/2775/286 1045/2933/1805
f 1230/1657/1210 986/2593/1672 1251/1181/918
f 1134/2594/1673 986/2593/1672 1230/1657/1210
f 1165/2116/691 1281/1287/985 1279/3244/689
f 1281/1287/985 1165/2116/691 1199/1288/986
f 1088/3245/1874 1199/1625/986 1235/3246/1478
f 1088/3245/1874 1324/2446/1608 1051/2590/1670
f 1303/425/340 1195/2210/345 1113/426/341
f 1079/433/348 1250/432/347 1358/431/346
f 1285/3247/980 1279/3248/689 1399/3249/350
f 1399/3250/350 1311/3251/352 1285/3252/980
f 1205/3253/984 1060/3254/982 1311/3255/352
f 1280/1914/710 1205/3256/984 1311/439/352
f 1280/3257/710 1279/3244/689 1281/1287/985
f 1297/2223/1534 1359/1496/1112 1197/381/312
f 1345/2227/1538 1355/2226/1537 1312/3258/1913
f 1275/891/703 1200/889/702 1355/3259/1537
f 1387/2140/1492 1297/2223/1534 1248/3260/694
f 1248/3260/694 1226/2230/1540 1387/2140/1492
f 1226/2230/1540 1302/2127/1486 1382/2126/1485
f 1372/2604/1679 1313/2427/1600 1412/2692/1712
f 1287/2221/1532 1412/2692/1712 1313/2427/1600
f 1416/3261/1914 1262/1493/1110 1261/1778/1290
f 1431/2946/1807 1381/1654/1208 1417/2691/1711
f 1448/198/158 1367/2224/1535 1380/2225/1536
f 1380/2225/1536 1387/2140/1492 1448/198/158
f 1394/2690/1710 1392/2689/1709 1489/2818/1762
f 1394/2690/1710 1497/3262/1915 1261/1778/1290
f 1417/2691/1711 1367/2224/1535 1474/3263/1916
f 1433/3264/1713 1457/3265/1881 1540/3266/1306
f 1501/1787/1295 1499/1938/1381 1542/227/181
f 1542/227/181 1552/1940/1383 1501/1787/1295
f 1496/681/161 1382/2126/1485 1553/230/184
f 1553/230/184 1385/204/162 1528/206/164
f 1382/2126/1485 1385/204/162 1553/230/184
f 1517/1786/166 1501/1787/1295 1552/1940/1383
f 1626/2970/1812 1497/3262/1915 1565/2819/1763
f 1498/1939/1382 1497/3262/1915 1626/2970/1812
f 1633/920/727 1515/2947/540 1474/3263/1916
f 1544/222/176 1515/667/540 1633/3177/727
f 1474/3263/1916 1508/680/544 1633/920/727
f 1638/2719/729 1564/2718/170 1566/3267/542
f 1600/923/730 1638/922/729 1566/3268/542
f 1602/925/731 1576/666/539 1544/222/176
f 1600/926/730 1566/3269/542 1577/927/543
f 1577/678/543 1576/677/539 1602/3270/731
f 1546/3052/1835 1550/3053/1836 1628/933/737
f 1563/3271/1917 1556/2810/1755 1649/3272/1918
f 1556/2810/1755 1631/3273/1919 1649/3272/1918
f 1660/3274/1920 1640/3275/1808 1641/3276/1921
f 1641/3277/1921 1620/3278/1810 1668/3279/1922
f 1668/3279/1922 1620/3278/1810 1670/3280/1135
f 1643/3051/1834 1689/931/735 1658/941/745
f 1724/945/749 1579/3281/1923 1616/943/747
f 1630/1950/1391 1579/3281/1923 1724/945/749
f 1692/1793/1301 1739/1827/1329 1598/1791/1299
f 1782/3282/1924 1893/2250/567 1777/2251/1552
f 138/3283/1925 141/3284/1926 142/3285/1573
f 143/3286/830 141/3284/1926 209/3287/1927
f 142/3285/1573 141/3284/1926 143/3286/830
f 179/2318/1574 14/3288/1928 13/3289/446
f 203/3290/1581 33/2320/1578 36/3291/1929
f 44/1372/1037 33/3292/1578 103/3293/1402
f 36/3294/1929 50/3295/1930 203/3296/1581
f 203/3296/1581 50/3295/1930 204/3297/1580
f 216/3298/1582 53/3299/603 194/3300/1577
f 194/3301/1577 50/3302/1930 14/3303/1928
f 50/3304/1930 194/3305/1577 53/3306/603
f 204/3297/1580 50/3295/1930 61/3307/1931
f 61/3308/1931 218/2330/1583 204/2329/1580
f 218/2330/1583 4/3309/778 330/2331/1401
f 218/2330/1583 61/3308/1931 4/3309/778
f 191/1980/815 312/3310/817 59/982/781
f 145/1018/803 104/1968/777 223/1019/804
f 152/1021/806 223/1019/804 104/1968/777
f 293/2882/1798 229/3311/1905 100/1024/808
f 293/2882/1798 2/3312/201 229/3311/1905
f 256/3313/1932 134/1375/1039 3/757/608
f 256/3313/1932 3/757/608 252/759/610
f 88/3314/1901 150/774/618 308/773/619
f 308/773/619 258/3315/35 88/3314/1901
f 322/3316/620 88/3314/1901 258/3315/35
f 153/3317/1733 88/3314/1901 322/3316/620
f 433/1401/1056 507/3077/1844 525/3084/1847
f 525/3084/1847 501/1723/1257 433/1401/1056
f 664/3318/1159 553/3319/265 599/3320/1933
f 599/3321/1933 566/3322/1934 743/121/95
f 743/1418/95 566/3323/1934 706/1419/1063
f 616/2759/1740 706/1419/1063 566/3323/1934
f 676/3324/1935 666/74/60 675/3325/1936
f 682/3326/93 664/3318/1159 599/3320/1933
f 682/120/93 599/3321/1933 743/121/95
f 883/353/289 734/2905/896 728/2062/1447
f 883/353/289 728/2062/1447 817/354/290
f 948/355/288 817/3327/290 824/3328/1354
f 807/356/291 948/355/288 824/3328/1354
f 791/3329/1851 880/130/103 882/3330/1742
f 975/132/105 906/131/104 1069/3139/1868
f 906/3240/104 880/3331/103 791/3102/1851
f 882/3330/1742 880/130/103 820/1425/1067
f 814/3332/1911 880/130/103 1143/129/102
f 713/1424/655 880/130/103 814/3332/1911
f 919/3333/1937 749/826/650 1143/3334/102
f 749/826/650 814/3229/1911 1143/3334/102
f 975/132/105 1069/3139/1868 1019/3335/107
f 919/3336/1937 975/132/105 1019/3335/107
f 1143/129/102 975/132/105 919/3336/1937
f 919/3336/1937 1019/3335/107 1035/3337/106
f 1035/3337/106 921/3338/303 919/3336/1937
f 1049/863/681 983/862/680 759/3339/1854
f 680/3340/644 698/3341/645 944/864/682
f 944/864/682 1049/863/681 680/3340/644
f 941/3342/305 959/3343/684 944/864/682
f 1004/865/683 944/864/682 959/3343/684
f 1056/2205/1526 984/1591/1174 996/2203/1525
f 974/626/508 955/627/509 972/3344/1938
f 972/3344/1938 992/3345/1939 974/626/508
f 1164/1446/695 1239/3346/313 1136/870/311
f 1146/3347/688 1095/3348/1082 1182/887/701
f 1122/882/696 881/1453/673 971/883/697
f 1182/887/701 1123/886/700 1146/3347/688
f 1200/889/702 1017/861/675 1123/890/700
f 953/859/679 1017/861/675 1200/889/702
f 1221/3349/1940 981/2090/1466 953/3350/679
f 953/3351/679 1198/3352/704 1221/3353/1940
f 1108/3354/705 1164/1446/695 1074/856/676
f 1153/3355/1109 987/3356/1941 1021/3357/686
f 1368/3358/1539 1196/3359/1877 1275/3360/703
f 1397/3361/1489 1317/2121/1480 1318/2125/1484
f 1418/657/530 1466/915/723 1309/656/529
f 1427/3362/1495 1309/656/529 1466/915/723
f 1428/3363/1113 1461/1668/1115 1494/1297/993
f 1465/1669/1218 1428/3363/1113 1494/1297/993
f 1465/1669/1218 1500/1296/992 1413/1500/1116
f 1471/1189/926 1413/1500/1116 1500/1296/992
f 1471/1189/926 1513/452/365 1409/454/367
f 1481/458/371 1370/455/368 1492/457/370
f 1442/660/533 1518/476/389 1444/1928/1371
f 1459/3059/1302 1422/2603/1678 1555/3364/1308
f 1422/2603/1678 1412/2692/1712 1555/3364/1308
f 1555/3364/1308 1412/2692/1712 1540/1798/1306
f 1635/936/740 1509/663/536 1637/3057/1837
f 1509/663/536 1598/1791/1299 1637/3057/1837
f 1459/3059/1302 1555/3364/1308 1644/3060/1307
f 1693/1797/1305 1555/3364/1308 1540/1798/1306
f 1702/1954/1309 1709/1808/1311 1632/1956/1392
f 1709/1808/1311 1617/3365/1942 1632/1956/1392
f 1708/1805/1312 1712/1814/1319 1709/1804/1311
f 1712/1814/1319 1718/1809/1315 1709/1804/1311
f 1709/1808/1311 1683/1807/1314 1617/3365/1942
f 1720/3366/1318 1687/3367/1943 1683/3368/1314
f 1677/3369/1944 1687/3367/1943 1720/3366/1318
f 1720/3370/1318 1722/3371/1317 1601/3372/1125
f 1722/1812/1317 1676/480/393 1601/1518/1125
f 1780/1307/1003 1779/2728/1729 1775/1308/1004
f 1932/2729/1553 1779/2728/1729 1780/1307/1003
f 1736/1199/933 1753/937/741 1762/1826/1328
f 1822/3373/1842 1789/1685/1234 1754/1686/1235
f 1855/2841/1503 1817/3374/1778 1813/2842/1775
f 1863/3375/1945 1952/696/559 1808/1689/1238
f 1952/3376/559 1790/3377/1236 1808/3378/1238
f 1955/3379/1400 1891/3380/1776 1817/3381/1778
f 1961/1962/1398 1863/3375/1945 1935/3382/1946
f 1863/3375/1945 1808/1689/1238 1935/3382/1946
f 1935/3382/1946 1808/1689/1238 1792/1688/1237
f 1935/3382/1946 1792/1688/1237 1828/3383/1890
f 1824/3185/1886 1792/3384/1237 1888/3385/565
f 2027/3386/575 1902/3387/577 1776/3388/1321
f 1776/3388/1321 1786/3389/1323 1836/3390/1887
f 1836/3390/1887 2027/3386/575 1776/3388/1321
f 1855/2156/1503 1949/694/557 1817/2846/1778
f 1949/694/557 1952/696/559 1863/3375/1945
f 1955/3379/1400 1817/3381/1778 1949/3391/557
f 1949/3392/557 1863/3393/1945 1955/3394/1400
f 1961/1962/1398 1955/1964/1400 1863/3375/1945
f 1891/3380/1776 1955/3379/1400 1975/3395/1399
f 2011/3190/1894 1961/1962/1398 1935/3382/1946
f 1975/1963/1399 1961/1962/1398 1897/3187/1891
f 2011/3190/1894 1897/3187/1891 1961/1962/1398
f 1935/3382/1946 1828/3383/1890 2010/3186/1889
f 2010/3186/1889 2011/3190/1894 1935/3382/1946
f 1888/702/565 2027/716/575 1824/3180/1886
f 1836/3181/1887 1824/3180/1886 2027/716/575
f 42/3396/1564 153/2737/1733 168/2736/616
f 208/1003/794 111/3209/1903 170/3397/1408
f 208/1003/794 170/3397/1408 93/2279/1407
f 84/3398/1406 92/2742/1566 188/2741/621
f 105/2268/1562 126/258/208 106/2281/1567
f 251/1990/1144 107/1989/1409 83/3399/215
f 15/1000/795 118/3400/1568 193/998/793
f 200/1012/801 193/998/793 118/3400/1568
f 118/3400/1568 57/1013/218 200/1012/801
f 222/3219/1906 99/3401/219 117/3402/1411
f 235/3403/1414 139/990/789 228/3404/1412
f 280/989/788 228/3404/1412 139/990/789
f 235/3405/1414 111/3406/1903 240/2986/1149
f 240/2986/1149 111/3406/1903 208/2987/794
f 189/3407/1404 178/3408/1403 277/3409/831
f 66/1978/785 376/2027/1429 212/3410/818
f 304/3411/1947 263/3412/1948 174/3413/594
f 230/3414/1949 263/3412/1948 304/3411/1947
f 232/1052/596 58/3415/599 301/1053/824
f 304/3411/1947 174/3413/594 255/3416/1950
f 237/3417/1951 304/3411/1947 255/3416/1950
f 387/1383/825 58/3415/599 289/3418/826
f 387/1383/825 301/1053/824 58/3415/599
f 289/1056/826 216/2326/1582 310/1057/827
f 265/2874/1795 293/3419/1798 367/3420/1428
f 367/2025/1428 360/2022/1425 265/3421/1795
f 360/3422/1425 281/1028/809 265/2871/1795
f 434/564/461 352/563/460 173/1030/210
f 413/1397/1053 211/2875/1796 352/563/460
f 275/283/233 319/2746/1052 354/1402/1057
f 341/1395/1051 256/3313/1932 393/2624/1688
f 393/2624/1688 256/3313/1932 394/2625/1689
f 337/770/617 394/2625/1689 256/3313/1932
f 258/43/35 308/3423/619 351/40/32
f 202/3424/30 372/3221/1907 386/799/31
f 388/3217/1736 350/2744/1734 273/1991/1410
f 306/3218/225 350/3220/1734 419/3425/1735
f 419/3426/1735 389/3216/1737 336/276/226
f 419/3426/1735 336/276/226 306/275/225
f 410/588/483 474/1077/841 510/589/484
f 474/1077/841 479/1079/843 604/1567/1153
f 566/3427/1934 554/318/264 593/320/266
f 553/3319/265 554/3428/264 599/3320/1933
f 554/3429/264 566/3322/1934 599/3321/1933
f 566/3323/1934 593/2756/266 616/2759/1740
f 691/1421/1064 551/2064/1448 552/3430/1952
f 552/3430/1952 524/1230/958 691/1421/1064
f 691/1421/1064 524/1230/958 700/1232/960
f 537/2166/1509 409/1217/947 879/2764/1741
f 879/2764/1741 720/347/285 537/2166/1509
f 516/1222/859 537/2166/1509 720/347/285
f 764/346/284 516/1222/859 720/347/285
f 650/1233/961 579/1098/858 764/350/284
f 729/3431/872 539/1102/862 580/2044/864
f 777/2175/57 668/3432/56 674/3433/1953
f 676/3324/1935 674/3434/1953 666/74/60
f 777/2175/57 674/3433/1953 765/108/86
f 674/3433/1953 676/3435/1935 765/108/86
f 768/3436/1513 676/3324/1935 675/3325/1936
f 765/2177/86 676/3437/1935 768/2178/1513
f 682/3326/93 758/3438/1157 664/3318/1159
f 638/2770/643 1049/3439/681 724/1877/1350
f 1049/3439/681 759/3228/1854 724/1877/1350
f 906/3240/104 791/3102/1851 635/3094/1351
f 921/3338/303 749/3440/650 919/3336/1937
f 921/3338/303 636/3441/653 749/3440/650
f 1049/863/681 638/3442/643 680/3340/644
f 921/371/303 941/373/305 636/833/653
f 642/821/646 636/833/653 941/373/305
f 642/3443/646 944/864/682 698/3341/645
f 944/3444/682 642/821/646 941/373/305
f 969/3035/1830 966/3034/326 847/3445/1521
f 969/3035/1830 847/3445/1521 905/3446/1855
f 911/3037/1831 969/3035/1830 905/3446/1855
f 911/3447/1831 928/3448/1856 1013/3449/123
f 928/3450/1856 773/3451/1954 1013/3452/123
f 773/3451/1954 793/3039/1832 1020/3040/124
f 1020/3040/124 1013/3452/123 773/3451/1954
f 1011/3453/1676 935/3454/913 938/3455/1857
f 1175/899/708 998/3032/1469 1100/898/707
f 1175/899/708 1098/2108/1472 998/3032/1469
f 971/3033/697 812/107/85 1277/3456/1876
f 812/107/85 908/109/87 1196/3359/1877
f 1196/3359/1877 1277/3456/1876 812/107/85
f 908/109/87 1005/1891/1357 1196/3359/1877
f 1152/3457/1482 1221/3353/1940 1198/3352/704
f 1198/3458/704 1005/1891/1357 1152/3459/1482
f 1152/3459/1482 1005/1891/1357 1037/1894/1358
f 1152/3459/1482 1037/1894/1358 1040/1895/1359
f 1196/3359/1877 1005/1891/1357 1275/3360/703
f 1005/3460/1357 1198/892/704 1275/891/703
f 1256/2122/1481 1221/3461/1940 1152/2123/1482
f 1371/2801/1751 1298/2119/1479 1218/2413/1599
f 1284/2120/1476 1298/2119/1479 1301/2802/1752
f 1235/3462/1478 1284/2120/1476 1299/658/531
f 1296/643/519 1294/645/521 1268/641/517
f 1304/418/334 1189/2681/1706 1346/448/361
f 1247/1777/1289 1243/1490/1107 1392/2689/1709
f 1247/1777/1289 1394/2690/1710 1261/1778/1290
f 1381/3463/1208 1353/3464/1111 1359/3465/1112
f 1424/3466/1955 1260/3467/339 1291/3468/1204
f 1291/3468/1204 1373/3469/1956 1424/3466/1955
f 1424/3470/1955 1303/425/340 1260/424/339
f 1303/3471/340 1424/3472/1955 1358/431/346
f 1424/3466/1955 1373/3469/1956 1393/3473/1957
f 1358/3474/346 1424/3466/1955 1393/3473/1957
f 1428/1497/1113 1404/3475/712 1430/1498/1114
f 1436/2698/1715 1351/2433/1601 1457/3163/1881
f 1351/2433/1601 1429/2700/1369 1457/3163/1881
f 1501/1787/1295 1378/1188/925 1499/1938/1381
f 1300/1488/1105 1462/460/373 1551/459/372
f 1489/2818/1762 1480/1789/1297 1559/1788/1296
f 1595/3476/1883 1500/3477/992 1530/3478/991
f 1588/3479/1884 1570/3480/996 1569/3481/995
f 1592/3482/1958 1595/99/1883 1569/1299/995
f 1592/3482/1958 1569/1299/995 1573/1298/994
f 1570/3483/996 1596/3484/1959 1573/3485/994
f 1592/3486/1958 1573/3485/994 1596/3484/1959
f 1500/3487/992 1595/3488/1883 1592/3489/1958
f 1601/3490/1125 1500/3491/992 1592/3492/1958
f 1512/1190/927 1500/1296/992 1601/1518/1125
f 1601/1518/1125 1607/1517/1124 1512/1190/927
f 1607/1517/1124 1549/3493/1960 1513/452/365
f 1690/229/183 1593/228/182 1742/1526/1133
f 1754/1686/1235 1728/473/386 1629/471/384
f 1754/1686/1235 1791/1305/1001 1728/473/386
f 1812/2839/1771 1813/2840/1775 1814/2845/1777
f 1814/2845/1777 1813/2840/1775 1817/2846/1778
f 1742/1526/1133 1772/1524/1131 1922/3494/760
f 1922/3494/760 1877/2982/759 1742/1526/1133
f 1803/3495/762 1890/3496/761 1856/3497/579
f 1900/960/764 1911/963/767 1903/971/771
f 1907/3498/766 1773/3499/765 1774/2238/1138
f 1907/3498/766 1774/2238/1138 1914/3500/773
f 1903/971/771 1911/963/767 1936/972/772
f 1936/972/772 1911/963/767 1907/962/766
f 1864/974/774 1936/972/772 1907/962/766
f 1914/3500/773 1774/2238/1138 1788/2240/1544
f 1914/3500/773 1788/2240/1544 1864/2976/774
f 275/283/233 32/3501/1147 20/3502/213
f 148/292/228 34/3503/1961 165/293/241
f 32/3501/1147 275/283/233 140/285/235
f 257/1856/449 183/1014/802 64/1859/217
f 183/1014/802 57/1013/218 64/1859/217
f 186/547/448 198/1854/451 65/3504/8
f 74/9/9 65/8/8 207/3505/1345
f 206/296/242 74/1017/9 207/1855/1345
f 207/3505/1345 65/8/8 198/3506/451
f 207/3505/1345 198/3506/451 172/3507/1346
f 137/3508/1146 64/267/217 79/271/221
f 384/1070/835 334/1069/836 407/1698/1246
f 370/2163/840 298/557/456 417/1706/1253
f 335/311/257 348/1065/833 494/309/255
f 478/797/629 447/315/261 427/2621/1687
f 447/315/261 394/2625/1689 427/2621/1687
f 353/2332/1584 468/2889/631 372/3509/1907
f 466/3510/633 478/797/629 427/2621/1687
f 470/2623/635 469/2622/634 339/37/29
f 496/1095/855 455/2165/944 457/1216/946
f 479/1079/843 557/1084/847 604/1567/1153
f 664/3318/1159 641/3511/1962 553/3319/265
f 615/2752/1738 553/2754/265 641/3512/1962
f 842/2208/897 1056/2205/1526 865/2209/902
f 955/627/509 934/2207/899 972/3344/1938
f 934/2207/899 855/3513/901 972/3344/1938
f 856/3514/907 972/3344/1938 855/3513/901
f 992/3345/1939 972/3344/1938 856/3514/907
f 974/3515/508 852/1157/904 876/3516/1175
f 992/3517/1939 852/1157/904 974/3515/508
f 857/3518/905 992/3345/1939 856/3514/907
f 857/1158/905 852/1157/904 992/3517/1939
f 1142/3519/1704 1078/3520/518 1085/2661/1598
f 1138/3521/1963 1142/3519/1704 1144/1627/1191
f 1144/1627/1191 1126/1626/1190 1138/3521/1963
f 1142/3519/1704 1085/2661/1598 1144/1627/1191
f 988/357/292 1009/3522/1964 947/620/503
f 1027/2930/1804 1009/3522/1964 1036/3523/1965
f 1042/2773/1746 1027/2930/1804 1036/3523/1965
f 1045/2933/1805 1027/2930/1804 1042/2773/1746
f 1248/3524/694 1108/3525/705 1226/3526/1540
f 1238/3527/1966 1226/3528/1540 1108/3529/705
f 1238/3527/1966 1108/3529/705 1163/3530/1967
f 981/2090/1466 1221/3349/1940 1256/3531/1481
f 1174/3532/1968 1254/2131/1490 1063/2088/1464
f 1238/3533/1966 1163/3534/1967 1132/3535/1470
f 1175/3536/708 1264/3537/1969 1238/3538/1966
f 1238/3538/1966 1132/2103/1470 1175/3536/708
f 1254/2131/1490 1194/3539/1970 1063/2088/1464
f 1434/3540/1971 1402/3541/1878 1407/3159/1879
f 1407/3159/1879 1443/3542/1972 1434/3540/1971
f 1443/3542/1972 1407/3159/1879 1408/1655/1209
f 1408/2950/1209 1381/3543/1208 1431/3544/1807
f 1462/460/373 1405/3545/1973 1481/458/371
f 1480/1789/1297 1300/1488/1105 1551/459/372
f 1489/2818/1762 1392/2689/1709 1480/1789/1297
f 1497/3262/1915 1489/2818/1762 1565/2819/1763
f 1394/2690/1710 1489/2818/1762 1497/3262/1915
f 1499/1938/1381 1416/3261/1914 1498/1939/1382
f 1617/3546/1942 1595/3547/1883 1530/3548/991
f 1570/3480/996 1588/3479/1884 1619/3549/1974
f 1624/1519/1126 1549/3493/1960 1607/1517/1124
f 1647/477/390 1549/3493/1960 1624/1519/1126
f 1625/683/546 1590/2449/1610 1684/2451/1387
f 1684/3550/1387 1664/3551/929 1625/3552/546
f 1664/3553/929 1623/2450/928 1625/683/546
f 1587/2151/1499 1650/238/188 1484/3554/718
f 1619/3549/1974 1588/3479/1884 1683/3555/1314
f 1570/3480/996 1619/3549/1974 1687/3556/1943
f 1687/3557/1943 1619/3558/1974 1683/3559/1314
f 1677/3560/1944 1570/3480/996 1687/3556/1943
f 1720/3561/1318 1596/3484/1959 1677/3562/1944
f 1682/236/190 1650/238/188 1587/2151/1499
f 1689/931/735 1653/930/734 1736/1199/933
f 1694/935/739 1736/1199/933 1653/930/734
f 1653/3563/734 1628/3564/737 1694/3565/739
f 1637/3057/1837 1598/1791/1299 1739/1827/1329
f 1724/945/749 1764/944/748 1794/1201/935
f 1823/3566/1975 1820/2855/1786 1815/2852/1783
f 1815/2852/1783 1929/2853/1784 1823/3566/1975
f 1845/3567/1976 1791/1305/1001 1789/1685/1234
f 1761/482/395 1791/1305/1001 1845/3567/1976
f 1885/2848/1779 1852/3568/1977 1826/2824/1766
f 1917/2826/1768 1852/3568/1977 1929/2853/1784
f 1929/2853/1784 1852/3568/1977 1787/3569/1978
f 1852/3568/1977 1885/2848/1779 1787/3569/1978
f 1885/2848/1779 2015/3188/1892 1787/3569/1978
f 1787/3569/1978 2015/3188/1892 1897/3187/1891
f 1823/3566/1975 1929/2853/1784 1887/3570/1979
f 1929/2853/1784 1787/3569/1978 1887/3570/1979
f 1845/3567/1976 1795/484/397 1761/482/395
f 1845/3567/1976 1899/3571/1898 1795/484/397
f 1787/3569/1978 1897/3187/1891 2028/3192/1896
f 1887/3570/1979 1787/3569/1978 2028/3192/1896
f 1921/3572/1897 1795/484/397 1899/3571/1898
f 1833/2469/1623 1713/2726/1727 1752/2468/1622
f 1833/3573/1623 1915/3574/1841 1713/3575/1727
f 1915/3574/1841 1686/1684/1233 1713/3575/1727
f 1754/1686/1235 1686/1684/1233 1915/3574/1841
f 1915/3574/1841 1822/3373/1842 1754/1686/1235
f 88/3314/1901 9/3576/1900 150/774/618
f 248/755/605 228/3404/1412 187/3577/606
f 228/3404/1412 248/755/605 196/754/607
f 196/754/607 235/3403/1414 228/3404/1412
f 42/3578/1564 88/3314/1901 153/3317/1733
f 110/3208/1416 130/2274/1563 48/2273/1405
f 197/758/609 108/3579/1902 202/38/30
f 108/3207/1902 196/754/607 202/756/30
f 235/3403/1414 196/754/607 108/3207/1902
f 235/3403/1414 108/3207/1902 111/3209/1903
f 111/3580/1903 110/2004/1416 170/2738/1408
f 9/3581/1900 113/760/611 150/771/618
f 113/760/611 114/3582/1560 214/761/612
f 114/2264/1560 81/1367/1034 12/2265/1561
f 114/2264/1560 16/2266/613 214/3583/612
f 283/1381/1041 249/1058/828 159/2994/1820
f 249/1058/828 209/3584/1927 159/2994/1820
f 274/3585/1980 217/3586/1981 190/3587/1644
f 217/3588/1981 274/3589/1980 26/2505/595
f 263/3590/1948 26/3591/595 122/3592/590
f 263/3593/1948 122/741/590 174/740/594
f 217/3594/1981 263/3412/1948 230/3414/1949
f 217/3594/1981 26/742/595 263/3412/1948
f 237/3595/1951 230/3596/1949 304/3597/1947
f 174/3413/594 175/3598/1982 255/3416/1950
f 138/3283/1925 237/3417/1951 255/3416/1950
f 249/1058/828 290/1060/829 209/3584/1927
f 290/1060/829 143/3599/830 209/3584/1927
f 265/2874/1795 2/3600/201 293/3419/1798
f 38/2873/199 2/3600/201 265/2874/1795
f 269/2864/1794 266/2866/1792 144/3601/1793
f 319/1396/1052 211/2875/1796 413/1397/1053
f 275/283/233 211/3602/1796 319/2746/1052
f 474/1077/841 410/588/483 349/787/625
f 542/3098/1850 569/3095/1254 617/2769/1744
f 544/1710/1256 511/1407/1059 623/2771/1349
f 521/1411/1060 631/828/652 600/827/651
f 861/2072/1456 795/2537/1659 771/2073/1457
f 654/823/648 771/2073/1457 795/2537/1659
f 771/2073/1457 792/3603/1983 753/2074/1458
f 668/68/56 753/2074/1458 792/3603/1983
f 793/3604/1832 773/3605/1954 653/3606/1653
f 793/3607/1832 653/2531/1653 688/3608/1984
f 663/1880/1352 688/3608/1984 653/2531/1653
f 770/71/58 793/3039/1832 688/3609/1984
f 688/3609/1984 667/72/55 770/71/58
f 898/3610/1188 897/2785/1747 830/3611/1985
f 836/3612/1986 898/3613/1188 830/3614/1985
f 928/3615/1856 836/3612/1986 773/3605/1954
f 1027/2930/1804 947/620/503 1009/3522/1964
f 808/3616/1065 988/357/292 807/356/291
f 1009/3522/1964 988/357/292 808/3616/1065
f 1036/3523/1965 1009/3522/1964 808/3616/1065
f 1036/3617/1965 808/1422/1065 757/1423/1066
f 1042/3618/1746 1036/3617/1965 757/1423/1066
f 1042/3618/1746 757/1423/1066 821/349/287
f 1045/2933/1805 879/3619/1741 1067/602/493
f 1045/2933/1805 720/3620/285 879/3619/1741
f 1045/2933/1805 913/2775/286 720/3620/285
f 1019/134/107 997/3621/1987 1084/1182/919
f 1030/1770/692 985/3622/690 899/2646/1697
f 1038/3623/1988 1033/1443/1079 1088/3245/1874
f 1199/1625/986 1088/3245/1874 1033/1443/1079
f 1101/3624/1873 1015/1768/1285 1038/3625/1988
f 1022/3626/1989 1015/1768/1285 1101/3624/1873
f 1088/3245/1874 1101/3627/1873 1038/3623/1988
f 1050/3628/1669 1131/3629/1875 1048/3630/1990
f 1131/3151/1875 1054/2592/1671 1048/3631/1990
f 976/2109/1473 986/2593/1672 1134/2594/1673
f 987/3632/1941 1153/1492/1109 1253/1187/924
f 989/3633/1829 987/3632/1941 1253/1187/924
f 1091/2600/1461 989/3633/1829 1253/1187/924
f 1091/2600/1461 1271/896/165 1100/898/707
f 1269/884/698 971/883/697 1277/3634/1876
f 1292/2680/1705 1158/2667/1700 1236/649/523
f 1166/2665/1701 1292/2680/1705 1309/656/529
f 1266/2683/145 1234/2685/525 1087/3635/1702
f 1309/656/529 1316/2687/1707 1166/2665/1701
f 1186/2686/1703 1166/2665/1701 1316/2687/1707
f 1344/3636/1708 1330/3637/1991 1186/3638/1703
f 1296/643/519 1186/2677/1703 1330/3639/1991
f 1078/642/518 1186/2677/1703 1296/643/519
f 1189/2681/1706 1246/2602/1677 1337/450/363
f 1375/385/316 1157/384/315 1338/3046/1833
f 1263/1911/1099 1340/3640/155 1384/3641/154
f 1384/3642/154 1376/3643/153 1263/3644/1099
f 1383/445/358 1304/418/334 1426/446/359
f 1304/418/334 1346/448/361 1426/446/359
f 1388/1929/1372 1299/658/531 1442/660/533
f 1445/1931/1374 1324/2446/1608 1415/2448/1609
f 1425/199/159 1382/2126/1485 1496/681/161
f 1378/1188/925 1416/3261/1914 1499/1938/1381
f 1378/1188/925 1501/1787/1295 1347/1186/923
f 1487/3645/1215 1454/1290/173 1490/3646/174
f 1520/467/380 1415/2448/1609 1444/3647/1371
f 1445/1931/1374 1415/2448/1609 1520/467/380
f 1446/1934/1377 1419/1930/1373 1522/470/383
f 1522/470/383 1523/463/376 1446/1934/1377
f 1456/469/382 1445/1931/1374 1520/467/380
f 1447/1932/1375 1446/1934/1377 1523/463/376
f 1523/463/376 1450/1935/1378 1447/1932/1375
f 1453/447/360 1426/446/359 1546/3052/1835
f 1546/3052/1835 1541/932/736 1453/447/360
f 1546/3052/1835 1426/446/359 1550/3053/1836
f 1426/446/359 1506/661/534 1550/3053/1836
f 1550/3053/1836 1506/661/534 1533/1936/1379
f 1635/936/740 1562/1937/1380 1437/451/364
f 1509/663/536 1635/936/740 1437/451/364
f 1478/665/538 1338/3046/1833 1510/1792/1300
f 1585/3648/1716 1547/3649/1757 1476/3650/1756
f 1618/1515/930 1527/3651/172 1548/1516/1120
f 1618/1515/930 1557/3652/1882 1527/3651/172
f 1632/1956/1392 1530/1295/991 1581/3170/1885
f 1617/3365/1942 1530/1295/991 1632/1956/1392
f 1618/3653/930 1591/3654/1212 1557/3655/1882
f 1618/3653/930 1594/3656/1616 1591/3654/1212
f 1683/3657/1314 1588/3168/1884 1595/3167/1883
f 1683/1807/1314 1595/3658/1883 1617/3365/1942
f 1596/3484/1959 1570/3483/996 1677/3562/1944
f 1596/3484/1959 1720/3561/1318 1592/3486/1958
f 1644/3060/1307 1693/1797/1305 1756/2820/1764
f 1756/2820/1764 1693/1797/1305 1651/1796/1304
f 1747/3659/1992 1715/3660/1993 1804/3661/1790
f 1744/3662/1994 1747/3659/1992 1804/3661/1790
f 1714/3663/1995 1668/3279/1922 1803/1527/762
f 1828/3184/1890 1792/3384/1237 1824/3185/1886
f 1853/3664/1888 1836/3390/1887 1786/3389/1323
f 1853/3182/1888 1786/1821/1323 1816/1822/1324
f 1856/3665/579 1890/3666/761 1793/3667/1322
f 1865/964/768 1793/1820/1322 1890/957/761
f 1865/964/768 1816/1822/1324 1793/1820/1322
f 1853/3668/1888 1816/3669/1324 1886/3670/770
f 1865/964/768 1886/966/770 1816/1822/1324
f 1897/3187/1891 1908/3189/1893 1920/3191/1895
f 2003/950/754 1908/3189/1893 1999/949/753
f 1920/3191/1895 1908/3189/1893 2003/950/754
f 1760/486/399 1795/484/397 1921/3572/1897
f 1760/486/399 1921/3572/1897 1922/3494/760
f 1772/1524/1131 1765/1522/1129 1922/3494/760
f 1922/3494/760 1765/1522/1129 1760/486/399
f 1950/514/417 2002/522/425 2007/515/418
f 2007/515/418 2002/522/425 1964/3671/1996
f 2008/1843/1339 2002/522/425 2000/521/424
f 1964/3671/1996 2002/522/425 2008/1843/1339
f 1984/3672/1997 1964/3671/1996 2008/1843/1339
f 2008/1843/1339 1939/2985/1819 1984/3672/1997
f 2035/3673/423 1943/3674/1998 1884/3675/421
f 2036/3676/1999 1775/3677/1004 1943/3678/1998
f 1775/1308/1004 2036/3679/1999 1830/1306/1002
f 1830/1306/1002 2036/3679/1999 1984/3672/1997
f 1830/1306/1002 1984/3672/1997 1844/2730/1554
f 1844/2730/1554 1939/2985/1819 1953/3196/1555
f 1984/3672/1997 1939/2985/1819 1844/2730/1554
f 1869/3680/1139 1837/3681/1140 1991/3682/2000
f 1994/3683/419 1870/3684/422 1991/3685/2000
f 1991/3682/2000 1883/3686/1143 1869/3680/1139
f 1991/3687/2000 1870/519/422 2030/3688/1006
f 1993/3689/2001 2030/1311/1006 1933/1310/1005
f 1993/3690/2001 1904/1315/1009 1979/1337/1021
f 1993/3690/2001 1933/1312/1005 1904/1315/1009
f 1904/3691/1009 1796/3692/1008 1948/3693/2002
f 1979/1337/1021 1904/1315/1009 1918/3071/1626
f 1904/1315/1009 1948/3694/2002 1918/3071/1626
f 1781/3695/1007 1884/3675/421 1943/3674/1998
f 14/3303/1928 120/3696/2003 13/545/446
f 50/3302/1930 120/3696/2003 14/3303/1928
f 36/3697/1929 120/3696/2003 50/3302/1930
f 33/3292/1578 120/3696/2003 36/3697/1929
f 60/983/782 50/3302/1930 53/750/603
f 61/3698/1931 50/3302/1930 60/983/782
f 53/750/603 78/748/601 178/1975/1403
f 60/983/782 59/982/781 61/3698/1931
f 4/979/778 61/3698/1931 59/982/781
f 22/980/779 4/979/778 59/982/781
f 44/1372/1037 104/978/777 91/1373/1038
f 104/978/777 44/1372/1037 103/3293/1402
f 145/3699/803 91/1373/1038 104/978/777
f 104/978/777 103/3293/1402 4/979/778
f 136/2486/1151 21/737/592 1/736/591
f 23/738/593 21/737/592 159/3700/1820
f 174/3413/594 23/738/593 175/3598/1982
f 209/3287/1927 23/738/593 159/3700/1820
f 23/738/593 209/3287/1927 175/3598/1982
f 230/3596/1949 27/3701/598 217/3702/1981
f 40/3703/2004 27/3701/598 230/3596/1949
f 27/3701/598 56/2512/597 190/2507/1644
f 190/2507/1644 217/3702/1981 27/3701/598
f 58/746/599 27/745/598 40/3704/2004
f 70/3705/600 40/3703/2004 230/3596/1949
f 230/3596/1949 237/3595/1951 70/3705/600
f 138/3706/1925 70/3705/600 237/3595/1951
f 58/746/599 40/3704/2004 72/749/602
f 40/3704/2004 70/747/600 72/749/602
f 58/3415/599 72/3707/602 289/3418/826
f 216/2326/1582 289/1056/826 72/3708/602
f 138/3709/1925 78/748/601 70/747/600
f 138/3710/1925 270/1064/832 78/3711/601
f 216/2326/1582 72/3708/602 53/3712/603
f 270/1064/832 178/3713/1403 78/3711/601
f 175/3598/1982 209/3287/1927 141/3284/1926
f 166/3714/1504 160/3715/1505 334/3716/836
f 372/3509/1907 247/751/604 353/2332/1584
f 364/1071/837 459/1700/1248 334/1069/836
f 436/1701/1249 364/1071/837 398/1073/839
f 459/3717/1248 407/3718/1246 334/3719/836
f 436/1704/1249 398/1074/839 370/1076/840
f 436/1704/1249 370/1076/840 440/1705/1252
f 440/2035/1252 370/2163/840 441/2033/1431
f 417/1706/1253 441/2033/1431 370/2163/840
f 417/1706/1253 298/557/456 449/1210/942
f 555/1577/1162 522/3078/1261 526/1725/1266
f 606/1719/1262 530/3083/1846 567/1720/1263
f 477/3072/1843 456/3074/1260 567/3720/1263
f 506/3081/1845 567/3721/1263 530/3082/1846
f 506/3081/1845 477/3722/1843 567/3721/1263
f 606/1719/1262 622/1722/1265 530/3083/1846
f 622/3723/1265 501/3724/1257 525/3725/1847
f 524/1230/958 552/3430/1952 523/1211/943
f 622/1722/1265 649/1721/1264 717/1587/1170
f 560/1724/1258 622/1722/1265 717/1587/1170
f 656/3726/1158 615/2752/1738 641/3512/1962
f 656/3727/1158 641/3728/1962 664/3729/1159
f 615/2752/1738 656/3726/1158 618/2755/1739
f 618/2755/1739 656/3726/1158 706/3730/1063
f 706/1419/1063 616/2759/1740 618/2758/1739
f 674/3434/1953 668/68/56 666/74/60
f 735/93/47 611/331/275 742/94/76
f 828/1255/975 651/57/49 637/53/45
f 762/101/79 651/3731/49 828/3732/975
f 732/100/52 651/3731/49 762/101/79
f 655/2910/80 797/2908/1802 738/2907/81
f 738/2907/81 718/1134/886 782/1136/84
f 885/1593/1176 876/1592/1175 707/3733/874
f 740/2180/1353 866/1594/510 885/1593/1176
f 885/1593/1176 707/3733/874 740/2180/1353
f 893/1599/1178 866/1594/510 877/1600/1180
f 961/3734/99 1015/3735/1285 822/3736/100
f 1015/1768/1285 826/1169/908 822/3737/100
f 826/1169/908 1015/1768/1285 1022/3626/1989
f 1022/3626/1989 909/1170/663 826/1169/908
f 1025/3738/1286 811/842/659 772/841/662
f 1032/1773/1288 811/3739/659 1025/1771/1286
f 1032/1773/1288 867/3740/661 811/3739/659
f 1025/3738/1286 772/841/662 784/1171/666
f 1032/1773/1288 1041/1772/1287 818/3232/1859
f 1025/3738/1286 784/1171/666 920/3741/911
f 1025/1771/1286 920/1173/911 1041/1772/1287
f 1041/1772/1287 920/1173/911 896/3233/1863
f 818/3232/1859 1041/1772/1287 896/3233/1863
f 896/3233/1863 920/1173/911 1048/3742/1990
f 1104/632/511 1109/635/513 1162/633/512
f 1109/635/513 1145/869/687 1223/379/310
f 957/636/514 1104/632/511 1097/159/126
f 1104/632/511 957/636/514 1109/635/513
f 964/3243/1912 1109/635/513 957/636/514
f 1145/869/687 964/3243/1912 1001/850/670
f 1109/635/513 964/3243/1912 1145/869/687
f 1343/1933/1376 1349/1658/1211 1251/1181/918
f 1134/2594/1673 1230/1657/1210 1395/456/369
f 1395/456/369 1370/455/368 1134/2594/1673
f 1370/455/368 1160/1184/921 1134/2594/1673
f 1160/1184/921 1405/3545/1973 1357/1489/1106
f 1349/1658/1211 1343/1933/1376 1450/1935/1378
f 1462/460/373 1357/1489/1106 1405/3545/1973
f 1405/3545/1973 1370/455/368 1481/458/371
f 1512/1190/927 1607/1517/1124 1513/452/365
f 1513/452/365 1549/3493/1960 1483/659/532
f 1647/477/390 1483/659/532 1549/3493/1960
f 1442/660/533 1483/659/532 1647/477/390
f 1598/1791/1299 1509/663/536 1478/665/538
f 1478/665/538 1510/1792/1300 1598/1791/1299
f 1580/939/743 1457/3163/1881 1563/3743/1917
f 1556/2810/1755 1545/3744/1754 1631/3273/1919
f 1631/3273/1919 1547/3745/1757 1634/3746/2005
f 1545/3744/1754 1547/3745/1757 1631/3273/1919
f 1640/3275/1808 1620/3747/1810 1641/3276/1921
f 1753/937/741 1635/936/740 1637/3057/1837
f 1705/1795/1303 1692/1793/1301 1510/1792/1300
f 1704/1521/1128 1648/2607/1682 1707/485/398
f 1732/237/186 1682/236/190 1758/246/196
f 1952/3748/559 1960/3749/563 1790/3750/1236
f 1792/1688/1237 1790/1687/1236 1960/700/563
f 1888/3751/565 1792/3752/1237 1960/3753/563
f 1889/708/568 1893/2250/567 1919/709/570
f 1910/711/572 1818/710/571 1782/3282/1924
f 1977/3754/576 1776/3755/1321 1902/3756/577
f 1793/3757/1322 1776/3755/1321 1977/3754/576
f 1977/3754/576 1856/3758/579 1793/3757/1322
f 1881/727/582 1923/726/581 1882/732/587
f 1924/728/583 1912/1833/1334 1757/3759/2006
f 1926/3760/585 1924/3761/583 1757/3762/2006
f 1925/729/584 1931/725/580 1928/3763/2007
f 172/3507/1346 137/3508/1146 287/3764/455
f 287/3764/455 185/3765/1347 172/3507/1346
f 207/3505/1345 172/3507/1346 185/3765/1347
f 287/3764/455 244/3766/453 185/3765/1347
f 222/3219/1906 117/3402/1411 350/3220/1734
f 226/3767/224 222/3219/1906 306/3218/225
f 220/3215/1145 231/3768/223 336/276/226
f 226/274/224 336/276/226 231/3768/223
f 236/281/231 148/278/228 313/277/227
f 134/1375/1039 256/3313/1932 341/1395/1051
f 256/3313/1932 252/759/610 337/770/617
f 202/3424/30 248/3769/605 372/3221/1907
f 372/3509/1907 248/752/605 247/751/604
f 414/1386/1045 347/280/230 313/277/227
f 342/295/229 241/294/239 424/813/640
f 241/294/239 495/1412/240 424/813/640
f 640/3770/963 408/1387/962 652/603/491
f 408/1387/962 565/1126/880 652/603/491
f 632/840/658 505/2626/956 772/841/662
f 772/841/662 505/2626/956 659/1172/910
f 659/1172/910 683/3771/664 784/1171/666
f 522/3078/1261 555/1577/1162 840/1576/1161
f 840/3772/1161 705/3773/1861 522/1718/1261
f 705/3773/1861 922/3238/1865 606/1719/1262
f 922/3238/1865 790/1585/1168 606/1719/1262
f 649/1721/1264 606/1719/1262 790/1585/1168
f 717/1587/1170 649/1721/1264 790/1585/1168
f 764/350/284 821/349/287 650/1233/961
f 539/1102/862 729/3431/872 751/1589/1172
f 845/3774/903 751/1589/1172 729/3431/872
f 953/859/679 875/3107/89 872/860/678
f 953/3350/679 981/2090/1466 875/3775/89
f 983/862/680 829/1456/1084 759/3339/1854
f 829/1456/1084 1004/865/683 809/2538/1660
f 1004/865/683 907/3019/1828 809/2538/1660
f 1021/3776/686 1004/865/683 959/3343/684
f 907/3019/1828 1004/865/683 1021/3776/686
f 987/3777/1941 907/3019/1828 1021/3776/686
f 987/3777/1941 989/3020/1829 907/3019/1828
f 1028/3022/1086 834/2550/1085 813/2544/1662
f 1091/2080/1461 915/2539/1661 931/3018/1827
f 1091/2080/1461 1028/1458/1086 915/2539/1661
f 1091/3778/1461 931/3779/1827 989/3780/1829
f 940/3781/1462 1074/856/676 903/857/677
f 942/2089/1465 875/3775/89 981/2090/1466
f 942/3782/1465 926/113/90 875/112/89
f 943/2102/1468 942/2089/1465 1063/2088/1464
f 870/2077/1460 1064/1459/1087 998/2100/1469
f 999/2075/1459 870/2077/1460 998/2100/1469
f 1099/3783/2008 962/3124/1860 1080/3128/1862
f 922/3135/1865 962/3124/1860 1099/3783/2008
f 1099/3783/2008 1026/3137/1866 922/3135/1865
f 1080/3128/1862 864/3236/1864 1099/3783/2008
f 1099/3783/2008 864/3236/1864 949/3784/2009
f 965/3785/1867 1026/3786/1866 1099/3787/2008
f 1099/3783/2008 949/3784/2009 965/3138/1867
f 976/2109/1473 1086/1183/920 949/3788/2009
f 1084/1182/919 949/3788/2009 1086/1183/920
f 997/3621/1987 949/3788/2009 1084/1182/919
f 1152/3789/1482 1040/2564/1359 1193/3790/1483
f 1133/2105/1471 1193/3790/1483 1040/2564/1359
f 1242/3791/1605 1116/144/115 1187/146/117
f 1265/3792/1604 1116/3793/115 1242/3794/1605
f 1176/3795/125 1116/3793/115 1265/3792/1604
f 1183/637/515 1176/639/125 1265/2442/1604
f 1307/3044/1748 1162/3796/512 1329/3797/147
f 1151/143/114 1162/3796/512 1307/3044/1748
f 1170/3798/307 1190/2799/306 1276/2798/1749
f 1276/3799/1749 1162/3800/512 1170/3801/307
f 1276/3802/1749 1329/3797/147 1162/3796/512
f 1011/3803/1676 1003/640/516 1183/637/515
f 1183/637/515 1319/2444/1292 1011/3803/1676
f 1282/3804/129 1231/2803/130 1288/1785/1294
f 1288/3805/1294 1289/420/336 1282/422/129
f 1386/2699/1370 1374/1648/1206 1414/3806/1368
f 1402/3807/1878 1414/2941/1368 1374/3808/1206
f 1301/2802/1752 1410/453/366 1483/659/532
f 1478/665/538 1458/664/537 1338/3046/1833
f 1459/1794/1302 1233/389/318 1422/3809/1678
f 1742/1526/1133 1593/228/182 1672/1525/1132
f 1727/3810/1137 1700/3172/1136 1726/2972/1813
f 1857/3811/1770 1858/3812/1769 1951/3813/2010
f 1854/2479/1628 1951/3814/2010 1861/3815/1772
f 1858/3816/1769 1861/3817/1772 1951/3818/2010
f 1861/2830/1772 1826/3819/1766 1806/2833/1619
f 1861/3815/1772 1858/3820/1769 1885/2848/1779
f 1885/2848/1779 1826/2824/1766 1861/3815/1772
f 2015/3188/1892 1885/2848/1779 1901/2849/1780
f 1975/1963/1399 1901/2849/1780 1891/2844/1776
f 1975/1963/1399 2015/3188/1892 1901/2849/1780
f 1971/1347/1028 1981/2822/1629 1916/2851/1782
f 1981/2822/1629 1982/2825/1767 1916/2851/1782
f 1982/2825/1767 1917/2826/1768 1916/2851/1782
f 1850/2850/1781 1971/1347/1028 1916/2851/1782
f 1871/2854/1785 1820/2855/1786 1789/3821/1234
f 1789/3821/1234 1822/3069/1842 1871/2854/1785
f 20/263/213 123/3822/2011 112/272/222
f 123/3822/2011 20/263/213 32/3823/1147
f 34/3824/1961 112/3825/222 123/3826/2011
f 34/3827/1961 123/3822/2011 165/3828/241
f 123/3822/2011 32/3823/1147 176/3829/1148
f 165/3828/241 123/3822/2011 176/3829/1148
f 144/2863/1793 47/2862/202 43/3830/203
f 144/2863/1793 43/3830/203 46/3831/205
f 266/3832/1792 52/2270/206 47/2272/202
f 52/3833/206 269/3834/1794 55/3835/207
f 269/3834/1794 199/3836/212 55/3835/207
f 38/249/199 164/3837/810 45/254/204
f 29/1973/209 45/3838/204 164/1029/810
f 69/3839/211 173/1030/210 211/2875/1796
f 20/3840/213 69/3839/211 211/2875/1796
f 20/3840/213 211/2875/1796 275/3841/233
f 220/1550/1145 85/1548/214 95/3842/216
f 64/3843/217 99/3401/219 222/3219/1906
f 222/3844/1906 102/270/220 64/267/217
f 226/274/224 102/3845/220 222/3846/1906
f 95/3847/216 231/3768/223 220/3215/1145
f 148/278/228 236/281/231 34/3848/1961
f 236/3849/231 112/3850/222 34/3851/1961
f 226/274/224 231/3768/223 102/3845/220
f 236/281/231 79/1551/221 112/3852/222
f 181/2502/1641 26/2505/595 274/3589/1980
f 276/3853/2012 274/3585/1980 190/3587/1644
f 163/2509/1640 115/2511/442 316/3854/1686
f 115/2511/442 171/3855/1572 316/3854/1686
f 205/558/457 219/2012/1419 309/51/43
f 63/2290/436 155/2019/1424 284/2018/1423
f 285/2885/1417 67/2293/429 245/2292/1569
f 67/2008/429 286/2010/1418 162/3856/432
f 327/1388/1046 73/2294/431 167/2295/1570
f 219/2011/1419 162/3856/432 286/2010/1418
f 312/1040/817 391/575/471 161/1031/811
f 292/1032/812 161/1031/811 391/575/471
f 343/2024/1427 302/2880/807 360/2022/1425
f 360/3422/1425 302/1026/807 281/1028/809
f 434/564/461 292/1032/812 444/574/470
f 376/2027/1429 66/1978/785 189/1977/1404
f 328/1039/816 201/1041/786 377/573/469
f 331/1047/820 377/573/469 201/1041/786
f 349/787/625 396/1078/842 474/1077/841
f 375/1566/1152 368/47/39 442/2895/1801
f 375/1566/1152 443/1082/846 411/1382/1042
f 485/1104/863 435/1226/954 393/2624/1688
f 468/2889/631 353/2332/1584 473/809/636
f 466/3857/633 427/3858/1687 469/3859/634
f 504/321/267 399/300/246 497/322/268
f 399/300/246 498/1087/849 497/322/268
f 569/1707/1254 490/3860/1054 428/1708/463
f 490/1398/1054 569/3095/1254 542/3098/1850
f 426/1406/1058 542/3098/1850 543/3097/654
f 521/1411/1060 426/1403/1058 543/830/654
f 433/1401/1056 545/3101/1259 438/565/462
f 428/566/463 438/565/462 563/3100/1255
f 563/3100/1255 438/565/462 545/3101/1259
f 592/3861/2013 591/3862/1821 548/3863/1823
f 574/3864/1822 591/3862/1821 592/3861/2013
f 582/3865/1154 592/3861/2013 548/3863/1823
f 574/3864/1822 592/3861/2013 582/3865/1154
f 475/3222/1908 503/314/260 584/1116/868
f 509/3866/1849 475/3867/1908 584/3868/868
f 485/1104/863 509/3093/1849 589/1115/871
f 528/2890/1586 473/809/636 630/1120/875
f 531/1124/878 514/801/632 597/1122/877
f 460/811/638 482/3869/480 627/3870/2014
f 562/1129/854 539/1102/862 751/1589/1172
f 897/2785/1747 709/3009/279 830/3611/1985
f 830/3614/1985 756/3871/2015 836/3612/1986
f 756/3871/2015 773/3605/1954 836/3612/1986
f 1067/602/493 879/3619/1741 652/600/491
f 879/2764/1741 640/1235/963 652/3872/491
f 652/603/491 565/1126/880 960/419/335
f 841/1127/881 960/419/335 565/1126/880
f 900/847/667 851/604/494 858/848/668
f 858/848/668 945/616/500 902/618/501
f 945/3873/500 858/1761/668 860/1763/895
f 945/3874/500 734/1145/896 883/3875/289
f 945/3874/500 860/1146/895 734/1145/896
f 958/1612/1187 897/3876/1747 898/1613/1188
f 946/3877/1825 854/3878/1189 995/3879/122
f 946/3880/1825 995/3881/122 836/3882/1986
f 928/3115/1856 946/3113/1825 836/3883/1986
f 980/1614/116 898/1613/1188 995/3884/122
f 898/3613/1188 836/3612/1986 995/3885/122
f 1112/1647/1205 873/3886/486 1068/3887/2016
f 923/3888/1364 873/3889/486 1112/3890/1205
f 1043/1426/1068 923/1905/1364 1113/426/341
f 831/84/69 923/1905/1364 1043/1426/1068
f 1114/1907/1365 1112/1647/1205 1068/3887/2016
f 1108/3891/705 1115/3892/1463 1163/3893/1967
f 1063/2088/1464 981/2090/1466 1174/3532/1968
f 1115/2092/1463 1124/2091/1467 1163/3894/1967
f 1124/2104/1467 1132/2103/1470 1163/3895/1967
f 1098/2106/1472 1175/3536/708 1132/2103/1470
f 1194/3896/1970 1124/2104/1467 1063/3897/1464
f 1133/2105/1471 1124/2104/1467 1194/3896/1970
f 1133/2105/1471 1194/3896/1970 1193/3790/1483
f 1094/175/139 1102/413/329 1286/176/140
f 967/414/330 1102/413/329 1014/1460/492
f 967/414/330 960/419/335 1320/416/332
f 1255/3898/337 1120/3899/132 1282/3900/129
f 1120/3899/132 1255/3898/337 1209/3901/1088
f 1359/1496/1112 1190/374/306 1197/381/312
f 1297/2223/1534 1197/381/312 1239/382/313
f 1297/2223/1534 1239/382/313 1248/3260/694
f 1182/3902/701 1095/1449/1082 1258/3903/699
f 1258/3903/699 1118/1452/1083 1312/3904/1913
f 1095/1449/1082 1118/1452/1083 1258/3903/699
f 1118/1452/1083 1122/882/696 1345/2601/1538
f 1345/3905/1538 1312/3906/1913 1118/3907/1083
f 1200/3908/702 1258/3909/699 1312/3910/1913
f 1355/3911/1537 1200/3912/702 1312/3913/1913
f 1252/3162/1291 1333/3161/1675 1237/3914/1674
f 1390/3160/1880 1252/3162/1291 1319/3915/1292
f 1339/3916/709 1361/3917/351 1399/3918/350
f 1339/3916/709 1334/3919/353 1361/3917/351
f 1428/3363/1113 1354/903/711 1404/904/712
f 1427/3362/1495 1466/915/723 1511/919/726
f 1511/2702/726 1463/2701/1493 1427/3920/1495
f 1477/1292/988 1472/2147/1497 1468/2145/1119
f 1485/3049/1217 1461/3921/1115 1451/3050/1214
f 1535/2713/1721 1529/2940/1717 1460/2812/1758
f 1536/2813/1759 1464/2815/1760 1452/209/167
f 1504/2949/541 1564/214/170 1455/213/168
f 1516/211/169 1536/2813/1759 1452/209/167
f 1519/916/547 1507/918/725 1537/3922/1542
f 1537/3923/1542 1507/3924/725 1539/3925/1543
f 1514/3926/1213 1537/3927/1542 1539/3928/1543
f 1539/3928/1543 1485/3929/1217 1514/3926/1213
f 1581/3170/1885 1485/1667/1217 1539/2236/1543
f 1636/3930/1719 1529/2940/1717 1535/2713/1721
f 1585/3931/1716 1476/3932/1756 1529/3933/1717
f 1645/2714/1722 1535/2713/1721 1558/2715/1723
f 1610/2722/1724 1558/2816/1723 1536/2813/1759
f 1516/211/169 1610/2722/1724 1536/2813/1759
f 1611/2721/1726 1516/212/169 1564/214/170
f 1580/939/743 1583/938/742 1540/1798/1306
f 1572/1678/1227 1658/941/745 1679/687/550
f 1643/3051/1834 1541/932/736 1689/931/735
f 1757/3762/2006 1706/940/744 1744/3662/1994
f 1767/3934/2017 1698/3935/2018 1714/3663/1995
f 1767/3936/2017 1804/3937/1790 1698/3938/2018
f 1715/3939/1993 1698/3938/2018 1804/3937/1790
f 1803/1527/762 1668/3279/1922 1725/1528/1134
f 1741/481/394 1722/1812/1317 1783/1320/1010
f 1784/3940/1011 1740/1818/1316 1763/1544/1142
f 1740/3941/1316 1784/1317/1011 1737/2821/1313
f 1799/2470/1624 1798/1331/1018 1879/1332/1019
f 1798/1331/1018 1799/2470/1624 1805/1344/1025
f 1748/478/391 1741/481/394 1752/2468/1622
f 1711/1949/1390 1794/1201/935 1838/1849/1342
f 1759/3942/1501 1711/1949/1390 1838/1849/1342
f 1810/2155/1502 1759/2154/1501 1838/3943/1342
f 1810/2155/1502 1766/489/402 1717/2153/1393
f 1862/1847/1341 1997/1844/1340 2009/1691/1240
f 2009/1691/1240 1997/1844/1340 1940/508/411
f 2009/1691/1240 1940/508/411 2018/510/413
f 2032/1692/1241 2009/1691/1240 2018/510/413
f 2032/1692/1241 2018/510/413 1966/1694/1243
f 1967/1693/1242 2023/1852/1344 1962/1690/1239
f 1967/1693/1242 1966/1694/1243 1941/490/403
f 1970/492/401 2024/1850/1343 2023/1852/1344
f 1970/492/401 2023/1852/1344 1967/1693/1242
f 1966/1694/1243 2018/510/413 1983/1696/1245
f 1966/1694/1243 1983/1696/1245 1941/490/403
f 2018/510/413 2022/513/416 1983/1696/1245
f 1986/1695/1244 1829/497/406 1941/490/403
f 1829/3944/406 1986/3945/1244 1837/3946/1140
f 1838/1851/1342 2024/1850/1343 1989/3947/2019
f 1989/3947/2019 2024/1850/1343 1947/3948/400
f 1989/3949/2019 1810/2155/1502 1838/3943/1342
f 1947/487/400 1810/2155/1502 1989/3949/2019
f 1947/487/400 1766/489/402 1810/2155/1502
f 2024/1850/1343 1970/492/401 1947/3948/400
f 182/2160/1507 239/1075/838 156/3950/1648
f 146/3951/1646 250/1066/834 195/2608/1683
f 268/2609/1684 180/2517/1647 133/3952/2020
f 268/3953/1684 133/3954/2020 28/3955/1642
f 147/3956/1634 180/2517/1647 268/2609/1684
f 268/2609/1684 149/2611/1635 147/3956/1634
f 268/3957/1684 28/2503/1642 181/2502/1641
f 181/3958/1641 68/2489/1633 149/2491/1635
f 154/2492/1636 68/2494/1633 181/3959/1641
f 158/2497/1639 315/3960/1685 82/2495/1638
f 89/3961/440 82/2495/1638 315/3960/1685
f 315/3962/1685 171/2309/1572 89/2308/440
f 276/3963/2012 154/3964/1636 181/3965/1641
f 276/3966/2012 190/2507/1644 154/2506/1636
f 169/2013/1420 366/1100/860 332/1391/1048
f 402/2886/1799 284/3967/1423 345/31/23
f 307/2888/25 284/3967/1423 402/2886/1799
f 379/2021/1422 284/3967/1423 300/3968/10
f 345/31/23 284/3967/1423 379/2021/1422
f 402/2886/1799 345/31/23 346/2887/24
f 418/3969/1044 446/1089/851 498/1091/849
f 426/1406/1058 490/1398/1054 542/3098/1850
f 489/1400/1055 511/1407/1059 544/1710/1256
f 368/47/39 445/313/259 442/2895/1801
f 472/1699/1247 568/3970/1588 452/1697/253
f 778/77/63 763/1764/1283 815/2370/1589
f 815/2370/1589 827/2376/1593 778/77/63
f 775/1139/890 766/78/64 786/2066/1450
f 786/2066/1450 766/78/64 779/81/67
f 852/1157/904 707/1123/874 876/3516/1175
f 827/2376/1593 970/2377/1594 873/591/486
f 873/3971/486 990/2378/1595 1068/3972/2016
f 970/3973/1594 990/2378/1595 873/3971/486
f 1068/3972/2016 990/2378/1595 1070/3974/2021
f 889/1445/1081 1070/3974/2021 990/2378/1595
f 1062/1444/1080 1065/2662/1699 889/1445/1081
f 889/1445/1081 1065/2662/1699 1070/3974/2021
f 1068/3972/2016 1070/3974/2021 1065/2662/1699
f 1068/3972/2016 1065/2662/1699 1114/3975/1365
f 1043/1426/1068 833/592/487 831/84/69
f 1087/2670/1702 951/3976/293 977/3977/1591
f 1204/180/144 978/3978/1590 968/181/143
f 970/3973/1594 1000/2374/1592 990/2378/1595
f 1229/650/524 1149/3979/1104 1077/1464/1091
f 977/3977/1591 978/3978/1590 1204/180/144
f 1305/2445/1607 1235/3462/1478 1299/658/531
f 1088/3245/1874 1235/3246/1478 1305/2447/1607
f 1324/2446/1608 1088/3245/1874 1305/2447/1607
f 1340/3980/155 1225/1468/1093 1376/3981/153
f 1257/1474/1097 1225/1468/1093 1340/3980/155
f 1340/3640/155 1263/1911/1099 1257/1913/1097
f 1263/3644/1099 1376/3643/153 1232/3982/1096
f 1244/3983/1103 1149/3979/1104 1342/3984/156
f 1356/646/522 1309/656/529 1236/649/523
f 1309/656/529 1292/2680/1705 1236/649/523
f 1414/2941/1368 1402/3807/1878 1460/2812/1758
f 1460/2812/1758 1402/3807/1878 1434/3985/1971
f 1460/2814/1758 1434/3986/1971 1464/2815/1760
f 1464/2815/1760 1434/3986/1971 1452/209/167
f 1431/3544/1807 1469/2948/1753 1408/2950/1209
f 1477/3987/988 1468/1503/1119 1560/685/548
f 1560/685/548 1521/3988/171 1477/3987/988
f 1454/3989/173 1477/3987/988 1521/3988/171
f 1366/2804/1118 1377/1294/990 1531/1509/1121
f 1377/1294/990 1473/1293/989 1532/1508/1122
f 1593/228/182 1542/227/181 1499/1938/1381
f 1552/1940/1383 1675/245/193 1528/1941/164
f 1584/1790/1298 1551/459/372 1648/2607/1682
f 1559/1788/1296 1584/1790/1298 1703/1520/1127
f 1589/2817/1761 1559/1788/1296 1703/1520/1127
f 1565/2819/1763 1589/2817/1761 1626/2970/1812
f 1626/2970/1812 1672/1525/1132 1498/1939/1382
f 1544/222/176 1633/3177/727 1673/223/177
f 1601/3990/1125 1592/3991/1958 1720/3992/1318
f 1676/480/393 1695/479/392 1624/1519/1126
f 1647/477/390 1624/1519/1126 1695/479/392
f 1563/3743/1917 1706/940/744 1580/939/743
f 1649/3993/1918 1729/3994/2022 1697/3995/2023
f 1649/3993/1918 1631/3996/1919 1729/3994/2022
f 1697/3997/2023 1729/3998/2022 1662/2706/1718
f 1729/3994/2022 1631/3996/1919 1634/3999/2005
f 1662/4000/1718 1729/3994/2022 1634/3999/2005
f 1698/3935/2018 1668/3279/1922 1714/3663/1995
f 1715/4001/1993 1649/3993/1918 1697/3995/2023
f 1697/3995/2023 1680/4002/999 1715/4001/1993
f 1680/4003/999 1698/3938/2018 1715/3939/1993
f 1668/3279/1922 1670/3280/1135 1725/1528/1134
f 1706/940/744 1563/3743/1917 1744/3662/1994
f 1744/4004/1994 1563/3271/1917 1649/3272/1918
f 1747/3659/1992 1744/3662/1994 1649/4005/1918
f 1747/3659/1992 1649/4005/1918 1715/3660/1993
f 1756/2820/1764 1706/940/744 1757/3762/2006
f 2004/2241/1545 1927/4006/2024 1942/3195/1556
f 1942/3195/1556 1927/4006/2024 1843/4007/1557
f 2004/2241/1545 2006/2242/1546 1927/4006/2024
f 2006/2242/1546 1778/4008/1548 1927/4006/2024
f 1937/2247/1550 1840/1823/1325 1930/1825/1327
f 1937/2247/1550 1846/1836/1336 1840/1823/1325
f 1876/2246/1549 1846/1836/1336 1937/2247/1550
f 1882/732/587 1937/2247/1550 1930/1825/1327
f 1930/1825/1327 1881/727/582 1882/732/587
f 1898/4009/586 1777/4010/1552 2013/4011/1551
f 1782/3282/1924 1777/2251/1552 1898/731/586
f 1782/4012/1924 1898/4013/586 1910/4014/572
f 1843/2256/1557 1785/2262/560 1913/2257/1558
f 1843/4007/1557 1927/4006/2024 1778/4008/1548
f 1945/2243/1547 1959/2261/566 1778/2244/1548
f 1785/697/560 1843/4007/1557 1778/4008/1548
f 1785/697/560 1778/4008/1548 1835/698/561
f 1835/2260/561 1778/2244/1548 1959/2261/566
f 1997/1844/1340 1735/1846/187 1732/4015/186
f 1732/4015/186 1831/4016/197 1997/1844/1340
f 1940/508/411 1997/1844/1340 1831/4016/197
f 1831/247/197 1832/248/198 1938/1838/412
f 1831/4016/197 1938/509/412 1940/508/411
f 1942/3195/1556 1939/2985/1819 2004/2241/1545
f 276/3853/2012 181/4017/1641 274/3585/1980
f 184/2162/1508 205/558/457 298/557/456
f 327/1388/1046 167/2295/1570 329/1389/1047
f 332/1391/1048 329/1390/1047 169/2013/1420
f 329/1390/1047 167/2297/1570 169/2013/1420
f 309/51/43 219/2012/1419 369/1392/1049
f 423/554/454 355/4018/245 244/556/453
f 392/810/637 353/2332/1584 279/1998/1413
f 415/1203/937 361/1202/936 416/2333/940
f 490/3860/1054 413/4019/1053 428/1708/463
f 473/809/636 353/2332/1584 392/810/637
f 460/811/638 324/2745/481 482/3869/480
f 487/584/479 324/586/481 415/1203/937
f 487/584/479 415/1203/937 416/2333/940
f 487/584/479 416/2333/940 527/1204/938
f 527/1204/938 383/786/624 500/587/482
f 433/1401/1056 444/574/470 507/3077/1844
f 630/1120/875 473/809/636 533/2345/1587
f 487/584/479 527/1204/938 610/4020/1910
f 527/1204/938 500/587/482 610/4020/1910
f 719/3223/1655 610/4020/1910 500/587/482
f 500/4021/482 510/4022/484 604/4023/1153
f 604/1567/1153 719/3223/1655 500/587/482
f 781/845/665 624/4024/955 708/4025/1694
f 781/845/665 683/844/664 624/4024/955
f 683/3771/664 659/1172/910 624/4026/955
f 659/4027/910 505/1228/956 624/1227/955
f 606/1719/1262 522/1718/1261 705/3773/1861
f 774/1588/1171 560/1724/1258 717/1587/1170
f 571/1244/968 534/1727/957 726/1242/660
f 903/4028/677 872/4029/678 810/4030/1664
f 875/3107/89 810/3104/1664 872/860/678
f 863/4031/970 914/2379/972 979/362/297
f 950/2380/1596 929/1250/971 927/1253/77
f 950/2380/1596 862/1252/973 929/1250/971
f 930/1254/974 1018/3140/1869 933/1256/976
f 936/4032/977 933/4033/976 1034/4034/1871
f 950/2380/1596 927/1253/77 839/4035/78
f 1135/4036/2025 950/4037/1596 839/4038/78
f 1029/3141/1870 936/4039/977 1034/3142/1871
f 1135/4040/2025 936/4041/977 1029/4042/1870
f 839/4038/78 936/4043/977 1135/4036/2025
f 939/4044/2026 933/1256/976 1018/3140/1869
f 1034/4034/1871 933/4033/976 939/4045/2026
f 939/4045/2026 871/4046/83 1034/4034/1871
f 884/1766/82 939/4044/2026 1018/3140/1869
f 939/4045/2026 884/4047/82 871/4046/83
f 1023/4048/499 1034/4034/1871 871/4046/83
f 1023/614/499 871/105/83 849/615/497
f 1107/2682/506 1168/417/333 994/621/504
f 1107/2682/506 1031/628/507 1189/2681/1706
f 1031/628/507 1117/383/314 1246/2602/1677
f 1161/1633/1197 1335/427/342 1278/429/344
f 1322/1919/1366 1214/2402/1597 1213/1920/1198
f 1215/4049/1200 1171/644/520 1294/645/521
f 1325/1921/1367 1215/4049/1200 1294/645/521
f 1273/4050/1201 1215/4051/1200 1325/1922/1367
f 1273/4050/1201 1325/1922/1367 1240/1924/713
f 1322/1919/1366 1371/2801/1751 1214/2402/1597
f 1371/2801/1751 1218/2413/1599 1214/2402/1597
f 1291/1646/1204 1267/428/343 1373/4052/1956
f 1373/4053/1956 1267/4054/343 1393/4055/1957
f 1267/4056/343 1335/4057/342 1393/4058/1957
f 1358/431/346 1195/430/345 1303/3471/340
f 1335/4057/342 1310/4059/349 1393/4058/1957
f 1358/431/346 1393/4060/1957 1310/434/349
f 1339/4061/709 1399/4062/350 1279/4063/689
f 1330/3637/1991 1344/3636/1708 1316/4064/1707
f 1296/643/519 1404/904/712 1294/645/521
f 1428/3363/1113 1465/1669/1218 1360/906/714
f 1413/1500/1116 1360/906/714 1465/1669/1218
f 1371/2801/1751 1413/1500/1116 1409/454/367
f 1451/2148/1214 1475/1291/987 1487/3645/1215
f 1540/1798/1306 1457/3163/1881 1580/939/743
f 1579/3281/1923 1630/1950/1391 1586/4065/2027
f 1612/4066/1612 1586/4065/2027 1630/1950/1391
f 1614/2456/1613 1537/4067/1542 1646/2457/1614
f 1632/1956/1392 1581/3170/1885 1615/2458/1615
f 1652/235/189 1484/910/718 1650/234/188
f 1587/2151/1499 1532/1508/1122 1659/690/553
f 1532/1508/1122 1543/1510/1123 1608/691/554
f 1608/691/554 1659/690/553 1532/1508/1122
f 1608/691/554 1554/1671/1220 1666/692/555
f 1524/1670/1219 1561/1672/1221 1699/2152/1500
f 1634/4068/2005 1585/2703/1716 1662/2705/1718
f 1547/3649/1757 1585/3648/1716 1634/4069/2005
f 1668/3279/1922 1698/3935/2018 1641/3277/1921
f 1698/4070/2018 1660/3274/1920 1641/3276/1921
f 1680/1303/999 1660/3274/1920 1698/4070/2018
f 1660/3274/1920 1680/1303/999 1640/3275/1808
f 1654/4071/1385 1710/4072/1384 1684/4073/1387
f 1734/4074/2028 1710/4075/1384 1711/4076/1390
f 1734/4077/2028 1702/1954/1309 1710/1953/1384
f 1702/1802/1309 1743/1959/1395 1755/1803/1310
f 1734/4078/2028 1743/1959/1395 1702/1802/1309
f 1719/1960/1396 1755/1803/1310 1743/1959/1395
f 1755/1803/1310 1719/1960/1396 1708/1805/1312
f 1708/1805/1312 1719/1960/1396 1712/1814/1319
f 1745/1815/1320 1712/1814/1319 1719/1960/1396
f 1749/4079/1141 1730/1958/1394 1721/1961/1397
f 1749/4079/1141 1719/1960/1396 1730/1958/1394
f 1749/4079/1141 1745/1815/1320 1719/1960/1396
f 1711/1949/1390 1759/3942/1501 1734/4080/2028
f 1743/4081/1395 1734/4082/2028 1759/4083/1501
f 1743/1959/1395 1759/4084/1501 1717/1957/1393
f 1717/2153/1393 1766/489/402 1721/4085/1397
f 1766/503/402 1749/1543/1141 1721/4086/1397
f 1763/4087/1142 1745/1815/1320 1749/4079/1141
f 1818/710/571 1919/709/570 1893/2250/567
f 1893/2250/567 1782/3282/1924 1818/710/571
f 1919/709/570 1818/710/571 1802/719/578
f 1912/3062/1334 1756/2820/1764 1757/3762/2006
f 1741/481/394 1783/1320/1010 1859/1323/1015
f 1868/504/409 1784/3940/1011 1763/1544/1142
f 1798/1339/1018 1805/4088/1025 1969/1340/1017
f 1987/4089/1731 1969/1340/1017 1805/4088/1025
f 1987/2733/1731 1805/1344/1025 1965/1343/1024
f 1839/2000/1728 1943/3678/1998 1775/3677/1004
f 1796/4090/1008 1781/3695/1007 1943/3674/1998
f 1943/3674/1998 1948/4091/2002 1796/4090/1008
f 1839/2727/1728 1779/2728/1729 1963/2837/1773
f 1948/3694/2002 1854/2479/1628 1918/3071/1626
f 1963/2837/1773 1854/2479/1628 1948/3694/2002
f 1854/2479/1628 1963/2837/1773 1951/3814/2010
f 1963/2835/1773 1857/2834/1770 1951/4092/2010
f 1874/2731/1730 1963/2837/1773 1779/2728/1729
f 1968/3198/1559 1874/2731/1730 1932/2729/1553
f 1874/2731/1730 1968/3198/1559 1974/695/558
f 1963/2837/1773 1874/2731/1730 1875/2838/1774
f 1874/2731/1730 1974/695/558 1875/2838/1774
f 1855/2156/1503 1875/2838/1774 1974/695/558
f 1880/1842/1338 1819/2984/1331 2021/2983/1818
f 1880/1842/1338 2021/2983/1818 2019/1837/1337
f 2019/1837/1337 2021/2983/1818 1840/1823/1325
f 2021/2983/1818 1819/2984/1331 1841/1824/1326
f 1983/1696/1245 2022/513/416 2031/4093/2029
f 2031/4093/2029 1837/1542/1140 1983/1696/1245
f 2031/4093/2029 1992/512/415 1994/516/419
f 2022/513/416 1992/512/415 2031/4093/2029
f 1992/512/415 1995/517/420 1994/516/419
f 2034/2860/1791 2007/515/418 2035/520/423
f 2035/520/423 1992/512/415 2034/2860/1791
f 1992/512/415 2035/520/423 1995/517/420
f 2035/520/423 2007/515/418 2036/3679/1999
f 2036/3679/1999 2007/515/418 1964/3671/1996
f 2036/3679/1999 1943/4094/1998 2035/520/423
f 1964/3671/1996 1984/3672/1997 2036/3679/1999
f 1837/1542/1140 2031/4093/2029 1991/3687/2000
f 2031/4093/2029 1994/516/419 1991/3687/2000
f 1883/1545/1143 1991/3687/2000 2030/3688/1006
f 19/2488/1631 71/4095/1643 133/3952/2020
f 28/3955/1642 133/3954/2020 71/4096/1643
f 19/2488/1631 37/2487/1632 71/4095/1643
f 68/2494/1633 7/2734/1732 147/4097/1634
f 82/2735/1638 7/2734/1732 68/2494/1633
f 82/2735/1638 89/538/440 17/525/428
f 154/2492/1636 94/4098/1645 76/2493/1637
f 37/2487/1632 26/742/595 71/4095/1643
f 26/742/595 37/2487/1632 1/736/591
f 94/4098/1645 56/744/597 76/2493/1637
f 115/540/442 56/744/597 128/541/443
f 115/540/442 76/2493/1637 56/744/597
f 232/743/596 128/541/443 56/744/597
f 232/743/596 13/545/446 128/541/443
f 401/2015/1421 243/2304/1571 134/1375/1039
f 401/2014/1421 169/2013/1420 243/2300/1571
f 300/10/10 155/4099/1424 221/11/11
f 307/4100/25 63/2290/436 284/2018/1423
f 261/15/15 177/19/17 288/4101/19
f 210/20/18 63/4102/436 307/32/25
f 288/21/19 210/20/18 307/32/25
f 215/4103/28 77/4104/1031 358/4105/26
f 224/1358/1032 215/36/28 365/35/27
f 320/4106/2030 224/4107/1032 365/4108/27
f 225/4109/22 224/4107/1032 320/4106/2030
f 358/4110/26 77/1374/1031 227/23/20
f 225/25/22 320/4111/2030 227/23/20
f 357/284/234 275/283/233 354/1402/1057
f 421/1405/237 140/285/235 357/284/234
f 418/3969/1044 423/554/454 446/1089/851
f 355/4018/245 423/554/454 418/3969/1044
f 442/2895/1801 481/3089/1848 375/1566/1152
f 481/3089/1848 493/1080/844 375/1566/1152
f 443/1082/846 375/1566/1152 493/1080/844
f 552/3430/1952 551/2064/1448 476/1209/941
f 523/1211/943 552/3430/1952 476/1209/941
f 524/1230/958 496/1095/855 564/1231/959
f 564/1231/959 496/1095/855 572/1097/857
f 565/1126/880 408/1387/962 432/1092/852
f 627/4112/2014 482/585/480 610/4020/1910
f 482/585/480 487/584/479 610/4020/1910
f 557/2760/847 654/823/648 795/2537/1659
f 795/2537/1659 658/2535/1657 557/2760/847
f 663/1880/1352 667/67/55 688/3608/1984
f 792/3603/1983 771/2073/1457 769/73/59
f 668/68/56 792/3603/1983 769/73/59
f 793/3039/1832 770/71/58 832/1175/912
f 1229/650/524 1369/4113/150 1149/3979/1104
f 1245/177/141 894/1767/1284 1244/4114/1103
f 1245/177/141 968/179/143 894/1767/1284
f 1087/2670/1702 977/3977/1591 1204/180/144
f 1204/180/144 1266/183/145 1087/2670/1702
f 1093/135/108 1172/1185/922 1300/1488/1105
f 1159/1491/1108 1093/135/108 1300/1488/1105
f 1055/372/304 1247/1777/1289 1261/1778/1290
f 1021/868/686 1181/867/685 1153/1492/1109
f 1416/3261/1914 1153/1492/1109 1262/1493/1110
f 1416/3261/1914 1378/1188/925 1153/1492/1109
f 1289/648/336 1411/1501/1117 1493/655/528
f 1420/443/356 1439/441/354 1286/176/140
f 1401/444/357 1486/1674/1223 1336/442/355
f 1338/3046/1833 1233/389/318 1459/1794/1302
f 1412/2692/1712 1422/2603/1678 1372/2604/1679
f 1243/1490/1107 1300/1488/1105 1480/1789/1297
f 1392/2689/1709 1243/1490/1107 1480/1789/1297
f 1416/3261/1914 1261/1778/1290 1498/1939/1382
f 1261/1778/1290 1497/3262/1915 1498/1939/1382
f 1431/2946/1807 1417/2691/1711 1515/2947/540
f 1474/3263/1916 1515/2947/540 1417/2691/1711
f 1367/2224/1535 1448/198/158 1508/680/544
f 1508/680/544 1474/3263/1916 1367/2224/1535
f 1508/680/544 1448/198/158 1479/200/160
f 1524/1670/1219 1473/1293/989 1420/443/356
f 1420/443/356 1470/1673/1222 1524/1670/1219
f 1486/1674/1223 1401/444/357 1582/1676/1225
f 1440/1681/1230 1441/654/527 1605/908/716
f 1527/4115/172 1521/1505/171 1548/1504/1120
f 1557/4116/1882 1490/1665/174 1527/4117/172
f 1490/1665/174 1557/4116/1882 1525/1666/1216
f 1658/941/745 1572/1678/1227 1574/1679/1228
f 1643/3051/1834 1658/941/745 1574/1679/1228
f 1575/1680/1229 1605/908/716 1643/3051/1834
f 1643/3051/1834 1605/908/716 1541/932/736
f 1503/912/720 1616/943/747 1579/3281/1923
f 1630/1950/1391 1656/1951/1386 1612/4066/1612
f 1701/2605/1680 1707/485/398 1621/2606/1681
f 1707/485/398 1648/2607/1682 1621/2606/1681
f 1748/478/391 1713/2726/1727 1518/476/389
f 1520/4118/380 1518/476/389 1713/2726/1727
f 1686/1684/1233 1520/467/380 1713/3575/1727
f 1716/929/733 1754/1686/1235 1629/471/384
f 1796/1314/1008 1933/1312/1005 1781/1313/1007
f 1998/953/757 1996/952/756 2012/2977/1815
f 1996/952/756 1936/972/772 2012/2977/1815
f 2012/4119/1815 1821/4120/1816 1847/4121/1817
f 1936/972/772 1864/974/774 2012/2977/1815
f 1998/953/757 2012/2977/1815 2025/954/758
f 2012/2977/1815 1847/2980/1817 2025/954/758
f 1877/955/759 2025/954/758 1847/2980/1817
f 160/4122/1505 166/2515/1504 156/4123/1648
f 147/3956/1634 166/2515/1504 180/2517/1647
f 156/4123/1648 166/2515/1504 147/3956/1634
f 182/4124/1507 156/4123/1648 147/3956/1634
f 147/4125/1634 7/4126/1732 182/2161/1507
f 182/2161/1507 10/2288/427 184/2162/1508
f 7/4126/1732 10/2288/427 182/2161/1507
f 146/2516/1646 195/4127/1683 133/3952/2020
f 146/2516/1646 133/3952/2020 180/2517/1647
f 135/2484/1630 19/2485/1631 195/2608/1683
f 195/4127/1683 19/2488/1631 133/3952/2020
f 141/3284/1926 255/3416/1950 175/3598/1982
f 255/4128/1950 141/4129/1926 138/4130/1925
f 267/1384/1043 270/1064/832 138/3710/1925
f 138/4131/1925 142/2313/1573 267/2312/1043
f 270/1064/832 277/1063/831 178/3713/1403
f 179/2314/1574 13/2513/446 233/1048/821
f 179/2318/1574 194/2317/1577 14/3288/1928
f 203/3290/1581 323/2321/1579 33/2320/1578
f 333/1205/939 234/1010/799 383/786/624
f 349/787/625 383/786/624 234/1010/799
f 349/787/625 303/298/244 396/1078/842
f 368/47/39 136/1565/1151 314/48/40
f 375/1566/1152 283/1381/1041 368/47/39
f 365/4132/27 358/4133/26 320/4134/2030
f 320/4111/2030 358/4110/26 227/23/20
f 443/1082/846 412/2620/626 411/1382/1042
f 443/1082/846 453/1083/627 412/2620/626
f 475/3222/1908 447/315/261 503/314/260
f 475/3867/1908 509/3866/1849 393/4135/1688
f 485/1104/863 393/2624/1688 509/3093/1849
f 644/323/269 497/322/268 535/1086/848
f 508/310/256 646/1735/1275 513/312/258
f 577/1734/1274 513/312/258 646/1735/1275
f 533/2345/1587 665/3003/1824 639/1118/873
f 665/4136/1824 533/4137/1587 679/4138/2031
f 679/4139/2031 533/2345/1587 460/811/638
f 679/4139/2031 460/811/638 627/3870/2014
f 745/4140/276 711/4141/2032 662/338/277
f 711/4142/2032 679/4139/2031 627/3870/2014
f 711/4141/2032 690/3225/1909 662/338/277
f 690/3225/1909 711/4141/2032 627/4143/2014
f 699/2529/1651 627/4143/2014 610/3226/1910
f 690/3225/1909 627/4143/2014 699/2529/1651
f 709/339/279 662/338/277 690/3225/1909
f 709/339/279 690/3225/1909 704/2532/1654
f 745/4140/276 665/4136/1824 679/4138/2031
f 679/4138/2031 711/4141/2032 745/4140/276
f 709/3009/279 704/4144/1654 830/3611/1985
f 704/4145/1654 756/4146/2015 830/4147/1985
f 704/4148/1654 653/3606/1653 756/3871/2015
f 653/3606/1653 773/3605/1954 756/3871/2015
f 798/2069/1453 690/3225/1909 699/2529/1651
f 697/2530/1652 690/3225/1909 798/2069/1453
f 754/2627/1690 744/83/68 776/89/73
f 822/127/100 789/4149/909 746/599/489
f 781/2635/665 789/1166/909 826/1165/908
f 938/3120/1857 887/3121/1858 1003/3241/516
f 890/4150/969 863/4031/970 1150/4151/1095
f 1089/1469/1094 890/1245/969 1150/1470/1095
f 1150/4151/1095 979/362/297 1154/364/127
f 863/4031/970 979/362/297 1150/4151/1095
f 930/1254/974 637/53/45 1089/1469/1094
f 1089/1469/1094 1188/4152/1098 1018/3140/1869
f 1192/4153/1100 950/4154/1596 1135/4155/2025
f 1192/4156/1100 1120/2381/132 950/2383/1596
f 1202/1483/1101 1192/1480/1100 1029/4157/1870
f 1202/4158/1101 1029/4159/1870 1137/4160/1872
f 1192/4161/1100 1135/4040/2025 1029/4042/1870
f 884/1766/82 1018/3140/1869 1188/4152/1098
f 1188/4152/1098 1244/4114/1103 884/1766/82
f 894/1767/1284 884/1766/82 1244/4114/1103
f 1149/1487/1104 1202/1485/1101 1077/4162/1091
f 1202/4163/1101 1137/4164/1872 1077/4165/1091
f 1314/2128/1487 1302/2127/1486 1264/4166/1969
f 1314/4167/1487 1264/4168/1969 1315/4169/163
f 1238/3538/1966 1302/4170/1486 1226/4171/1540
f 1174/4172/1968 981/4173/1466 1350/2132/1488
f 1254/2131/1490 1174/3532/1968 1350/2129/1488
f 981/4173/1466 1256/3045/1481 1350/2132/1488
f 1302/4170/1486 1238/3538/1966 1264/3537/1969
f 1315/205/163 1264/4166/1969 1323/2135/706
f 1264/4166/1969 1175/4174/708 1323/2135/706
f 1194/3539/1970 1254/2131/1490 1398/2136/1491
f 1318/4175/1484 1194/4176/1970 1398/4177/1491
f 1193/4178/1483 1194/4176/1970 1318/4175/1484
f 1369/4113/150 1342/3984/156 1149/3979/1104
f 1369/4113/150 1229/650/524 1341/652/151
f 1245/177/141 1244/4114/1103 1342/1781/156
f 1348/184/146 1204/180/144 1295/182/142
f 1351/2433/1601 1307/3044/1748 1386/2699/1370
f 1187/146/117 1333/2597/1675 1362/4179/1602
f 1390/3160/1880 1362/2440/1602 1333/3161/1675
f 1362/2440/1602 1390/3160/1880 1365/2441/1606
f 1319/3915/1292 1365/2441/1606 1390/3160/1880
f 1307/3044/1748 1363/1649/149 1386/2699/1370
f 1386/2699/1370 1363/1649/149 1374/1648/1206
f 1160/1184/921 1370/455/368 1405/3545/1973
f 1388/1929/1372 1444/1928/1371 1305/2445/1607
f 1444/1928/1371 1415/4180/1609 1305/2445/1607
f 1419/1930/1373 1241/1180/917 1445/1931/1374
f 1419/1930/1373 1290/1178/915 1241/1180/917
f 1419/1930/1373 1446/1934/1377 1290/1178/915
f 1241/1180/917 1324/2446/1608 1445/1931/1374
f 1446/1934/1377 1343/1933/1376 1290/1178/915
f 1434/3986/1971 1443/4181/1972 1452/209/167
f 1443/3542/1972 1408/1655/1209 1455/4182/168
f 1452/209/167 1443/4181/1972 1455/210/168
f 1454/1290/173 1487/3645/1215 1475/1291/987
f 1518/476/389 1442/660/533 1647/477/390
f 1444/1928/1371 1518/476/389 1520/4118/380
f 1522/470/383 1419/1930/1373 1456/469/382
f 1568/462/375 1450/1935/1378 1523/463/376
f 1488/465/378 1450/1935/1378 1568/462/375
f 1586/4183/2027 1505/4184/721 1579/4185/1923
f 1505/913/721 1503/912/720 1579/3281/1923
f 1612/4066/1612 1505/913/721 1586/4065/2027
f 1534/914/722 1505/913/721 1612/4066/1612
f 1590/2453/1610 1538/4186/545 1571/4187/1541
f 1613/2454/1611 1590/2453/1610 1571/4187/1541
f 1613/2454/1611 1511/4188/726 1612/2455/1612
f 1571/2231/1541 1537/2234/1542 1613/4189/1611
f 1613/4189/1611 1537/2234/1542 1614/4190/1613
f 1613/4191/1611 1614/2459/1613 1511/2235/726
f 1614/2459/1613 1539/2236/1543 1511/2235/726
f 1511/919/726 1534/914/722 1612/4066/1612
f 1537/4192/1542 1514/1660/1213 1646/2462/1614
f 1614/2459/1613 1615/2458/1615 1539/2236/1543
f 1539/2236/1543 1615/2458/1615 1581/3170/1885
f 1594/2460/1616 1646/2462/1614 1514/1660/1213
f 1680/1303/999 1681/1302/998 1640/3275/1808
f 1681/4193/998 1655/2952/1809 1640/2951/1808
f 1655/4194/1809 1681/1302/998 1691/2973/1814
f 1662/2706/1718 1636/2708/1719 1697/3997/2023
f 1697/4195/2023 1636/4196/1719 1680/4197/999
f 1680/1303/999 1636/2957/1719 1667/1304/1000
f 1667/1304/1000 1685/1301/997 1680/1303/999
f 1681/1302/998 1667/1304/1000 1691/2973/1814
f 1691/2973/1814 1667/1304/1000 1671/2974/728
f 1667/1304/1000 1669/4198/1725 1671/2974/728
f 1584/1790/1298 1648/2607/1682 1704/1521/1128
f 1703/1520/1127 1584/1790/1298 1704/1521/1128
f 1978/1336/1020 1993/3690/2001 1979/1337/1021
f 13/545/446 120/3696/2003 6/542/444
f 6/542/444 120/3696/2003 18/544/445
f 33/3292/1578 18/544/445 120/3696/2003
f 25/1350/16 18/544/445 33/3292/1578
f 25/1350/16 44/1372/1037 177/1369/17
f 44/1372/1037 25/1350/16 33/3292/1578
f 39/534/437 63/533/436 35/1352/1030
f 210/1351/18 125/4199/2033 35/1352/1030
f 35/1352/1030 125/4199/2033 77/1357/1031
f 125/4199/2033 210/1351/18 87/1370/1035
f 90/1371/1036 125/4199/2033 87/1370/1035
f 145/3699/803 125/4199/2033 90/1371/1036
f 145/3699/803 90/1371/1036 91/1373/1038
f 125/4199/2033 97/1368/21 77/1357/1031
f 125/4199/2033 129/3211/1904 97/1368/21
f 81/1367/1034 97/1368/21 129/3211/1904
f 100/4200/808 129/4201/1904 125/4202/2033
f 100/4203/808 125/4199/2033 145/3699/803
f 100/4203/808 229/3212/1905 129/3211/1904
f 3/3200/608 86/531/434 119/535/438
f 392/810/637 324/2745/481 460/811/638
f 456/1717/1260 450/569/466 522/1718/1261
f 464/570/467 526/1725/1266 463/571/468
f 506/4204/1845 471/576/472 477/3075/1843
f 471/576/472 506/4204/1845 507/3077/1844
f 529/4205/2034 546/4206/48 559/4207/46
f 529/4205/2034 519/4208/2035 546/4206/48
f 570/332/53 546/330/48 519/4209/2035
f 575/4210/51 529/4205/2034 559/4207/46
f 529/4205/2034 576/4211/865 519/4208/2035
f 519/4208/2035 576/4211/865 570/4212/53
f 578/4213/866 529/4205/2034 575/4210/51
f 576/4211/865 529/4205/2034 578/4213/866
f 673/2060/1445 549/2336/1585 588/2061/1446
f 692/2629/1691 549/4214/1585 673/2628/1445
f 692/2629/1691 708/2632/1694 549/4214/1585
f 556/2335/1348 549/2336/1585 708/4215/1694
f 715/2631/1693 692/2629/1691 694/2630/1692
f 708/4216/1694 624/4217/955 556/4218/1348
f 634/835/657 726/838/660 534/1229/957
f 736/3103/1852 771/2073/1457 654/823/648
f 736/3103/1852 654/823/648 750/822/647
f 736/3103/1852 666/74/60 769/73/59
f 666/74/60 736/3103/1852 675/3325/1936
f 736/3103/1852 750/822/647 800/1238/964
f 750/822/647 648/825/649 800/1238/964
f 800/1238/964 675/3325/1936 736/3103/1852
f 675/3325/1936 800/1238/964 785/4219/1853
f 768/3436/1513 675/3325/1936 785/4219/1853
f 601/1878/272 787/3110/1826 647/329/274
f 787/3110/1826 716/3109/965 647/329/274
f 870/4220/1460 888/4221/97 706/4222/1063
f 949/3784/2009 997/4223/1987 965/3138/1867
f 859/3235/1164 949/3784/2009 864/3236/1864
f 949/3788/2009 859/3129/1164 976/2109/1473
f 1069/3139/1868 965/3138/1867 997/4223/1987
f 997/4223/1987 1019/3335/107 1069/3139/1868
f 874/4224/1076 899/2646/1697 985/3622/690
f 886/4225/2036 1030/1770/692 899/2646/1697
f 918/2653/1078 1033/4226/1079 899/2646/1697
f 886/4225/2036 899/2646/1697 1033/4226/1079
f 1033/1443/1079 1038/3623/1988 886/4227/2036
f 1030/1770/692 886/4225/2036 1015/1768/1285
f 1015/1768/1285 886/4225/2036 1038/3625/1988
f 909/1170/663 1022/3626/1989 910/2772/1745
f 1101/3624/1873 910/2772/1745 1022/3626/1989
f 1050/4228/1669 920/1173/911 910/2772/1745
f 920/1173/911 1050/4228/1669 1048/3742/1990
f 1051/2590/1670 910/4229/1745 1101/3627/1873
f 1051/2590/1670 1050/2591/1669 910/4229/1745
f 896/3233/1863 1048/3742/1990 1054/4230/1671
f 986/4231/1672 896/3233/1863 1054/4230/1671
f 947/620/503 948/355/288 988/357/292
f 1087/2670/1702 1082/2669/1092 951/3976/293
f 1008/359/294 1082/4232/1092 1138/3521/1963
f 951/358/293 1082/4232/1092 1008/359/294
f 1082/4232/1092 1142/3519/1704 1138/3521/1963
f 1008/359/294 1138/3521/1963 1024/361/296
f 1024/361/296 1138/3521/1963 1126/1626/1190
f 1171/2404/520 1085/2403/1598 1078/4233/518
f 1375/385/316 1379/662/535 1246/2602/1677
f 1337/450/363 1346/448/361 1189/2681/1706
f 1157/384/315 1233/389/318 1338/3046/1833
f 1308/386/317 1313/2427/1600 1372/2604/1679
f 1428/3363/1113 1360/906/714 1354/903/711
f 1413/1500/1116 1371/2801/1751 1322/1919/1366
f 1413/1500/1116 1322/1919/1366 1360/906/714
f 1316/2687/1707 1309/656/529 1427/3362/1495
f 1427/2143/1495 1330/4234/1991 1316/4235/1707
f 1330/4234/1991 1427/2143/1495 1438/2142/1494
f 1438/2142/1494 1296/4236/519 1330/4234/1991
f 1435/2146/1496 1449/2149/1498 1467/2144/724
f 1467/2144/724 1449/2149/1498 1463/2141/1493
f 1438/2142/1494 1463/2141/1493 1449/2149/1498
f 1438/2142/1494 1404/3475/712 1296/4236/519
f 1430/1498/1114 1438/2142/1494 1449/2149/1498
f 1404/3475/712 1438/2142/1494 1430/1498/1114
f 1510/1792/1300 1338/3046/1833 1459/1794/1302
f 1540/1798/1306 1412/2692/1712 1433/2693/1713
f 1457/3163/1881 1429/2700/1369 1563/3743/1917
f 1429/1926/1369 1556/2810/1755 1563/3271/1917
f 1582/1676/1225 1567/1675/1224 1486/1674/1223
f 1502/1682/1231 1574/1679/1228 1491/1677/1226
f 1621/2606/1681 1481/458/371 1606/1683/1232
f 1925/729/584 1928/3763/2007 1825/734/589
f 1928/3763/2007 1931/725/580 1866/2856/1787
f 1926/3760/585 1757/3762/2006 1878/4237/1788
f 1878/4237/1788 1757/3762/2006 1744/3662/1994
f 1825/4238/589 1928/4239/2007 1866/4240/1787
f 1906/4241/1789 1767/3936/2017 1905/4242/573
f 1804/3937/1790 1767/3936/2017 1906/4241/1789
f 1905/4242/573 1767/3936/2017 1714/4243/1995
f 1905/4244/573 1714/3663/1995 1803/1527/762
f 1744/3662/1994 1804/3661/1790 1878/4237/1788
f 1820/2855/1786 1823/3566/1975 1845/4245/1976
f 1789/3821/1234 1820/2855/1786 1845/4245/1976
f 1852/3568/1977 1917/2826/1768 1826/2824/1766
f 1845/4245/1976 1887/3570/1979 1899/3194/1898
f 1823/3566/1975 1887/3570/1979 1845/4245/1976
f 1887/3570/1979 2028/3192/1896 1899/3194/1898
f 1978/1336/1020 1883/1545/1143 2030/3688/1006
f 1978/1336/1020 2033/1546/410 1883/1545/1143
f 1978/1336/1020 2030/3688/1006 1993/3690/2001
f 1839/2727/1728 1948/3694/2002 1943/4094/1998
f 1963/2837/1773 1948/3694/2002 1839/2727/1728
