# Blender 4.3.2
# www.blender.org
mtllib fused_model.mtl
o conn-usb_mesh
v -0.008652 -0.007080 -0.001298
v -0.010829 -0.007064 -0.003949
v -0.012846 -0.005495 -0.002082
v -0.009312 -0.006498 0.000196
v -0.012893 -0.006659 -0.003112
v -0.012971 -0.006335 -0.005048
v -0.006295 -0.006298 -0.000198
v -0.011206 -0.006706 -0.001998
v -0.004874 -0.006675 -0.001432
v -0.010635 -0.006167 -0.005406
v -0.003616 -0.006204 -0.003299
v -0.002396 -0.006208 -0.001681
v -0.010282 -0.005361 0.001580
v -0.017907 -0.005468 -0.002246
v -0.000002 -0.005543 -0.001827
v -0.000412 -0.005268 -0.003755
v -0.007650 -0.005677 0.000860
v -0.013702 -0.005336 -0.002750
v -0.013522 -0.004780 -0.006043
v -0.010590 -0.004961 -0.005984
v -0.006506 -0.004623 0.000526
v -0.017593 -0.005640 -0.004247
v -0.008551 -0.005120 -0.005121
v -0.007168 -0.005936 -0.004702
v -0.002293 -0.005656 -0.000577
v -0.003210 -0.004133 -0.004951
v -0.022417 -0.004463 0.000212
v -0.001561 -0.004506 0.000356
v -0.027348 -0.004915 0.000714
v -0.028545 -0.004696 -0.000893
v -0.009163 -0.004429 0.004865
v -0.013312 -0.004472 -0.000065
v -0.022310 -0.004620 -0.002310
v 0.000629 -0.004240 -0.001933
v -0.019339 -0.004652 0.000613
v -0.009472 -0.004662 0.002692
v -0.012034 -0.004824 0.005442
v -0.022125 -0.004670 -0.004855
v -0.017380 -0.004859 -0.005516
v -0.007508 -0.004661 0.002831
v -0.015173 -0.004471 -0.005153
v -0.011060 -0.005039 -0.000423
v -0.015376 -0.004618 0.001729
v -0.005567 -0.004149 -0.005062
v 0.000086 -0.004185 -0.000648
v -0.001444 -0.004713 -0.004904
v -0.012157 -0.004951 0.004412
v -0.019257 -0.005163 -0.004283
v -0.027588 -0.004790 -0.001977
v -0.017253 -0.005048 -0.000884
v -0.020936 -0.005150 -0.002823
v -0.014915 -0.005385 -0.001302
v -0.014018 -0.005163 -0.004353
v -0.027577 -0.003964 0.002482
v -0.005982 -0.003483 0.004562
v -0.013436 -0.004363 0.006391
v 0.002356 -0.004006 0.001074
v -0.016227 -0.003620 -0.005499
v -0.029793 -0.003937 0.000136
v -0.025588 -0.003927 -0.006293
v -0.010869 -0.003737 -0.005535
v -0.010363 -0.004079 0.005981
v -0.009876 -0.003243 -0.004546
v 0.003910 -0.004025 0.001657
v -0.002663 -0.003274 0.004726
v -0.029204 -0.003934 -0.004022
v -0.021461 -0.004015 -0.006149
v 0.003713 -0.004149 -0.000328
v -0.021333 -0.003362 0.003193
v -0.030434 -0.004114 -0.006708
v -0.007529 -0.003646 0.004735
v -0.019136 -0.004007 -0.005674
v -0.000436 -0.003508 0.003303
v -0.029046 -0.004055 -0.007316
v 0.000632 -0.004460 -0.003827
v 0.001186 -0.003829 0.002350
v -0.000798 -0.003482 -0.004861
v -0.025327 -0.003938 -0.000834
v -0.024436 -0.003651 0.001051
v -0.019542 -0.003636 0.002105
v -0.016838 -0.004071 0.006937
v -0.011805 -0.004741 0.003209
v -0.005637 -0.003999 0.001358
v -0.006375 -0.004229 0.003689
v -0.015967 -0.004468 0.005911
v -0.002648 -0.004569 0.003413
v -0.018597 -0.004217 0.005926
v -0.025269 -0.004396 -0.003546
v -0.027568 -0.004311 -0.004982
v -0.018024 -0.004042 0.002996
v -0.002067 -0.004414 0.002326
v -0.029381 -0.004466 -0.006214
v -0.015842 -0.004082 0.002749
v 0.000310 -0.004555 0.001788
v -0.028665 -0.003637 0.007067
v -0.010803 -0.002199 0.006421
v 0.005253 -0.003254 0.002260
v -0.040093 -0.003263 -0.007036
v -0.027954 -0.003210 0.004376
v -0.026803 -0.003079 -0.006713
v -0.029032 -0.002934 0.007735
v -0.014744 -0.003777 -0.005415
v -0.013511 -0.002953 0.007030
v -0.027164 -0.003186 0.007891
v 0.006601 -0.003120 0.002822
v -0.013794 -0.003807 -0.005867
v -0.039795 -0.003265 0.005199
v -0.023137 -0.002891 -0.006539
v 0.000216 -0.003023 -0.002258
v -0.038737 -0.003108 -0.006907
v -0.006387 -0.003376 -0.004348
v 0.006099 -0.002799 -0.000859
v 0.001942 -0.003736 -0.001576
v -0.022575 -0.003106 0.004764
v -0.025794 -0.003060 0.003245
v -0.003357 -0.003105 -0.004521
v -0.030088 -0.002993 0.001542
v 0.007562 -0.003184 0.001655
v 0.001960 -0.002854 0.002082
v 0.003471 -0.003183 0.002392
v 0.007850 -0.002576 -0.002239
v -0.016157 -0.003046 -0.004542
v -0.029575 -0.003033 -0.007612
v -0.001158 -0.002554 -0.003852
v -0.023702 -0.003131 0.007688
v -0.020068 -0.002899 0.007662
v -0.002152 -0.001741 -0.004449
v -0.017409 -0.003164 0.007522
v 0.006640 -0.003776 0.002043
v -0.024400 -0.003820 0.006815
v -0.021221 -0.003668 0.006044
v 0.006785 -0.003218 -0.000608
v -0.021372 -0.003580 0.006999
v -0.036850 -0.002255 0.006119
v -0.039997 -0.002677 0.006179
v -0.016190 -0.002090 0.007411
v -0.030521 -0.002512 0.005803
v -0.031299 -0.002303 0.004961
v -0.033239 -0.002435 0.006186
v -0.040855 -0.002518 -0.006676
v -0.030444 -0.002268 -0.003179
v -0.030808 -0.002147 0.002753
v 0.008324 -0.002366 -0.000597
v 0.003736 -0.001349 0.002522
v -0.006126 -0.002368 -0.003902
v -0.042744 -0.002188 0.000617
v -0.011891 -0.002348 -0.002634
v -0.039988 -0.002085 -0.007382
v -0.004853 -0.001582 0.004468
v -0.020595 -0.002775 -0.006072
v -0.038546 -0.002163 -0.006198
v -0.030989 -0.002511 -0.006712
v -0.038413 -0.002186 -0.007143
v 0.020915 -0.002514 -0.001707
v -0.042310 -0.002460 -0.002266
v -0.042266 -0.002146 0.005945
v -0.042342 -0.002208 0.002153
v 0.017753 -0.002414 -0.001611
v -0.031103 -0.001448 0.000993
v -0.025111 -0.002388 0.007557
v -0.021450 -0.002126 0.007748
v -0.029218 -0.001195 -0.006949
v 0.007558 -0.001641 -0.003770
v -0.009367 -0.000277 0.005949
v -0.038021 -0.002117 0.003415
v -0.004374 -0.001458 -0.004280
v 0.006378 -0.001569 0.002880
v -0.037384 -0.002336 -0.001385
v -0.008942 -0.002349 -0.004072
v -0.035191 -0.002109 0.003311
v -0.036207 -0.002101 -0.002369
v 0.007713 -0.001360 0.002060
v -0.018751 -0.002927 -0.005140
v -0.025837 -0.001844 -0.006121
v -0.016525 -0.002365 -0.003811
v 0.013678 -0.002436 -0.000529
v -0.031262 -0.002412 -0.005775
v -0.039893 -0.002185 -0.004026
v -0.013587 -0.002003 -0.003316
v 0.017867 -0.002669 -0.000673
v -0.038436 -0.001697 -0.002671
v -0.000456 -0.002133 0.003051
v 0.005093 -0.002706 -0.001010
v -0.037720 -0.002589 0.001117
v -0.040935 -0.002854 -0.000307
v -0.023852 -0.002847 0.003011
v -0.036397 -0.002677 0.001704
v -0.040028 -0.002723 0.003344
v -0.036948 -0.002518 0.005103
v -0.034023 -0.002968 0.005180
v -0.035346 -0.000839 0.006829
v -0.012568 -0.000234 0.005790
v -0.041650 -0.001584 -0.006114
v 0.020201 -0.001951 -0.000438
v 0.002123 -0.000339 0.002065
v -0.012026 -0.001463 -0.002662
v 0.021463 -0.002125 -0.000689
v -0.039525 -0.001092 0.007397
v -0.030945 -0.001813 0.006502
v -0.009795 -0.001516 -0.003693
v -0.023671 -0.001431 -0.005892
v -0.043049 -0.001325 -0.002415
v -0.041118 -0.000940 -0.006861
v 0.019968 -0.001858 -0.001763
v -0.042571 -0.001382 -0.004329
v -0.029108 -0.001814 0.007935
v 0.022319 -0.001574 -0.002196
v 0.009442 -0.001799 -0.001671
v -0.007780 -0.000920 -0.004532
v 0.008520 -0.001593 0.000556
v -0.037360 -0.001715 -0.006297
v -0.028243 -0.000338 0.007648
v 0.022532 -0.002005 -0.000295
v 0.024355 -0.002028 -0.001533
v -0.000145 -0.000392 -0.004103
v -0.019723 -0.001128 -0.005418
v -0.042900 -0.001389 0.004343
v -0.033395 -0.001393 -0.001039
v -0.002107 -0.001452 0.004418
v 0.001333 -0.001207 -0.002325
v -0.023923 -0.001155 0.006793
v 0.015523 -0.002078 -0.000450
v 0.003362 -0.000968 -0.001813
v 0.026129 -0.001692 -0.000469
v -0.031265 -0.001469 -0.002131
v 0.028865 -0.001720 -0.000454
v -0.034382 -0.001677 -0.005752
v 0.027147 -0.001532 -0.002096
v -0.032177 -0.001634 -0.005969
v -0.017980 -0.001486 -0.004904
v 0.001216 0.000041 0.002315
v 0.028498 -0.001730 -0.002443
v -0.015690 -0.001484 -0.003616
v 0.031413 -0.001151 -0.002446
v 0.006789 -0.001823 -0.003614
v 0.013610 -0.002076 -0.001697
v 0.016582 -0.001500 -0.001803
v -0.036694 -0.002214 -0.004944
v -0.033145 -0.001459 0.001836
v 0.011454 -0.001955 -0.000728
v -0.041096 -0.002104 -0.004471
v -0.034137 -0.002156 -0.003672
v 0.028967 -0.002053 -0.001645
v -0.035594 -0.001988 -0.004340
v -0.043579 -0.000911 0.005807
v 0.004225 0.000053 0.003389
v -0.014076 0.000346 0.006242
v 0.016161 -0.000761 0.000849
v 0.026670 -0.000369 -0.002265
v -0.041350 -0.000689 0.007163
v 0.018424 -0.000925 0.001247
v 0.008798 -0.000537 -0.001978
v -0.002582 -0.000410 0.004774
v 0.038736 -0.000973 -0.001751
v -0.010842 -0.000771 -0.003920
v -0.018991 -0.000705 0.006484
v 0.012127 -0.001320 -0.001589
v 0.022708 -0.000650 0.001097
v 0.005267 -0.001062 -0.002506
v 0.006941 -0.000405 0.003311
v -0.030703 -0.000297 0.007531
v 0.030767 -0.000274 -0.002866
v -0.028018 0.000125 -0.006838
v -0.043248 -0.000739 0.001222
v 0.024429 -0.000491 0.000676
v -0.014058 -0.000792 -0.004200
v 0.009001 -0.000618 0.001640
v 0.031694 -0.000125 0.000658
v 0.005270 -0.000214 -0.004063
v 0.011547 -0.001185 0.000856
v -0.043592 -0.001036 -0.007143
v 0.012990 -0.000812 0.001487
v 0.032852 -0.001124 -0.001208
v 0.028498 -0.000493 0.000763
v -0.020882 0.000734 -0.006005
v -0.005741 -0.001120 -0.004931
v 0.035955 -0.000562 -0.001497
v 0.017004 0.000051 -0.001546
v -0.038719 -0.000329 -0.006342
v 0.022724 -0.000235 -0.001983
v -0.043590 -0.001382 -0.006169
v -0.042478 -0.000051 0.007738
v -0.025809 0.000124 0.006846
v -0.044516 -0.000044 0.006085
v -0.035206 0.000117 0.006937
v -0.005332 0.000603 0.004626
v -0.032641 0.000446 -0.006397
v 0.018789 -0.000073 0.001811
v -0.037244 0.000764 -0.006012
v -0.032364 0.000027 0.007486
v -0.031331 0.000164 -0.007098
v 0.036433 0.000268 0.000718
v 0.011137 0.000124 -0.001607
v -0.040409 -0.000010 0.006865
v 0.003088 0.001429 0.003509
v -0.015401 -0.000058 -0.005755
v 0.024492 0.000506 0.002346
v 0.038839 -0.000808 -0.000586
v -0.020094 0.000555 0.006182
v 0.004149 0.000647 -0.002981
v -0.044685 -0.000396 -0.006010
v -0.037929 -0.000038 0.007554
v 0.006201 0.000210 -0.004120
v 0.040781 -0.000195 -0.002683
v -0.009181 -0.000039 -0.003412
v -0.043132 0.000443 0.005031
v 0.007669 0.000181 0.002877
v -0.043043 0.001623 0.001477
v 0.007858 0.000322 -0.002123
v 0.042636 0.000508 0.000743
v 0.028522 -0.000270 0.001474
v -0.000445 0.000309 0.003136
v -0.043191 0.001267 -0.001587
v 0.009256 0.000107 0.001743
v -0.008083 0.000696 -0.003658
v 0.019111 0.000032 -0.001553
v -0.024254 0.000758 -0.006830
v -0.042906 0.001371 0.004548
v 0.012030 -0.000023 0.001229
v -0.005137 0.000169 -0.002380
v 0.035752 0.000033 -0.002112
v 0.034147 0.000158 0.001492
v 0.043579 -0.000134 -0.000284
v 0.014513 -0.000086 0.001917
v -0.042988 0.000242 -0.003930
v 0.043032 -0.000248 -0.003218
v 0.015139 0.000177 0.002422
v -0.043860 -0.000057 -0.006977
v -0.042125 0.000491 -0.006963
v -0.003895 -0.000342 -0.003664
v -0.005321 0.000404 -0.004525
v -0.001208 0.000096 -0.003943
v 0.041655 -0.000428 -0.001168
v -0.042797 0.000989 0.007064
v -0.036860 0.000893 0.007094
v -0.010763 0.001075 0.006099
v -0.043627 0.000728 0.006133
v 0.019205 0.000947 0.001425
v -0.008004 0.001077 0.005885
v -0.042054 0.000947 0.007883
v -0.006440 0.000621 -0.001633
v 0.013863 0.000759 0.001141
v 0.028061 0.000849 -0.000329
v -0.035401 0.000590 0.006200
v 0.020808 0.000599 0.002508
v -0.043328 0.001039 -0.005902
v 0.001341 0.000771 -0.002538
v 0.014795 0.001049 -0.000185
v -0.034698 0.001505 -0.005964
v 0.002938 0.001675 -0.003070
v 0.029562 0.000804 -0.001804
v -0.001172 0.000999 0.004625
v 0.042199 0.001122 -0.004140
v 0.020260 0.000681 -0.001220
v -0.012769 -0.000494 -0.004674
v 0.008142 0.000928 0.002005
v 0.040444 0.000216 0.002694
v -0.032776 0.000806 0.007189
v -0.006917 0.000788 -0.003452
v 0.033444 0.000787 -0.002265
v -0.010225 0.000787 -0.003940
v -0.016057 0.001064 0.006663
v 0.008592 0.000868 0.000125
v 0.043531 0.000702 0.002290
v 0.044524 0.000711 -0.000500
v 0.004726 0.001054 -0.003890
v 0.009942 0.000939 0.000162
v -0.030631 0.001677 0.007752
v 0.036227 0.000734 -0.002156
v -0.040865 0.000586 0.006162
v -0.018282 0.000462 -0.006459
v 0.030458 0.000633 0.002504
v -0.005539 0.000680 -0.001495
v -0.004059 0.000732 -0.001410
v 0.040179 0.001211 -0.002974
v 0.017219 0.000872 0.002704
v 0.043598 0.001195 -0.003805
v 0.036599 0.000563 0.002551
v -0.001723 0.000784 -0.002561
v 0.012836 0.000102 -0.000956
v -0.002618 0.000586 -0.001063
v 0.042672 -0.000032 0.002626
v -0.031026 0.001594 0.002866
v -0.031013 0.002191 0.007192
v -0.042001 0.001501 0.005475
v -0.030331 0.001425 0.001741
v -0.013178 0.002093 0.007683
v -0.026937 0.001810 -0.007526
v -0.006531 0.001663 -0.002026
v 0.021427 0.001646 0.002616
v 0.006495 0.002155 0.003730
v 0.000022 0.001935 -0.003071
v -0.024397 0.001302 0.006943
v -0.012516 0.002401 -0.006740
v -0.029152 0.002948 0.007883
v -0.029563 0.002069 -0.008036
v -0.042381 0.001988 -0.003246
v 0.036415 0.001888 0.003128
v 0.020848 0.002066 0.000549
v -0.007077 0.001507 -0.003715
v 0.034609 0.001560 -0.000270
v -0.031996 0.001612 -0.006371
v -0.023081 0.002100 -0.007707
v 0.044261 0.001634 -0.000030
v 0.023890 0.000747 -0.000889
v 0.001480 0.001629 -0.002968
v 0.036568 0.001444 -0.001440
v 0.044418 0.001644 -0.001706
v 0.040111 0.001820 0.003632
v -0.040309 0.000838 -0.006147
v -0.010020 0.002080 -0.005570
v -0.008357 0.001196 -0.004930
v 0.040445 0.002077 -0.002483
v 0.026361 0.001023 -0.000610
v -0.019629 0.001483 0.006654
v -0.020590 0.002085 -0.007279
v 0.000424 0.002215 0.004521
v 0.024315 0.001566 0.002677
v 0.014858 0.002001 0.001011
v 0.042637 0.001209 0.004262
v -0.004411 0.001464 -0.002133
v -0.002826 0.001551 -0.001790
v -0.033762 0.001458 0.005713
v 0.043713 0.001800 0.003745
v -0.006865 0.002813 0.006313
v 0.028250 0.001474 0.002973
v 0.043572 0.002065 0.002591
v -0.003255 0.001540 -0.003769
v 0.016529 0.001729 0.001994
v -0.014944 0.001493 -0.006848
v 0.042956 0.001667 0.001016
v 0.007118 0.002736 -0.001435
v 0.007151 0.002458 -0.003137
v 0.032600 0.001937 0.002918
v 0.017325 0.000892 0.000551
v -0.001222 0.001589 -0.002728
v -0.037665 0.001296 0.005959
v 0.017875 0.001200 0.001106
v -0.031194 0.000857 0.001346
v 0.031669 0.001284 -0.000098
v 0.004227 0.002939 0.002812
v -0.041938 0.002351 0.004485
v -0.005051 0.002749 0.005649
v -0.001733 0.002901 0.005845
v -0.042527 0.001995 -0.000593
v 0.022032 0.002407 0.001970
v -0.031782 0.001784 -0.001913
v -0.030519 0.002876 0.006171
v -0.039144 0.002339 0.005092
v 0.007680 0.001928 0.002609
v -0.011549 0.002246 -0.005898
v 0.033023 0.002954 0.002444
v -0.024695 0.001979 -0.000328
v -0.030283 0.002222 0.004007
v -0.042456 0.002390 0.001474
v 0.040907 0.002056 -0.000666
v 0.001389 0.002650 -0.003029
v 0.043364 0.002464 -0.001334
v 0.025332 0.002363 0.000541
v -0.037506 0.002617 -0.004825
v 0.004913 0.002193 -0.003375
v -0.006125 0.002704 -0.004630
v -0.041930 0.002410 -0.005202
v 0.025584 0.002287 0.002291
v -0.008329 0.002567 -0.005602
v -0.014892 0.002153 -0.006982
v -0.023810 0.002401 -0.002273
v -0.026148 0.002137 0.007518
v -0.023338 0.002228 -0.004803
v -0.025932 0.001901 -0.000862
v -0.038715 0.002501 -0.005533
v -0.035555 0.002214 0.005007
v -0.033253 0.002413 -0.004760
v -0.004257 0.002110 -0.004768
v -0.018721 0.002654 0.007678
v 0.029030 0.002522 0.002684
v -0.031245 0.002499 -0.005082
v -0.031883 0.002296 -0.005667
v -0.001079 0.001974 -0.003604
v -0.031331 0.001925 0.005174
v -0.001475 0.002278 -0.004610
v 0.042479 0.002372 0.004645
v 0.039217 0.001814 -0.000133
v -0.030765 0.002105 -0.001123
v -0.030482 0.002200 -0.002807
v 0.042503 0.001991 0.000326
v -0.026324 0.002301 -0.002134
v -0.026494 0.002159 -0.003683
v -0.025415 0.002376 -0.003828
v -0.009891 0.002222 0.006827
v 0.040223 0.002123 -0.001594
v -0.005542 0.001888 -0.003619
v -0.038089 0.002870 0.001435
v -0.038673 0.003125 0.003473
v -0.014969 0.002994 -0.000520
v -0.012255 0.003060 0.007666
v -0.039914 0.003135 -0.000867
v -0.000431 0.003299 -0.002901
v -0.011320 0.003205 -0.006013
v -0.009203 0.003043 0.006751
v -0.023273 0.002592 0.004240
v -0.029714 0.003261 -0.007351
v -0.030103 0.003638 0.002658
v 0.007472 0.003463 0.000649
v -0.029725 0.003632 0.007100
v -0.027764 0.003509 0.007217
v 0.034661 0.003331 0.001097
v 0.036698 0.002937 0.002732
v -0.027033 0.003070 -0.006994
v -0.026237 0.002752 0.004314
v -0.004421 0.003025 -0.004681
v -0.015889 0.003139 -0.003455
v 0.005007 0.002737 -0.000709
v -0.007778 0.002894 0.007099
v 0.000382 0.003392 0.004640
v 0.036817 0.003183 0.001174
v 0.003306 0.003061 -0.001447
v 0.039355 0.002906 0.003157
v -0.018599 0.002928 -0.004985
v -0.028145 0.003664 0.000321
v -0.022880 0.003205 -0.000265
v -0.000853 0.003099 -0.003966
v -0.026793 0.002890 0.001190
v -0.021420 0.002880 -0.001730
v -0.020497 0.003342 0.002800
v -0.018886 0.003069 -0.002973
v 0.002347 0.003153 0.004330
v -0.021831 0.002672 0.007655
v -0.023800 0.003198 -0.006176
v 0.042762 0.003729 0.003898
v -0.020883 0.003150 -0.004654
v -0.018836 0.003069 0.001974
v -0.022697 0.003063 -0.007572
v 0.039384 0.002992 0.000725
v -0.020836 0.003247 -0.007017
v -0.015456 0.003389 0.007919
v -0.018053 0.003265 -0.007334
v -0.027807 0.003039 -0.005116
v -0.026137 0.003148 -0.006167
v 0.027905 0.002613 0.001201
v -0.017234 0.002820 -0.001064
v 0.032695 0.003030 0.001226
v 0.043054 0.002502 -0.002777
v -0.035833 0.002942 -0.003082
v -0.024765 0.002263 0.002677
v 0.004009 0.002814 -0.003249
v -0.024678 0.002577 0.001347
v -0.021945 0.003125 0.001412
v -0.034272 0.002667 0.003799
v -0.040726 0.002907 0.001196
v -0.035634 0.002495 -0.005304
v -0.033274 0.002331 0.001231
v -0.020442 0.002854 -0.000640
v -0.029447 0.003837 0.004916
v -0.020353 0.003566 0.004768
v -0.028075 0.003644 0.005322
v -0.028299 0.004236 0.002260
v -0.012201 0.003940 0.006951
v -0.001598 0.003868 0.005510
v -0.030060 0.003782 -0.000881
v 0.006757 0.003935 0.002582
v -0.013012 0.003718 -0.002330
v 0.002930 0.004322 0.000238
v 0.007563 0.003632 0.002215
v -0.028386 0.003656 -0.002439
v -0.012270 0.004442 -0.004646
v 0.005550 0.003708 0.001145
v 0.041432 0.004047 0.003521
v -0.029473 0.004016 -0.003001
v 0.002226 0.004037 0.004082
v -0.010260 0.003924 0.004995
v -0.012871 0.003926 -0.006041
v 0.042435 0.004096 0.002793
v -0.010218 0.004012 -0.005517
v -0.028502 0.004039 -0.003908
v -0.008236 0.003786 0.006187
v -0.008696 0.003578 0.004550
v -0.023434 0.003592 0.007730
v -0.001676 0.003735 -0.004463
v -0.006850 0.003953 0.005455
v -0.029925 0.003810 -0.005794
v -0.007938 0.004241 0.003216
v -0.023574 0.003748 0.006211
v -0.013454 0.003765 0.004103
v 0.004074 0.003955 0.001278
v -0.017475 0.004012 0.007230
v -0.011622 0.004255 0.001580
v -0.036251 0.003204 -0.000930
v -0.016173 0.003177 0.004437
v -0.024573 0.003800 0.006898
v 0.038182 0.003660 0.001906
v 0.040495 0.003582 0.001910
v -0.022077 0.003620 -0.006669
v -0.016904 0.002993 0.002189
v -0.019041 0.003859 -0.006614
v -0.013633 0.003586 0.001314
v -0.016642 0.003648 -0.006102
v -0.014243 0.003484 -0.006095
v -0.001490 0.004350 -0.000013
v -0.001139 0.004242 -0.001343
v 0.000735 0.004784 -0.000135
v -0.008584 0.004783 0.000848
v -0.010463 0.004732 -0.004110
v -0.009466 0.004506 -0.001909
v -0.013076 0.004064 0.006021
v -0.010770 0.004230 0.006054
v -0.018088 0.004192 0.005789
v -0.012301 0.004458 -0.000798
v -0.029327 0.004352 0.000445
v -0.002888 0.004284 0.004453
v -0.007165 0.004128 -0.003775
v -0.000374 0.004361 0.003858
v -0.010181 0.004017 -0.000241
v 0.006811 0.004160 0.000948
v -0.014823 0.003766 0.006072
v -0.002382 0.003946 0.002599
v -0.008507 0.004463 -0.000580
v 0.001150 0.003975 -0.001674
v -0.006672 0.004209 0.000610
v -0.009762 0.004513 0.002919
v -0.005215 0.004359 -0.002114
v -0.021898 0.003971 0.006968
v -0.005882 0.004501 0.004501
v -0.002049 0.004402 -0.002868
v -0.004427 0.004184 0.000945
v -0.004894 0.004193 -0.003813
v -0.003860 0.004086 -0.003517
v 0.002221 0.004585 0.001799
vn -0.0898 0.2904 -0.9527
vn 0.0116 0.4649 -0.8853
vn 0.1187 0.8161 -0.5656
vn 0.1087 -0.4950 -0.8620
vn -0.0312 -0.7255 -0.6875
vn 0.0356 0.0920 -0.9951
vn 0.1639 0.1769 -0.9705
vn -0.2389 0.5052 -0.8293
vn 0.0932 0.6674 -0.7388
vn 0.2925 0.5968 -0.7471
vn 0.0731 -0.4165 -0.9062
vn 0.3484 -0.6552 -0.6704
vn 0.4061 0.3449 -0.8462
vn -0.5844 -0.1460 -0.7982
vn -0.2821 -0.7616 -0.5834
vn -0.4548 -0.7138 -0.5326
vn 0.5528 -0.2611 -0.7914
vn 0.0527 0.5976 -0.8001
vn -0.1150 -0.7290 -0.6748
vn -0.0786 -0.2739 -0.9585
vn -0.0526 0.3578 -0.9323
vn -0.0984 -0.5543 -0.8265
vn -0.0399 0.4629 -0.8855
vn 0.0414 -0.2188 -0.9749
vn 0.1396 -0.7960 0.5890
vn 0.0758 -0.8891 0.4513
vn 0.0889 -0.9858 -0.1422
vn -0.0756 0.3721 -0.9251
vn -0.9746 0.0643 0.2144
vn -0.9940 0.1077 -0.0199
vn -0.6265 -0.7780 -0.0473
vn -0.9379 -0.3368 -0.0834
vn -0.2704 -0.6173 -0.7388
vn -0.4988 0.5403 -0.6777
vn 0.0843 0.4625 -0.8826
vn 0.0872 0.0182 -0.9960
vn 0.1204 0.4022 -0.9076
vn 0.1553 0.3088 -0.9383
vn 0.0382 -0.0839 0.9957
vn -0.0480 0.3331 0.9417
vn 0.0013 -0.4091 0.9125
vn 0.1983 -0.2598 0.9451
vn 0.1172 -0.0432 -0.9922
vn 0.2122 -0.2977 -0.9308
vn -0.1799 0.0877 -0.9798
vn 0.1033 -0.4607 -0.8815
vn 0.0391 -0.4980 -0.8663
vn 0.3957 -0.4864 -0.7790
vn 0.2558 0.1125 -0.9602
vn 0.3429 0.0427 -0.9384
vn 0.0973 -0.6232 -0.7760
vn 0.1571 -0.0681 -0.9852
vn -0.1545 0.4769 -0.8653
vn 0.3687 0.6471 -0.6673
vn 0.8420 -0.0112 -0.5394
vn 0.4665 0.6799 -0.5658
vn 0.3707 -0.7491 -0.5490
vn 0.2937 0.0888 -0.9518
vn 0.4561 -0.6218 -0.6367
vn 0.2545 -0.0792 -0.9638
vn 0.0815 -0.6176 -0.7823
vn 0.0200 -0.9753 -0.2201
vn -0.4608 -0.7772 -0.4285
vn 0.1955 -0.6392 -0.7438
vn 0.1706 -0.9114 -0.3746
vn 0.2983 -0.9432 0.1465
vn 0.0919 -0.9562 0.2779
vn -0.4212 -0.8199 0.3878
vn -0.4969 -0.7125 0.4953
vn -0.4260 -0.8407 0.3342
vn -0.1590 -0.8834 0.4409
vn -0.2697 -0.2223 -0.9369
vn 0.2230 -0.0029 -0.9748
vn 0.1103 0.1150 -0.9872
vn 0.4326 -0.6699 0.6034
vn 0.4184 -0.6207 0.6631
vn 0.1964 -0.7836 0.5895
vn 0.7289 -0.6478 0.2214
vn 0.4593 -0.7685 -0.4454
vn 0.0173 -0.0674 -0.9976
vn 0.0807 0.2582 0.9627
vn 0.1371 -0.0028 0.9906
vn 0.2232 0.0461 0.9737
vn 0.2011 -0.0576 0.9779
vn 0.0736 -0.0464 0.9962
vn 0.1272 -0.2556 0.9584
vn 0.0354 0.7208 -0.6922
vn -0.1657 0.7144 -0.6798
vn -0.3679 0.8509 -0.3751
vn 0.0143 0.7789 -0.6270
vn -0.0879 0.8859 -0.4555
vn -0.1195 0.9509 0.2856
vn -0.2848 0.8934 0.3476
vn -0.2762 0.3760 0.8845
vn 0.0059 0.0096 0.9999
vn 0.0400 0.7461 0.6646
vn -0.0336 -0.1337 0.9905
vn 0.0262 0.9458 -0.3238
vn -0.0269 0.7452 0.6663
vn 0.0739 0.8918 -0.4463
vn -0.0873 0.9335 -0.3477
vn -0.0305 0.8348 -0.5498
vn 0.1652 0.6190 -0.7678
vn -0.0119 0.9810 -0.1938
vn 0.1845 0.8738 -0.4499
vn 0.0807 0.9952 0.0561
vn 0.0207 0.9974 0.0684
vn 0.0102 0.9989 -0.0462
vn -0.0479 0.9984 0.0295
vn 0.2088 0.9527 -0.2210
vn 0.1355 0.8287 -0.5430
vn 0.0709 0.9039 -0.4219
vn 0.1822 0.9615 -0.2056
vn 0.2137 0.8261 -0.5215
vn -0.2135 -0.9127 0.3484
vn 0.3081 -0.9065 0.2885
vn 0.4452 -0.7320 0.5157
vn -0.0806 -0.5052 -0.8592
vn 0.0257 -0.9821 0.1865
vn -0.3360 -0.9071 0.2536
vn -0.1652 -0.9862 -0.0136
vn -0.0977 -0.9747 -0.2010
vn 0.1421 -0.9411 0.3069
vn -0.1426 -0.9109 0.3872
vn -0.6902 -0.6781 0.2525
vn -0.6653 -0.7366 0.1217
vn -0.0162 -0.9859 0.1664
vn -0.0570 -0.9717 0.2292
vn 0.0806 -0.9675 0.2398
vn 0.1013 -0.9924 0.0696
vn 0.1354 -0.4804 0.8666
vn -0.0054 -0.9408 0.3390
vn 0.0901 -0.2578 0.9620
vn -0.1257 -0.9853 -0.1157
vn 0.0603 -0.3056 0.9502
vn 0.0452 -0.8350 0.5484
vn 0.1963 -0.0892 0.9765
vn -0.1987 -0.3869 0.9004
vn -0.0768 -0.8631 0.4991
vn -0.2132 -0.2395 0.9472
vn 0.2807 -0.3378 0.8984
vn 0.1206 -0.2318 0.9652
vn 0.1215 -0.8285 -0.5467
vn -0.1882 -0.9033 -0.3856
vn 0.6572 -0.6699 0.3454
vn 0.6970 -0.2946 0.6537
vn 0.3635 -0.3228 -0.8739
vn 0.2306 -0.9640 -0.1327
vn 0.3788 -0.8995 0.2178
vn -0.3551 -0.8858 -0.2989
vn -0.6144 -0.6959 -0.3717
vn -0.0982 0.0027 -0.9952
vn 0.5475 -0.0417 -0.8358
vn 0.1283 -0.9902 0.0560
vn -0.1462 -0.9799 -0.1358
vn 0.0243 -0.9979 -0.0601
vn 0.1090 -0.9905 0.0833
vn 0.0039 -0.9999 0.0117
vn -0.3742 -0.9243 0.0750
vn 0.0583 -0.9978 -0.0310
vn 0.0249 -0.9874 -0.1563
vn -0.0634 -0.6877 -0.7232
vn -0.6452 -0.7620 -0.0558
vn -0.7015 -0.7078 0.0833
vn -0.4234 -0.5170 -0.7439
vn -0.3217 -0.0359 -0.9462
vn -0.3821 -0.0867 -0.9200
vn -0.6300 -0.3472 -0.6947
vn 0.0913 0.0050 -0.9958
vn 0.1269 0.0353 -0.9913
vn 0.1526 -0.2238 -0.9626
vn 0.0497 -0.4806 -0.8756
vn 0.3236 -0.3765 -0.8681
vn 0.2437 -0.2195 -0.9447
vn -0.1712 0.1201 -0.9779
vn 0.0107 -0.3673 -0.9300
vn -0.5256 -0.4637 -0.7133
vn 0.4857 -0.1594 -0.8595
vn 0.3471 0.0426 -0.9369
vn -0.3709 0.0902 -0.9243
vn 0.3792 0.0597 -0.9234
vn 0.7824 0.3551 -0.5116
vn 0.4274 0.9018 -0.0640
vn 0.1131 0.9925 0.0474
vn 0.2097 0.6421 -0.7374
vn -0.1497 0.4886 0.8596
vn 0.0009 0.8333 -0.5528
vn -0.8987 0.4353 0.0527
vn -0.9744 -0.2228 -0.0290
vn -0.6811 0.7305 0.0494
vn -0.8099 0.5834 -0.0607
vn -0.6523 0.7008 -0.2887
vn 0.1025 0.7718 -0.6276
vn 0.0739 0.2682 -0.9605
vn -0.3600 0.8615 -0.3581
vn 0.1071 0.4830 0.8690
vn 0.0590 0.8961 0.4398
vn 0.1350 0.2486 0.9591
vn 0.1741 0.9553 0.2389
vn 0.1862 0.7928 0.5804
vn 0.4635 0.2127 0.8602
vn 0.5134 0.1190 0.8499
vn 0.0230 0.9935 -0.1117
vn 0.0157 0.9977 0.0661
vn 0.0103 0.9940 0.1091
vn 0.1383 0.7902 0.5970
vn 0.0924 -0.1124 0.9894
vn 0.0274 0.9820 0.1868
vn 0.3265 0.6169 0.7161
vn 0.1796 -0.0549 0.9822
vn 0.0819 -0.9298 0.3588
vn -0.0086 -0.8975 0.4410
vn -0.2015 -0.7779 -0.5952
vn 0.1705 -0.7834 -0.5976
vn 0.2927 -0.5615 -0.7740
vn 0.3828 0.2006 -0.9018
vn 0.0741 -0.4009 -0.9131
vn 0.1359 -0.4073 -0.9031
vn 0.1855 -0.7349 -0.6523
vn 0.1598 -0.2562 0.9533
vn -0.0926 -0.3075 0.9470
vn -0.1937 -0.2508 0.9485
vn 0.3509 -0.2427 0.9044
vn 0.7079 -0.0729 0.7026
vn 0.5301 0.3480 0.7733
vn 0.3881 -0.5008 0.7737
vn -0.0550 -0.7284 0.6830
vn -0.0767 -0.6630 0.7447
vn -0.2449 -0.3624 0.8993
vn -0.1519 -0.1650 0.9745
vn -0.0245 -0.7581 0.6517
vn 0.1480 -0.3982 0.9053
vn 0.0145 -0.6422 0.7664
vn 0.0741 -0.3044 0.9497
vn 0.5560 -0.4712 0.6847
vn 0.3577 -0.4088 0.8396
vn 0.2299 0.5836 0.7788
vn 0.1714 0.1893 0.9668
vn -0.5733 -0.7859 0.2317
vn -0.0044 -0.9937 0.1118
vn 0.3821 -0.8954 0.2287
vn 0.8214 -0.5088 -0.2577
vn 0.8512 -0.2027 -0.4840
vn 0.1012 -0.5104 0.8540
vn 0.2414 -0.3317 0.9120
vn 0.4102 -0.1402 0.9012
vn 0.4305 -0.4517 0.7814
vn 0.5213 -0.0155 0.8533
vn 0.2484 -0.2382 0.9389
vn 0.4162 -0.5934 0.6889
vn -0.0044 -0.7348 -0.6783
vn 0.1293 -0.9897 -0.0608
vn -0.0479 -0.8365 0.5459
vn 0.0746 -0.8822 0.4650
vn -0.0571 -0.4776 -0.8767
vn -0.0369 -0.5257 -0.8499
vn 0.3315 -0.6843 -0.6495
vn -0.6911 -0.7224 -0.0234
vn -0.9135 -0.4064 -0.0169
vn -0.2671 -0.1580 -0.9506
vn 0.0401 -0.0006 -0.9992
vn -0.2225 0.1043 -0.9693
vn 0.0985 -0.1916 -0.9765
vn 0.3560 0.7216 -0.5937
vn 0.1175 -0.2212 -0.9681
vn 0.2320 0.9488 -0.2145
vn 0.2355 0.7474 -0.6213
vn 0.1809 0.0918 -0.9792
vn -0.1403 0.5684 -0.8107
vn 0.1146 0.2231 -0.9680
vn 0.0646 0.9053 -0.4198
vn -0.1696 0.9855 -0.0077
vn 0.1288 0.9916 0.0120
vn 0.1026 0.9908 -0.0877
vn -0.4488 0.8892 0.0892
vn 0.1882 0.9811 0.0444
vn 0.2915 0.9564 -0.0184
vn -0.8589 0.5103 0.0436
vn -0.1048 0.9916 -0.0762
vn -0.7952 0.6001 -0.0864
vn 0.5579 0.8250 -0.0903
vn -0.0422 0.9967 0.0687
vn -0.1163 0.5449 0.8304
vn 0.2068 0.9294 0.3057
vn -0.0342 0.9607 -0.2756
vn 0.0169 0.8390 0.5438
vn 0.0213 0.9650 -0.2614
vn -0.0353 0.9805 -0.1931
vn -0.0437 0.3447 0.9377
vn -0.0827 0.9945 0.0635
vn 0.0454 -0.9359 0.3494
vn -0.0645 -0.9978 -0.0158
vn 0.2843 -0.8659 0.4115
vn -0.0440 -0.9990 -0.0091
vn -0.0012 -0.9322 0.3618
vn 0.1795 -0.9377 0.2974
vn 0.1548 -0.9628 0.2216
vn -0.1087 -0.9923 0.0587
vn 0.0314 -0.9768 0.2120
vn 0.0896 -0.5376 0.8384
vn -0.4737 -0.4026 0.7832
vn 0.2431 -0.5358 0.8086
vn 0.3148 -0.6093 0.7278
vn -0.0049 -0.0852 -0.9964
vn -0.0560 0.2489 -0.9669
vn 0.6990 0.1935 -0.6885
vn 0.7245 0.0175 -0.6890
vn 0.2006 -0.7590 -0.6194
vn 0.6211 0.3540 -0.6993
vn 0.5829 0.6821 -0.4415
vn 0.4253 -0.7894 -0.4428
vn 0.5016 -0.6398 -0.5823
vn 0.2327 -0.6773 -0.6979
vn 0.2400 -0.6191 -0.7477
vn -0.1556 0.3778 -0.9127
vn 0.1108 -0.8696 -0.4812
vn 0.2496 0.2305 -0.9405
vn -0.1277 -0.7155 -0.6868
vn 0.0240 -0.9326 -0.3601
vn -0.2965 0.3301 -0.8962
vn -0.5667 0.4160 -0.7112
vn -0.4473 -0.0961 -0.8892
vn 0.0130 -0.9301 -0.3672
vn 0.3420 0.9396 -0.0145
vn 0.0346 0.9891 0.1432
vn -0.0089 0.7455 -0.6665
vn 0.0623 0.9599 -0.2734
vn -0.4346 0.8700 0.2328
vn -0.3004 0.8232 -0.4818
vn -0.2558 0.9469 -0.1950
vn -0.7582 0.6471 0.0802
vn -0.8073 0.5861 -0.0690
vn -0.6426 0.7628 0.0719
vn 0.2787 0.9604 -0.0020
vn 0.4726 0.8777 0.0792
vn 0.2032 0.9758 0.0809
vn 0.4631 0.8852 0.0431
vn 0.4279 0.8974 0.1080
vn 0.0047 0.9815 0.1916
vn -0.0450 0.9775 0.2059
vn 0.0272 0.8206 0.5708
vn 0.3425 0.9084 -0.2399
vn 0.2554 0.8299 -0.4961
vn 0.2355 0.3794 -0.8948
vn 0.1696 0.9308 -0.3238
vn -0.1055 0.9430 -0.3155
vn 0.2002 0.9701 -0.1370
vn 0.4531 0.8255 -0.3366
vn 0.8502 0.5079 -0.1383
vn -0.0581 -0.9490 0.3100
vn -0.1864 -0.9457 0.2663
vn -0.2120 -0.9772 0.0134
vn -0.0366 -0.9851 0.1679
vn -0.2411 -0.9701 0.0295
vn 0.0393 -0.9801 0.1946
vn -0.1752 -0.8799 -0.4417
vn 0.0399 -0.9618 -0.2709
vn -0.0718 -0.9578 -0.2782
vn -0.0289 0.5198 -0.8538
vn -0.0094 0.2337 -0.9723
vn 0.0686 -0.5157 -0.8540
vn 0.4338 0.3238 -0.8408
vn -0.0745 -0.6785 0.7308
vn -0.1714 -0.9753 0.1397
vn -0.1273 -0.9880 0.0874
vn -0.1592 -0.9349 0.3171
vn -0.5292 -0.8364 0.1427
vn -0.5778 -0.8124 -0.0780
vn -0.0726 -0.9974 -0.0045
vn -0.4917 -0.8682 -0.0670
vn -0.0610 0.4554 0.8882
vn 0.1276 0.3378 0.9325
vn 0.2730 -0.4024 0.8738
vn -0.4324 -0.8999 -0.0568
vn 0.5573 -0.3894 0.7333
vn -0.0500 0.3835 -0.9222
vn 0.0788 -0.3597 -0.9297
vn 0.0855 -0.2059 -0.9748
vn 0.0365 -0.2412 -0.9698
vn -0.1100 -0.5416 -0.8334
vn 0.1847 -0.6824 -0.7073
vn 0.0050 -0.1686 -0.9857
vn 0.0195 0.7951 -0.6061
vn 0.1537 0.7706 -0.6185
vn 0.5839 0.5606 -0.5872
vn 0.0544 0.9940 -0.0947
vn 0.2072 0.9668 0.1495
vn 0.5715 -0.6834 0.4543
vn 0.4773 -0.8786 0.0177
vn 0.0165 -0.9627 0.2702
vn -0.0385 -0.9867 0.1579
vn 0.2361 0.0117 0.9717
vn 0.0317 0.3553 0.9342
vn -0.8809 0.3997 0.2536
vn -0.3323 0.4584 0.8243
vn -0.3789 0.8651 0.3286
vn -0.0286 0.7709 0.6363
vn -0.5195 0.8541 0.0241
vn -0.0448 0.8043 0.5925
vn 0.0959 0.8069 0.5829
vn -0.9216 0.3844 -0.0527
vn 0.2385 0.8571 0.4566
vn 0.8366 0.1491 0.5271
vn 0.8167 0.5357 0.2144
vn 0.8311 0.4606 0.3115
vn 0.0643 0.9979 -0.0115
vn -0.2041 0.9788 -0.0176
vn -0.0134 0.9815 0.1911
vn 0.0572 0.9961 0.0676
vn 0.0790 0.9617 0.2623
vn 0.3368 0.3299 0.8819
vn -0.0292 0.9980 -0.0554
vn 0.4067 0.6754 0.6152
vn 0.3052 0.9493 0.0746
vn -0.0671 -0.9958 -0.0616
vn -0.5140 -0.8337 -0.2020
vn 0.0620 -0.9965 0.0560
vn -0.1618 -0.8428 -0.5133
vn 0.0850 0.7211 0.6876
vn 0.0893 0.7697 0.6321
vn -0.2669 0.5846 0.7662
vn -0.0593 0.8231 0.5648
vn -0.3162 0.9484 -0.0221
vn -0.5552 0.7178 0.4201
vn -0.2093 0.1721 0.9626
vn 0.1581 0.0224 0.9872
vn 0.0065 0.3937 0.9192
vn 0.1345 -0.0505 0.9896
vn -0.3062 0.9519 -0.0051
vn -0.2927 0.9553 0.0410
vn -0.3613 0.9324 0.0074
vn 0.0510 0.4333 -0.8998
vn -0.1480 0.1969 -0.9692
vn 0.0799 -0.9402 0.3312
vn 0.1378 -0.9764 0.1665
vn 0.0494 -0.9550 0.2924
vn -0.3946 0.5486 -0.7371
vn -0.0272 0.0826 0.9962
vn 0.0243 0.8384 0.5445
vn -0.0667 0.8399 -0.5386
vn -0.3293 -0.2172 0.9189
vn 0.2288 -0.5614 0.7953
vn 0.1320 0.0841 0.9877
vn 0.9370 -0.1252 0.3262
vn 0.3503 0.9350 -0.0552
vn 0.9558 0.2900 0.0494
vn 0.8049 0.3229 0.4980
vn 0.0940 -0.4699 0.8777
vn 0.1135 -0.4119 0.9041
vn -0.1976 0.7234 -0.6615
vn 0.3462 -0.8311 -0.4353
vn -0.0295 -0.9697 -0.2427
vn -0.0179 -0.9785 0.2055
vn 0.1469 0.1285 -0.9808
vn -0.1693 -0.2231 0.9600
vn 0.1017 -0.7539 0.6491
vn 0.0462 -0.5765 0.8158
vn -0.0584 -0.8842 0.4634
vn 0.0488 -0.5816 0.8120
vn 0.0876 -0.9639 0.2514
vn 0.0271 -0.7702 0.6372
vn 0.0471 0.9957 -0.0793
vn -0.0943 0.9939 0.0574
vn -0.2988 0.9444 -0.1373
vn -0.1712 0.9814 -0.0872
vn 0.0030 0.9943 -0.1066
vn 0.0392 0.7582 -0.6508
vn -0.0565 0.9663 0.2511
vn -0.1145 0.9748 0.1914
vn -0.0028 0.9672 0.2539
vn 0.0368 0.9803 -0.1943
vn -0.1540 0.9813 -0.1156
vn -0.0506 0.9987 0.0059
vn -0.1454 0.9857 0.0851
vn -0.1423 0.9880 -0.0603
vn -0.0147 0.9989 0.0435
vn 0.0239 0.9981 -0.0566
vn 0.4360 -0.7965 -0.4189
vn -0.5419 0.7856 0.2988
vn 0.2517 0.2980 0.9208
vn -0.1212 -0.0561 0.9910
vn -0.0871 -0.9285 0.3611
vn 0.8777 0.3776 -0.2949
vn 0.7632 -0.6407 0.0842
vn 0.3401 -0.8784 0.3357
vn 0.8224 -0.4838 0.2994
vn -0.6585 0.7519 -0.0315
vn 0.1125 -0.4158 0.9025
vn 0.1685 0.9701 0.1750
vn -0.7819 0.6002 -0.1684
vn -0.0024 0.9343 -0.3564
vn -0.0499 0.8198 -0.5705
vn 0.1381 0.5525 -0.8220
vn 0.0764 0.4962 -0.8648
vn 0.1378 0.4530 -0.8808
vn -0.0095 -0.9995 0.0315
vn -0.0434 -0.9980 -0.0451
vn 0.0973 -0.2571 -0.9615
vn 0.0680 -0.6368 -0.7680
vn 0.3249 0.2134 -0.9214
vn 0.3006 0.3815 -0.8741
vn -0.0977 -0.7324 0.6738
vn 0.0551 -0.3202 0.9457
vn -0.1088 -0.2033 0.9731
vn -0.3336 -0.7294 0.5972
vn -0.2580 -0.2472 0.9340
vn -0.1988 -0.0856 0.9763
vn -0.9908 0.0822 -0.1073
vn -0.7708 -0.6355 -0.0440
vn -0.2573 -0.1833 0.9488
vn -0.5017 -0.7870 0.3590
vn 0.1639 -0.3347 0.9280
vn 0.2067 0.3409 0.9171
vn 0.0064 0.1068 0.9943
vn -0.8034 0.4561 -0.3828
vn 0.0953 0.7992 0.5935
vn -0.4045 0.8967 0.1796
vn -0.1786 0.6026 0.7778
vn 0.1305 0.0992 -0.9865
vn -0.0536 0.9964 -0.0659
vn -0.1444 0.9473 -0.2860
vn -0.1145 0.9507 -0.2881
vn -0.0285 0.9701 -0.2409
vn -0.1746 0.9770 -0.1224
vn -0.0409 0.9983 0.0418
vn -0.0260 0.9977 -0.0630
vn 0.0824 0.9927 -0.0879
vn -0.0497 0.9975 -0.0508
vn -0.1654 0.9850 -0.0496
vn -0.1263 0.9918 0.0203
vn -0.0160 0.9999 0.0026
vn -0.0200 -0.9824 0.1858
vn 0.0735 -0.9427 0.3255
vn 0.2229 0.0600 -0.9730
vn 0.0444 -0.9987 0.0239
vn 0.0958 -0.9947 0.0379
vn 0.1217 -0.7216 0.6816
vn 0.0247 -0.9989 -0.0393
vn 0.1031 -0.9792 -0.1747
vn 0.2001 -0.6890 0.6966
vn -0.0434 0.1461 -0.9883
vn 0.0553 -0.9812 -0.1849
vn -0.0064 -0.3130 -0.9497
vn 0.0386 -0.9214 0.3868
vn 0.0154 -0.9487 -0.3158
vn -0.0226 0.7629 0.6461
vn -0.0886 0.9381 -0.3347
vn -0.0319 0.9195 -0.3918
vn -0.1472 0.6012 0.7854
vn -0.1579 0.8780 -0.4518
vn -0.0025 0.8237 -0.5670
vn -0.0008 0.9950 -0.0995
vn -0.0613 0.9739 -0.2184
vn 0.3152 0.9318 -0.1802
vn 0.4063 0.7118 0.5729
vn 0.2917 0.9235 -0.2493
vn 0.4636 0.8751 -0.1387
vn 0.0710 -0.1171 0.9906
vn 0.0021 -0.1246 0.9922
vn -0.3213 0.9470 -0.0021
vn 0.3488 0.9366 -0.0327
vn -0.1644 -0.0403 -0.9856
vn 0.0625 0.2915 0.9545
vn -0.1984 -0.1708 0.9651
vn 0.0240 -0.5455 0.8378
vn -0.3453 0.8350 0.4285
vn 0.0913 0.8111 0.5778
vn -0.0674 0.9947 0.0774
vn 0.0610 0.9933 0.0984
vn -0.0205 0.9975 -0.0682
vn 0.0723 -0.9936 0.0864
vn -0.0443 -0.9578 0.2839
vn -0.3714 -0.9167 0.1475
vn -0.4459 -0.8946 -0.0295
vn 0.1512 -0.9498 0.2738
vn 0.0813 -0.9920 0.0968
vn 0.1825 -0.9575 0.2232
vn 0.1222 -0.9751 0.1852
vn 0.3395 -0.9041 -0.2595
vn -0.0275 -0.9960 0.0847
vn -0.4494 -0.8930 0.0262
vn 0.0400 -0.9906 -0.1305
vn 0.1527 -0.9823 -0.1085
vn 0.1017 -0.9825 -0.1558
vn -0.1146 0.8364 -0.5360
vn -0.0900 0.9210 -0.3790
vn 0.1387 0.6293 -0.7647
vn -0.0832 0.4285 -0.8997
vn -0.2080 0.8639 -0.4587
vn -0.3405 0.2327 -0.9110
vn -0.1754 0.9845 0.0037
vn 0.2630 0.8584 -0.4403
vn 0.2833 0.9419 0.1803
vn 0.0403 -0.9985 -0.0367
vn -0.0429 -0.7749 -0.6306
vn 0.1246 -0.9890 0.0798
vn 0.4878 -0.7667 0.4174
vn 0.3580 -0.7551 -0.5492
vn -0.3384 0.9389 0.0622
vn -0.1364 0.8269 -0.5456
vn 0.1178 0.9205 0.3726
vn 0.2681 0.9416 -0.2036
vn 0.0376 0.8890 -0.4564
vn 0.4586 0.0063 0.8886
vn 0.0320 0.9989 0.0335
vn 0.0461 0.9980 -0.0428
vn -0.3803 -0.9138 -0.1424
vn -0.5096 -0.8593 0.0428
vn 0.0178 -0.9985 -0.0526
vn -0.6252 -0.6547 -0.4249
vn -0.1310 -0.9894 -0.0626
vn 0.0082 -0.5328 -0.8462
vn 0.1226 -0.4430 0.8881
vn 0.2612 -0.3597 0.8958
vn -0.1582 0.7425 -0.6509
vn -0.0205 0.9889 0.1469
vn 0.1603 -0.9723 0.1699
vn 0.1104 -0.8880 0.4463
vn -0.3064 -0.9451 -0.1134
vn -0.0023 0.0785 -0.9969
vn 0.5978 0.1380 -0.7897
vn 0.8998 0.3546 -0.2543
vn -0.1598 0.8973 0.4114
vn -0.0621 0.9965 0.0563
vn 0.0564 -0.8418 0.5369
vn -0.3563 0.9321 -0.0647
vn -0.0793 -0.9788 0.1888
vn 0.2519 -0.9615 0.1102
vt 0.828660 0.801607
vt 0.827049 0.824556
vt 0.811506 0.821483
vt 0.879870 0.143922
vt 0.868939 0.081662
vt 0.892543 0.114664
vt 0.899082 0.152027
vt 0.837346 0.787724
vt 0.823103 0.724598
vt 0.837346 0.741951
vt 0.407545 0.905006
vt 0.407545 0.946073
vt 0.386320 0.953376
vt 0.804204 0.634609
vt 0.823852 0.663703
vt 0.798165 0.655859
vt 0.836243 0.662038
vt 0.924256 0.876651
vt 0.949823 0.928325
vt 0.938092 0.951304
vt 0.944266 0.882482
vt 0.926803 0.844346
vt 0.953355 0.830724
vt 0.931957 0.787848
vt 0.949245 0.793541
vt 0.819048 0.310936
vt 0.804010 0.341945
vt 0.782881 0.314971
vt 0.936497 0.726643
vt 0.762669 0.858079
vt 0.755985 0.890416
vt 0.738071 0.866827
vt 0.736169 0.836902
vt 0.444425 0.962330
vt 0.429107 0.976296
vt 0.429107 0.960046
vt 0.862391 0.866421
vt 0.882132 0.885127
vt 0.854026 0.877576
vt 0.872349 0.910046
vt 0.565561 0.917845
vt 0.590074 0.938911
vt 0.566873 0.947567
vt 0.584560 0.905135
vt 0.555398 0.522747
vt 0.535733 0.508968
vt 0.562874 0.467418
vt 0.551329 0.436605
vt 0.951377 0.040050
vt 0.920293 0.029789
vt 0.949993 -0.000000
vt 0.940861 0.083894
vt 0.220073 0.909215
vt 0.218701 0.885909
vt 0.233297 0.885081
vt 0.233297 0.932221
vt 0.849520 0.681320
vt 0.836243 0.708825
vt 0.836621 0.682392
vt 0.836243 0.640510
vt 0.672198 0.944939
vt 0.678312 0.960190
vt 0.655040 0.950287
vt 0.658917 0.967947
vt 0.678312 0.928582
vt 0.656717 0.934203
vt 0.856555 0.639670
vt 0.391797 0.863226
vt 0.408788 0.845148
vt 0.411600 0.860102
vt 0.879836 0.314396
vt 0.857222 0.313745
vt 0.867735 0.279640
vt 0.429107 0.960046
vt 0.431933 0.905006
vt 0.450675 0.960046
vt 0.889305 0.365003
vt 0.887554 0.418235
vt 0.016349 0.248293
vt 0.039220 0.226771
vt 0.046574 0.264876
vt 0.074688 0.358126
vt 0.051520 0.388666
vt 0.048425 0.363697
vt 0.620384 0.968065
vt 0.611213 0.935964
vt 0.635762 0.935964
vt 0.893907 0.266130
vt 0.900340 0.310857
vt 0.898880 0.341383
vt 0.450675 0.916425
vt 0.472558 0.932536
vt 0.468316 0.960594
vt 0.056804 0.223130
vt 0.082247 0.285985
vt 0.033855 0.189719
vt 0.005230 0.199102
vt 0.928202 0.417656
vt 0.514052 0.474497
vt 0.541986 0.412388
vt 0.511359 0.391193
vt 0.540917 0.367303
vt 0.519598 0.293924
vt 0.553677 0.301247
vt 0.672967 0.318341
vt 0.674875 0.374991
vt 0.645740 0.363643
vt 0.670438 0.279609
vt 0.649435 0.293910
vt 0.624307 0.343861
vt 0.632643 0.388945
vt 0.615087 0.353082
vt 0.884033 0.776968
vt 0.882715 0.735808
vt 0.893787 0.715190
vt 0.895705 0.764349
vt 0.881210 0.680982
vt 0.641179 0.253273
vt 0.897413 0.667923
vt 0.667957 0.253069
vt 0.644457 0.178703
vt 0.666948 0.196653
vt 0.440350 0.276648
vt 0.417328 0.280087
vt 0.413514 0.229053
vt 0.345664 0.221124
vt 0.340743 0.186225
vt 0.387636 0.198548
vt 0.355545 0.140544
vt 0.399520 0.149350
vt 0.414217 0.193721
vt 0.409930 0.177669
vt 0.376318 0.135192
vt 0.402109 0.124663
vt 0.382125 0.099736
vt 0.425365 0.143919
vt 0.103801 0.342958
vt 0.079317 0.330732
vt 0.119374 0.297703
vt 0.087871 0.303587
vt 0.068473 0.284650
vt 0.472558 0.905006
vt 0.897563 0.220485
vt 0.899546 0.243314
vt 0.886952 0.239349
vt 0.905181 0.258101
vt 0.913214 0.301493
vt 0.210165 0.551918
vt 0.221440 0.617356
vt 0.179391 0.610600
vt 0.176487 0.526766
vt 0.158546 0.579008
vt 0.148568 0.608206
vt 0.139605 0.648156
vt 0.116183 0.646319
vt 0.151984 0.549278
vt 0.119662 0.607990
vt 0.121681 0.561880
vt 0.093747 0.578872
vt 0.223373 0.539401
vt 0.208257 0.504711
vt 0.217197 0.483158
vt 0.193174 0.503977
vt 0.210229 0.442409
vt 0.491487 0.546923
vt 0.483211 0.481469
vt 0.497551 0.492926
vt 0.500169 0.433912
vt 0.492998 0.162308
vt 0.491616 0.135924
vt 0.521504 0.158852
vt 0.493664 0.119836
vt 0.517819 0.123028
vt 0.041746 0.108384
vt 0.042270 0.092616
vt 0.091104 0.100774
vt 0.492213 0.099124
vt 0.520663 0.098929
vt 0.032787 0.772898
vt 0.051826 0.760597
vt 0.035689 0.791252
vt 0.855720 0.909068
vt 0.854553 0.926363
vt 0.871015 0.933535
vt 0.020877 0.790766
vt 0.107567 0.702812
vt 0.107636 0.765461
vt 0.090825 0.748781
vt 0.153104 0.745275
vt 0.067210 0.718942
vt 0.087068 0.671728
vt 0.090463 0.783550
vt 0.059602 0.742501
vt 0.036239 0.725944
vt 0.029664 0.678068
vt 0.068479 0.661091
vt 0.029257 0.692197
vt 0.981682 0.706253
vt 0.981682 0.756275
vt 0.966831 0.717988
vt 0.650925 0.631522
vt 0.653400 0.609713
vt 0.683974 0.627647
vt 0.694401 0.608108
vt 0.677922 0.579221
vt 0.906502 0.100392
vt 0.920011 0.158147
vt 0.953289 0.174487
vt 0.917225 0.185302
vt 0.740948 0.620302
vt 0.767979 0.608150
vt 0.767187 0.654086
vt 0.784822 0.626136
vt 0.638105 0.775510
vt 0.659184 0.798154
vt 0.623244 0.810508
vt 0.035248 0.946996
vt 0.054024 0.953899
vt 0.033863 0.962624
vt 0.819029 0.630475
vt 0.796960 0.616352
vt 0.678089 0.568415
vt 0.643143 0.554822
vt 0.678181 0.554135
vt 0.643675 0.533800
vt 0.673470 0.517194
vt 0.630771 0.500952
vt 0.665008 0.490276
vt 0.775087 0.820221
vt 0.739892 0.779675
vt 0.784848 0.804059
vt 0.788636 0.845203
vt 0.777939 0.887257
vt 0.649831 0.724927
vt 0.631172 0.748664
vt 0.614514 0.724753
vt 0.639307 0.702488
vt 0.840261 0.900865
vt 0.815492 0.906419
vt 0.817101 0.880589
vt 0.622805 0.288532
vt 0.619482 0.234587
vt 0.592727 0.368930
vt 0.607133 0.413026
vt 0.593661 0.418220
vt 0.611213 0.387065
vt 0.603989 0.351516
vt 0.590310 0.350532
vt 0.457639 0.960594
vt 0.457639 0.981522
vt 0.445183 0.974654
vt 0.278047 0.276804
vt 0.285676 0.252661
vt 0.309154 0.268928
vt 0.271228 0.223756
vt 0.588715 0.332760
vt 0.606196 0.327208
vt 0.587288 0.302773
vt 0.305215 0.240670
vt 0.604173 0.252035
vt 0.589241 0.256185
vt 0.798913 0.358983
vt 0.804385 0.378238
vt 0.783226 0.368706
vt 0.966831 0.656584
vt 0.966831 0.594286
vt 0.979636 0.617861
vt 0.845293 0.926683
vt 0.827577 0.955076
vt 0.821585 0.926683
vt 0.650637 0.935964
vt 0.650637 0.976565
vt 0.635762 0.955061
vt 0.014028 0.933274
vt -0.000000 0.885081
vt 0.023995 0.895746
vt 0.000268 0.917001
vt 0.565057 0.173361
vt 0.537311 0.179115
vt 0.543475 0.156628
vt 0.535962 0.117212
vt 0.544849 0.104043
vt 0.543183 0.074531
vt 0.531906 0.077747
vt 0.522532 0.036634
vt 0.540632 0.031620
vt 0.528300 0.019520
vt 0.539491 0.000000
vt 0.856932 0.452958
vt 0.849447 0.463292
vt 0.830253 0.439112
vt 0.836243 0.599331
vt 0.855578 0.571409
vt 0.849648 0.601105
vt 0.843234 0.397073
vt 0.537585 0.262806
vt 0.559263 0.241327
vt 0.577921 0.217486
vt 0.588190 0.152523
vt 0.575940 0.125515
vt 0.034153 0.391582
vt 0.054412 0.323224
vt 0.004905 0.395828
vt 0.017255 0.361227
vt 0.316246 0.929896
vt 0.294689 0.925086
vt 0.314547 0.914535
vt 0.391089 0.953376
vt 0.407545 0.983016
vt 0.391087 0.983016
vt 0.966831 0.815189
vt 0.982942 0.829613
vt 0.966831 0.850054
vt 0.490225 0.311164
vt 0.493064 0.264349
vt 0.521233 0.254124
vt 0.488734 0.223959
vt 0.510048 0.222445
vt 0.498238 0.182135
vt 0.483252 0.195069
vt 0.784282 0.383204
vt 0.959754 0.865077
vt 0.964086 0.816385
vt 0.962053 0.764119
vt 0.776169 0.243559
vt 0.797879 0.286214
vt 0.795139 0.243773
vt 0.954609 0.719828
vt 0.966831 0.693163
vt 0.771864 0.272066
vt 0.764783 0.251542
vt 0.762397 0.206119
vt 0.718322 0.791388
vt 0.725206 0.732483
vt 0.469258 0.905006
vt 0.452700 0.898326
vt 0.472558 0.880041
vt 0.954860 0.336074
vt 0.934711 0.307403
vt 0.954986 0.310631
vt 0.970178 0.324475
vt 0.980748 0.367871
vt 0.961267 0.367848
vt 0.520396 0.918345
vt 0.488288 0.911401
vt 0.511353 0.895131
vt 0.378521 0.942955
vt 0.378521 0.970552
vt 0.357941 0.966494
vt 0.353222 0.944181
vt 0.969315 0.391478
vt 0.985700 0.430398
vt 0.960945 0.423800
vt 0.983457 0.448414
vt 0.757796 0.935714
vt 0.757796 0.976806
vt 0.746275 0.951715
vt 0.788636 0.870014
vt 0.845293 0.870014
vt 0.611213 0.774787
vt 0.942720 0.960541
vt 0.961889 0.951304
vt 0.961889 0.980575
vt 0.429443 0.701398
vt 0.367141 0.738421
vt 0.368350 0.681453
vt 0.402102 0.675179
vt 0.277564 0.575124
vt 0.271766 0.553857
vt 0.318029 0.557252
vt 0.312744 0.585521
vt 0.345775 0.573275
vt 0.367186 0.584970
vt 0.349010 0.555194
vt 0.247471 0.499270
vt 0.235089 0.481606
vt 0.246355 0.457607
vt 0.258286 0.483793
vt 0.242668 0.388821
vt 0.264553 0.398354
vt 0.261238 0.347753
vt 0.233297 0.357652
vt 0.247602 0.306882
vt 0.261687 0.320467
vt 0.166943 0.363458
vt 0.151124 0.367106
vt 0.153779 0.319853
vt 0.132284 0.363554
vt 0.120521 0.328294
vt 0.071507 0.209779
vt 0.094447 0.270925
vt 0.186212 0.463854
vt 0.199044 0.434939
vt 0.181244 0.423326
vt 0.196418 0.382865
vt 0.232227 0.592603
vt 0.233297 0.621632
vt 0.481946 0.382687
vt 0.487951 0.334472
vt 0.956630 0.389167
vt 0.936098 0.366056
vt 0.938938 0.411070
vt 0.638212 0.842809
vt 0.616814 0.844241
vt 0.668294 0.828208
vt 0.718322 0.673055
vt 0.737732 0.649582
vt 0.741478 0.691333
vt 0.803442 0.692236
vt 0.788764 0.687613
vt 0.092032 0.963195
vt 0.071843 0.979360
vt 0.071843 0.925778
vt 0.983519 0.887311
vt 0.978320 0.912040
vt 0.966831 0.916001
vt 0.966831 0.891581
vt 0.210170 0.937555
vt 0.190909 0.911022
vt 0.452486 0.872752
vt 0.423205 0.903068
vt 0.565561 0.979204
vt 0.576709 0.947567
vt 0.585007 0.979204
vt 0.693275 0.960716
vt 0.705425 0.960716
vt 0.701709 0.977687
vt 0.124944 0.955083
vt 0.113566 0.970167
vt 0.113566 0.942294
vt 0.172979 0.899385
vt 0.173584 0.885921
vt 0.190909 0.885081
vt 0.187417 0.917963
vt 0.172254 0.921873
vt 0.185507 0.941399
vt 0.348306 0.862573
vt 0.378521 0.854111
vt 0.374590 0.879049
vt 0.167099 0.943197
vt 0.178726 0.960548
vt 0.190909 0.968323
vt 0.389138 0.897601
vt 0.379083 0.875552
vt 0.389138 0.867663
vt 0.488708 0.959010
vt 0.488708 0.984924
vt 0.472558 0.970906
vt 0.611213 0.811745
vt 0.611213 0.774787
vt 0.353274 0.897806
vt 0.378521 0.911778
vt 0.352711 0.921860
vt 0.277682 0.928140
vt 0.294689 0.914536
vt 0.294689 0.961702
vt 0.334703 0.942955
vt 0.271797 0.962907
vt 0.362554 0.830059
vt 0.349401 0.828501
vt 0.855382 0.705022
vt 0.334594 0.878830
vt 0.818766 0.973981
vt 0.807327 0.943008
vt 0.818766 0.926683
vt 0.717656 0.973789
vt 0.705456 0.932158
vt 0.717656 0.921327
vt 0.356559 0.810930
vt 0.336765 0.635433
vt 0.386454 0.612619
vt 0.437250 0.672375
vt 0.429205 0.635375
vt 0.434231 0.604139
vt 0.443559 0.614161
vt 0.443076 0.583109
vt 0.262185 0.872387
vt 0.271797 0.916949
vt 0.236115 0.875239
vt 0.261332 0.846062
vt 0.370574 0.521580
vt 0.389488 0.527572
vt 0.413655 0.530349
vt 0.391655 0.559073
vt 0.434147 0.550472
vt 0.450351 0.524506
vt 0.415627 0.513490
vt 0.450640 0.488166
vt 0.352147 0.071830
vt 0.380416 0.066597
vt 0.405397 0.096640
vt 0.369741 0.040252
vt 0.339454 0.031311
vt 0.341830 0.011522
vt 0.381161 0.007464
vt 0.347732 0.001552
vt 0.105045 0.484245
vt 0.104277 0.532398
vt 0.054130 0.514787
vt 0.077951 0.454631
vt 0.065039 0.534950
vt 0.057498 0.467159
vt 0.028814 0.491234
vt 0.025930 0.465659
vt 0.025462 0.536293
vt 0.005321 0.527868
vt 0.705425 0.950837
vt 0.678312 0.960716
vt 0.696764 0.929427
vt 0.678312 0.928582
vt 0.429107 0.905006
vt 0.429107 0.958378
vt 0.407545 0.929791
vt 0.850407 0.816228
vt 0.850407 0.863091
vt 0.837346 0.827995
vt 0.671636 0.852019
vt 0.647451 0.877534
vt 0.641152 0.857473
vt 0.944167 0.451291
vt 0.925562 0.446429
vt 0.478059 0.429370
vt 0.149860 0.510263
vt 0.140370 0.459723
vt 0.129738 0.484481
vt 0.206611 0.647632
vt 0.160613 0.656920
vt 0.195223 0.660948
vt 0.909828 0.866421
vt 0.920902 0.893588
vt 0.896718 0.885654
vt 0.510688 0.603709
vt 0.498978 0.584398
vt 0.514315 0.552128
vt 0.502076 0.531922
vt 0.543409 0.193547
vt 0.051272 0.885081
vt 0.045651 0.868835
vt 0.072278 0.850070
vt 0.042973 0.838854
vt 0.444715 0.978407
vt 0.031113 0.870324
vt 0.607404 0.934718
vt 0.611213 0.914898
vt 0.607289 0.893043
vt 0.548039 0.222219
vt 0.681392 0.661917
vt 0.634282 0.663195
vt 0.624336 0.578212
vt 0.980596 0.220956
vt 1.000000 0.253816
vt 0.945798 0.259562
vt 0.968804 0.097023
vt 0.973649 0.134153
vt 0.945721 0.133965
vt 0.950625 0.219208
vt 0.724062 0.597492
vt 0.745554 0.590875
vt 0.745480 0.605915
vt 0.786205 0.593499
vt 0.299005 0.810930
vt 0.298122 0.823301
vt 0.279992 0.828950
vt 0.320571 0.840312
vt 0.280360 0.847180
vt 0.356897 0.105779
vt 0.327496 0.082662
vt 0.516520 0.078479
vt 0.520396 0.959010
vt 0.505361 0.980698
vt 0.501953 0.959010
vt 0.809052 0.450863
vt 0.802276 0.414963
vt 0.833739 0.403652
vt 0.134942 0.664075
vt 0.611213 0.853995
vt 0.549650 0.608960
vt 0.529501 0.581824
vt 0.806736 0.926683
vt 0.825925 0.924011
vt 0.718322 0.927685
vt 0.742660 0.890416
vt 0.754190 0.927685
vt 0.286255 0.785398
vt 0.271788 0.771232
vt 0.285607 0.769943
vt 0.276525 0.726490
vt 0.332028 0.778126
vt 0.978512 0.520776
vt 0.991706 0.484392
vt 0.994938 0.536447
vt 0.767639 0.725255
vt 0.787915 0.771531
vt 0.776073 0.772339
vt 0.603265 0.114544
vt 0.571949 0.101902
vt 0.598343 0.100861
vt 0.124944 0.917006
vt 0.105208 0.935760
vt 0.114321 0.902457
vt 0.092032 0.942294
vt 0.332217 0.710039
vt 0.335587 0.751034
vt 0.300212 0.718924
vt 0.286512 0.162079
vt 0.271019 0.142147
vt 0.295815 0.122991
vt 0.285487 0.111610
vt 0.315804 0.154444
vt 0.596256 0.218526
vt 0.605877 0.188554
vt 0.611213 0.224540
vt 0.293171 0.082701
vt 0.336824 0.054145
vt 0.129492 0.818800
vt 0.147658 0.844955
vt 0.102150 0.843118
vt 0.071371 0.808521
vt 0.031722 0.827897
vt 0.023889 0.817028
vt 0.265088 0.703877
vt 0.248323 0.691485
vt 0.262808 0.668964
vt 0.247404 0.628019
vt 0.268983 0.643143
vt 0.276738 0.605190
vt 0.582614 0.685374
vt 0.561310 0.711027
vt 0.574708 0.683304
vt 0.543022 0.648809
vt 0.594306 0.662519
vt 0.581189 0.617357
vt 0.966831 0.489978
vt 0.979587 0.463132
vt 0.335202 0.329573
vt 0.366445 0.308603
vt 0.391343 0.320040
vt 0.909608 0.278247
vt 0.921472 0.272799
vt 0.928550 0.323801
vt 0.811463 0.198114
vt 0.780011 0.182496
vt 0.807827 0.124393
vt 0.635841 0.620722
vt 0.888257 0.618038
vt 0.903940 0.609027
vt 0.671799 0.151036
vt 0.886348 0.514260
vt 0.876896 0.481741
vt 0.895067 0.486127
vt 0.885927 0.463131
vt 0.669083 0.027805
vt 0.659411 0.020345
vt 0.676799 0.000997
vt 0.578749 0.431825
vt 0.580079 0.379452
vt 0.447359 0.842507
vt 0.422313 0.827886
vt 0.472558 0.810930
vt 0.444353 0.247883
vt 0.429314 0.213520
vt 0.429703 0.186887
vt 0.389138 0.840316
vt 0.043164 0.057617
vt 0.078018 0.066042
vt 0.018373 0.067721
vt 0.000000 0.086059
vt 0.044410 0.081792
vt 0.834668 0.685065
vt 0.809325 0.479701
vt 0.791843 0.481845
vt 0.788252 0.417607
vt 0.899168 0.017007
vt 0.895504 0.069642
vt 0.384635 0.918262
vt 0.307808 0.876489
vt 0.271797 0.879808
vt 0.920902 0.977335
vt 0.920902 0.951304
vt 0.942720 0.966479
vt 0.922551 0.942079
vt 0.690472 0.337870
vt 0.680075 0.393439
vt 0.698647 0.276940
vt 0.872968 0.801952
vt 0.857222 0.810347
vt 0.867754 0.785345
vt 0.852742 0.364764
vt 0.827193 0.337245
vt 0.846154 0.307835
vt 0.827288 0.246525
vt 0.842364 0.215077
vt 0.822095 0.159089
vt 0.836377 0.119797
vt 0.337767 0.603692
vt 0.373782 0.596639
vt 0.399660 0.592284
vt 0.167099 0.932087
vt 0.167099 0.979545
vt 0.148823 0.944037
vt 0.857086 0.810181
vt 0.850407 0.828495
vt 0.850407 0.780970
vt 0.449248 0.658270
vt 0.455627 0.616242
vt 0.330746 0.590032
vt 0.335383 0.501687
vt 0.362298 0.502285
vt 0.391716 0.488444
vt 0.278401 0.670740
vt 0.364643 0.779506
vt 0.457684 0.461230
vt 0.463187 0.538516
vt 0.431158 0.481318
vt 0.427478 0.442750
vt 0.433203 0.407362
vt 0.456709 0.413927
vt 0.364448 0.350667
vt 0.372931 0.385981
vt 0.409459 0.365065
vt 0.425948 0.308319
vt 0.401845 0.411653
vt 0.449405 0.376700
vt 0.981852 0.665172
vt 0.980180 0.706253
vt 0.966831 0.689930
vt 0.842169 0.780970
vt 0.921246 0.382402
vt 0.854026 0.941978
vt 0.882132 0.958934
vt 0.882132 0.983460
vt 0.870632 0.968439
vt 0.865454 0.958934
vt 0.880368 0.955580
vt 0.702977 0.856968
vt 0.702977 0.874245
vt 0.695477 0.861498
vt 0.920902 0.942083
vt 0.882132 0.907724
vt 0.908487 0.958806
vt 0.556161 0.091912
vt 0.613614 0.560150
vt 0.620081 0.543503
vt 0.552512 0.004568
vt 0.125584 0.967877
vt 0.134979 0.948635
vt 0.134008 0.966313
vt 0.632467 0.472198
vt 0.872168 0.838101
vt 0.861370 0.866421
vt 0.887413 0.564426
vt 0.861173 0.504112
vt 0.866675 0.558517
vt 0.691032 0.909685
vt 0.703007 0.918590
vt 0.681306 0.928582
vt 0.666586 0.907745
vt 0.655040 0.923023
vt 0.718322 0.955212
vt 0.718322 0.930233
vt 0.736485 0.927685
vt 0.732577 0.962114
vt 0.245118 0.600040
vt 0.210200 0.938464
vt 0.222801 0.953032
vt 0.210200 0.969962
vt 0.567807 0.588956
vt 0.296400 0.650678
vt 0.259743 0.592122
vt 0.294357 0.588835
vt 0.312997 0.600702
vt 0.449812 0.339468
vt 0.472558 0.471139
vt 0.463832 0.442108
vt 0.468973 0.398850
vt 0.488708 0.990149
vt 0.488708 0.959010
vt 0.501666 0.975994
vt 0.051271 0.582626
vt 0.033124 0.620489
vt 0.010130 0.591874
vt 0.884198 0.178426
vt 0.877060 0.208013
vt 0.815877 0.862507
vt 0.798485 0.825501
vt 0.795509 0.779050
vt 0.788636 0.751890
vt 0.507881 0.809700
vt 0.535994 0.746234
vt 0.532788 0.809749
vt 0.520151 0.681233
vt 0.543977 0.683491
vt 0.782842 0.935714
vt 0.782842 0.964121
vt 0.764933 0.952322
vt 0.498663 0.635394
vt 0.092032 0.925778
vt 0.078739 0.918115
vt 0.092032 0.885081
vt 0.549473 0.853995
vt 0.516388 0.840818
vt 0.539246 0.834525
vt 0.066445 0.902251
vt 0.549596 0.819074
vt 0.549004 0.787486
vt 0.429107 0.958378
vt 0.429107 0.983592
vt 0.410887 0.978050
vt 0.730495 0.708825
vt 0.752571 0.719038
vt 0.262869 0.753915
vt 0.248053 0.783732
vt 0.235531 0.772161
vt 0.966831 0.594286
vt 0.968662 0.568318
vt 0.983035 0.580171
vt 0.768206 0.711128
vt 0.990687 0.219281
vt 0.311991 0.436307
vt 0.290784 0.479691
vt 0.281214 0.433877
vt 0.287403 0.369071
vt 0.359366 0.473562
vt 0.333676 0.458973
vt 0.382712 0.451064
vt 0.325394 0.410631
vt 0.322400 0.380617
vt 0.291804 0.326571
vt 0.330111 0.298017
vt 0.340803 0.250607
vt 0.084744 0.392100
vt 0.173451 0.336411
vt 0.184528 0.383365
vt 0.150111 0.294466
vt 0.131267 0.278605
vt 0.145076 0.270767
vt 0.879480 0.060453
vt 0.537566 0.918129
vt 0.520396 0.909047
vt 0.537427 0.887413
vt 0.539370 0.953536
vt 0.825205 0.870014
vt 0.146391 0.766653
vt 0.520277 0.663288
vt 0.502799 0.661282
vt 0.219035 0.652732
vt 0.202257 0.702998
vt 0.222433 0.744839
vt 0.206580 0.748142
vt 0.176603 0.723750
vt 0.217157 0.688989
vt 0.935963 0.662273
vt 0.954271 0.586435
vt 0.951750 0.653527
vt 0.941786 0.587891
vt 0.772975 0.134440
vt 0.783625 0.088846
vt 0.765498 0.091727
vt 0.961634 0.543166
vt 0.662653 0.578087
vt 0.334594 0.896264
vt 0.334594 0.852026
vt 0.626085 0.172602
vt 0.903625 0.557882
vt 0.647721 0.148166
vt 0.648750 0.114712
vt 0.903138 0.522184
vt 0.673464 0.079276
vt 0.658359 0.075346
vt 0.682816 0.053392
vt 0.640075 0.056790
vt 0.627343 0.025667
vt 0.689960 0.877534
vt 0.656166 0.899052
vt 0.915990 0.477488
vt 0.233297 0.965041
vt 0.237104 0.930310
vt 0.258612 0.951847
vt 0.289071 0.525703
vt 0.337052 0.534450
vt 0.608969 0.552557
vt 0.603490 0.579243
vt 0.588936 0.555963
vt 0.588243 0.511378
vt 0.609066 0.490492
vt 0.599281 0.465673
vt 0.399606 0.575857
vt 0.413668 0.560797
vt 0.033863 0.946996
vt 0.033863 0.969229
vt 0.024270 0.957377
vt 0.699314 0.584309
vt 0.620569 0.877534
vt 0.639120 0.935964
vt 0.611213 0.924003
vt 0.550866 0.744645
vt 0.563201 0.769183
vt 0.252255 0.666097
vt 0.549222 0.707038
vt 0.569875 0.518645
vt 0.718322 0.578087
vt 0.407867 0.072976
vt 0.979758 0.979906
vt 0.961889 0.979073
vt 0.979758 0.951304
vt 0.408766 0.055860
vt 0.411882 0.042062
vt 0.407948 0.007149
vt 0.092032 0.885081
vt 0.244155 0.579424
vt 0.242739 0.548979
vt 0.233297 0.570752
vt 0.247646 0.985360
vt 0.448338 0.317948
vt 0.358803 0.275807
vt 0.383799 0.264573
vt 0.363432 0.249616
vt 0.858704 0.179936
vt 0.067143 0.419313
vt 0.115636 0.421124
vt 0.042877 0.402916
vt 0.018959 0.410367
vt 0.857222 0.206778
vt 0.336678 0.982907
vt 0.336678 0.942955
vt 0.353222 0.952113
vt 0.334594 0.914535
vt 0.334594 0.969712
vt 0.317567 0.929033
vt 0.142316 0.219096
vt 0.120310 0.221587
vt 0.472558 0.256666
vt 0.102814 0.214329
vt 0.116359 0.187106
vt 0.090347 0.178527
vt 0.053716 0.185832
vt 0.098520 0.163741
vt 0.076671 0.147832
vt 0.695477 0.819457
vt 0.686430 0.837758
vt 0.763884 0.708825
vt 0.228044 0.793578
vt 0.228966 0.828798
vt 0.211820 0.792319
vt 0.170613 0.836240
vt 0.184372 0.798736
vt 0.182924 0.767333
vt 0.151330 0.694267
vt 0.956788 0.698207
vt 0.678073 0.776632
vt 0.054024 0.981463
vt 0.306184 0.893929
vt 0.692165 0.231068
vt 0.691842 0.121712
vt 0.702855 0.171233
vt 0.703806 0.127975
vt 0.710387 0.062113
vt 0.719209 0.067110
vt 0.071412 0.925778
vt 0.071412 0.974131
vt 0.054024 0.940319
vt 0.696395 0.064768
vt 0.716577 0.021665
vt 0.694674 0.015632
vt 0.093442 0.950382
vt 0.113402 0.972775
vt 0.092032 0.975262
vt 0.113402 0.942294
vt 0.391087 0.969698
vt 0.379149 0.987101
vt 0.379149 0.953376
vt 0.855307 0.708825
vt 0.855307 0.780970
vt 0.837346 0.714372
vt 0.294689 0.965474
vt 0.913571 0.463132
vt 0.671594 0.869309
vt 0.025507 0.041847
vt 0.298539 0.914536
vt 0.273127 0.904958
vt 0.809308 0.514225
vt 0.832789 0.558254
vt 0.814132 0.562799
vt 0.834735 0.510833
vt 0.022935 -0.000000
vt 0.702974 0.822630
vt 0.695477 0.774787
vt 0.717656 0.833995
vt 0.695477 0.856968
vt 0.796149 0.504442
vt 0.787798 0.435631
vt 0.959676 0.902333
vt 0.947068 0.509318
vt 0.801877 0.028066
vt 0.772118 0.045628
vt 0.784110 0.014759
vt 0.749958 0.060680
vt 0.739195 0.026344
vt 0.966510 0.292164
vt 0.500963 0.959010
vt 0.500039 0.940567
vt 0.473424 0.929722
vt 0.473038 0.915520
vt 0.474679 0.892509
vt 0.472558 0.869701
vt 0.497007 0.858764
vt 0.520396 0.853995
vt 0.124944 0.932087
vt 0.148678 0.932087
vt 0.885362 0.843716
vt 0.889411 0.861896
vt 0.620067 0.429589
vt 0.611213 0.418707
vt 0.635911 0.409728
vt 0.644495 0.418910
vt 0.846621 0.863091
vt 0.850407 0.894148
vt 0.846621 0.935292
vt 0.435205 0.770279
vt 0.440469 0.720278
vt 0.592188 0.188480
vt 0.314897 0.052116
vt 0.316969 0.012381
vt 0.711496 0.213833
vt 0.717656 0.921327
vt 0.704293 0.882928
vt 0.717656 0.856968
vt 0.927541 0.622819
vt 0.932065 0.580471
vt 0.924594 0.517730
vt 0.866140 0.731429
vt 0.867960 0.646553
vt 0.315357 0.503103
vt 0.366017 0.435827
vt 0.625025 0.115329
vt 0.097215 0.629036
vt 0.051151 0.644044
vt 0.078786 0.616068
vt 0.011610 0.667550
vt 0.016971 0.650616
vt 0.000000 0.647061
vt 0.639517 0.895281
vt 0.553716 0.853995
vt 0.532022 0.854215
vt 0.564052 0.902700
vt 0.560955 0.927956
vt 0.637876 0.981688
vt 0.564052 0.967356
vt 0.549243 0.956757
vt 0.835251 0.969244
vt 0.943086 0.288952
vt 0.653275 0.458720
vt 0.678002 0.426126
vt 0.920902 0.827603
vt 0.754190 0.890416
vt 0.782842 0.890416
vt 0.757850 0.935714
vt 0.561754 0.347014
vt 0.562159 0.387955
vt 0.468117 0.580135
vt 0.611213 0.581508
vt 0.209042 0.942078
vt 0.210200 0.975890
vt 0.190909 0.937555
vt 0.190909 0.972486
vt 0.964764 0.033235
vt 0.381153 0.837383
vt 0.389138 0.810930
vt 0.389138 0.867663
vt 0.261110 0.284557
vt 0.260073 0.245344
vt 0.285108 0.208527
vt 0.084726 0.079918
vt 0.097687 0.078956
vt 0.083031 0.122867
vt 0.052620 0.129219
vt 0.483243 0.114813
vt 0.924454 0.366444
vt 0.718322 0.836612
vt 0.066633 0.827807
vt 0.966831 0.950974
vt 0.966831 0.916001
vt 0.979515 0.939340
vt 0.934461 0.240937
vt -0.000000 0.960856
vt 0.920902 0.483669
vt 0.946998 0.473407
vt 0.780910 -0.000000
vt 0.147464 0.885081
vt 0.150158 0.932087
vt 0.124944 0.891130
vt 0.923470 0.463131
vt 0.161354 0.914380
vt 0.163959 0.930633
vt 0.604813 0.665976
vt 0.232526 0.937555
vt 0.602653 0.638496
vt 0.920902 0.494343
vt 0.637895 0.092655
vt 0.620960 0.073743
vt 0.615269 0.040624
vt 0.703007 0.888216
vt 0.611213 0.019822
vt 0.036918 0.158470
vt 0.032940 0.179569
vt 0.479997 0.170741
vt 0.094414 0.151802
vt 0.096216 0.128067
vt 0.479643 0.151858
vt 0.855578 0.639670
vt 0.816009 0.247726
vt 0.870093 0.958934
vt 0.870093 0.983728
vt 0.854025 0.973152
vt 0.262801 0.796793
vt 0.264816 0.810930
vt 0.564970 0.848526
vt 0.854596 0.985573
vt 0.253089 0.747043
vt 0.280381 0.789269
vt 0.633245 0.456231
vt 0.982298 0.098926
vt 0.593641 0.947567
vt 0.611213 0.980917
vt 0.596350 0.974507
vt 0.611213 0.948430
vt 0.998215 0.167731
vt 0.987008 0.125703
vt 0.788636 0.982909
vt 0.788636 0.926683
vt 0.807327 0.945418
vt 0.981568 0.850054
vt 0.981568 0.887311
vt 0.966831 0.875001
vt 0.514001 0.763992
vt 0.510713 0.712496
vt 0.757796 0.968526
vt 0.850360 0.549284
vt 0.857222 0.569110
vt 0.843446 0.487637
vt 0.233297 0.841937
vt 0.472558 0.979183
vt 0.457639 0.960990
vt 0.472558 0.960594
vt 0.257385 0.810930
vt 0.323236 -0.000000
vt 0.476647 0.462958
vt 0.132846 0.426417
vt 0.882517 0.972633
vt 0.031962 0.885081
vt 0.048605 0.921513
vt 0.031962 0.946996
vt 0.054024 0.935252
vt 0.718322 0.601126
vt 0.716679 0.578087
vt 0.655040 0.927313
vt 0.652544 0.877534
vt 0.815969 0.708825
vt 0.966831 0.656584
vt 0.054024 0.924662
vt 0.966831 0.815189
vt 0.966831 0.756275
vt 0.979078 0.780695
vt 0.206386 0.840909
vt 0.833987 0.060137
vt 0.830197 0.025739
vt 0.857222 0.024107
vt 0.857222 0.471692
vt 0.848884 0.007725
vt 0.825085 0.012490
vt 0.746103 0.947564
vt 0.739195 0.036804
vt 0.735193 0.014777
vt 0.702775 0.000000
vt 0.167099 0.885081
s 1
usemtl FusedMaterial
f 102/1/1 58/2/2 122/3/3
f 67/4/4 60/5/5 108/6/6
f 108/6/6 150/7/7 67/4/4
f 106/8/8 63/9/9 61/10/10
f 257/11/11 208/12/12 252/13/13
f 269/14/14 235/15/15 259/16/16
f 269/14/14 163/17/17 235/15/15
f 278/18/18 236/19/19 257/20/11
f 237/21/20 236/19/19 278/18/18
f 237/21/20 316/22/21 204/23/22
f 280/24/23 204/23/22 316/22/21
f 207/25/24 204/23/22 280/24/23
f 265/26/25 213/27/26 214/28/27
f 249/29/28 207/25/24 280/24/23
f 325/30/29 301/31/30 205/32/31
f 202/33/32 325/30/29 205/32/31
f 271/34/33 301/35/30 328/36/34
f 328/37/34 329/38/35 271/39/33
f 203/40/36 271/39/33 329/38/35
f 410/41/37 203/42/36 329/43/35
f 279/44/38 203/42/36 410/41/37
f 299/45/39 256/46/40 362/47/41
f 256/46/40 247/48/42 362/47/41
f 388/49/43 263/50/44 396/51/45
f 317/52/46 263/50/44 388/49/43
f 411/53/47 451/54/48 499/55/49
f 465/56/50 411/53/47 499/55/49
f 474/57/51 462/58/52 511/59/53
f 579/60/54 474/57/51 511/59/53
f 522/61/55 498/62/56 479/63/57
f 498/62/56 392/64/58 479/63/57
f 579/65/54 522/61/55 481/66/59
f 522/61/55 479/63/57 481/66/59
f 481/67/59 474/57/51 579/60/54
f 394/68/60 499/69/49 451/70/48
f 10/71/61 2/72/62 6/73/63
f 10/74/61 24/75/64 2/76/62
f 24/77/64 11/78/65 2/72/62
f 11/79/65 12/80/66 9/81/67
f 42/82/68 3/83/69 8/84/70
f 8/85/70 4/86/71 42/87/68
f 10/71/61 6/73/63 19/88/72
f 19/88/72 20/89/73 10/71/61
f 24/77/64 10/71/61 23/90/74
f 23/90/74 10/71/61 20/89/73
f 21/91/75 7/92/76 9/93/67
f 25/94/77 21/95/75 9/81/67
f 25/94/77 9/81/67 12/80/66
f 15/96/78 25/94/77 12/80/66
f 11/79/65 16/97/79 12/80/66
f 15/96/78 12/80/66 16/97/79
f 24/77/64 26/98/80 11/78/65
f 136/99/81 192/100/82 247/48/42
f 96/101/83 164/102/84 192/100/82
f 164/102/84 149/103/85 286/104/86
f 405/105/87 354/106/88 399/107/89
f 414/108/90 405/105/87 459/109/91
f 446/110/92 338/111/93 390/112/94
f 338/111/93 446/110/92 399/107/89
f 390/113/94 418/114/95 464/115/96
f 464/115/96 446/116/92 390/113/94
f 459/109/91 405/105/87 399/107/89
f 464/115/96 418/114/95 426/117/97
f 459/109/91 540/118/98 414/108/90
f 464/115/96 426/117/97 476/119/99
f 540/118/98 343/120/100 414/108/90
f 542/121/101 343/120/100 540/118/98
f 440/122/102 343/120/100 542/121/101
f 574/123/103 603/124/104 611/125/105
f 619/126/106 625/127/107 621/128/108
f 625/127/107 599/129/109 624/130/110
f 624/130/110 621/128/108 625/127/107
f 611/125/105 621/128/108 626/131/111
f 621/128/108 624/130/110 627/132/112
f 621/128/108 627/132/112 626/131/111
f 624/130/110 599/129/109 600/133/113
f 624/130/110 600/133/113 498/134/56
f 498/134/56 600/133/113 618/135/114
f 627/132/112 624/130/110 579/136/54
f 624/130/110 498/134/56 579/136/54
f 13/137/115 42/82/68 4/138/71
f 40/139/116 13/137/115 4/138/71
f 17/140/117 40/139/116 4/138/71
f 17/140/117 4/138/71 7/141/76
f 21/91/75 17/142/117 7/92/76
f 58/143/2 102/144/1 41/145/118
f 102/144/1 19/88/72 41/145/118
f 102/144/1 106/146/8 19/88/72
f 61/147/10 19/88/72 106/146/8
f 20/89/73 19/88/72 61/147/10
f 130/148/119 95/149/120 99/150/121
f 114/151/122 130/148/119 99/150/121
f 115/152/123 99/150/121 54/153/124
f 54/153/124 99/150/121 117/154/125
f 117/154/125 59/155/126 54/153/124
f 115/152/123 54/153/124 186/156/127
f 186/156/127 54/153/124 29/157/128
f 79/158/129 186/156/127 29/157/128
f 79/158/129 29/157/128 78/159/130
f 125/160/131 130/148/119 133/161/132
f 126/162/133 125/160/131 133/161/132
f 133/161/132 130/148/119 131/163/134
f 128/164/135 126/162/133 133/161/132
f 133/165/132 81/166/136 128/167/135
f 128/167/135 81/166/136 103/168/137
f 120/169/138 97/170/139 144/171/140
f 97/170/139 105/172/141 167/173/142
f 183/174/143 112/175/144 97/176/139
f 105/172/141 118/177/145 172/178/146
f 211/179/147 238/180/148 151/181/149
f 193/182/150 203/40/36 140/183/151
f 203/40/36 148/184/152 140/183/151
f 211/179/147 151/181/149 153/185/153
f 218/186/154 168/187/155 171/188/156
f 187/189/157 168/187/155 218/186/154
f 171/188/156 242/190/158 218/186/154
f 218/186/154 242/190/158 225/191/159
f 181/192/160 244/193/161 171/188/156
f 242/190/158 171/188/156 244/193/161
f 244/193/161 181/192/160 238/180/148
f 244/193/161 227/194/162 242/190/158
f 244/193/161 238/180/148 211/179/147
f 211/179/147 227/194/162 244/193/161
f 177/195/163 225/191/159 242/190/158
f 177/195/163 141/196/164 225/191/159
f 229/197/165 242/190/158 227/194/162
f 177/198/163 242/199/158 229/200/165
f 287/201/166 291/202/167 229/203/165
f 152/204/168 229/203/165 291/202/167
f 162/205/169 152/204/168 291/202/167
f 263/50/44 317/52/46 201/206/170
f 216/207/171 371/208/172 230/209/173
f 347/210/174 350/211/175 223/212/176
f 350/211/175 300/213/177 223/212/176
f 347/214/174 220/215/178 215/216/179
f 366/217/180 269/218/14 300/219/177
f 303/220/181 269/14/14 366/221/180
f 309/222/182 363/223/183 252/224/13
f 363/223/183 367/225/184 252/224/13
f 252/224/13 367/225/184 293/226/185
f 367/225/184 319/227/186 380/228/187
f 367/225/184 380/228/187 293/226/185
f 313/229/188 264/230/189 445/231/190
f 325/30/29 313/229/188 397/232/191
f 346/233/192 325/30/29 397/232/191
f 279/234/38 410/235/37 471/236/193
f 289/237/194 279/234/38 471/236/193
f 329/238/35 346/239/192 463/240/195
f 446/110/92 464/241/96 540/118/98
f 459/109/91 399/107/89 446/110/92
f 446/110/92 540/118/98 459/109/91
f 464/241/96 476/242/99 540/118/98
f 542/121/101 540/118/98 476/242/99
f 500/243/196 558/244/197 496/245/198
f 558/244/197 500/243/196 606/246/199
f 576/247/200 606/246/199 500/243/196
f 500/243/196 514/248/201 576/247/200
f 425/249/202 576/250/200 514/251/201
f 571/252/203 577/253/204 620/254/205
f 571/252/203 580/255/206 577/253/204
f 576/247/200 425/256/202 580/257/206
f 580/257/206 425/256/202 443/258/207
f 582/259/208 620/254/205 577/253/204
f 559/260/209 580/257/206 443/258/207
f 443/258/207 444/261/210 559/260/209
f 197/262/211 194/263/212 154/264/213
f 230/265/173 266/266/214 233/267/215
f 179/268/216 233/269/215 266/270/214
f 266/271/214 196/272/217 179/273/216
f 266/274/214 255/275/218 196/276/217
f 255/275/218 266/274/214 355/277/219
f 295/278/220 195/279/221 246/280/222
f 260/281/223 172/178/146 307/282/224
f 314/283/225 172/178/146 267/284/226
f 314/283/225 307/282/224 172/178/146
f 314/283/225 270/285/227 319/286/186
f 267/284/226 270/285/227 314/283/225
f 319/286/186 272/287/228 324/288/229
f 319/286/186 270/285/227 272/287/228
f 327/289/230 324/290/229 248/291/231
f 288/292/232 248/293/231 251/294/233
f 288/295/232 327/289/230 248/291/231
f 444/261/210 443/258/207 253/296/234
f 444/261/210 253/296/234 352/297/235
f 444/261/210 352/297/235 417/298/236
f 295/278/220 246/280/222 441/299/237
f 246/280/222 391/300/238 441/299/237
f 5/301/239 8/84/70 3/83/69
f 7/141/76 4/138/71 1/302/240
f 7/141/76 1/302/240 9/81/67
f 6/303/63 2/304/62 5/301/239
f 45/305/241 15/306/78 34/307/242
f 34/308/242 16/309/79 75/310/243
f 34/311/242 15/312/78 16/313/79
f 55/314/244 65/315/245 149/103/85
f 149/103/85 65/315/245 219/316/246
f 65/315/245 73/317/247 219/316/246
f 182/318/248 219/316/246 73/317/247
f 119/319/249 182/318/248 73/317/247
f 119/319/249 73/317/247 76/320/250
f 204/321/22 154/264/213 194/263/212
f 237/21/20 204/23/22 158/322/251
f 204/23/22 207/25/24 154/323/213
f 214/28/27 197/262/211 154/264/213
f 213/27/26 197/262/211 214/28/27
f 214/324/27 154/323/213 207/25/24
f 243/325/252 224/326/253 214/28/27
f 226/327/254 224/326/253 243/325/252
f 228/328/255 214/324/27 207/25/24
f 243/329/252 214/324/27 228/328/255
f 228/330/255 232/331/256 243/325/252
f 232/331/256 234/332/257 243/325/252
f 264/230/189 146/333/258 217/334/259
f 200/335/260 255/336/218 305/337/261
f 209/338/262 200/339/260 305/340/261
f 315/341/263 209/338/262 305/340/261
f 315/341/263 331/342/264 209/338/262
f 276/343/265 209/338/262 331/342/264
f 331/344/264 320/345/266 330/346/267
f 331/347/264 330/348/267 166/349/268
f 166/349/268 276/350/265 331/347/264
f 330/351/267 332/352/269 127/353/270
f 215/354/179 127/353/270 332/352/269
f 445/355/190 397/356/191 313/357/188
f 346/239/192 397/358/191 463/240/195
f 463/240/195 410/359/37 329/238/35
f 471/236/193 410/235/37 463/360/195
f 471/361/193 460/362/271 289/363/194
f 460/364/271 497/365/272 588/366/273
f 460/364/271 588/366/273 544/367/274
f 554/368/275 556/369/276 557/370/277
f 503/371/278 554/368/275 609/372/279
f 557/370/277 609/372/279 554/368/275
f 503/371/278 609/372/279 560/373/280
f 609/372/279 557/370/277 520/374/281
f 590/375/282 578/376/283 622/377/284
f 583/378/285 590/375/282 622/377/284
f 583/378/285 586/379/286 607/380/287
f 622/377/284 586/379/286 583/378/285
f 615/381/288 607/380/287 586/379/286
f 536/382/289 558/383/197 586/379/286
f 605/384/290 615/381/288 558/383/197
f 615/381/288 586/379/286 558/383/197
f 37/385/291 47/386/292 31/387/293
f 31/387/293 47/386/292 82/388/294
f 36/389/295 31/387/293 82/388/294
f 36/389/295 40/139/116 31/387/293
f 82/388/294 42/82/68 13/137/115
f 82/388/294 13/137/115 36/389/295
f 36/389/295 13/137/115 40/139/116
f 40/139/116 17/140/117 21/95/75
f 21/95/75 28/390/296 83/391/297
f 54/153/124 59/155/126 29/157/128
f 87/392/298 133/161/132 131/163/134
f 81/393/136 133/161/132 87/392/298
f 85/394/299 81/393/136 87/392/298
f 103/395/137 81/393/136 85/394/299
f 104/396/300 101/397/301 95/149/120
f 125/160/131 104/396/300 95/149/120
f 95/149/120 130/148/119 125/160/131
f 96/101/83 62/398/302 71/399/303
f 71/399/303 55/314/244 164/102/84
f 166/400/268 145/401/304 276/343/265
f 166/400/268 127/353/270 116/402/305
f 215/216/179 124/403/306 127/404/270
f 215/216/179 109/405/307 124/403/306
f 223/212/176 109/406/307 220/407/178
f 113/408/308 109/406/307 223/212/176
f 259/16/16 112/409/144 183/410/143
f 220/215/178 109/405/307 215/216/179
f 164/102/84 55/314/244 149/103/85
f 263/411/44 162/412/169 396/413/45
f 341/414/309 359/415/310 400/416/311
f 400/416/311 389/417/312 341/414/309
f 411/53/47 412/418/313 361/419/314
f 451/70/48 361/420/314 355/421/219
f 451/70/48 355/421/219 394/68/60
f 411/53/47 361/419/314 451/54/48
f 315/422/263 361/423/314 412/424/313
f 400/425/311 359/426/310 315/427/263
f 315/428/263 412/429/313 400/430/311
f 373/431/315 341/432/309 389/433/312
f 389/433/312 421/434/316 373/431/315
f 421/434/316 374/435/317 373/431/315
f 422/436/318 374/435/317 421/434/316
f 428/437/319 422/438/318 421/439/316
f 381/440/320 374/435/317 422/436/318
f 422/436/318 379/441/321 381/440/320
f 422/436/318 436/442/322 379/441/321
f 332/443/269 379/444/321 436/445/322
f 392/446/58 332/447/269 436/448/322
f 215/216/179 332/449/269 392/450/58
f 492/451/323 389/452/312 400/453/311
f 462/454/52 492/455/323 412/456/313
f 492/451/323 400/453/311 412/457/313
f 465/56/50 412/418/313 411/53/47
f 465/458/50 462/454/52 412/456/313
f 421/439/316 389/452/312 492/451/323
f 436/459/322 422/438/318 479/460/57
f 462/58/52 474/57/51 492/461/323
f 492/451/323 428/437/319 421/439/316
f 428/437/319 492/451/323 474/462/51
f 428/437/319 479/460/57 422/438/318
f 479/463/57 428/464/319 474/465/51
f 474/466/51 481/467/59 479/468/57
f 479/460/57 392/469/58 436/459/322
f 552/470/324 447/471/325 544/367/274
f 544/367/274 551/472/326 460/364/271
f 473/473/327 551/472/326 544/367/274
f 544/367/274 447/471/325 473/473/327
f 473/473/327 477/474/328 478/475/329
f 581/476/330 478/475/329 477/474/328
f 484/477/331 386/478/332 560/479/280
f 485/480/333 484/477/331 560/479/280
f 520/374/281 470/481/334 487/482/335
f 487/482/335 488/483/336 565/484/337
f 565/484/337 488/483/336 538/485/338
f 539/486/339 538/485/338 488/483/336
f 488/483/336 489/487/340 539/486/339
f 529/488/341 539/486/339 489/487/340
f 563/489/342 517/490/343 618/135/114
f 498/134/56 618/135/114 457/491/344
f 457/491/344 618/135/114 517/490/343
f 517/490/343 563/489/342 513/492/345
f 567/493/346 614/494/347 432/495/348
f 432/495/348 513/492/345 567/493/346
f 614/494/347 504/496/349 432/495/348
f 35/497/350 27/498/351 51/499/352
f 51/499/352 50/500/353 35/497/350
f 51/499/352 27/498/351 33/501/354
f 14/502/355 50/500/353 51/499/352
f 48/503/356 22/504/357 51/499/352
f 22/504/357 14/502/355 51/499/352
f 51/499/352 33/501/354 38/505/358
f 38/505/358 48/503/356 51/499/352
f 48/503/356 38/505/358 67/506/4
f 63/507/9 23/508/74 61/509/10
f 61/509/10 23/508/74 20/510/73
f 63/511/9 111/512/359 23/513/74
f 44/514/360 23/515/74 111/516/359
f 75/517/243 46/518/361 77/519/362
f 26/98/80 77/520/362 46/521/361
f 103/168/137 56/522/363 62/398/302
f 131/163/134 130/148/119 114/151/122
f 69/523/364 114/151/122 186/156/127
f 114/151/122 87/392/298 131/163/134
f 87/392/298 114/151/122 69/523/364
f 90/524/365 69/523/364 80/525/366
f 79/158/129 69/523/364 186/156/127
f 137/526/367 99/150/121 95/149/120
f 142/527/368 137/526/367 138/528/369
f 99/150/121 137/526/367 142/527/368
f 114/151/122 99/150/121 186/156/127
f 186/156/127 99/150/121 115/152/123
f 99/150/121 142/527/368 117/154/125
f 142/529/368 159/530/370 117/531/125
f 160/532/371 125/533/131 161/534/372
f 125/533/131 126/535/133 161/534/372
f 136/99/81 126/535/133 128/167/135
f 182/318/248 119/319/249 231/536/373
f 195/279/221 231/536/373 119/319/249
f 119/319/249 120/169/138 195/279/221
f 301/537/30 281/538/374 205/539/31
f 146/333/258 264/230/189 202/33/32
f 193/540/150 205/539/31 281/538/374
f 271/34/33 281/541/374 301/35/30
f 271/542/33 193/540/150 281/538/374
f 271/39/33 203/40/36 193/182/150
f 148/543/152 203/42/36 279/44/38
f 279/44/38 153/544/153 148/543/152
f 211/545/147 153/544/153 279/44/38
f 149/103/85 253/296/234 286/104/86
f 253/296/234 219/316/246 352/297/235
f 352/297/235 219/316/246 312/546/375
f 219/316/246 182/318/248 312/546/375
f 231/536/373 312/546/375 182/318/248
f 227/547/162 289/237/194 349/548/376
f 287/201/166 227/547/162 349/548/376
f 396/549/45 162/205/169 291/202/167
f 430/550/377 394/551/60 355/552/219
f 388/49/43 403/553/378 317/52/46
f 403/553/378 416/554/379 317/52/46
f 275/555/380 317/52/46 416/554/379
f 296/556/381 371/208/172 430/550/377
f 392/557/58 457/558/344 406/559/382
f 350/211/175 406/559/382 457/558/344
f 366/221/180 350/211/175 546/560/383
f 546/561/383 461/562/384 366/563/180
f 433/564/385 366/563/180 461/562/384
f 303/565/181 366/563/180 433/564/385
f 601/566/386 599/129/109 628/567/387
f 628/567/387 563/489/342 601/566/386
f 120/169/138 144/171/140 195/279/221
f 167/173/142 144/171/140 97/170/139
f 105/172/141 172/178/146 167/173/142
f 210/568/388 172/178/146 118/177/145
f 210/569/388 118/570/145 143/571/389
f 222/572/390 180/573/391 251/574/233
f 218/186/154 225/191/159 159/575/370
f 279/44/38 227/576/162 211/545/147
f 229/203/165 227/547/162 287/201/166
f 283/577/392 221/578/393 299/45/39
f 221/578/393 256/46/40 299/45/39
f 346/233/192 301/31/30 325/30/29
f 325/30/29 202/33/32 313/229/188
f 301/579/30 346/239/192 328/580/34
f 329/238/35 328/580/34 346/239/192
f 443/258/207 286/104/86 253/296/234
f 417/298/236 352/297/235 312/546/375
f 417/298/236 312/546/375 231/536/373
f 295/581/220 417/582/236 231/583/373
f 246/280/222 260/281/223 391/300/238
f 318/584/394 385/585/395 442/586/396
f 385/585/395 449/587/397 442/586/396
f 318/584/394 442/586/396 455/588/398
f 437/589/399 472/590/400 449/591/397
f 318/592/394 455/593/398 308/594/401
f 455/593/398 445/231/190 308/594/401
f 441/299/237 391/300/238 561/595/402
f 391/300/238 450/596/403 561/595/402
f 561/595/402 450/596/403 564/597/404
f 564/598/404 450/599/403 504/600/349
f 450/599/403 356/601/405 504/600/349
f 493/602/406 550/603/407 494/604/408
f 588/366/273 497/365/272 493/602/406
f 610/605/409 559/606/209 612/607/410
f 612/607/410 559/606/209 515/608/411
f 582/259/208 616/609/412 625/127/107
f 625/127/107 619/126/106 582/259/208
f 625/127/107 616/609/412 599/129/109
f 610/605/409 612/607/410 616/609/412
f 616/609/412 612/607/410 628/567/387
f 616/609/412 628/567/387 599/129/109
f 515/610/411 570/611/413 612/612/410
f 612/607/410 570/613/413 628/567/387
f 585/614/414 563/489/342 628/567/387
f 185/615/415 146/616/258 155/617/416
f 185/615/415 155/617/416 178/618/417
f 181/192/160 185/615/415 178/618/417
f 140/619/151 98/620/418 178/618/417
f 178/618/417 98/620/418 151/181/149
f 194/263/212 251/574/233 180/573/391
f 437/621/399 335/622/419 344/623/420
f 344/623/420 358/624/421 423/625/422
f 480/626/423 423/625/422 358/624/421
f 384/627/424 358/628/421 368/629/425
f 368/629/425 212/630/426 395/631/427
f 468/632/428 212/630/426 283/577/392
f 437/589/399 344/633/420 472/590/400
f 423/634/422 472/590/400 344/633/420
f 596/635/429 608/636/430 562/637/431
f 200/339/260 147/638/432 196/639/217
f 169/640/433 147/638/432 200/339/260
f 209/338/262 169/640/433 200/339/260
f 145/401/304 169/640/433 209/338/262
f 276/343/265 145/401/304 209/338/262
f 268/641/434 273/642/435 292/643/436
f 202/33/32 264/230/189 313/229/188
f 402/644/437 287/201/166 349/548/376
f 291/202/167 287/201/166 402/644/437
f 402/644/437 396/549/45 291/202/167
f 476/119/99 434/645/438 452/646/439
f 426/117/97 434/645/438 476/119/99
f 401/647/440 440/122/102 542/121/101
f 409/648/441 420/649/442 482/650/443
f 482/650/443 420/649/442 424/651/444
f 486/652/445 431/653/446 404/654/447
f 387/655/448 490/656/449 500/243/196
f 500/243/196 496/245/198 387/655/448
f 500/243/196 490/656/449 514/248/201
f 465/657/50 574/658/103 611/659/105
f 465/660/50 611/125/105 462/661/52
f 626/131/111 462/661/52 611/125/105
f 511/662/53 462/661/52 626/131/111
f 626/131/111 627/132/112 511/662/53
f 627/132/112 579/136/54 511/662/53
f 498/62/56 522/61/55 579/65/54
f 394/68/60 572/663/450 499/69/49
f 143/664/389 118/665/145 121/666/451
f 112/175/144 235/667/15 132/668/452
f 121/666/451 132/668/452 235/667/15
f 121/669/451 235/15/15 163/17/17
f 222/572/390 176/670/453 236/671/19
f 222/572/390 158/672/251 180/573/391
f 158/672/251 204/321/22 180/573/391
f 96/101/83 192/100/82 103/168/137
f 96/101/83 71/399/303 164/102/84
f 162/673/169 263/50/44 174/674/454
f 263/50/44 201/206/170 174/674/454
f 216/207/171 201/206/170 275/555/380
f 293/675/185 257/11/11 252/13/13
f 309/676/182 163/677/17 303/565/181
f 303/220/181 163/17/17 269/14/14
f 293/678/185 380/679/187 257/680/11
f 278/18/18 257/20/11 380/681/187
f 278/18/18 316/22/21 237/21/20
f 280/682/23 316/683/21 354/106/88
f 280/682/23 405/105/87 249/684/28
f 338/685/93 288/686/232 345/687/455
f 345/688/455 288/295/232 258/689/456
f 345/688/455 258/689/456 297/690/457
f 311/691/458 372/692/459 297/690/457
f 372/692/459 311/691/458 322/693/460
f 292/643/436 322/693/460 268/641/434
f 378/694/461 372/692/459 322/693/460
f 552/470/324 439/695/462 447/471/325
f 447/471/325 439/695/462 484/696/331
f 447/471/325 484/696/331 485/697/333
f 460/698/271 349/699/376 289/700/194
f 551/701/326 349/702/376 460/703/271
f 349/704/376 551/472/326 473/473/327
f 477/474/328 473/473/327 447/471/325
f 477/474/328 447/471/325 485/697/333
f 402/705/437 473/473/327 478/475/329
f 349/704/376 473/473/327 402/705/437
f 484/696/331 439/695/462 386/706/332
f 547/707/463 453/708/464 470/481/334
f 470/481/334 453/708/464 467/709/465
f 487/482/335 470/481/334 489/487/340
f 489/487/340 470/481/334 467/709/465
f 489/487/340 488/483/336 487/482/335
f 442/586/396 449/587/397 494/604/408
f 449/587/397 472/710/400 494/604/408
f 455/588/398 442/586/396 550/603/407
f 445/711/190 455/588/398 550/603/407
f 445/711/190 550/603/407 497/365/272
f 550/603/407 442/586/396 494/604/408
f 539/486/339 529/488/341 593/712/466
f 593/712/466 509/713/467 539/486/339
f 593/712/466 469/714/468 531/715/469
f 593/712/466 529/488/341 469/714/468
f 531/715/469 519/716/470 595/717/471
f 595/717/471 593/712/466 531/715/469
f 495/718/472 596/635/429 562/637/431
f 541/719/473 495/718/472 512/720/474
f 562/637/431 512/720/474 495/718/472
f 562/637/431 566/721/475 512/720/474
f 519/716/470 526/722/476 512/720/474
f 597/723/477 595/717/471 519/716/470
f 519/716/470 512/720/474 597/723/477
f 111/724/359 63/725/9 169/726/433
f 116/727/305 44/514/360 111/516/359
f 116/402/305 26/98/80 44/728/360
f 116/402/305 127/353/270 26/98/80
f 77/520/362 26/98/80 127/353/270
f 148/184/152 98/729/418 140/183/151
f 151/730/149 98/731/418 110/732/478
f 110/733/478 98/729/418 148/184/152
f 148/184/152 153/734/153 110/733/478
f 151/735/149 110/736/478 153/737/153
f 225/738/159 117/531/125 159/530/370
f 59/739/126 117/531/125 225/738/159
f 141/740/164 59/739/126 225/738/159
f 356/741/405 307/282/224 314/283/225
f 363/223/183 356/742/405 314/743/225
f 367/225/184 363/223/183 314/743/225
f 314/743/225 319/227/186 367/225/184
f 319/286/186 324/288/229 342/744/479
f 327/745/230 342/746/479 324/747/229
f 319/227/186 342/748/479 380/228/187
f 376/749/480 327/750/230 288/686/232
f 338/685/93 376/749/480 288/686/232
f 398/751/481 357/752/482 409/648/441
f 409/648/441 357/752/482 420/649/442
f 378/753/461 357/752/482 398/751/481
f 427/754/483 424/755/444 364/756/484
f 431/757/446 427/754/483 364/756/484
f 364/756/484 310/758/485 431/757/446
f 404/759/447 431/760/446 310/761/485
f 310/761/485 365/762/486 404/759/447
f 384/763/424 480/626/423 358/624/421
f 384/764/424 448/765/487 480/766/423
f 395/631/427 212/630/426 468/632/428
f 283/577/392 393/767/488 468/632/428
f 549/768/489 472/710/400 423/625/422
f 549/768/489 423/625/422 480/626/423
f 480/626/423 448/769/487 454/770/490
f 480/626/423 454/770/490 383/771/491
f 512/720/474 566/721/475 598/772/492
f 512/720/474 598/772/492 597/723/477
f 509/713/467 593/712/466 533/773/493
f 533/773/493 593/712/466 535/774/494
f 593/712/466 595/717/471 535/774/494
f 537/775/495 535/774/494 595/717/471
f 595/717/471 597/723/477 537/775/495
f 597/723/477 598/772/492 537/775/495
f 394/776/60 598/777/492 572/778/450
f 572/663/450 574/658/103 499/69/49
f 574/658/103 465/657/50 499/69/49
f 27/498/351 79/158/129 78/159/130
f 27/498/351 78/159/130 88/779/496
f 88/779/496 33/501/354 27/498/351
f 38/505/358 88/779/496 89/780/497
f 33/501/354 88/779/496 38/505/358
f 38/505/358 89/780/497 60/781/5
f 60/781/5 67/506/4 38/505/358
f 72/782/498 58/143/2 39/783/499
f 58/143/2 41/145/118 39/783/499
f 173/784/500 175/785/501 122/3/3
f 122/3/3 175/785/501 179/786/216
f 179/786/216 102/1/1 122/3/3
f 147/787/432 106/8/8 179/786/216
f 179/786/216 106/8/8 102/1/1
f 135/788/502 191/789/503 198/790/504
f 199/791/505 261/792/506 191/789/503
f 261/793/506 199/794/505 206/795/507
f 104/796/300 221/578/393 212/630/426
f 284/797/508 245/798/509 282/799/510
f 282/800/510 156/801/511 250/802/512
f 245/798/509 156/803/511 282/799/510
f 294/804/513 250/802/512 198/790/504
f 294/804/513 198/790/504 302/805/514
f 306/806/515 245/807/509 284/808/508
f 217/334/259 245/809/509 306/810/515
f 217/334/259 318/592/394 264/230/189
f 308/594/401 264/230/189 318/592/394
f 370/811/516 334/812/517 340/813/518
f 370/811/516 335/622/419 437/621/399
f 306/814/515 370/815/516 385/816/395
f 318/592/394 306/810/515 385/817/395
f 449/591/397 385/816/395 370/815/516
f 449/591/397 370/815/516 437/589/399
f 445/231/190 264/230/189 308/594/401
f 466/818/519 371/208/172 416/554/379
f 430/550/377 371/208/172 466/818/519
f 394/551/60 430/550/377 466/818/519
f 525/819/520 501/820/521 555/821/522
f 525/819/520 555/821/522 589/822/523
f 521/823/524 548/824/525 524/825/526
f 589/822/523 555/821/522 607/380/287
f 525/819/520 589/822/523 532/826/527
f 589/822/523 594/827/528 532/826/527
f 589/822/523 615/381/288 584/828/529
f 589/822/523 584/828/529 596/635/429
f 596/635/429 594/827/528 589/822/523
f 584/828/529 587/829/530 596/635/429
f 555/821/522 583/378/285 607/380/287
f 607/380/287 615/381/288 589/822/523
f 584/828/529 615/381/288 605/384/290
f 602/830/531 620/254/205 619/126/106
f 42/82/68 82/388/294 32/831/532
f 62/832/302 56/833/363 37/385/291
f 62/832/302 37/385/291 31/387/293
f 31/387/293 71/834/303 62/832/302
f 31/387/293 40/139/116 71/834/303
f 71/834/303 40/139/116 84/835/533
f 71/834/303 84/835/533 55/836/244
f 83/391/297 84/835/533 40/139/116
f 83/391/297 40/139/116 21/95/75
f 100/837/534 108/6/6 60/5/5
f 150/7/7 72/782/498 67/4/4
f 173/838/500 72/839/498 150/840/7
f 122/841/3 72/839/498 173/838/500
f 58/2/2 72/842/498 122/3/3
f 187/189/157 184/843/535 168/187/155
f 104/796/300 206/844/507 101/845/301
f 199/846/505 95/149/120 101/397/301
f 95/149/120 199/846/505 137/526/367
f 104/796/300 125/533/131 160/532/371
f 190/847/536 134/848/537 189/849/538
f 190/847/536 189/849/538 170/850/539
f 139/851/540 134/848/537 190/847/536
f 139/851/540 190/847/536 138/528/369
f 170/850/539 138/528/369 190/847/536
f 192/100/82 136/99/81 103/168/137
f 183/410/143 223/212/176 259/16/16
f 262/852/541 277/853/542 234/854/257
f 262/852/541 321/855/543 277/853/542
f 292/643/436 273/642/435 277/856/542
f 298/857/544 292/643/436 277/856/542
f 254/858/545 298/857/544 277/856/542
f 321/855/543 254/859/545 277/853/542
f 195/279/221 295/278/220 231/536/373
f 392/557/58 406/559/382 347/210/174
f 350/211/175 347/210/174 406/559/382
f 392/450/58 347/214/174 215/216/179
f 350/211/175 366/221/180 300/213/177
f 432/860/348 356/742/405 363/223/183
f 363/861/183 309/676/182 432/862/348
f 433/564/385 432/862/348 309/676/182
f 309/676/182 303/565/181 433/564/385
f 476/242/99 452/863/439 542/121/101
f 452/646/439 398/751/481 508/864/546
f 434/645/438 398/751/481 452/646/439
f 401/647/440 542/121/101 507/865/547
f 401/647/440 507/865/547 516/866/548
f 398/751/481 409/648/441 518/867/549
f 518/867/549 508/864/546 398/751/481
f 409/648/441 482/650/443 518/867/549
f 483/868/550 516/866/548 534/869/551
f 401/647/440 516/866/548 483/868/550
f 456/870/552 483/868/550 534/869/551
f 456/870/552 534/869/551 592/871/553
f 592/871/553 573/872/554 486/652/445
f 573/873/554 431/757/446 486/874/445
f 456/870/552 592/871/553 486/652/445
f 424/651/444 530/875/555 482/650/443
f 573/873/554 427/754/483 431/757/446
f 554/876/275 503/877/278 454/878/490
f 556/369/276 583/378/285 510/879/556
f 556/369/276 510/879/556 557/370/277
f 386/478/332 503/877/278 560/479/280
f 557/370/277 510/879/556 523/880/557
f 520/374/281 557/370/277 523/880/557
f 622/881/284 578/882/283 528/883/558
f 528/883/558 475/884/559 622/881/284
f 622/881/284 475/884/559 586/885/286
f 475/884/559 536/886/289 586/885/286
f 536/886/289 496/245/198 558/244/197
f 555/821/522 501/820/521 583/378/285
f 560/373/280 609/372/279 569/887/560
f 609/372/279 520/374/281 565/484/337
f 609/372/279 565/484/337 569/887/560
f 569/887/560 565/484/337 575/888/561
f 581/476/330 569/887/560 575/888/561
f 108/6/6 174/674/454 201/206/170
f 229/889/165 152/890/168 177/891/163
f 152/204/168 162/205/169 123/892/562
f 174/893/454 123/894/562 162/895/169
f 253/296/234 149/103/85 219/316/246
f 227/547/162 279/234/38 289/237/194
f 302/805/514 285/896/563 335/897/419
f 344/623/420 335/622/419 285/898/563
f 285/896/563 290/899/564 358/628/421
f 358/624/421 344/623/420 285/898/563
f 290/899/564 261/792/506 368/629/425
f 368/629/425 358/628/421 290/899/564
f 261/792/506 206/844/507 368/629/425
f 212/630/426 368/629/425 206/844/507
f 439/695/462 383/771/491 386/706/332
f 393/767/488 283/577/392 299/45/39
f 393/767/488 299/45/39 415/900/565
f 415/900/565 299/45/39 362/47/41
f 247/48/42 387/655/448 362/47/41
f 498/901/56 457/558/344 392/557/58
f 350/902/175 457/491/344 517/490/343
f 546/903/383 350/904/175 517/905/343
f 517/490/343 513/492/345 546/906/383
f 546/906/383 513/492/345 461/907/384
f 461/907/384 513/492/345 433/908/385
f 504/600/349 356/601/405 432/909/348
f 513/492/345 432/495/348 433/908/385
f 554/368/275 448/769/487 505/910/566
f 506/911/567 505/910/566 395/912/427
f 506/911/567 554/368/275 505/910/566
f 506/911/567 590/375/282 556/369/276
f 506/911/567 578/376/283 590/375/282
f 556/369/276 590/375/282 583/378/285
f 554/876/275 454/878/490 448/913/487
f 554/368/275 506/911/567 556/369/276
f 598/772/492 566/721/475 572/914/450
f 587/829/530 613/915/568 608/636/430
f 608/636/430 613/915/568 604/916/569
f 613/915/568 602/830/531 617/917/570
f 613/915/568 617/917/570 604/916/569
f 562/637/431 608/636/430 603/124/104
f 603/124/104 608/636/430 604/916/569
f 617/917/570 619/126/106 621/128/108
f 603/124/104 604/916/569 611/125/105
f 604/916/569 617/917/570 611/125/105
f 617/917/570 621/128/108 611/125/105
f 562/637/431 603/124/104 566/721/475
f 574/123/103 572/914/450 566/721/475
f 566/721/475 603/124/104 574/123/103
f 72/782/498 48/918/356 67/4/4
f 52/919/571 43/920/572 50/500/353
f 50/500/353 18/921/573 52/919/571
f 22/504/357 50/500/353 14/502/355
f 32/831/532 43/920/572 52/919/571
f 32/831/532 52/919/571 18/921/573
f 18/921/573 3/83/69 32/831/532
f 53/922/574 50/500/353 22/504/357
f 18/921/573 50/500/353 53/922/574
f 72/782/498 39/783/499 48/918/356
f 39/783/499 22/923/357 48/918/356
f 41/924/118 22/925/357 39/926/499
f 53/927/574 22/928/357 41/929/118
f 55/836/244 84/835/533 65/930/245
f 84/835/533 86/931/575 65/930/245
f 73/317/247 65/315/245 86/932/575
f 91/933/576 84/835/533 83/391/297
f 86/931/575 84/835/533 91/933/576
f 73/934/247 86/931/575 91/933/576
f 73/934/247 91/933/576 94/935/577
f 83/391/297 28/390/296 91/933/576
f 94/935/577 91/933/576 28/390/296
f 94/935/577 28/390/296 45/936/241
f 73/934/247 94/935/577 76/937/250
f 76/937/250 94/935/577 57/938/578
f 57/938/578 94/935/577 45/936/241
f 113/939/308 34/940/242 109/405/307
f 109/405/307 34/940/242 75/517/243
f 183/410/143 68/941/579 113/408/308
f 75/517/243 124/403/306 109/405/307
f 124/403/306 75/517/243 77/519/362
f 121/666/451 118/665/145 132/668/452
f 135/942/502 156/943/511 107/944/580
f 107/944/580 156/943/511 157/945/581
f 157/945/581 188/946/582 107/944/580
f 134/848/537 135/942/502 107/944/580
f 107/944/580 189/849/538 134/848/537
f 165/947/583 107/944/580 188/946/582
f 165/947/583 189/849/538 107/944/580
f 157/945/581 185/615/415 188/946/582
f 157/945/581 146/616/258 185/615/415
f 165/947/583 188/946/582 184/843/535
f 184/843/535 188/946/582 185/615/415
f 165/947/583 187/189/157 170/850/539
f 187/189/157 165/947/583 184/843/535
f 218/186/154 170/850/539 187/189/157
f 239/948/584 170/850/539 218/186/154
f 159/575/370 138/528/369 239/948/584
f 221/578/393 160/532/371 161/534/372
f 256/46/40 221/578/393 161/534/372
f 256/46/40 161/534/372 126/535/133
f 126/535/133 136/99/81 256/46/40
f 265/26/25 214/28/27 224/326/253
f 228/328/255 207/25/24 249/29/28
f 249/29/28 232/949/256 228/328/255
f 249/29/28 262/852/541 232/949/256
f 234/854/257 232/949/256 262/852/541
f 226/327/254 273/642/435 268/641/434
f 273/642/435 226/327/254 243/325/252
f 273/642/435 243/325/252 234/332/257
f 234/332/257 277/856/542 273/642/435
f 223/950/176 220/215/178 347/214/174
f 259/16/16 223/212/176 300/213/177
f 269/218/14 259/951/16 300/219/177
f 309/676/182 252/952/13 163/677/17
f 355/552/219 296/556/381 430/550/377
f 275/555/380 416/554/379 216/207/171
f 416/554/379 371/208/172 216/207/171
f 343/120/100 440/122/102 351/953/585
f 407/954/586 351/953/585 440/122/102
f 440/122/102 401/647/440 407/954/586
f 360/955/587 351/953/585 407/954/586
f 407/954/586 369/956/588 360/955/587
f 413/957/589 369/956/588 407/954/586
f 413/957/589 375/958/590 369/956/588
f 480/626/423 383/771/491 552/470/324
f 439/695/462 552/470/324 383/771/491
f 454/770/490 386/706/332 383/771/491
f 528/883/558 468/632/428 393/767/488
f 393/767/488 415/900/565 528/883/558
f 475/959/559 528/960/558 415/961/565
f 475/884/559 415/900/565 362/47/41
f 362/47/41 387/655/448 475/884/559
f 413/957/589 491/962/591 543/963/592
f 543/963/592 491/962/591 458/964/593
f 5/301/239 3/83/69 18/921/573
f 53/965/574 5/966/239 18/967/573
f 6/968/63 5/966/239 53/965/574
f 53/969/574 41/970/118 6/971/63
f 19/88/72 6/73/63 41/145/118
f 3/83/69 42/82/68 32/831/532
f 23/90/74 44/728/360 24/77/64
f 28/972/296 21/973/75 25/974/77
f 28/390/296 25/94/77 45/936/241
f 45/305/241 25/975/77 15/306/78
f 26/98/80 24/77/64 44/728/360
f 46/521/361 11/78/65 26/98/80
f 16/976/79 11/78/65 46/521/361
f 46/518/361 75/517/243 16/977/79
f 208/978/12 143/664/389 121/666/451
f 235/15/15 112/409/144 259/16/16
f 252/952/13 208/979/12 121/980/451
f 163/677/17 252/952/13 121/980/451
f 240/981/594 210/982/388 143/983/389
f 270/984/227 210/982/388 240/981/594
f 257/985/11 143/664/389 208/978/12
f 240/986/594 143/987/389 257/988/11
f 176/670/453 270/984/227 240/981/594
f 257/988/11 176/989/453 240/986/594
f 257/990/11 236/671/19 176/670/453
f 237/991/20 222/572/390 236/671/19
f 158/322/251 222/992/390 237/21/20
f 194/263/212 180/573/391 204/321/22
f 304/993/595 254/859/545 321/855/543
f 310/994/485 298/857/544 333/995/596
f 254/858/545 333/995/596 298/857/544
f 333/995/596 323/996/597 310/994/485
f 333/995/596 254/858/545 304/997/595
f 304/997/595 326/998/598 333/995/596
f 323/996/597 333/995/596 326/998/598
f 305/337/261 255/336/218 361/420/314
f 255/336/218 355/421/219 361/420/314
f 361/999/314 315/341/263 305/340/261
f 331/344/264 315/1000/263 359/1001/310
f 341/1002/309 373/1003/315 320/345/266
f 374/1004/317 320/345/266 373/1003/315
f 341/1002/309 320/345/266 359/1001/310
f 374/1004/317 381/1005/320 320/345/266
f 381/1005/320 330/346/267 320/345/266
f 379/1006/321 330/346/267 381/1005/320
f 359/1001/310 320/345/266 331/344/264
f 332/1007/269 330/346/267 379/1006/321
f 260/281/223 307/282/224 391/300/238
f 307/282/224 356/741/405 450/596/403
f 419/1008/599 342/746/479 327/745/230
f 342/746/479 419/1008/599 348/1009/600
f 327/750/230 376/749/480 429/1010/601
f 429/1010/601 419/1011/599 327/750/230
f 429/1012/601 376/1013/480 438/1014/602
f 438/1014/602 376/1013/480 338/111/93
f 429/1012/601 438/1014/602 435/1015/603
f 463/1016/195 397/1017/191 445/1018/190
f 497/365/272 463/1019/195 445/711/190
f 463/1019/195 460/364/271 471/1020/193
f 497/365/272 460/364/271 463/1019/195
f 552/470/324 544/367/274 588/366/273
f 444/261/210 515/610/411 559/260/209
f 570/611/413 515/610/411 527/1021/604
f 570/611/413 527/1021/604 441/299/237
f 628/567/387 570/613/413 441/1022/237
f 628/567/387 441/1022/237 585/614/414
f 585/614/414 561/1023/402 567/493/346
f 585/614/414 441/1022/237 561/1023/402
f 563/489/342 585/614/414 513/492/345
f 585/614/414 567/493/346 513/492/345
f 103/168/137 62/398/302 96/101/83
f 302/805/514 191/789/503 285/896/563
f 198/790/504 191/789/503 302/805/514
f 290/899/564 285/896/563 191/789/503
f 191/789/503 261/792/506 290/899/564
f 212/630/426 221/578/393 283/577/392
f 249/684/28 405/105/87 414/108/90
f 343/120/100 351/953/585 414/108/90
f 249/684/28 414/108/90 351/953/585
f 262/1024/541 249/684/28 351/953/585
f 262/1024/541 351/953/585 360/955/587
f 262/1025/541 360/1026/587 321/1027/543
f 360/1028/587 369/1029/588 321/855/543
f 375/1030/590 321/855/543 369/1029/588
f 304/993/595 321/855/543 375/1030/590
f 338/685/93 345/687/455 390/113/94
f 338/111/93 399/107/89 354/106/88
f 345/687/455 297/1031/457 390/113/94
f 418/114/95 390/113/94 297/1031/457
f 426/117/97 418/114/95 297/1031/457
f 297/1031/457 372/1032/459 426/117/97
f 426/117/97 372/1032/459 434/645/438
f 372/1032/459 378/753/461 434/645/438
f 398/751/481 434/645/438 378/753/461
f 536/886/289 387/655/448 496/245/198
f 510/879/556 501/820/521 545/1033/605
f 545/1033/605 501/820/521 525/819/520
f 545/1033/605 548/824/525 547/707/463
f 525/819/520 548/824/525 545/1033/605
f 547/707/463 548/824/525 521/823/524
f 525/819/520 553/1034/606 548/824/525
f 524/825/526 548/824/525 553/1034/606
f 525/819/520 532/826/527 553/1034/606
f 532/826/527 594/827/528 541/719/473
f 594/827/528 596/635/429 541/719/473
f 507/865/547 542/121/101 452/863/439
f 452/863/439 508/1035/546 507/865/547
f 507/865/547 508/1035/546 516/866/548
f 90/524/365 35/497/350 50/500/353
f 43/920/572 90/524/365 50/500/353
f 29/157/128 59/155/126 30/1036/607
f 66/1037/608 30/1036/607 59/155/126
f 66/1037/608 49/1038/609 30/1036/607
f 78/159/130 29/157/128 49/1038/609
f 49/1038/609 88/779/496 78/159/130
f 49/1038/609 66/1037/608 89/780/497
f 66/1037/608 70/1039/610 92/1040/611
f 89/780/497 66/1037/608 92/1040/611
f 88/779/496 49/1038/609 89/780/497
f 60/781/5 89/780/497 92/1040/611
f 70/1039/610 74/1041/612 92/1040/611
f 60/781/5 92/1040/611 74/1041/612
f 174/893/454 100/1042/534 123/894/562
f 108/6/6 100/837/534 174/674/454
f 201/1043/170 150/840/7 108/1044/6
f 201/1043/170 216/1045/171 150/840/7
f 173/838/500 150/840/7 216/1045/171
f 216/1045/171 230/1046/173 173/838/500
f 196/272/217 147/1047/432 179/273/216
f 230/1046/173 233/1048/215 175/1049/501
f 230/1046/173 175/1049/501 173/838/500
f 179/268/216 175/1050/501 233/269/215
f 255/1051/218 200/339/260 196/639/217
f 127/353/270 166/400/268 330/351/267
f 342/748/479 348/1052/600 380/228/187
f 380/228/187 348/1052/600 278/1053/18
f 278/1053/18 348/1052/600 435/1015/603
f 435/1015/603 438/1014/602 278/1053/18
f 438/1014/602 338/111/93 278/1053/18
f 354/106/88 278/1053/18 338/111/93
f 278/18/18 354/1054/88 316/22/21
f 280/682/23 354/106/88 405/105/87
f 387/1055/448 247/1056/42 336/1057/613
f 425/256/202 339/1058/614 286/104/86
f 443/258/207 425/256/202 286/104/86
f 490/656/449 387/655/448 336/1059/613
f 336/1059/613 339/1058/614 490/656/449
f 514/248/201 490/656/449 339/1058/614
f 339/1058/614 425/256/202 514/248/201
f 478/475/329 581/476/330 402/705/437
f 402/705/437 581/476/330 502/1060/615
f 502/1061/615 396/549/45 402/644/437
f 502/1062/615 509/1063/467 396/1064/45
f 509/1063/467 388/1065/43 396/1064/45
f 403/553/378 388/49/43 509/1066/467
f 453/1067/464 547/1068/463 467/1069/465
f 547/707/463 521/823/524 467/709/465
f 521/823/524 524/825/526 467/709/465
f 467/709/465 524/825/526 469/714/468
f 524/825/526 553/1034/606 531/715/469
f 526/722/476 531/715/469 553/1034/606
f 489/487/340 467/709/465 469/714/468
f 469/714/468 524/825/526 531/715/469
f 529/488/341 489/487/340 469/714/468
f 519/716/470 531/715/469 526/722/476
f 532/826/527 541/719/473 553/1034/606
f 596/635/429 495/718/472 541/719/473
f 541/719/473 526/722/476 553/1034/606
f 605/384/290 558/383/197 606/1070/199
f 605/384/290 606/1070/199 571/252/203
f 571/252/203 584/828/529 605/384/290
f 584/828/529 571/252/203 620/254/205
f 580/255/206 571/252/203 576/1071/200
f 571/252/203 606/1070/199 576/1071/200
f 577/253/204 580/255/206 623/1072/616
f 623/1072/616 582/259/208 577/253/204
f 620/254/205 587/829/530 584/828/529
f 587/829/530 608/636/430 596/635/429
f 587/829/530 620/254/205 613/915/568
f 613/915/568 620/254/205 602/830/531
f 620/254/205 582/259/208 619/126/106
f 619/126/106 617/917/570 602/830/531
f 580/255/206 559/606/209 623/1072/616
f 610/605/409 623/1072/616 559/606/209
f 616/609/412 582/259/208 623/1072/616
f 623/1072/616 610/605/409 616/609/412
f 5/301/239 2/304/62 8/84/70
f 97/176/139 129/1073/617 105/1074/141
f 97/176/139 64/1075/618 68/1076/579
f 112/175/144 129/1073/617 97/176/139
f 97/176/139 68/1076/579 183/174/143
f 105/172/141 129/1077/617 118/177/145
f 132/668/452 129/1073/617 112/175/144
f 118/665/145 129/1073/617 132/668/452
f 116/402/305 111/1078/359 145/401/304
f 166/400/268 116/402/305 145/401/304
f 77/519/362 127/404/270 124/403/306
f 183/410/143 113/408/308 223/212/176
f 202/33/32 155/1079/416 146/333/258
f 181/192/160 184/843/535 185/615/415
f 168/187/155 184/843/535 181/192/160
f 181/192/160 171/188/156 168/187/155
f 205/32/31 155/1079/416 202/33/32
f 205/539/31 241/1080/619 155/617/416
f 178/618/417 155/617/416 241/1080/619
f 193/540/150 241/1080/619 205/539/31
f 140/1081/151 241/1082/619 193/1083/150
f 140/619/151 178/618/417 241/1080/619
f 178/618/417 238/180/148 181/192/160
f 238/180/148 178/618/417 151/181/149
f 296/556/381 230/209/173 371/208/172
f 230/209/173 296/556/381 266/1084/214
f 355/277/219 266/274/214 296/1085/381
f 317/52/46 275/555/380 201/206/170
f 353/1086/620 304/993/595 375/1030/590
f 353/1086/620 326/1087/598 304/993/595
f 365/1088/486 323/996/597 326/998/598
f 377/1089/621 365/1090/486 326/1091/598
f 377/1092/621 326/1087/598 353/1086/620
f 408/1093/622 404/1094/447 365/1090/486
f 365/1090/486 377/1089/621 408/1093/622
f 494/604/408 549/768/489 493/602/406
f 497/365/272 550/603/407 493/602/406
f 505/1095/566 384/627/424 368/629/425
f 505/1095/566 368/629/425 395/631/427
f 505/1096/566 448/765/487 384/764/424
f 395/631/427 468/632/428 506/1097/567
f 506/1097/567 468/632/428 578/882/283
f 549/768/489 494/604/408 472/710/400
f 480/626/423 552/470/324 549/768/489
f 493/602/406 549/768/489 552/470/324
f 493/602/406 552/470/324 588/366/273
f 568/1098/623 518/867/549 482/650/443
f 530/875/555 568/1098/623 482/650/443
f 508/1035/546 591/1099/624 516/866/548
f 591/1099/624 518/1100/549 592/871/553
f 508/1035/546 518/1100/549 591/1099/624
f 534/869/551 516/866/548 591/1099/624
f 534/869/551 591/1099/624 592/871/553
f 518/1100/549 568/1101/623 592/871/553
f 573/873/554 424/755/444 427/754/483
f 530/1102/555 424/755/444 573/873/554
f 568/1101/623 530/1103/555 573/872/554
f 573/872/554 592/871/553 568/1101/623
f 49/1038/609 29/157/128 30/1036/607
f 113/1104/308 45/936/241 34/1105/242
f 57/938/578 45/936/241 113/1104/308
f 68/1076/579 57/938/578 113/1104/308
f 119/319/249 76/320/250 57/1106/578
f 119/1107/249 57/938/578 120/1108/138
f 120/1108/138 57/938/578 64/1075/618
f 97/170/139 120/169/138 64/1109/618
f 128/167/135 103/168/137 136/99/81
f 159/575/370 239/948/584 218/186/154
f 256/46/40 136/99/81 247/48/42
f 288/292/232 251/294/233 194/1110/212
f 288/295/232 194/263/212 258/689/456
f 258/689/456 265/26/25 297/690/457
f 311/691/458 297/690/457 274/1111/625
f 297/690/457 265/26/25 274/1111/625
f 322/693/460 311/691/458 274/1111/625
f 274/1111/625 226/327/254 268/641/434
f 322/693/460 274/1111/625 268/641/434
f 284/1112/508 282/1113/510 334/1114/517
f 334/812/517 337/1115/626 284/1116/508
f 282/800/510 250/802/512 340/1117/518
f 340/1118/518 334/1114/517 282/1113/510
f 370/811/516 337/1115/626 334/812/517
f 250/802/512 294/804/513 340/1117/518
f 340/813/518 294/1119/513 370/811/516
f 294/804/513 302/805/514 335/897/419
f 370/811/516 294/1119/513 335/622/419
f 306/1120/515 284/1116/508 337/1115/626
f 370/811/516 306/1120/515 337/1115/626
f 306/810/515 318/592/394 217/334/259
f 391/300/238 307/282/224 450/596/403
f 419/1121/599 429/1012/601 435/1015/603
f 348/1052/600 419/1121/599 435/1015/603
f 512/720/474 526/722/476 541/719/473
f 533/1122/493 403/553/378 509/1066/467
f 535/1123/494 403/1124/378 533/1125/493
f 416/1126/379 403/1124/378 535/1123/494
f 537/1127/495 416/554/379 535/1128/494
f 466/818/519 416/554/379 537/1127/495
f 537/1129/495 598/1130/492 466/1131/519
f 394/1132/60 466/1133/519 598/1134/492
f 600/133/113 599/129/109 601/566/386
f 57/938/578 68/1076/579 64/1075/618
f 134/1135/537 139/1136/540 191/789/503
f 199/791/505 191/789/503 139/1136/540
f 206/844/507 104/796/300 212/630/426
f 199/794/505 101/1137/301 206/795/507
f 221/578/393 104/796/300 160/532/371
f 138/528/369 199/846/505 139/851/540
f 138/528/369 137/526/367 199/846/505
f 138/528/369 170/850/539 239/948/584
f 142/527/368 138/528/369 159/575/370
f 246/280/222 195/279/221 144/171/140
f 246/280/222 144/171/140 167/173/142
f 246/280/222 167/173/142 260/281/223
f 260/281/223 167/173/142 172/178/146
f 267/1138/226 172/1139/146 210/982/388
f 210/982/388 270/984/227 267/1138/226
f 270/984/227 176/670/453 272/1140/228
f 272/1140/228 176/670/453 324/290/229
f 176/670/453 248/291/231 324/290/229
f 248/291/231 176/670/453 222/572/390
f 247/48/42 192/100/82 336/1059/613
f 192/100/82 164/102/84 336/1059/613
f 336/1059/613 164/102/84 339/1058/614
f 164/102/84 286/104/86 339/1058/614
f 501/820/521 510/879/556 583/378/285
f 386/478/332 454/878/490 503/877/278
f 545/1033/605 523/880/557 510/879/556
f 523/880/557 545/1033/605 547/707/463
f 520/374/281 523/880/557 470/481/334
f 470/481/334 523/880/557 547/707/463
f 468/632/428 528/883/558 578/882/283
f 475/884/559 387/655/448 536/886/289
f 520/374/281 487/482/335 565/484/337
f 560/479/280 569/1141/560 485/480/333
f 565/1142/337 538/1143/338 575/1144/561
f 477/474/328 569/887/560 581/476/330
f 485/480/333 569/1141/560 477/1145/328
f 581/476/330 575/888/561 538/485/338
f 539/486/339 581/476/330 538/485/338
f 502/1060/615 539/486/339 509/713/467
f 581/476/330 539/486/339 502/1060/615
f 567/493/346 561/1023/402 614/494/347
f 561/1023/402 564/1146/404 614/494/347
f 614/494/347 564/1146/404 504/496/349
f 4/138/71 8/84/70 1/302/240
f 2/304/62 1/302/240 8/84/70
f 2/304/62 11/79/65 1/302/240
f 11/79/65 9/81/67 1/302/240
f 56/522/363 103/168/137 85/1147/299
f 69/523/364 90/524/365 87/392/298
f 69/523/364 79/158/129 27/498/351
f 90/524/365 80/525/366 35/497/350
f 35/497/350 69/523/364 27/498/351
f 80/525/366 69/523/364 35/497/350
f 85/394/299 87/392/298 90/524/365
f 93/1148/627 85/394/299 90/524/365
f 37/385/291 85/394/299 93/1148/627
f 37/385/291 56/833/363 85/394/299
f 93/1148/627 47/386/292 37/385/291
f 47/386/292 93/1148/627 82/388/294
f 90/524/365 43/920/572 93/1148/627
f 82/388/294 93/1148/627 43/920/572
f 43/920/572 32/831/532 82/388/294
f 59/739/126 141/740/164 66/1149/608
f 141/1150/164 177/1151/163 70/1152/610
f 66/1037/608 141/196/164 70/1039/610
f 70/1152/610 177/1151/163 152/1153/168
f 123/892/562 70/1154/610 152/204/168
f 74/1155/612 70/1154/610 123/892/562
f 123/894/562 100/1042/534 74/1156/612
f 100/1042/534 60/1157/5 74/1156/612
f 63/9/9 106/8/8 147/787/432
f 169/1158/433 63/9/9 147/787/432
f 111/724/359 169/726/433 145/1159/304
f 250/802/512 156/801/511 135/788/502
f 198/790/504 250/802/512 135/788/502
f 135/788/502 134/1135/537 191/789/503
f 217/1160/259 156/803/511 245/798/509
f 157/1161/581 156/1162/511 217/1163/259
f 165/947/583 170/850/539 189/849/538
f 217/1164/259 146/616/258 157/945/581
f 248/291/231 222/572/390 251/574/233
f 194/263/212 197/262/211 213/27/26
f 213/27/26 258/689/456 194/263/212
f 265/26/25 258/689/456 213/27/26
f 265/26/25 224/326/253 274/1111/625
f 224/326/253 226/327/254 274/1111/625
f 357/1165/482 382/1166/628 420/1167/442
f 322/693/460 292/643/436 378/694/461
f 357/1165/482 378/694/461 292/643/436
f 310/994/485 357/1165/482 292/643/436
f 292/643/436 298/857/544 310/994/485
f 382/1166/628 357/1165/482 310/994/485
f 420/649/442 382/1168/628 424/651/444
f 424/1169/444 382/1166/628 364/1170/484
f 310/994/485 364/1170/484 382/1166/628
f 310/761/485 323/1171/597 365/762/486
f 401/647/440 483/868/550 407/954/586
f 407/954/586 483/868/550 491/962/591
f 413/957/589 407/954/586 491/962/591
f 483/868/550 456/870/552 491/962/591
f 456/870/552 486/652/445 458/964/593
f 458/964/593 491/962/591 456/870/552
f 353/1172/620 375/958/590 413/957/589
f 413/957/589 543/963/592 353/1172/620
f 377/1173/621 353/1172/620 543/963/592
f 486/652/445 404/654/447 458/964/593
f 458/964/593 404/654/447 408/1174/622
f 543/963/592 458/964/593 408/1174/622
f 543/1175/592 408/1093/622 377/1089/621
f 515/610/411 444/261/210 417/298/236
f 527/1021/604 515/610/411 417/298/236
f 417/298/236 295/278/220 527/1021/604
f 441/299/237 527/1021/604 295/278/220
f 600/133/113 601/566/386 618/135/114
f 601/566/386 563/489/342 618/135/114
