# Blender 4.3.2
# www.blender.org
mtllib fused_model.mtl
o conn-dsub_mesh
v -0.019531 -0.017870 0.000817
v -0.017290 -0.017962 -0.001655
v -0.017747 -0.015850 0.006547
v -0.019754 -0.017139 0.003811
v -0.002484 -0.016159 0.003751
v 0.009146 -0.016301 0.003322
v -0.019750 -0.016940 -0.000688
v 0.009432 -0.016974 0.000603
v -0.017881 -0.016682 -0.002555
v -0.015367 -0.017613 0.006250
v -0.014171 -0.016716 -0.003548
v -0.008393 -0.016769 0.007327
v -0.014503 -0.016315 0.003504
v -0.009860 -0.016518 -0.000316
v 0.002893 -0.016092 0.003663
v -0.010899 -0.016082 0.003558
v 0.010181 -0.017244 0.006834
v 0.003324 -0.017574 0.006671
v 0.016616 -0.016876 0.005656
v -0.007922 -0.017074 -0.003710
v 0.006441 -0.017388 0.006422
v 0.013800 -0.015788 0.003025
v 0.005152 -0.016460 -0.004603
v -0.005558 -0.016744 -0.003432
v 0.016511 -0.017749 0.003576
v 0.019053 -0.017011 0.003443
v -0.006033 -0.016764 0.003463
v 0.018620 -0.016740 -0.000555
v -0.001633 -0.016510 -0.000324
v 0.008231 -0.017538 -0.003531
v -0.002973 -0.017321 -0.003752
v 0.008260 -0.016492 -0.004486
v -0.007884 -0.016738 0.001871
v 0.010709 -0.016516 -0.001176
v 0.014672 -0.017701 -0.003057
v 0.013652 -0.016014 -0.000963
v 0.015134 -0.016924 -0.004207
v 0.017562 -0.017044 -0.002497
v 0.005368 -0.017739 0.005122
v -0.017294 -0.017851 0.005091
v -0.016198 -0.017029 0.000547
v -0.000548 -0.017639 0.005113
v -0.000126 -0.017465 -0.002260
v -0.008011 -0.017764 0.006256
v -0.006324 -0.017797 0.004931
v 0.015065 -0.017591 0.005032
v -0.012926 -0.017163 0.001015
v -0.011959 -0.017485 -0.002206
v -0.005678 -0.017412 -0.002182
v 0.017195 -0.017386 -0.000240
v -0.018900 -0.014393 0.005620
v -0.019487 -0.015603 -0.000668
v -0.002332 -0.017559 0.006581
v 0.000067 -0.014364 0.008612
v 0.005077 -0.014875 0.008890
v 0.013512 -0.014592 0.008064
v 0.013749 -0.014746 -0.004638
v -0.008056 -0.015214 -0.004326
v -0.016729 -0.014688 0.008436
v 0.016047 -0.014700 -0.004090
v -0.016137 -0.015602 -0.003630
v 0.019411 -0.013742 0.001493
v 0.018420 -0.014389 -0.001475
v 0.016980 -0.014970 0.006289
v -0.005061 -0.014971 -0.004185
v -0.001208 -0.015281 -0.004564
v 0.014573 -0.016427 0.001396
v 0.004549 -0.015969 0.002505
v 0.006253 -0.016477 -0.001216
v -0.019647 -0.014528 0.001529
v 0.008972 -0.014056 0.008819
v -0.027925 -0.014614 -0.004961
v -0.019702 -0.013579 0.008941
v 0.017397 -0.014215 0.007369
v -0.003876 -0.014532 -0.006085
v -0.027968 -0.014552 0.008604
v 0.007532 -0.014203 -0.005904
v -0.012636 -0.014710 0.009345
v -0.018883 -0.013756 -0.001548
v 0.018818 -0.013604 0.003693
v -0.007448 -0.014525 0.009170
v 0.001749 -0.014246 -0.006002
v -0.016228 -0.014452 -0.005099
v 0.015462 -0.014381 -0.005929
v -0.016162 -0.012717 0.008431
v -0.029560 -0.013402 0.002819
v -0.021517 -0.013130 -0.007306
v -0.002685 -0.013213 -0.006656
v -0.029553 -0.013222 0.001251
v 0.018290 -0.013122 -0.003094
v 0.015772 -0.013287 0.008456
v 0.019632 -0.012966 -0.004562
v -0.007705 -0.012713 0.009232
v 0.020219 -0.013076 -0.000042
v -0.027943 -0.012608 0.009772
v 0.027702 -0.013791 -0.004891
v 0.028959 -0.013160 0.003931
v 0.029251 -0.013168 -0.004042
v 0.001726 -0.012609 0.008669
v -0.002884 -0.012186 0.009088
v -0.028923 -0.012773 0.008405
v -0.026298 -0.012559 0.010016
v 0.004750 -0.012876 -0.006331
v 0.019979 -0.013114 -0.007114
v -0.021031 -0.013008 0.009960
v 0.026651 -0.012768 -0.007949
v -0.024299 -0.013466 0.008457
v -0.026655 -0.012409 0.006756
v 0.028142 -0.013818 -0.000218
v -0.019583 -0.012933 -0.004117
v -0.028323 -0.013168 0.006043
v -0.016925 -0.012891 -0.006026
v 0.018180 -0.012556 0.005503
v -0.029357 -0.013399 -0.000711
v -0.011558 -0.013772 -0.005743
v 0.020814 -0.012728 0.007855
v -0.027950 -0.013121 0.000338
v 0.013783 -0.013087 -0.006400
v -0.028069 -0.013010 -0.001389
v -0.020228 -0.013399 0.007782
v -0.029184 -0.012979 -0.004583
v -0.026605 -0.013668 -0.005077
v -0.019854 -0.012749 0.004993
v -0.028048 -0.013759 0.002928
v 0.020824 -0.013076 0.008790
v -0.021068 -0.013257 0.001524
v 0.023722 -0.012799 -0.007699
v -0.023956 -0.013340 0.000653
v 0.025038 -0.013151 0.007738
v -0.021482 -0.012932 -0.000165
v 0.025260 -0.013015 0.008718
v -0.028298 -0.013255 -0.006326
v 0.028330 -0.012541 0.009302
v 0.029368 -0.012561 0.007467
v 0.026671 -0.012486 0.005428
v 0.028198 -0.013902 0.004280
v 0.026678 -0.014218 -0.007067
v -0.020576 -0.014187 -0.005910
v -0.018533 -0.014106 -0.003967
v 0.020805 -0.013396 -0.006031
v 0.024087 -0.013384 -0.007250
v 0.028004 -0.014459 0.007366
v -0.026049 -0.013447 -0.005972
v -0.018401 -0.010754 0.009414
v 0.028731 -0.011271 0.003513
v 0.005553 -0.012521 0.008789
v 0.007779 -0.009876 0.007716
v -0.003537 -0.011448 -0.005453
v 0.028784 -0.011658 -0.005517
v -0.012250 -0.011602 0.008451
v 0.028311 -0.012755 -0.007223
v -0.028818 -0.011475 0.004815
v -0.029158 -0.011914 0.001217
v -0.021671 -0.011877 -0.007360
v -0.028692 -0.011938 -0.001386
v -0.028065 -0.011877 -0.000386
v -0.000661 -0.011385 -0.006284
v -0.019573 -0.011547 -0.003561
v -0.026819 -0.011613 -0.001368
v -0.026516 -0.011947 0.002239
v -0.025412 -0.011962 -0.001998
v -0.023731 -0.011368 0.007646
v 0.021213 -0.010958 0.009106
v -0.024843 -0.011926 0.005693
v 0.019533 -0.011184 0.006252
v 0.023925 -0.011757 -0.002299
v 0.007052 -0.011617 -0.005706
v -0.025017 -0.012099 -0.004615
v 0.026740 -0.011943 -0.001827
v -0.011811 -0.010379 -0.005402
v 0.020363 -0.011864 0.003715
v -0.021147 -0.011669 -0.002786
v -0.007489 -0.011598 -0.005656
v 0.024745 -0.011756 0.009121
v -0.020666 -0.011886 0.007519
v 0.022735 -0.011790 0.006284
v -0.021080 -0.011927 0.006276
v 0.023292 -0.012152 0.002316
v 0.024721 -0.012696 -0.005961
v 0.022299 -0.011998 -0.004524
v 0.022991 -0.013001 0.000290
v 0.024972 -0.012197 0.004725
v -0.021876 -0.012055 0.004200
v 0.026897 -0.011990 0.001043
v -0.016286 -0.009806 0.007879
v 0.009844 -0.011109 -0.005753
v -0.027058 -0.006306 0.001427
v -0.004860 -0.009251 -0.003149
v 0.004089 -0.009936 0.007049
v 0.019855 -0.011293 -0.007182
v 0.026920 -0.008999 0.008463
v -0.024051 -0.008920 0.008724
v 0.025865 -0.009570 -0.007050
v -0.028729 -0.009483 -0.004585
v 0.028281 -0.009317 0.005271
v -0.021713 -0.011709 0.010103
v 0.013904 -0.008494 0.007516
v -0.017919 -0.010204 -0.005410
v -0.028037 -0.008115 0.006167
v -0.012559 -0.007728 0.008515
v -0.002038 -0.009636 -0.003286
v 0.009489 -0.007995 -0.006649
v 0.028086 -0.010181 0.001016
v 0.028420 -0.008986 0.007914
v -0.027605 -0.009667 0.002888
v -0.026797 -0.009547 -0.005733
v -0.024660 -0.008839 -0.004924
v -0.006544 -0.009308 0.008378
v -0.008879 -0.008337 -0.005434
v -0.001261 -0.010081 0.007527
v -0.020671 -0.008573 -0.005234
v 0.002739 -0.009396 -0.003541
v 0.018651 -0.009353 -0.004954
v -0.014525 -0.008786 -0.004262
v 0.015782 -0.008193 -0.004943
v 0.004138 -0.006665 -0.003629
v 0.027960 -0.008350 -0.007127
v 0.027004 -0.005002 -0.007407
v -0.026757 -0.005570 0.009475
v -0.018685 -0.007229 0.008015
v 0.017968 -0.007930 0.007032
v -0.027841 -0.007763 -0.002232
v 0.021583 -0.007035 0.007100
v -0.027939 -0.009832 -0.005865
v -0.009171 -0.006173 0.008384
v 0.022389 -0.007801 -0.004460
v 0.012583 -0.006105 0.007179
v -0.014822 -0.006529 -0.003783
v 0.026995 -0.005729 0.000007
v 0.028079 -0.007384 -0.005925
v 0.023854 -0.008486 -0.005705
v -0.001571 -0.008454 -0.003292
v 0.013403 -0.008047 -0.005820
v -0.028467 -0.005763 0.008919
v 0.000576 -0.003760 0.007617
v -0.027170 -0.005526 -0.001494
v 0.004415 -0.004190 0.007064
v 0.007638 -0.006567 -0.005116
v 0.020679 -0.005865 -0.003688
v 0.007978 -0.006084 0.007805
v 0.024498 -0.007342 0.007229
v 0.026621 -0.005684 0.007892
v -0.010142 -0.006275 -0.005952
v 0.017434 -0.007029 -0.004650
v 0.028242 -0.005035 0.008079
v -0.006881 -0.005328 -0.003745
v -0.027661 -0.004300 0.003148
v -0.003251 -0.006106 -0.004422
v -0.028381 -0.004708 -0.006090
v 0.028872 -0.004765 0.007201
v 0.028040 -0.004170 0.003363
v 0.017505 -0.002953 0.006979
v -0.014464 -0.004203 0.007165
v 0.023842 -0.005969 -0.005028
v -0.024155 -0.004193 0.008112
v -0.029091 -0.001214 -0.004679
v -0.024189 -0.004395 -0.003580
v 0.019874 -0.002478 -0.005770
v 0.000086 -0.005357 -0.003861
v -0.014340 -0.003616 -0.003334
v -0.019662 -0.001986 0.007961
v 0.012240 -0.005337 -0.005124
v -0.012610 -0.005100 -0.005184
v -0.027739 -0.004331 0.005973
v -0.011879 -0.004001 0.007678
v 0.017377 -0.002532 -0.006026
v 0.020837 -0.002668 0.006151
v 0.023160 -0.001997 0.006357
v -0.003755 -0.004513 -0.003880
v -0.006550 -0.004066 0.008176
v 0.028378 -0.001502 -0.005464
v 0.007929 -0.003657 0.007089
v -0.001596 -0.003117 0.007642
v 0.001760 -0.003700 -0.003750
v -0.018788 -0.005529 -0.003408
v 0.005772 -0.003214 -0.003427
v 0.025813 -0.003038 -0.007293
v -0.026934 -0.001212 -0.005985
v 0.028088 -0.001171 -0.007170
v -0.028083 -0.000304 0.009438
v -0.028806 -0.001560 0.008534
v -0.015987 -0.000870 0.007923
v 0.011907 -0.002202 0.006310
v -0.014323 -0.002264 -0.002688
v 0.020096 -0.003557 -0.002131
v -0.009154 -0.003246 -0.004207
v -0.023295 -0.001573 -0.003603
v 0.011481 -0.002960 -0.002916
v -0.020740 -0.002661 -0.003208
v -0.005444 -0.003006 -0.003064
v -0.000974 -0.003095 -0.001911
v 0.023137 -0.003791 -0.005385
v -0.016905 -0.004116 -0.003535
v -0.022809 -0.001030 0.007869
v -0.028477 -0.002099 -0.001940
v 0.002463 -0.000083 0.008117
v 0.022850 -0.001962 -0.001326
v 0.020141 -0.002539 0.002434
v 0.017865 -0.001680 0.002275
v -0.028942 -0.001253 0.002078
v -0.011881 -0.000173 0.007764
v 0.018011 -0.002487 -0.001961
v 0.021272 -0.001575 -0.004407
v -0.008467 -0.002119 0.006964
v 0.018924 -0.001282 -0.004387
v 0.027884 -0.001267 -0.001789
v -0.005817 -0.000681 0.007695
v 0.027609 -0.001419 0.008831
v 0.029149 -0.001403 0.007325
v 0.022430 -0.002097 -0.006009
v -0.018080 -0.000250 -0.005084
v -0.028109 -0.000732 -0.006028
v 0.028622 -0.001313 0.004752
v -0.016625 -0.002080 -0.003949
v -0.018068 0.001129 0.009138
v 0.023452 -0.000995 0.000322
v 0.028345 -0.000781 0.001668
v 0.002123 -0.001429 -0.003537
v 0.019957 -0.000899 0.006305
v 0.019499 -0.000380 0.004479
v -0.014025 -0.000574 -0.004159
v -0.019705 -0.000865 0.004914
v 0.020545 -0.001208 0.004361
v -0.028095 -0.000508 0.005815
v 0.024671 -0.000192 -0.006017
v 0.026639 0.000773 0.007910
v -0.019103 -0.001867 0.001338
v -0.016640 -0.000741 -0.004873
v 0.009565 -0.000311 -0.003145
v 0.022706 -0.001072 0.004807
v 0.026717 -0.000800 -0.007786
v -0.008219 -0.001911 -0.004924
v -0.020322 -0.000757 0.007373
v -0.022931 -0.001090 0.001212
v -0.024013 -0.001476 0.004497
v -0.020789 -0.000618 0.006313
v -0.002513 -0.000638 -0.003636
v -0.023205 -0.000955 -0.000864
v 0.013614 0.000029 -0.003163
v -0.022993 -0.000793 -0.002605
v -0.020677 -0.000773 -0.002340
v -0.027008 -0.000326 0.000738
v -0.020566 -0.000267 -0.003424
v 0.017414 0.001118 -0.006550
v 0.018530 -0.000093 -0.006301
v -0.019838 -0.001479 -0.001269
v -0.024789 -0.001818 0.002799
v -0.020272 -0.002366 0.000529
v 0.013630 0.000889 0.007531
v -0.026040 0.000680 0.007510
v 0.000715 0.001176 -0.002340
v 0.017997 0.000753 0.008209
v 0.027048 0.000423 -0.006380
v 0.019446 0.001923 0.007554
v 0.005630 0.001365 -0.003066
v 0.007438 0.003196 -0.002620
v -0.008506 -0.000493 -0.005134
v 0.009646 0.000392 0.006173
v 0.016991 0.000198 -0.000717
v 0.028249 0.000380 0.006905
v -0.015636 0.001839 -0.004124
v 0.025173 0.000379 0.006108
v 0.026843 0.000518 0.005653
v 0.019208 0.000478 -0.004606
v -0.008859 0.001577 0.007409
v -0.018366 0.000971 0.003864
v 0.026711 0.000024 0.001169
v 0.026573 0.000476 -0.004533
v -0.027756 -0.000250 -0.001849
v -0.024840 0.000236 -0.003089
v -0.027621 -0.000374 0.002939
v -0.023972 -0.000096 0.006393
v -0.018620 0.003618 0.008880
v -0.019808 0.002115 0.007173
v -0.026647 0.001695 -0.004542
v -0.027948 0.001470 -0.004751
v 0.002756 0.001570 -0.002851
v -0.012798 0.002418 -0.003774
v 0.019428 0.001379 -0.003085
v -0.010722 0.001600 -0.003431
v -0.019781 0.001609 -0.001966
v 0.020055 0.002383 0.005732
v -0.021008 0.001833 -0.003405
v -0.020354 0.002075 -0.004663
v 0.019177 0.001681 -0.006364
v 0.006813 0.004900 0.006855
v 0.015481 0.001686 0.000238
v 0.015524 0.001390 0.001361
v -0.006617 0.002303 0.007900
v -0.003829 0.001936 0.007180
v -0.000650 0.002754 0.007556
v -0.004437 0.001806 -0.001821
v 0.013389 0.004451 0.007107
v 0.020881 0.001636 -0.004726
v 0.003377 0.002577 -0.004891
v -0.014278 0.003925 0.008233
v 0.004842 0.002895 -0.004603
v -0.017825 0.002712 0.000808
v -0.019376 0.004978 -0.003324
v 0.011647 0.002361 -0.003692
v -0.018125 0.005959 0.005015
v 0.018392 0.005247 0.008097
v -0.011206 0.004159 0.008560
v -0.008906 0.002854 -0.002387
v -0.015779 0.005363 -0.004733
v 0.017187 0.002321 0.002074
v 0.017362 0.003653 -0.001397
v 0.016687 0.003600 0.001035
v -0.006568 0.002452 -0.003044
v -0.003637 0.003226 -0.001746
v 0.000313 0.003391 -0.002505
v -0.019729 0.005177 -0.005161
v 0.019349 0.005440 0.005980
v 0.007824 0.004917 -0.003334
v -0.008398 0.004560 -0.002998
v -0.006704 0.005372 0.007210
v -0.005479 0.004942 -0.003518
v 0.018798 0.005624 -0.005605
v 0.019405 0.003182 -0.005938
v 0.001601 0.006202 0.007333
v -0.016197 0.006993 0.009122
v -0.018944 0.006076 0.007482
v -0.016290 0.004665 0.008865
v 0.006318 0.004588 -0.003480
v -0.018371 0.006603 -0.000874
v -0.018187 0.006170 -0.005988
v 0.011399 0.006874 0.007890
v 0.010584 0.004871 -0.004618
v -0.010105 0.005594 0.007895
v -0.012539 0.005575 -0.005458
v 0.001518 0.006808 -0.005568
v -0.001907 0.005065 -0.002704
v -0.004653 0.004557 0.007497
v 0.014379 0.004668 -0.006160
v 0.018320 0.008704 -0.007071
v 0.017073 0.006645 0.001768
v -0.009603 0.006476 -0.005256
v 0.005479 0.006292 -0.006187
v -0.011543 0.007638 0.008623
v -0.019168 0.008182 -0.004063
v 0.007465 0.006936 -0.005929
v -0.005266 0.006332 -0.006499
v 0.014762 0.007138 0.007719
v 0.017230 0.007055 -0.001873
v 0.013023 0.006335 -0.007260
v -0.016111 0.006467 -0.005808
v -0.002115 0.006409 -0.005792
v 0.000611 0.007065 -0.005703
v -0.010865 0.007786 -0.006543
v 0.002256 0.009445 -0.005972
v -0.018257 0.010335 0.003819
v 0.018568 0.010107 0.004042
v -0.007156 0.007579 -0.007007
v -0.001869 0.007660 -0.006926
v 0.009654 0.008185 -0.006738
v 0.009021 0.009132 0.008055
v -0.007561 0.009411 0.008165
v -0.015246 0.008166 -0.006280
v -0.014593 0.008200 0.007204
v 0.014124 0.007476 -0.006915
v 0.016851 0.007732 -0.007343
v 0.018148 0.008675 0.008452
v -0.017966 0.010576 -0.000861
v 0.018488 0.010394 -0.003302
v -0.018685 0.013481 0.007536
v -0.016608 0.012096 0.009041
v 0.011509 0.010964 0.007685
v 0.014262 0.010093 0.006400
v 0.011208 0.008929 -0.005999
v -0.012130 0.009851 0.007505
v -0.011014 0.009113 -0.005984
v 0.014261 0.008959 -0.004719
v -0.013700 0.009011 0.006611
v -0.000408 0.009494 0.007738
v 0.017342 0.009809 -0.007082
v 0.019074 0.010749 -0.005887
v 0.002744 0.009326 0.007459
v 0.006805 0.010952 -0.004841
v -0.018323 0.012539 0.008786
v -0.005072 0.009379 -0.006101
v 0.012330 0.010409 -0.004411
v 0.014487 0.010390 -0.004472
v -0.014745 0.010038 0.007005
v -0.010406 0.010562 0.008627
v -0.013808 0.009711 -0.004097
v 0.017914 0.012758 0.008189
v -0.000375 0.009377 -0.005931
v -0.018409 0.010009 -0.005973
v -0.017183 0.010477 -0.005686
v 0.019204 0.014071 0.006088
v 0.018043 0.010376 0.002015
v 0.009362 0.011486 -0.006401
v -0.007108 0.011768 0.007143
v -0.019240 0.012453 -0.004444
v -0.009437 0.010670 -0.005860
v -0.013951 0.011215 -0.003893
v -0.006923 0.012201 -0.003743
v -0.003428 0.012078 0.006490
v 0.003725 0.012431 -0.003489
v -0.003746 0.012172 -0.003999
v 0.005248 0.012768 0.006442
v 0.011070 0.012024 -0.005624
v 0.018140 0.014034 -0.004214
v -0.013699 0.013445 0.007542
v -0.010759 0.013706 0.008043
v 0.015100 0.013266 -0.006037
v 0.014862 0.013690 0.007385
v -0.015497 0.010722 -0.004274
v -0.011864 0.012788 -0.005466
v 0.017368 0.013883 0.001300
v 0.011764 0.013723 0.007886
v -0.017115 0.015509 -0.000175
v -0.001023 0.014630 0.006540
v 0.002364 0.014130 -0.003455
v -0.018314 0.014211 -0.006283
v -0.015212 0.013981 -0.005728
v 0.019506 0.015701 0.007159
v 0.006769 0.013572 -0.004167
v 0.010621 0.014069 -0.005928
v -0.010117 0.015650 -0.004656
v -0.005789 0.013924 -0.003487
v -0.008830 0.014896 0.007325
v 0.018534 0.014688 -0.006126
v -0.000800 0.013038 -0.003191
v 0.003275 0.016778 -0.004630
v -0.019566 0.017346 -0.005560
v 0.010117 0.017181 -0.005487
v -0.018044 0.017034 0.005102
v 0.007256 0.016819 0.006957
v -0.016113 0.015910 -0.006024
v 0.014995 0.015163 -0.006306
v 0.017259 0.017844 -0.007070
v -0.007192 0.018744 0.007886
v 0.000302 0.017023 -0.004755
v -0.017880 0.018373 0.009046
v 0.014912 0.016424 0.007370
v 0.018600 0.021459 -0.007447
v 0.018289 0.019709 0.008351
v 0.018479 0.016612 0.002768
v 0.018450 0.018652 -0.003138
v 0.014598 0.019258 0.006874
v -0.015151 0.017992 0.007926
v 0.000935 0.019716 0.007218
v -0.011895 0.018724 0.007631
v -0.011008 0.021614 0.008199
v -0.008427 0.019316 -0.004464
v 0.004670 0.021939 0.007350
v 0.019199 0.018497 -0.005809
v -0.018065 0.021230 -0.006714
v -0.018433 0.019266 -0.000477
v -0.001432 0.021717 -0.005710
v -0.019227 0.021391 -0.003805
v -0.018420 0.019396 0.005116
v 0.010433 0.019385 -0.005611
v -0.013864 0.019103 -0.004501
v -0.016694 0.019245 -0.005927
v 0.019298 0.019425 0.007313
v 0.018463 0.020282 0.003979
v -0.004771 0.022082 0.007814
v -0.018557 0.021690 0.009115
v 0.008486 0.020148 0.006726
v -0.015972 0.023467 0.009353
v 0.014409 0.018777 -0.005934
v 0.008511 0.021826 -0.006339
v 0.015496 0.021633 0.007740
v 0.016148 0.023580 0.008025
v -0.018674 0.022919 0.007532
v 0.017985 0.022040 -0.003689
v -0.018125 0.022235 0.004280
v 0.009670 0.022111 0.007547
v -0.018577 0.023094 -0.005917
v 0.016733 0.021858 -0.007729
v -0.008363 0.022132 -0.005822
v 0.018817 0.022945 0.007310
v 0.018754 0.022772 -0.005935
v 0.018316 0.021356 0.001573
v 0.017535 0.023106 0.004346
v 0.000242 0.023456 0.007864
v 0.002696 0.021928 -0.006185
v -0.014684 0.023327 -0.005800
v 0.006990 0.024095 0.006574
v -0.011397 0.023585 0.007905
v -0.017108 0.024176 0.008699
v 0.017461 0.023644 0.000150
v 0.013631 0.023448 0.007439
v -0.018050 0.023646 -0.001944
v -0.000808 0.023525 -0.005540
v -0.017277 0.023515 0.004949
v 0.016451 0.024041 -0.007263
v -0.004425 0.023490 0.007426
v 0.006535 0.023576 -0.005785
v -0.001852 0.024758 0.001473
v -0.006167 0.024864 -0.000117
v -0.015309 0.024456 0.002464
v -0.011932 0.024161 0.006322
v -0.000299 0.024410 -0.004296
v 0.015555 0.024489 -0.000784
v -0.010573 0.024288 0.000737
v -0.017141 0.024209 -0.005896
v -0.008226 0.024256 -0.004708
v 0.000678 0.024550 0.006108
v 0.010809 0.024411 -0.004759
v -0.015679 0.024470 -0.004465
v 0.002991 0.024716 0.000015
v 0.016877 0.023952 -0.003607
v 0.005617 0.024818 -0.000126
v 0.016598 0.024623 -0.006089
v -0.003857 0.024437 0.005902
v 0.010919 0.024124 0.000246
v 0.016055 0.024251 0.006188
v 0.015503 0.024176 0.002889
vn 0.1121 -0.9075 -0.4049
vn 0.0084 -0.9661 -0.2582
vn 0.0487 -0.9934 -0.1040
vn 0.0367 -0.9678 0.2491
vn 0.0620 -0.9061 -0.4185
vn 0.0331 -0.9193 -0.3922
vn -0.0046 -0.9637 0.2670
vn 0.0026 -0.8681 0.4964
vn -0.0077 -0.8847 0.4662
vn 0.0103 -0.2894 0.9572
vn 0.0743 -0.3792 0.9223
vn 0.0384 -0.8682 0.4947
vn -0.0065 -0.1697 0.9855
vn 0.1217 -0.5209 0.8449
vn 0.1579 -0.2245 0.9616
vn 0.4321 -0.8115 0.3935
vn 0.1615 -0.9150 -0.3698
vn 0.1878 -0.6979 0.6911
vn 0.7824 -0.6201 -0.0585
vn 0.6120 -0.5524 0.5659
vn 0.8369 -0.3728 0.4008
vn -0.0079 -0.7182 0.6958
vn -0.2342 -0.9487 -0.2124
vn 0.2857 -0.9118 0.2951
vn 0.5280 -0.2895 0.7984
vn 0.9780 -0.1498 0.1450
vn 0.9252 -0.3745 -0.0620
vn -0.5988 -0.7282 -0.3335
vn 0.0591 -0.9657 -0.2527
vn 0.1276 0.1512 0.9802
vn -0.0330 0.0136 0.9994
vn -0.0662 0.0404 0.9970
vn -0.1225 0.0982 0.9876
vn 0.0100 0.1128 0.9936
vn -0.0295 0.1555 0.9874
vn 0.0242 0.1262 0.9917
vn 0.0121 0.0220 0.9997
vn -0.3088 -0.3656 -0.8781
vn 0.0122 -0.1796 -0.9837
vn 0.0644 0.2020 -0.9773
vn 0.0772 -0.4718 -0.8783
vn 0.0892 -0.5728 -0.8148
vn -0.0249 0.2183 -0.9756
vn 0.0536 -0.0538 -0.9971
vn 0.0922 -0.6778 -0.7295
vn -0.0541 -0.1532 -0.9867
vn 0.1786 -0.7213 -0.6692
vn 0.1788 -0.7709 -0.6113
vn 0.1726 -0.1039 -0.9795
vn 0.0983 -0.3433 -0.9341
vn -0.0491 -0.2862 -0.9569
vn -0.0644 -0.2413 -0.9683
vn -0.0133 -0.2893 -0.9572
vn -0.2728 0.0256 -0.9617
vn -0.1278 -0.0136 -0.9917
vn 0.9956 -0.0421 -0.0840
vn 0.9869 0.0236 0.1594
vn 0.9926 0.0348 0.1166
vn 0.9794 -0.0819 -0.1845
vn -0.2356 -0.0366 -0.9712
vn -0.0772 -0.0354 -0.9964
vn -0.9690 -0.2451 0.0302
vn -0.9482 0.3177 -0.0059
vn -0.9871 0.1575 0.0288
vn 0.0163 -0.1793 -0.9837
vn 0.2066 -0.0706 -0.9759
vn 0.1054 0.3032 -0.9471
vn 0.0461 -0.9450 -0.3238
vn 0.0473 -0.9948 0.0897
vn 0.0788 -0.7682 0.6354
vn 0.4602 -0.5958 0.6582
vn -0.0406 -0.9838 -0.1744
vn -0.1990 -0.9545 -0.2222
vn -0.0122 -0.9997 0.0221
vn 0.8001 -0.5604 0.2138
vn 0.1076 -0.9937 -0.0319
vn -0.2940 -0.9556 0.0188
vn 0.7634 -0.5317 -0.3668
vn -0.9215 0.1992 -0.3335
vn -0.4995 -0.2616 -0.8259
vn -0.8046 -0.3684 -0.4657
vn -0.7966 -0.4414 -0.4130
vn -0.2524 -0.5601 -0.7890
vn 0.0565 -0.5702 -0.8195
vn -0.0185 -0.5955 -0.8031
vn 0.1073 -0.7978 -0.5933
vn -0.9683 -0.0528 0.2443
vn -0.9736 0.1945 -0.1190
vn -0.9582 0.1377 0.2506
vn -0.9830 0.0616 -0.1728
vn 0.2982 0.1052 -0.9487
vn 0.0708 0.4626 -0.8838
vn 0.1742 0.2739 -0.9459
vn 0.1106 0.4510 -0.8856
vn -0.3217 0.1273 -0.9382
vn -0.5240 0.1402 -0.8401
vn -0.1685 0.3662 -0.9152
vn -0.2919 0.3328 -0.8967
vn -0.2666 0.0897 -0.9596
vn -0.3710 -0.3345 -0.8663
vn -0.2265 -0.6176 -0.7531
vn -0.0708 0.1389 -0.9878
vn -0.1391 -0.6462 -0.7504
vn 0.4954 -0.3495 -0.7953
vn 0.2165 -0.1883 -0.9580
vn 0.5222 -0.4417 -0.7295
vn -0.0105 -0.0204 -0.9997
vn 0.0196 -0.1283 -0.9915
vn -0.2863 -0.3211 -0.9027
vn 0.8895 0.0998 0.4460
vn 0.9465 0.0926 0.3092
vn 0.8291 0.2489 0.5007
vn 0.8645 -0.0736 0.4971
vn 0.9250 -0.2921 -0.2430
vn -0.1701 -0.1950 -0.9659
vn -0.3701 -0.1949 -0.9083
vn 0.2079 -0.0826 0.9747
vn 0.0027 -0.0120 0.9999
vn -0.0551 -0.0618 0.9966
vn 0.0758 0.5273 0.8463
vn 0.0397 0.8386 0.5433
vn -0.0715 -0.0669 0.9952
vn 0.0566 0.0249 0.9981
vn -0.2053 -0.1683 0.9641
vn 0.0880 0.6020 0.7937
vn 0.6441 0.7649 -0.0043
vn 0.7519 0.6557 -0.0688
vn 0.9799 0.1972 0.0307
vn -0.9997 0.0154 -0.0190
vn -0.9956 0.0402 -0.0850
vn 0.0462 0.2326 -0.9715
vn 0.2310 0.3544 -0.9061
vn -0.0707 0.3200 -0.9448
vn 0.0609 -0.2984 -0.9525
vn -0.0989 0.1523 -0.9834
vn 0.2371 0.0663 -0.9692
vn 0.2632 0.6469 -0.7157
vn 0.1005 0.1593 -0.9821
vn 0.2157 0.1674 -0.9620
vn 0.2013 0.2844 -0.9373
vn -0.0070 -0.1280 -0.9918
vn 0.0173 0.0196 -0.9997
vn -0.1632 0.1039 -0.9811
vn -0.0467 0.3968 -0.9167
vn 0.0358 0.0472 0.9982
vn 0.1528 0.2231 0.9628
vn 0.3248 0.0005 0.9458
vn 0.2039 -0.0539 -0.9775
vn 0.0575 0.5016 -0.8632
vn 0.0360 0.3684 -0.9290
vn -0.1387 0.2293 -0.9634
vn -0.0102 0.1729 -0.9849
vn -0.2769 0.3861 -0.8799
vn 0.2488 -0.0019 -0.9686
vn -0.0282 0.1240 -0.9919
vn -0.1212 0.1114 -0.9864
vn -0.0082 0.9476 -0.3193
vn 0.7930 0.5603 0.2391
vn 0.6267 0.6266 -0.4633
vn -0.3703 0.9182 0.1406
vn 0.0964 0.3386 0.9360
vn -0.4274 0.3791 0.8207
vn -0.2498 -0.0412 0.9674
vn 0.4798 -0.0579 0.8754
vn 0.1603 0.1886 0.9689
vn 0.9623 -0.0998 0.2531
vn 0.9498 0.1630 0.2671
vn 0.9786 -0.0759 -0.1913
vn 0.9237 0.3539 -0.1470
vn 0.0475 0.9818 0.1838
vn -0.4242 0.9041 0.0514
vn 0.9433 0.3305 0.0317
vn 0.9964 -0.0040 -0.0845
vn -0.0876 0.0343 0.9956
vn -0.1986 -0.0962 0.9753
vn 0.0086 -0.0016 1.0000
vn 0.1540 0.1037 -0.9826
vn 0.1765 0.5422 -0.8215
vn 0.1326 -0.1774 -0.9752
vn -0.1943 -0.2858 -0.9384
vn 0.1667 -0.3896 -0.9057
vn 0.0898 -0.3310 -0.9394
vn 0.4629 0.0236 -0.8861
vn 0.1826 0.1789 -0.9668
vn 0.3018 0.2623 -0.9166
vn 0.0953 -0.2341 -0.9675
vn -0.1337 -0.6178 -0.7749
vn -0.3557 -0.6036 -0.7135
vn 0.9584 -0.2340 -0.1636
vn 0.9659 0.1997 0.1646
vn -0.2927 -0.3680 -0.8825
vn 0.7521 0.0992 -0.6516
vn 0.6906 -0.0826 -0.7185
vn 0.9632 0.0745 -0.2584
vn 0.9929 0.0805 -0.0873
vn 0.9617 -0.1060 -0.2529
vn -0.7299 0.1268 0.6717
vn 0.0918 0.0284 0.9954
vn 0.2892 -0.0079 0.9572
vn -0.1220 0.1861 0.9749
vn 0.1396 0.0815 0.9868
vn 0.2330 0.2399 0.9424
vn 0.1523 -0.1522 0.9765
vn 0.5718 -0.0804 0.8164
vn 0.0814 0.0636 0.9947
vn -0.5991 0.1774 0.7807
vn -0.1043 0.1988 0.9745
vn -0.9808 0.1266 0.1483
vn -0.9938 0.0423 -0.1026
vn -0.9950 -0.0396 0.0917
vn -0.9977 -0.0017 0.0683
vn -0.9687 -0.0875 -0.2323
vn -0.2022 -0.1691 -0.9646
vn -0.1141 -0.2233 -0.9681
vn -0.0324 -0.1159 -0.9927
vn -0.1451 0.9890 0.0280
vn -0.1783 0.7104 -0.6809
vn -0.7205 0.6910 0.0581
vn 0.0079 0.9793 -0.2022
vn -0.7480 0.3796 -0.5444
vn -0.0195 0.9995 0.0236
vn -0.0033 0.9147 -0.4042
vn -0.0800 0.9946 0.0658
vn -0.0128 0.9997 0.0221
vn 0.0173 0.9430 -0.3323
vn -0.0422 0.1804 0.9827
vn -0.0687 0.2145 0.9743
vn 0.3910 -0.8566 -0.3368
vn 0.3503 -0.8974 0.2681
vn 0.8939 -0.4453 0.0516
vn -0.0036 0.0441 0.9990
vn -0.1019 -0.9565 -0.2733
vn -0.1515 -0.9884 -0.0078
vn 0.9660 0.2431 -0.0884
vn 0.0688 -0.9806 0.1833
vn -0.1311 0.1883 -0.9733
vn 0.0447 0.0091 -0.9990
vn -0.1686 0.2922 -0.9414
vn 0.3301 0.0161 -0.9438
vn 0.1168 0.1474 -0.9822
vn -0.0556 -0.0763 -0.9955
vn -0.0727 0.3397 -0.9377
vn 0.1065 0.6223 -0.7755
vn 0.2967 -0.2725 -0.9153
vn -0.0621 -0.1744 -0.9827
vn 0.0413 -0.1642 -0.9856
vn 0.0004 0.1732 -0.9849
vn 0.1866 0.1134 -0.9759
vn -0.5408 0.3921 0.7442
vn -0.0734 -0.1932 0.9784
vn -0.5301 0.1841 0.8277
vn -0.9267 0.2644 -0.2670
vn -0.5228 0.7513 -0.4027
vn -0.9682 0.2415 0.0647
vn 0.0363 -0.1058 0.9937
vn -0.0138 0.0545 0.9984
vn -0.0499 0.0733 0.9961
vn 0.0790 -0.0015 0.9969
vn -0.1028 0.1326 0.9858
vn 0.0560 -0.0004 0.9984
vn -0.0155 0.0680 0.9976
vn 0.1048 -0.2511 -0.9623
vn 0.3903 -0.0553 -0.9190
vn 0.5852 0.0619 -0.8085
vn 0.3281 0.4971 0.8033
vn -0.1241 0.1386 -0.9825
vn -0.7192 -0.1617 -0.6757
vn 0.9423 0.0615 -0.3292
vn 0.6659 0.2197 -0.7130
vn -0.1730 -0.0577 0.9832
vn -0.0660 0.0041 0.9978
vn -0.0074 0.0217 0.9997
vn -0.1469 0.0460 0.9881
vn 0.9604 0.1204 0.2512
vn 0.9347 -0.0342 0.3538
vn 0.0229 -0.1412 0.9897
vn 0.3048 0.0313 0.9519
vn 0.9725 0.1865 -0.1396
vn 0.0598 0.6302 0.7741
vn 0.0500 0.0563 0.9972
vn 0.0525 0.6834 0.7282
vn 0.1264 0.4259 0.8959
vn 0.0112 -0.9573 -0.2889
vn -0.6188 -0.7764 0.1192
vn 0.0695 -0.9896 -0.1259
vn 0.1555 -0.9753 0.1567
vn 0.1199 -0.9662 0.2284
vn 0.0303 -0.9963 0.0809
vn 0.0140 -0.6000 -0.7999
vn 0.0441 -0.9738 0.2232
vn -0.0485 -0.8274 -0.5595
vn -0.9106 -0.3952 0.1213
vn -0.8859 -0.4618 0.0426
vn 0.1633 0.2179 0.9622
vn 0.2593 0.2471 0.9337
vn 0.0784 0.0471 0.9958
vn -0.0616 0.1389 0.9884
vn -0.0320 0.1263 0.9915
vn 0.1386 0.1633 0.9768
vn 0.0782 0.2012 0.9764
vn 0.0236 0.2056 0.9784
vn 0.1148 0.2993 0.9472
vn -0.1034 0.5574 -0.8238
vn -0.0988 0.5959 -0.7970
vn -0.0272 0.5142 -0.8573
vn 0.2659 0.5890 0.7631
vn -0.9595 0.1316 0.2489
vn -0.9644 0.2539 -0.0739
vn -0.9804 -0.1550 -0.1219
vn -0.9590 -0.2684 -0.0907
vn -0.9992 -0.0137 0.0377
vn 0.1867 0.1113 -0.9761
vn 0.0317 -0.2349 -0.9715
vn 0.0678 -0.0317 -0.9972
vn 0.0484 0.1549 -0.9867
vn 0.1199 0.0693 0.9904
vn 0.2454 -0.0744 0.9666
vn 0.0477 -0.0946 0.9944
vn 0.1694 -0.0173 0.9854
vn 0.0871 0.0006 0.9962
vn -0.6199 0.0696 0.7816
vn -0.8678 0.4920 0.0702
vn -0.9772 0.0912 0.1915
vn 0.0377 -0.1454 0.9887
vn 0.0610 -0.1031 0.9928
vn 0.0883 0.1593 0.9833
vn -0.9150 0.2589 0.3094
vn -0.8557 0.1681 0.4893
vn -0.9731 0.1336 0.1880
vn -0.2025 -0.3184 -0.9261
vn -0.1018 0.3031 -0.9475
vn -0.0255 -0.3460 -0.9379
vn -0.1009 -0.3444 -0.9334
vn -0.1702 0.1300 -0.9768
vn -0.1469 0.5856 -0.7972
vn -0.0264 0.0200 -0.9995
vn -0.9755 0.0569 -0.2124
vn -0.9767 0.0153 0.2139
vn -0.5540 0.0812 -0.8285
vn -0.1672 -0.1091 -0.9799
vn 0.2626 0.1300 -0.9561
vn -0.1281 0.4949 -0.8594
vn -0.1174 0.5369 -0.8354
vn -0.0716 -0.9564 0.2832
vn 0.0463 -0.9857 0.1621
vn 0.0494 -0.9918 -0.1179
vn 0.3373 -0.4746 -0.8131
vn 0.0254 -0.5481 -0.8360
vn 0.1136 -0.6220 -0.7748
vn 0.5251 -0.5788 -0.6240
vn 0.7920 -0.3268 -0.5157
vn 0.6057 -0.6232 -0.4947
vn 0.1219 -0.4544 0.8824
vn -0.1180 -0.7847 0.6085
vn -0.1407 -0.4973 0.8561
vn -0.0740 -0.3397 0.9376
vn 0.0347 -0.4089 0.9119
vn -0.0361 0.2626 0.9642
vn 0.0625 0.2949 -0.9535
vn -0.8812 -0.0339 0.4716
vn -0.3297 0.6040 0.7256
vn 0.8667 0.4701 0.1668
vn -0.2067 0.9784 -0.0060
vn -0.3717 0.1690 -0.9128
vn -0.3601 0.8312 -0.4236
vn 0.0681 0.3302 -0.9415
vn -0.3540 -0.1481 -0.9234
vn 0.1003 0.9856 0.1362
vn -0.6016 0.7956 -0.0719
vn -0.1234 0.9860 -0.1122
vn 0.3035 0.9513 -0.0543
vn -0.4344 0.8855 -0.1650
vn 0.1351 0.9281 -0.3469
vn -0.5926 0.7981 0.1090
vn 0.1757 0.9705 0.1649
vn -0.9963 0.0855 0.0070
vn -0.9734 0.0302 -0.2273
vn -0.0292 0.1025 0.9943
vn 0.4137 0.0713 -0.9076
vn 0.2911 0.3761 -0.8796
vn 0.5649 -0.0224 -0.8248
vn -0.1853 0.1517 -0.9709
vn -0.9523 0.0155 -0.3046
vn 0.2361 0.0036 -0.9717
vn -0.2462 0.0267 -0.9689
vn 0.5100 0.0482 -0.8588
vn -0.0331 -0.0936 -0.9951
vn 0.0670 -0.1252 0.9899
vn 0.0345 0.9994 -0.0013
vn -0.0049 0.9994 -0.0340
vn 0.0130 0.9546 0.2975
vn 0.0252 0.9985 0.0485
vn 0.2260 0.9692 0.0983
vn 0.8337 0.4704 0.2892
vn 0.2170 0.9760 0.0195
vn 0.1877 0.9813 0.0438
vn -0.9456 -0.2032 0.2541
vn -0.9368 0.3459 0.0525
vn -0.8862 0.4375 0.1524
vn 0.0068 -0.3266 0.9451
vn 0.0854 0.1516 0.9847
vn 0.0843 -0.9868 0.1384
vn -0.3711 -0.9281 0.0297
vn 0.2069 -0.8660 -0.4552
vn -0.4275 -0.6406 -0.6378
vn -0.8368 0.5305 -0.1356
vn 0.2510 -0.9583 0.1363
vn 0.1972 -0.9803 0.0139
vn 0.7508 -0.6560 -0.0768
vn -0.3395 0.4294 -0.8368
vn -0.0502 -0.2265 -0.9727
vn -0.4536 0.2215 -0.8632
vn 0.9739 0.1645 -0.1563
vn 0.7735 -0.4464 -0.4498
vn 0.7597 0.1571 -0.6311
vn -0.0004 -0.0048 -1.0000
vn 0.1080 -0.2450 -0.9635
vn 0.0076 0.1284 0.9917
vn 0.0234 0.1684 0.9854
vn 0.0305 0.1478 0.9886
vn -0.0198 0.2243 0.9743
vn -0.0377 0.2924 0.9556
vn 0.3596 -0.3703 -0.8565
vn -0.4814 0.7221 -0.4969
vn 0.3699 0.8686 -0.3297
vn 0.5029 0.8637 0.0326
vn -0.7643 0.6441 0.0296
vn -0.4219 0.6705 0.6102
vn -0.9913 -0.0614 0.1163
vn -0.8696 -0.1410 -0.4733
vn -0.6824 -0.0652 -0.7280
vn 0.4076 0.1982 -0.8914
vn -0.2426 0.2569 -0.9355
vn 0.1022 -0.0931 0.9904
vn 0.0181 -0.0275 0.9995
vn 0.0280 -0.2035 0.9787
vn -0.1209 -0.1455 0.9819
vn -0.1089 0.0539 0.9926
vn 0.0782 -0.0827 0.9935
vn 0.9661 -0.1414 0.2160
vn 0.0254 -0.5811 -0.8134
vn -0.1035 -0.7744 -0.6242
vn -0.0798 0.0333 -0.9963
vn 0.0599 0.0920 -0.9940
vn 0.1524 -0.3831 -0.9110
vn 0.0809 -0.7761 -0.6253
vn 0.3550 -0.9345 -0.0247
vn 0.4913 -0.8636 -0.1135
vn 0.1311 -0.2191 0.9669
vn 0.0100 -0.0810 0.9967
vn 0.1189 -0.1092 0.9869
vn 0.8901 0.3627 -0.2759
vn 0.0924 0.9874 -0.1283
vn 0.2173 0.9726 -0.0825
vn 0.1781 0.9781 0.1080
vn 0.2665 0.9586 0.1006
vn 0.4566 0.2607 -0.8506
vn 0.1832 0.9829 0.0164
vn -0.7254 0.6883 -0.0067
vn 0.0811 -0.1092 0.9907
vn 0.1661 -0.1169 0.9792
vn 0.3029 -0.0014 0.9530
vn -0.0210 -0.1001 0.9948
vn -0.0982 -0.0799 0.9920
vn 0.0667 0.1360 0.9885
vn 0.0358 0.1164 0.9926
vn -0.0248 0.0452 0.9987
vn 0.0403 -0.0979 0.9944
vn 0.0874 0.1874 0.9784
vn -0.0906 0.0989 0.9910
vn 0.9933 -0.0216 -0.1132
vn -0.5216 -0.8454 -0.1152
vn -0.2297 -0.6640 -0.7116
vn -0.0057 -0.3475 -0.9376
vn -0.5238 -0.8219 0.2239
vn -0.6804 -0.5610 0.4715
vn -0.0106 -0.4250 -0.9051
vn -0.0488 0.2924 0.9550
vn 0.0853 0.9880 0.1284
vn 0.0912 0.9769 0.1933
vn -1.0000 0.0037 0.0045
vn -0.0354 -0.1716 -0.9845
vn 0.4938 0.0369 -0.8688
vn 0.0137 0.2815 -0.9595
vn -0.0386 0.9855 -0.1653
vn 0.7283 0.6796 0.0882
vn -0.1128 0.5643 -0.8178
vn 0.3479 0.9107 -0.2226
vn 0.1394 0.6923 -0.7081
vn 0.9345 0.3500 -0.0650
vn 0.0244 -0.7344 -0.6783
vn 0.0446 -0.5528 -0.8321
vn 0.0535 -0.6280 -0.7763
vn -0.1122 -0.8752 0.4706
vn -0.0198 -0.8571 -0.5148
vn 0.0648 -0.8831 -0.4647
vn 0.0226 -0.9695 0.2439
vn 0.9339 -0.3542 -0.0492
vn -0.4825 -0.2539 0.8383
vn -0.9807 0.1121 -0.1599
vn -0.1809 0.2354 0.9549
vn 0.0166 0.2121 0.9771
vn 0.8221 0.0767 0.5642
vn 0.9909 0.1003 -0.0903
vn 0.9546 0.2928 -0.0540
vn 0.0862 0.5354 -0.8402
vn -0.3131 0.3026 -0.9002
vn 0.1317 0.0009 0.9913
vn 0.7702 -0.0682 0.6341
vn 0.2596 0.1094 0.9595
vn 0.9410 -0.0165 -0.3379
vn 0.9942 -0.0520 -0.0946
vn -0.1220 -0.9925 0.0021
vn 0.1369 -0.9551 0.2629
vn -0.9776 -0.1980 -0.0716
vn -0.0663 -0.9737 -0.2180
vn 0.5062 -0.8430 0.1819
vn -0.2700 -0.8980 -0.3474
vn -0.5777 -0.1661 -0.7992
vn 0.2640 -0.9592 -0.1011
vn -0.0776 -0.9853 -0.1521
vn -0.1494 0.2809 -0.9480
vn 0.8724 -0.4492 -0.1926
vn 0.4097 -0.1873 -0.8928
vn -0.7973 0.1545 -0.5834
vn -0.0957 -0.1023 -0.9901
vn 0.9412 0.3088 0.1373
vn 0.0070 0.0223 -0.9997
vn -0.0786 -0.0900 -0.9928
vn -0.2925 0.8246 0.4842
vn -0.6303 0.7631 -0.1430
vn 0.0624 0.3742 0.9252
vn 0.0449 0.9820 0.1832
vn 0.0598 -0.0757 -0.9953
vn -0.1499 0.0267 -0.9883
vn 0.2736 -0.4101 -0.8700
vn 0.1540 0.9863 -0.0598
vn -0.3633 0.8922 -0.2683
vn 0.9653 0.2581 -0.0401
vn 0.5030 0.7802 -0.3719
vn 0.7391 0.2067 -0.6411
vn 0.0906 -0.4869 -0.8688
vn 0.1627 0.3990 -0.9024
vn -0.1276 0.3165 -0.9400
vn -0.3140 -0.0442 -0.9484
vn 0.1360 -0.1930 -0.9717
vn 0.2338 0.3618 -0.9025
vn -0.8389 -0.4541 0.3000
vn -0.5734 -0.6144 0.5419
vn -0.1303 -0.8280 0.5453
vn 0.0393 -0.7050 0.7081
vn 0.1900 -0.9668 -0.1708
vn -0.4947 -0.0502 -0.8676
vn -0.3093 0.3485 -0.8848
vn 0.9984 0.0474 0.0324
vn -0.3442 -0.0345 -0.9382
vn 0.9787 0.0438 -0.2007
vn -0.0097 0.4633 -0.8862
vn 0.1663 -0.0902 0.9820
vn 0.8557 0.0472 0.5153
vn 0.7992 0.4417 -0.4077
vn 0.4219 0.8794 -0.2203
vn -0.0145 0.8475 0.5307
vn 0.2163 -0.1935 0.9570
vn -0.2631 -0.9249 0.2743
vn -0.0112 -0.9320 0.3623
vn 0.0411 -0.9398 -0.3392
vn 0.0501 -0.9125 -0.4061
vn -0.0216 -0.9989 0.0417
vn -0.0228 -0.9703 0.2408
vn 0.0583 -0.9970 0.0505
vn 0.0427 -0.6089 -0.7921
vn -0.0257 -0.6408 -0.7673
vn -0.6964 -0.5809 -0.4214
vn -0.9260 -0.3524 0.1351
vn -0.9829 -0.1670 0.0774
vn -0.2798 -0.9576 -0.0681
vn 0.1319 -0.8930 -0.4303
vn 0.3541 -0.8358 -0.4196
vn -0.4446 -0.8599 -0.2509
vn -0.4453 -0.8451 -0.2959
vn 0.2214 -0.9698 -0.1020
vn 0.7430 -0.5871 -0.3214
vn -0.7327 -0.6738 0.0952
vn -0.4530 -0.8764 0.1633
vn -0.2368 -0.9698 -0.0578
vn -0.1047 0.4174 -0.9027
vn 0.8945 0.1727 -0.4125
vn -0.4501 0.8916 0.0489
vn 0.7620 0.6457 0.0484
vn 0.0824 -0.4046 0.9108
vn 0.9641 0.0057 -0.2655
vn -0.1407 -0.0419 -0.9892
vn -0.1676 0.5116 -0.8427
vn 0.9861 -0.0223 0.1646
vn 0.0687 -0.9703 -0.2319
vn -0.0424 -0.2638 -0.9636
vn 0.3175 -0.9110 0.2632
vn 0.0481 -0.6382 -0.7684
vn 0.1036 -0.9912 0.0825
vn 0.1603 -0.9865 0.0349
vn -0.4360 -0.8994 -0.0325
vn -0.2700 -0.9509 -0.1514
vn 0.1683 -0.8828 0.4385
vn -0.0388 -0.9458 -0.3224
vn -0.1889 -0.9501 0.2481
vn 0.0067 0.5122 -0.8588
vn 0.1102 -0.9642 0.2413
vn 0.1722 -0.9808 -0.0915
vn -0.4456 -0.8946 0.0342
vn -0.0311 0.9538 0.2987
vt 0.667742 0.687296
vt 0.667383 0.737202
vt 0.650835 0.705916
vt 0.627752 0.725592
vt 0.671681 0.650622
vt 0.672242 0.595191
vt 0.629921 0.640858
vt 0.429346 0.273534
vt 0.429462 0.331841
vt 0.396910 0.298785
vt 0.402186 0.350488
vt 0.427442 0.363897
vt 0.393689 0.390598
vt 0.398961 0.437182
vt 0.385585 0.460564
vt 0.394856 0.477019
vt 0.379615 0.512360
vt 0.165644 0.691538
vt 0.156485 0.742966
vt 0.156059 0.690456
vt 0.907749 0.917894
vt 0.890628 0.938743
vt 0.882194 0.929701
vt 0.621044 0.954635
vt 0.631127 0.989269
vt 0.610010 0.989269
vt 0.896973 0.898124
vt 0.169937 0.646018
vt 0.159639 0.647224
vt 0.159166 0.616884
vt 0.179411 0.615074
vt 0.841882 0.720198
vt 0.862116 0.738234
vt 0.841371 0.741593
vt 0.848339 0.774655
vt 0.920986 0.296676
vt 0.909581 0.316093
vt 0.909581 0.269419
vt 0.127777 0.611203
vt 0.125080 0.602760
vt 0.323465 0.105357
vt 0.292019 0.148607
vt 0.269435 0.095246
vt 0.328656 0.168626
vt 0.312563 0.203494
vt 0.290036 0.175380
vt 0.290767 0.230431
vt 0.280793 0.281322
vt 0.179411 0.956590
vt 0.179411 0.987978
vt 0.157597 0.981880
vt 0.542005 0.199792
vt 0.514572 0.191053
vt 0.516676 0.173478
vt 0.544906 0.176891
vt 0.563663 0.190131
vt 0.209489 0.927651
vt 0.227946 0.952957
vt 0.214850 0.965709
vt 0.214454 0.908532
vt 0.646645 0.930402
vt 0.638711 0.904440
vt 0.646645 0.884744
vt 0.209489 0.873143
vt 0.221233 0.875934
vt 0.221715 0.847606
vt 0.655729 0.082339
vt 0.658837 0.109646
vt 0.634248 0.080184
vt 0.668642 0.828830
vt 0.671134 0.862463
vt 0.647200 0.851512
vt 0.696256 0.077442
vt 0.683828 0.114920
vt 0.900567 0.098655
vt 0.844510 0.102799
vt 0.849863 0.054169
vt 0.908501 0.068483
vt 0.723899 0.097719
vt 0.696809 0.109487
vt 0.796681 0.478988
vt 0.753960 0.447175
vt 0.824475 0.458101
vt 0.565607 0.028670
vt 0.538251 0.060441
vt 0.522038 0.017109
vt 0.687957 0.570678
vt 0.689684 0.470742
vt 0.706911 0.521404
vt 0.696527 0.454682
vt 0.670435 0.530779
vt 0.668652 0.482590
vt 0.675071 0.455503
vt 0.674397 0.429028
vt 0.635939 0.447289
vt 0.652077 0.474408
vt 0.633085 0.432301
vt 0.455199 0.928271
vt 0.450194 0.954742
vt 0.441487 0.930477
vt 0.476260 0.934502
vt 0.465418 0.969325
vt 0.456626 0.979437
vt 0.978345 0.993085
vt 0.978870 0.942542
vt 0.991059 0.980039
vt 0.998494 0.938712
vt 0.253055 0.639113
vt 0.264490 0.590731
vt 0.264490 0.660159
vt 0.376329 0.644331
vt 0.355940 0.660039
vt 0.291813 0.634703
vt 0.477537 0.303789
vt 0.464639 0.349763
vt 0.443819 0.357386
vt 0.489714 0.346575
vt 0.434979 0.360480
vt 0.429462 0.307737
vt 0.427944 0.919369
vt 0.428630 0.948393
vt 0.403586 0.937367
vt 0.706911 0.952379
vt 0.728451 0.959862
vt 0.719511 0.971232
vt 0.741041 0.939352
vt 0.288477 0.802340
vt 0.311187 0.807813
vt 0.279309 0.811184
vt 0.368994 0.939094
vt 0.366871 0.968642
vt 0.347033 0.958891
vt 0.296456 0.777965
vt 0.493769 0.877908
vt 0.491377 0.839692
vt 0.516050 0.855668
vt 0.883289 0.206335
vt 0.907366 0.225704
vt 0.894110 0.241142
vt 0.861673 0.230311
vt 0.840506 0.228689
vt 0.561801 0.882763
vt 0.512251 0.878990
vt 0.135548 0.416300
vt 0.144153 0.444329
vt 0.107340 0.450750
vt 0.006814 0.438030
vt 0.000000 0.369367
vt 0.020669 0.397254
vt 0.022449 0.345676
vt 0.025571 0.457334
vt 0.005573 0.464125
vt 0.880820 -0.000000
vt 0.921511 0.000814
vt 0.893493 0.021356
vt 0.336552 0.688614
vt 0.397358 0.676818
vt 0.529056 0.977289
vt 0.529056 0.936015
vt 0.551066 0.945038
vt 0.467012 0.380923
vt 0.507575 0.363065
vt 0.539560 0.347941
vt 0.510091 0.390691
vt 0.549758 0.364129
vt 0.907344 0.857007
vt 0.909466 0.828020
vt 0.936800 0.849050
vt 0.886217 0.819583
vt 0.910550 0.787091
vt 0.950422 0.806694
vt 0.315324 0.921392
vt 0.300463 0.939093
vt 0.285902 0.910025
vt 0.338501 0.887323
vt 0.344293 0.916325
vt 0.306838 0.022572
vt 0.341137 0.050271
vt 0.292268 0.049009
vt 0.869985 0.817294
vt 0.882124 0.782639
vt 0.278562 0.895357
vt 0.264716 0.912709
vt 0.306020 0.889989
vt 0.308569 0.869018
vt 0.332471 0.849964
vt 0.843949 0.915317
vt 0.828053 0.890753
vt 0.862116 0.877731
vt 0.289630 0.939094
vt 0.305185 0.972826
vt 0.289630 0.993354
vt 0.907126 0.758969
vt 0.743177 0.971232
vt 0.743177 0.992537
vt 0.725994 0.988641
vt 0.938369 0.734544
vt 0.921088 0.767553
vt 0.587684 0.954635
vt 0.610010 0.954635
vt 0.591529 0.989526
vt 0.818279 0.429028
vt 0.838475 0.407278
vt 0.850090 0.421923
vt 0.300852 0.846530
vt 0.941808 0.655885
vt 0.957477 0.608039
vt 0.964701 0.650939
vt 0.918668 0.683397
vt 0.939859 0.694831
vt 0.916316 0.700027
vt 0.306968 0.572168
vt 0.300303 0.588920
vt 0.263242 0.582571
vt 0.728415 0.720198
vt 0.761814 0.741009
vt 0.727031 0.740128
vt 0.765052 0.730370
vt 0.268625 0.536065
vt 0.940800 0.870525
vt 0.916155 0.911116
vt 0.918768 0.878341
vt 0.951080 0.903745
vt 0.936105 0.609389
vt 0.908849 0.621126
vt 0.727938 0.824291
vt 0.756948 0.775325
vt 0.774331 0.804625
vt 0.726912 0.763299
vt 0.270863 0.420102
vt 0.239302 0.438169
vt 0.244119 0.396756
vt 0.590972 0.227128
vt 0.570636 0.240367
vt 0.553582 0.232216
vt 0.507528 0.260464
vt 0.525259 0.202307
vt 0.519140 0.265326
vt 0.531428 0.238553
vt 0.050842 0.974546
vt 0.078962 0.941889
vt 0.072747 0.962580
vt 0.996940 0.051284
vt 0.987757 0.082385
vt 0.980225 0.069247
vt 0.101726 0.988762
vt 0.101726 0.956590
vt 0.123306 0.980294
vt 0.315916 0.783574
vt 0.504851 0.825443
vt 0.527768 0.832790
vt 0.909180 0.204555
vt 0.835947 0.190023
vt 0.556876 0.843566
vt 0.758847 0.220643
vt 0.756866 0.195514
vt 0.778528 0.236291
vt 0.195347 0.807145
vt 0.236952 0.770927
vt 0.242883 0.801999
vt 0.182739 0.795090
vt 0.188017 0.763065
vt 0.119958 0.109195
vt 0.177162 0.131216
vt 0.124561 0.126933
vt 0.140186 0.190737
vt 0.151900 0.219935
vt 0.127351 0.224314
vt 0.975194 0.101537
vt 1.000000 0.117103
vt 0.974037 0.137585
vt 0.107650 0.186921
vt 0.147253 0.172672
vt 0.110250 0.156496
vt 0.145228 0.145588
vt 0.155697 0.156265
vt 0.801385 0.568481
vt 0.756427 0.569910
vt 0.799242 0.517276
vt 0.720207 0.536722
vt 0.746096 0.500539
vt 0.722190 0.060507
vt 0.697170 0.054697
vt 0.418288 0.834015
vt 0.396962 0.859142
vt 0.396913 0.821546
vt 0.500340 0.782968
vt 0.587120 0.798545
vt 0.546669 0.809549
vt 0.571845 0.784018
vt 0.587684 0.813467
vt 0.516183 0.733527
vt 0.571317 0.707193
vt 0.584960 0.773394
vt 0.523330 0.687733
vt 0.505205 0.643944
vt 0.563922 0.625692
vt 0.350344 0.377985
vt 0.361687 0.516798
vt 0.383439 0.512715
vt 0.080100 0.911651
vt 0.065219 0.933514
vt 0.065219 0.897286
vt 0.916155 0.892980
vt 0.895378 0.874707
vt 0.369868 0.553196
vt 0.382738 0.558399
vt 0.142166 0.668685
vt 0.138228 0.701229
vt 0.377964 0.590196
vt 0.137848 0.627655
vt 0.128719 0.644155
vt 0.829206 0.777575
vt 0.102140 0.658607
vt 0.686672 0.337096
vt 0.696427 0.369074
vt 0.677627 0.374636
vt 0.720006 0.337087
vt 0.743141 0.338228
vt 0.718915 0.389042
vt 0.950421 0.803084
vt 0.986066 0.837593
vt 0.950421 0.854561
vt 0.954861 0.082385
vt 0.956841 0.053021
vt 0.980225 0.042519
vt 0.799750 0.943415
vt 0.842354 0.941894
vt 0.862116 0.943415
vt 0.862116 0.989284
vt 0.846883 0.988805
vt 0.862116 0.804081
vt 0.874142 0.771348
vt 0.818279 0.395183
vt 0.476260 0.946877
vt 0.489265 0.888432
vt 0.489265 0.955523
vt 0.862116 0.762291
vt 0.903902 0.729992
vt 0.980714 0.675640
vt 0.980714 0.628141
vt 0.998198 0.660256
vt 0.256630 0.088279
vt 0.237617 0.111972
vt 0.211913 0.106208
vt 0.754535 0.666394
vt 0.738675 0.685412
vt 0.717461 0.654195
vt 0.232454 0.206401
vt 0.255756 0.237833
vt 0.225067 0.229634
vt 0.228628 0.258164
vt 0.270416 0.210342
vt 0.249600 0.323265
vt 0.220264 0.291016
vt 0.304860 0.769392
vt 0.264716 0.775413
vt 0.754227 0.236171
vt 0.740736 0.242203
vt 0.741886 0.163951
vt 0.638712 0.828830
vt 0.647200 0.860981
vt 0.638712 0.884744
vt 0.975664 0.156255
vt 0.164223 0.147220
vt 0.704879 0.865100
vt 0.706911 0.832582
vt 0.405576 0.915785
vt 0.391846 0.878042
vt 0.749736 0.102176
vt 0.734900 0.152685
vt 0.733260 0.069883
vt 0.739091 0.032492
vt 0.049833 0.447867
vt 0.075072 0.372243
vt 0.107163 0.418967
vt 0.079162 0.451249
vt 0.195575 0.659138
vt 0.233133 0.626523
vt 0.237015 0.664698
vt 0.040695 0.384841
vt 0.045516 0.486295
vt 0.992837 0.478450
vt 0.977211 0.518987
vt 0.979273 0.480876
vt 0.201128 0.620637
vt 0.917122 0.029595
vt 0.005819 0.180256
vt 0.021201 0.248517
vt 0.006591 0.251973
vt 0.006999 0.300185
vt 0.621218 0.827485
vt 0.611931 0.802241
vt 0.636792 0.825966
vt 0.436332 0.952008
vt 0.593271 0.769173
vt 0.602485 0.807641
vt 0.607709 0.747024
vt 0.634911 0.791275
vt 0.640628 0.757750
vt 0.609674 0.682324
vt 0.593316 0.704894
vt 0.596826 0.680512
vt 0.610386 0.625142
vt 0.594238 0.654006
vt 0.455642 0.870553
vt 0.461425 0.905044
vt 0.349959 0.130059
vt 0.360141 0.108682
vt 0.380092 0.131505
vt 0.368566 0.171813
vt 0.380150 0.218862
vt 0.374629 0.268495
vt 0.344832 0.230569
vt 0.378826 0.315883
vt 0.352516 0.284784
vt 0.947480 0.495143
vt 0.970254 0.509606
vt 0.947721 0.524207
vt 0.977211 0.479533
vt 0.947480 0.445803
vt 0.799750 0.898630
vt 0.385924 0.982172
vt 0.428630 0.969709
vt 0.668759 0.956270
vt 0.647200 0.987311
vt 0.647200 0.947473
vt 0.259604 0.062793
vt 0.278553 0.756043
vt 0.283619 0.696570
vt 0.310396 0.731156
vt 0.313701 0.704655
vt 0.332271 0.661121
vt 0.297508 0.658446
vt 0.563390 0.095582
vt 0.575979 0.057586
vt 0.602432 0.112752
vt 0.639210 0.121259
vt 0.059903 0.113794
vt 0.063509 0.141616
vt 0.055845 0.175080
vt 0.095182 0.206606
vt 0.026206 0.184361
vt 0.706911 0.451741
vt 0.721298 0.439489
vt 0.744567 0.476295
vt 0.045368 0.307166
vt 0.387095 0.954722
vt 0.318448 0.933594
vt 0.287388 0.303704
vt 0.286094 0.379325
vt 0.817588 0.627107
vt 0.802790 0.661591
vt 0.785605 0.649054
vt 0.737664 0.895286
vt 0.716023 0.904439
vt 0.706911 0.877731
vt 0.491377 0.978977
vt 0.528526 0.954583
vt 0.529056 0.971610
vt 0.706911 0.947473
vt 0.672552 0.933580
vt 0.692546 0.924964
vt 0.799750 0.967908
vt 0.799750 0.998230
vt 0.785872 0.991086
vt 0.909581 0.381462
vt 0.921275 0.370116
vt 0.914671 0.392607
vt 0.825737 0.594223
vt 0.799318 0.609518
vt 0.847073 0.575659
vt 0.847778 0.615157
vt 0.507543 0.149842
vt 0.496963 0.154837
vt 0.498934 0.194384
vt 0.050842 0.941889
vt 0.050842 0.985724
vt 0.029685 0.969283
vt 0.547979 0.163188
vt 0.627517 0.483103
vt 0.624521 0.513531
vt 0.606226 0.472608
vt 0.745582 0.428232
vt 0.696007 0.424633
vt 0.732419 0.405991
vt 0.752447 0.405188
vt 0.818279 0.394430
vt 0.797574 0.425605
vt 0.788804 0.401475
vt 0.775438 0.429028
vt 0.383538 0.081744
vt 0.389145 0.095167
vt 0.400414 0.125671
vt 0.400817 0.168095
vt 0.398806 0.221501
vt 0.377897 0.355353
vt 0.329498 0.622922
vt 0.381713 0.629474
vt 0.516254 0.314814
vt 0.540861 0.324669
vt 0.265305 0.001183
vt 0.308707 0.004802
vt 0.252580 0.008863
vt 0.321116 0.763368
vt 0.933174 0.571719
vt 0.944606 0.584297
vt 0.920644 0.587408
vt 0.906685 0.572749
vt 0.039807 0.811368
vt 0.029712 0.831576
vt 0.009748 0.826120
vt 0.065219 0.817506
vt 0.056422 0.840688
vt 0.159363 0.956590
vt 0.108051 0.932744
vt 0.141372 0.933620
vt 0.264716 0.759656
vt 0.271425 0.726469
vt 0.165018 0.919725
vt 0.164554 0.889663
vt 0.122070 0.919258
vt 0.089783 0.913727
vt 0.125496 0.900305
vt 0.083431 0.923854
vt 0.179411 0.883090
vt 0.173207 0.841045
vt 0.161651 0.866290
vt 0.718790 0.613090
vt 0.706911 0.637990
vt 0.710029 0.546034
vt 1.000000 0.169131
vt 0.745381 0.614665
vt 0.282793 0.968663
vt 0.264716 0.939094
vt 0.288008 0.958720
vt 0.170332 0.179032
vt 0.720741 0.146873
vt 0.701051 0.162398
vt 0.702524 0.130484
vt 0.684876 0.136303
vt 0.838940 0.500283
vt 0.511544 0.093747
vt 0.492037 0.039208
vt 0.507794 0.059442
vt 0.614298 0.032102
vt 0.055654 0.223614
vt 0.518685 0.566370
vt 0.518264 0.593490
vt 0.456412 0.619763
vt 0.448997 0.554994
vt 0.512586 0.512002
vt 0.437287 0.487034
vt 0.449365 0.461459
vt 0.430268 0.461325
vt 0.436440 0.433634
vt 0.467510 0.445636
vt 0.483541 0.465844
vt 0.521407 0.463794
vt 0.510850 0.444652
vt 0.253055 0.940210
vt 0.253055 0.881047
vt 0.260652 0.903703
vt 0.378989 0.027478
vt 0.370198 0.074752
vt 0.860008 0.374337
vt 0.899229 0.374784
vt 0.874389 0.392607
vt 0.905288 0.386866
vt 0.368931 0.708725
vt 0.393691 0.702892
vt 0.384688 0.734115
vt 0.829641 0.305152
vt 0.837885 0.341534
vt 0.818278 0.317003
vt 0.968596 0.000000
vt 0.888723 0.986024
vt 0.862116 0.979302
vt 0.888723 0.938743
vt 0.032466 0.896944
vt 0.053719 0.907905
vt 0.050050 0.941889
vt 0.956594 0.374108
vt 0.938098 0.381328
vt 0.946905 0.336763
vt 0.062504 0.860628
vt 0.065219 0.940858
vt 0.921511 0.377578
vt 0.946330 0.301186
vt 0.311293 0.380038
vt 0.311292 0.427320
vt 0.335976 0.441041
vt 0.329994 0.482782
vt 0.320747 0.520043
vt 0.786176 0.313538
vt 0.756613 0.326012
vt 0.763008 0.349846
vt 0.179411 0.811368
vt 0.165812 0.811474
vt 0.145319 0.823864
vt 0.997266 0.293607
vt 0.985907 0.296358
vt 0.999844 0.267552
vt 0.993749 0.756648
vt 0.980766 0.774540
vt 0.980766 0.753758
vt 0.812751 0.681478
vt 0.802104 0.686460
vt 0.825498 0.657594
vt 0.810865 0.659955
vt 0.441813 0.243898
vt 0.439735 0.271522
vt 0.431238 0.266724
vt 0.452348 0.241404
vt 0.985907 0.248667
vt 0.542608 0.263231
vt 0.177738 0.415246
vt 0.184644 0.314138
vt 0.197879 0.367723
vt 0.202491 0.435556
vt 0.174939 0.449854
vt 0.194481 0.487368
vt 0.912297 0.172365
vt 0.876253 0.172124
vt 0.426016 0.402543
vt 0.639182 0.402401
vt 0.599819 0.406031
vt 0.603463 0.392341
vt 0.657149 0.387952
vt 0.679787 0.401252
vt 0.734276 0.402131
vt 0.754061 0.978107
vt 0.767271 0.965894
vt 0.767271 0.998202
vt 0.775314 0.388566
vt 0.811995 0.387601
vt 0.257887 0.133106
vt 0.291624 0.343120
vt 0.250608 0.175365
vt 0.856688 0.659104
vt 0.872559 0.651588
vt 0.877335 0.697479
vt 0.119435 0.865095
vt 0.125375 0.844318
vt 0.264716 0.625668
vt 0.278646 0.653818
vt 0.476151 0.256099
vt 0.483119 0.274603
vt 0.125845 0.826217
vt 0.101837 0.825388
vt 0.492744 0.266441
vt 0.288826 0.617334
vt 0.795707 0.693250
vt 0.774572 0.696433
vt 0.201091 0.130209
vt 0.206168 0.182516
vt 0.191196 0.193667
vt 0.193262 0.228527
vt 0.201710 0.249751
vt 0.150846 0.293522
vt 0.152475 0.325931
vt 0.154548 0.390776
vt 0.097628 0.286835
vt 0.123936 0.262056
vt 0.116713 0.351439
vt 0.821579 0.058297
vt 0.954861 0.248667
vt 0.930571 0.242063
vt 0.937099 0.218532
vt 0.921994 0.217148
vt 0.921511 0.168349
vt 0.940525 0.134913
vt 0.209489 0.965709
vt 0.221991 0.974458
vt 0.209489 0.992976
vt 0.468671 0.393820
vt 0.549382 0.399100
vt 0.264490 0.660159
vt 0.264490 0.754670
vt 0.261037 0.710345
vt 0.350837 0.339789
vt 0.080888 0.897874
vt 0.136030 0.884256
vt 0.093490 0.854373
vt 0.080290 0.860727
vt 0.829428 0.550340
vt 0.543453 0.141696
vt 0.543096 0.157194
vt 0.529949 0.146991
vt 0.986704 0.882521
vt 0.951080 0.871659
vt 0.957661 0.857425
vt 0.564229 0.511101
vt 0.549839 0.449126
vt 0.576345 0.554826
vt 0.575642 0.450926
vt 0.587684 0.452047
vt 0.572830 0.429028
vt 0.735243 -0.000000
vt 0.751547 0.018810
vt 0.725312 0.006118
vt 0.928005 0.089667
vt 0.945878 0.104396
vt 0.947005 0.064636
vt 0.936186 0.032187
vt 0.954861 -0.000000
vt 0.018942 0.634777
vt 0.004998 0.640038
vt 0.009793 0.614003
vt 0.033256 0.605841
vt 0.010083 0.596602
vt 0.043727 0.590731
vt 0.000763 0.612778
vt 0.924828 0.393739
vt 0.379451 0.010470
vt 0.348780 0.738987
vt 0.393354 0.769392
vt 0.323906 0.550116
vt 0.341266 0.575417
vt 0.340974 0.590731
vt 0.805473 0.733320
vt 0.809329 0.758576
vt 0.818919 0.799403
vt 0.978345 0.920044
vt 0.978345 0.984430
vt 0.951080 0.944485
vt 0.986298 0.920044
vt 0.972670 0.893004
vt 0.980766 0.720198
vt 0.972039 0.750120
vt 0.950422 0.731903
vt 0.670471 0.890293
vt 0.117104 0.482426
vt 0.253055 0.770902
vt 0.253055 0.660159
vt 0.259097 0.701406
vt 0.179411 0.688922
vt 0.212253 0.724932
vt 0.192918 0.723951
vt 0.081638 0.606647
vt 0.637436 0.952187
vt 0.602657 0.954635
vt 0.602159 0.941647
vt 0.604642 0.927888
vt 0.885372 0.309719
vt 0.909581 0.291856
vt 0.906017 0.324415
vt 0.411973 0.650722
vt 0.417223 0.631064
vt 0.429462 0.643745
vt 0.597264 0.919877
vt 0.587684 0.941208
vt 0.596246 0.871105
vt 0.612595 0.865875
vt 0.633209 0.860418
vt 0.275513 0.512077
vt 0.951080 0.954291
vt 0.951080 0.986159
vt 0.925658 0.967166
vt 0.342699 0.810001
vt 0.368994 0.826608
vt 0.365256 0.793397
vt 0.880810 0.269419
vt 0.853145 0.259265
vt 0.848531 0.241345
vt 0.768060 0.266569
vt 0.750505 0.254531
vt 0.768089 0.248419
vt 0.833207 0.625591
vt 0.253055 0.807573
vt 0.263797 0.803454
vt 0.253340 0.829137
vt 0.159246 0.484932
vt 0.228578 0.498097
vt 0.986704 0.857007
vt 0.847208 0.440898
vt 0.856687 0.460153
vt 0.011903 0.491440
vt 0.980771 0.445138
vt 0.194804 0.592030
vt 0.226378 0.590731
vt 0.843291 0.020377
vt 0.846344 0.001341
vt 0.428630 0.794046
vt 0.379850 0.788874
vt 0.368994 0.769392
vt 0.426699 0.770975
vt 0.818278 0.014949
vt 0.724000 0.028622
vt 0.449194 0.819853
vt 0.436791 0.804023
vt 0.475353 0.804363
vt 0.442565 0.744974
vt 0.429462 0.792679
vt 0.459189 0.749772
vt 0.673680 0.424686
vt -0.000000 0.811368
vt 0.008729 0.730201
vt 0.020004 0.749326
vt 0.028223 0.726403
vt 0.974525 0.550189
vt 0.974372 0.424032
vt 0.966899 0.400509
vt 0.839134 0.681050
vt 0.829428 0.720198
vt 0.809720 0.706129
vt 0.526517 0.279055
vt 0.528048 0.300037
vt 0.552072 0.280560
vt 0.866018 0.593086
vt 0.904830 0.638609
vt 0.856687 0.623246
vt 0.711589 0.846106
vt 0.715384 0.791280
vt 0.730361 0.861736
vt 0.883487 0.575419
vt 0.858615 0.574887
vt 0.860237 0.560296
vt 0.711933 0.865700
vt 0.727449 0.877253
vt 0.967134 0.248667
vt 0.964453 0.264877
vt 0.951535 0.257908
vt 0.991610 0.720198
vt 0.589541 0.209541
vt 0.140473 0.956590
vt 0.140473 0.993072
vt 0.123306 0.968994
vt 0.264716 0.987431
vt 0.566946 0.178614
vt 0.957033 0.768393
vt 0.977282 0.783392
vt 0.955061 0.795485
vt 0.953571 0.803084
vt 0.980766 0.800894
vt 0.491377 0.936015
vt 0.184786 0.878917
vt 0.208582 0.921995
vt 0.181029 0.925419
vt 0.648919 0.869635
vt 0.696925 0.890995
vt 0.850827 0.532428
vt 0.494632 0.111551
vt 0.520300 0.113497
vt 0.545554 0.125365
vt 0.592900 0.130673
vt 0.007465 0.133512
vt 0.025742 0.106822
vt 0.430569 0.889894
vt 0.882673 0.400509
vt 0.871729 0.419938
vt 0.856687 0.401099
vt 0.767271 0.897867
vt 0.741776 0.965894
vt 0.741776 0.877731
vt 0.587684 0.936015
vt 0.568948 0.952342
vt 0.558331 0.936015
vt 0.665843 0.774378
vt 0.421474 0.211282
vt 0.026353 0.870861
vt 0.014501 0.889981
vt 0.000000 0.870306
vt 0.253055 0.968993
vt 0.253055 0.940210
vt 0.263967 0.952294
vt 0.026818 0.848689
vt 0.791084 0.866287
vt 0.668206 0.126992
vt 0.908090 0.133370
vt 0.735141 0.146817
vt 0.370062 0.904501
vt 0.827877 0.137743
vt 0.824107 0.098007
vt 0.755861 0.142686
vt 0.576761 0.630561
vt 0.834264 0.865548
vt 0.631127 0.954635
vt 0.646649 0.983713
vt 0.631127 0.993368
vt 0.547200 0.294558
vt 0.278705 0.477967
vt 0.257337 0.503039
vt 0.950856 0.675473
vt 0.921511 0.256551
vt 0.067006 0.988208
vt 0.050842 0.996215
vt 0.050842 0.974546
vt 0.940139 0.675877
vt 0.240429 0.572318
vt 0.967134 0.399782
vt 0.967134 0.374894
vt 0.976610 0.379640
vt 0.240816 0.483350
vt 0.578350 0.981258
vt 0.586793 0.962809
vt 0.693904 0.784473
vt 0.695986 0.708774
vt 0.706911 0.712655
vt 0.681441 0.804088
vt 0.682793 0.691054
vt 0.667577 0.828830
vt 0.700884 0.650311
vt 0.686251 0.631562
vt 0.703355 0.592092
vt 0.660759 0.577788
vt 0.622889 0.559395
vt 0.642503 0.527323
vt 0.421845 0.468533
vt 0.402359 0.472440
vt 0.862116 0.924818
vt 0.862116 0.894909
vt 0.863284 0.857585
vt 0.792324 0.333351
vt 0.951080 0.954291
vt 0.157597 0.984083
vt 0.140993 0.986242
vt 0.142568 0.966968
vt 0.157597 0.956590
vt -0.000000 0.950428
vt 0.027201 0.977126
vt 0.002252 0.976315
vt 0.980225 0.043811
vt 0.029685 0.961456
vt 0.411287 0.687801
vt 0.406769 0.721326
vt 0.406928 0.706573
vt 0.380819 0.000000
vt 0.399191 0.009909
vt 0.944388 0.498431
vt 0.923221 0.466635
vt 0.947480 0.475600
vt 0.918830 0.429692
vt 0.920676 0.496183
vt 0.400545 0.745421
vt 0.411510 0.769265
vt 0.923494 0.514898
vt 0.902850 0.423629
vt 0.895431 0.434422
vt 0.901789 0.543139
vt 0.894713 0.529361
vt 0.871267 0.542209
vt 0.869634 0.560296
vt 0.472141 0.868419
vt 0.909581 0.359954
vt 0.891953 0.326367
vt 0.861205 0.321704
vt 0.234609 0.993734
vt 0.246218 0.965709
vt 0.253055 0.993734
vt 0.706911 0.971232
vt 0.725994 0.977973
vt 0.706911 0.991634
vt 0.620002 0.373227
vt 0.349094 0.880165
vt 0.328331 0.943194
vt 0.305185 0.984773
vt 0.305185 0.939093
vt 0.264136 0.842427
vt 0.253055 0.881047
vt 0.253055 0.829137
vt 0.918305 0.227456
vt 0.744142 0.986753
vt 0.744142 0.965894
vt 0.754061 0.969973
vt 0.882508 0.720198
vt 0.895051 0.699830
vt 0.706911 0.725398
vt 0.709604 0.740777
vt 0.864737 0.712237
vt 0.858200 0.691077
vt 0.925197 0.857007
vt 0.232200 0.831604
vt 0.205434 0.847606
vt 0.179411 0.818321
vt 0.974037 0.221403
vt 0.957119 0.248667
vt 0.954861 0.214616
vt 0.249782 0.835343
vt 0.208535 0.150773
vt 0.962995 0.184445
vt 0.974037 0.096597
vt 0.228363 0.682389
vt 0.429462 0.919843
vt 0.967134 0.392618
vt -0.000000 0.643063
vt 0.764189 0.278904
vt 0.745020 0.279782
vt 0.716929 0.309236
vt 0.722092 0.792199
vt 0.091721 0.835192
vt 0.130526 0.816673
vt 0.503914 0.285468
vt 0.510725 0.265932
vt 0.646644 0.948935
vt 0.639051 0.936196
vt 0.646644 0.930402
vt 0.731899 0.161616
vt 0.855188 0.138831
vt 0.684784 0.170317
vt 0.368994 0.919369
vt 0.677991 0.029831
vt 0.756200 0.062801
vt -0.000000 0.121626
vt 0.432600 0.819446
vt 0.751577 0.433604
vt 0.812511 0.434121
vt 0.974037 0.087212
vt 0.990168 0.085093
vt 0.990168 0.101537
vt 0.231388 0.982194
vt 0.621389 0.828830
vt 0.637436 0.850785
vt 0.921303 0.334696
vt 0.909581 0.351968
vt 0.909581 0.322798
vt 0.522230 0.406618
vt 0.128977 0.714701
vt 0.113152 0.690085
vt 0.967134 0.350550
vt 0.989765 0.349658
vt 0.980264 0.362379
vt 0.967134 0.374894
vt 0.796062 0.963872
vt 0.772814 0.947810
vt 0.799750 0.948605
vt 0.767271 0.967908
vt 0.790649 0.918615
vt 0.780407 0.877731
vt 0.767271 0.889396
vt 0.080289 0.976935
vt 0.101726 0.956590
vt 0.101726 0.989243
vt 0.587684 0.819853
vt 0.729817 0.174175
vt 0.599579 0.538762
vt 0.587684 0.569800
vt 0.589745 0.537835
vt 0.594493 0.467268
vt 0.612785 0.442779
vt 0.833953 0.974764
vt 0.820121 0.944415
vt 0.844834 0.943415
vt 0.050842 0.945346
vt 0.385924 0.951432
vt 0.384536 0.993177
vt 0.369717 0.972644
vt 0.865685 0.720198
vt 0.369717 0.919369
vt 0.980714 0.590953
vt 0.964701 0.702379
vt 0.964701 0.560295
vt 0.253055 0.805848
vt 0.619635 0.013378
vt 0.639084 0.029467
vt 0.668364 0.011982
vt 0.978345 0.920664
vt 0.996784 0.920044
vt 0.029685 0.997476
vt 0.014464 0.997476
vt 0.016858 0.977126
vt 0.998898 0.376557
vt 0.998898 0.400406
vt 0.977211 0.397248
vt 0.992639 0.445139
vt 0.065219 0.897286
vt 0.065219 0.811368
vt 0.080101 0.856741
vt 0.440683 0.870347
vt 0.459612 0.842938
vt 0.041013 0.704020
vt 0.027503 0.688558
vt 0.756141 0.388626
vt 0.013773 0.675032
vt 0.001738 0.682168
vt 0.902426 0.857007
vt 0.074473 0.687711
vt 0.081016 0.659684
vt 0.093193 0.620190
vt 0.980475 0.248667
vt 0.985549 0.290516
vt 0.967134 0.307969
vt 0.849159 0.853114
vt 0.408463 0.675400
vt 0.856687 0.552494
vt 0.985632 0.565573
vt 0.998723 0.560296
vt 0.996472 0.576504
vt 0.980714 0.578967
vt 0.842948 0.296689
vt 0.998723 0.617860
vt 0.981115 0.616985
vt 0.843109 0.269419
vt 0.885394 0.282405
vt 0.900350 0.272193
vt 0.995141 0.628141
vt 0.429462 0.395842
vt 0.488981 0.876475
vt 0.476261 0.888431
vt 0.476261 0.821120
vt 0.490349 0.819853
vt 0.820121 0.979159
vt 0.706911 0.947474
vt 0.698219 0.980022
vt 0.680117 0.947474
vt 0.701639 0.559854
vt 0.489265 0.955523
vt 0.480695 0.995395
vt 0.477246 0.955523
vt 0.820121 0.966803
vt 0.799750 0.974493
vt 0.802886 0.943415
vt 0.842914 0.387856
vt 0.820121 0.987635
vt 0.452336 0.819853
vt 0.474752 0.839949
vt 0.476260 0.849649
vt 0.888036 0.354777
vt 0.347033 0.995949
vt 0.328331 0.964966
vt 0.347033 0.951468
vt 0.332169 0.939094
vt 0.995087 0.774540
vt 0.995087 0.801814
vt 0.980766 0.801813
vt 0.954861 0.014061
vt 0.958950 0.329408
vt 0.491377 0.905194
vt 0.545277 0.916844
vt 0.506431 0.936015
vt 0.713038 0.683865
vt 0.720900 0.682810
vt 0.029685 0.941889
vt 0.988745 0.232934
vt 0.996421 0.202661
vt 0.996984 0.248667
vt 0.974037 0.202144
vt 0.996984 0.169131
vt 0.909581 0.351968
vt 0.916155 0.996578
vt 0.893387 0.971566
vt 0.916155 0.951702
vt 0.894389 0.938743
vt 0.587992 0.159741
vt 0.612836 0.130608
vt 0.209489 0.970431
vt 0.209489 0.894874
vt 0.198968 0.847606
vt 0.992837 0.550189
vt 0.992837 0.507358
vt 0.995034 0.447515
vt 0.995034 0.550189
vt 0.754505 0.369880
vt 0.030941 0.660961
vt 0.055587 0.646752
vt 0.063610 0.618527
vt 0.985907 0.316608
vt 0.967134 0.349658
vt 0.209489 0.970431
vt 0.195188 0.992262
vt 0.190778 0.970431
vt 0.405947 0.590731
vt 0.538963 0.998686
vt 0.327863 0.975644
vt 0.801255 0.877731
vt 0.768905 0.967908
vt 0.785872 0.979574
vt 0.768905 0.991097
vt 0.368994 0.990351
vt 0.338223 0.780929
vt 0.253055 0.770901
vt 0.245233 0.910728
vt 0.251056 0.940854
vt 0.253055 0.873762
vt 0.996287 0.002550
vt 0.671067 0.949855
vt 0.680117 0.981902
vt 0.980714 0.709833
vt 0.980714 0.675641
vt 0.998646 0.696330
vt 0.559576 0.146936
vt 0.853424 0.429029
vt 0.504231 0.008326
vt 0.444680 0.672985
vt 0.460331 0.666399
vt 0.438291 0.625094
s 1
usemtl FusedMaterial
f 27/1/1 16/2/2 33/3/3
f 14/4/4 33/3/3 16/2/2
f 27/1/1 33/3/3 14/4/4
f 5/5/5 27/1/1 14/4/4
f 15/6/6 5/5/5 29/7/7
f 53/8/8 18/9/9 54/10/10
f 54/10/10 18/9/9 55/11/11
f 18/9/9 21/12/12 55/11/11
f 71/13/13 56/14/14 91/15/15
f 56/14/14 74/16/16 91/15/15
f 116/17/17 91/15/15 74/16/16
f 125/18/18 91/19/15 116/20/17
f 113/21/19 74/22/16 64/23/20
f 116/24/17 74/25/16 113/26/19
f 64/23/20 80/27/21 113/21/19
f 131/28/22 125/18/18 129/29/23
f 129/29/23 142/30/24 131/28/22
f 133/31/25 131/28/22 142/30/24
f 133/32/25 142/33/24 134/34/26
f 134/34/26 142/33/24 97/35/27
f 135/36/28 136/37/29 129/38/23
f 136/39/29 142/30/24 129/29/23
f 142/30/24 136/39/29 97/40/27
f 220/41/30 253/42/31 261/43/32
f 200/44/33 225/45/34 265/46/35
f 265/46/35 225/45/34 270/47/36
f 270/47/36 225/45/34 273/48/37
f 292/49/38 239/50/39 258/51/40
f 430/52/41 446/53/42 458/54/43
f 458/54/43 449/55/44 430/52/41
f 449/55/44 437/56/45 430/52/41
f 453/57/46 437/58/45 449/59/44
f 453/57/46 442/60/47 437/58/45
f 447/61/48 442/62/47 453/63/46
f 453/57/46 454/64/49 447/65/48
f 448/66/50 447/65/48 454/64/49
f 525/67/51 514/68/52 534/69/53
f 525/70/51 518/71/54 514/72/52
f 527/73/55 518/74/54 525/67/51
f 510/75/56 503/76/57 540/77/58
f 540/77/58 539/78/59 510/75/56
f 527/73/55 531/79/60 519/80/61
f 550/81/62 569/82/63 552/83/64
f 573/84/65 555/85/66 580/86/67
f 39/87/68 46/88/69 17/89/70
f 19/90/71 17/89/70 46/88/69
f 46/88/69 39/87/68 6/91/72
f 6/91/72 22/92/73 46/88/69
f 25/93/74 46/88/69 22/92/73
f 19/90/71 46/88/69 25/93/74
f 26/94/75 19/90/71 25/93/74
f 50/95/76 25/93/74 67/96/77
f 28/97/78 25/93/74 50/95/76
f 26/94/75 25/93/74 28/97/78
f 52/98/79 9/99/80 7/100/81
f 52/98/79 79/101/82 9/99/80
f 61/102/83 9/99/80 79/101/82
f 61/102/83 11/103/84 9/99/80
f 61/104/83 58/105/85 11/106/84
f 20/107/86 11/106/84 58/105/85
f 236/108/87 256/109/88 222/110/89
f 194/111/90 222/112/89 256/113/88
f 257/114/91 207/115/92 206/116/93
f 211/117/94 207/115/92 257/114/91
f 206/116/93 224/118/95 249/119/96
f 260/120/97 263/121/98 228/122/99
f 411/123/100 377/124/101 351/125/102
f 395/126/103 377/124/101 411/123/100
f 397/127/104 355/128/105 395/129/103
f 355/130/105 377/131/101 395/132/103
f 424/133/106 355/128/105 397/127/104
f 329/134/107 356/135/108 400/136/109
f 407/137/110 387/138/111 359/139/112
f 407/137/110 359/139/112 379/140/113
f 394/141/114 407/137/110 379/140/113
f 344/142/115 339/143/116 400/136/109
f 467/144/117 468/145/118 507/146/119
f 585/147/120 581/148/121 570/149/122
f 581/148/121 547/150/123 570/149/122
f 570/149/122 565/151/124 585/147/120
f 585/147/120 565/151/124 566/152/125
f 584/153/126 577/154/127 576/155/128
f 187/156/129 222/112/89 155/157/130
f 194/111/90 155/157/130 222/112/89
f 207/158/92 211/159/94 154/160/131
f 154/161/131 211/117/94 198/162/132
f 198/162/132 214/163/133 112/164/134
f 170/165/135 112/164/134 214/163/133
f 170/166/135 209/167/136 173/168/137
f 209/167/136 170/166/135 243/169/138
f 246/170/139 173/168/137 209/167/136
f 188/171/140 173/168/137 246/170/139
f 232/172/141 188/173/140 248/174/142
f 216/175/143 232/172/141 248/174/142
f 212/176/144 232/172/141 216/175/143
f 219/177/145 192/178/146 255/179/147
f 263/180/98 286/181/148 243/169/138
f 269/182/149 248/174/142 246/183/139
f 269/182/149 259/184/150 248/174/142
f 286/181/148 246/170/139 243/169/138
f 216/175/143 259/184/150 274/185/151
f 274/185/151 276/186/152 216/175/143
f 238/187/153 216/188/143 276/189/152
f 286/190/148 263/191/98 260/192/97
f 286/181/148 290/193/154 246/170/139
f 290/194/154 269/195/149 246/196/139
f 291/197/155 269/198/149 290/193/154
f 291/199/155 259/200/150 269/201/149
f 291/202/155 274/203/151 259/204/150
f 276/186/152 274/185/151 318/205/156
f 298/206/157 302/207/158 299/208/159
f 330/209/160 267/210/161 268/211/162
f 242/212/163 245/213/164 308/214/165
f 308/215/165 250/216/166 309/217/167
f 245/218/164 250/216/166 308/215/165
f 268/219/162 242/212/163 308/214/165
f 309/220/167 251/221/168 313/222/169
f 250/223/166 251/221/168 309/220/167
f 285/224/170 298/206/157 297/225/171
f 306/226/172 251/227/168 229/228/173
f 306/226/172 313/229/169 251/227/168
f 283/230/174 349/231/175 358/232/176
f 404/233/177 380/234/178 378/235/179
f 311/236/180 405/237/181 328/238/182
f 361/239/183 328/238/182 405/237/181
f 409/240/184 380/241/178 404/242/177
f 411/243/100 392/244/185 410/245/186
f 351/246/102 392/247/185 411/248/100
f 356/249/108 355/128/105 424/133/106
f 400/136/109 356/135/108 414/250/187
f 414/250/187 428/251/188 400/136/109
f 407/137/110 408/252/189 387/138/111
f 418/253/190 407/137/110 394/141/114
f 434/254/191 344/142/115 400/136/109
f 419/255/192 418/256/190 394/257/114
f 406/258/193 413/259/194 382/260/195
f 406/258/193 408/261/189 436/262/196
f 479/263/197 421/264/198 466/265/199
f 484/266/200 457/267/201 493/268/202
f 504/269/203 466/270/199 483/271/204
f 505/272/205 470/273/206 484/266/200
f 504/274/203 483/275/204 473/276/207
f 505/272/205 473/276/207 470/273/206
f 505/272/205 504/274/203 473/276/207
f 463/277/208 451/278/209 512/279/210
f 505/272/205 484/266/200 493/268/202
f 451/278/209 465/280/211 528/281/212
f 563/282/213 527/73/55 554/283/214
f 531/79/60 527/73/55 563/282/213
f 532/284/215 531/285/60 563/286/213
f 594/287/216 599/288/217 586/289/218
f 599/288/217 594/287/216 603/290/219
f 599/288/217 571/291/220 586/289/218
f 594/287/216 598/292/221 600/293/222
f 594/287/216 600/293/222 603/290/219
f 599/288/217 603/290/219 580/294/67
f 580/294/67 603/290/219 600/293/222
f 598/292/221 593/295/223 600/293/222
f 593/295/223 592/296/224 596/297/225
f 596/297/225 600/293/222 593/295/223
f 91/15/15 147/298/226 71/13/13
f 163/299/227 91/15/15 125/300/18
f 165/301/228 116/302/17 113/303/19
f 171/304/229 113/21/19 80/27/21
f 171/304/229 80/27/21 62/305/230
f 116/20/17 129/29/23 125/18/18
f 174/306/231 163/299/227 125/300/18
f 174/306/231 125/300/18 131/307/22
f 176/308/232 116/20/17 165/309/228
f 176/308/232 129/29/23 116/20/17
f 133/310/25 174/306/231 131/307/22
f 176/308/232 135/311/28 129/29/23
f 135/311/28 176/308/232 182/312/233
f 134/34/26 97/35/27 145/313/234
f 182/312/233 176/308/232 178/314/235
f 202/315/236 186/316/237 167/317/238
f 233/318/239 186/316/237 202/315/236
f 215/319/240 186/316/237 233/318/239
f 118/320/241 186/316/237 215/319/240
f 215/321/240 190/322/242 118/323/241
f 215/324/240 213/325/243 190/326/242
f 167/327/238 216/188/143 238/187/153
f 202/328/236 167/327/238 238/187/153
f 332/329/244 260/330/97 284/331/245
f 286/181/148 260/332/97 332/333/244
f 290/193/154 286/181/148 332/333/244
f 291/202/155 318/334/156 274/203/151
f 321/335/246 332/336/244 284/337/245
f 357/338/247 290/193/154 332/333/244
f 337/339/248 290/193/154 357/338/247
f 291/197/155 290/193/154 337/339/248
f 337/340/248 318/341/156 291/342/155
f 333/343/249 315/344/250 373/345/251
f 366/346/252 322/347/253 374/348/254
f 365/349/255 307/350/256 389/351/257
f 389/351/257 307/350/256 390/352/258
f 304/353/259 307/350/256 365/349/255
f 390/352/258 296/354/260 391/355/261
f 424/133/106 414/356/187 356/249/108
f 395/129/103 438/357/262 397/127/104
f 424/133/106 397/127/104 438/357/262
f 428/251/188 434/254/191 400/136/109
f 385/358/263 344/359/115 435/360/264
f 419/255/192 385/358/263 435/360/264
f 435/361/264 418/362/190 419/363/192
f 373/345/251 421/264/198 479/263/197
f 466/270/199 459/364/265 483/271/204
f 459/365/265 473/276/207 483/275/204
f 519/366/61 518/71/54 527/367/55
f 475/368/266 506/369/267 531/285/60
f 531/285/60 532/284/215 475/368/266
f 523/370/268 475/371/266 532/372/215
f 532/372/215 537/373/269 523/370/268
f 541/374/270 529/375/271 511/376/272
f 511/376/272 536/377/273 541/374/270
f 539/378/59 557/379/274 517/380/275
f 541/374/270 561/381/276 529/375/271
f 541/374/270 536/377/273 538/382/277
f 538/383/277 517/384/275 557/385/274
f 557/379/274 539/378/59 558/386/278
f 558/387/278 539/78/59 576/155/128
f 582/388/279 559/389/280 590/390/281
f 590/390/281 559/389/280 578/391/282
f 581/148/121 578/391/282 547/150/123
f 7/392/81 2/393/283 1/394/284
f 9/99/80 2/395/283 7/100/81
f 11/396/84 2/393/283 9/397/80
f 48/398/285 41/399/286 2/393/283
f 47/400/287 41/399/286 48/398/285
f 14/4/4 47/400/287 48/398/285
f 48/398/285 49/401/288 14/4/4
f 48/398/285 2/393/283 11/396/84
f 20/402/86 48/398/285 11/396/84
f 49/401/288 48/398/285 20/402/86
f 24/403/289 49/401/288 20/402/86
f 29/7/7 14/4/4 49/401/288
f 49/401/288 43/404/290 29/7/7
f 31/405/291 49/401/288 24/403/289
f 43/404/290 49/401/288 31/405/291
f 52/98/79 51/406/292 70/407/293
f 185/408/294 144/409/295 85/410/296
f 85/410/296 150/411/297 185/408/294
f 93/412/298 100/413/299 208/414/300
f 100/413/299 99/415/301 210/416/302
f 201/417/303 148/418/304 188/419/140
f 157/420/305 148/418/304 201/417/303
f 201/417/303 212/421/144 157/420/305
f 167/327/238 212/422/144 216/188/143
f 170/423/135 228/122/99 263/121/98
f 243/424/138 170/423/135 263/121/98
f 248/425/142 188/426/140 246/427/139
f 248/174/142 259/184/150 216/175/143
f 243/169/138 246/170/139 209/167/136
f 219/177/145 255/179/147 294/428/306
f 281/429/307 300/430/308 264/431/309
f 261/43/32 294/428/306 255/179/147
f 247/432/310 264/431/309 300/430/308
f 236/433/87 247/432/310 300/430/308
f 300/430/308 295/434/311 236/433/87
f 520/435/312 546/436/313 521/437/314
f 521/437/314 534/69/53 524/438/315
f 514/68/52 524/438/315 534/69/53
f 535/439/316 466/265/199 542/440/317
f 544/441/318 522/442/319 545/443/320
f 560/444/321 567/445/322 465/280/211
f 569/82/63 465/280/211 567/445/322
f 553/446/323 465/280/211 569/82/63
f 542/440/317 544/441/318 545/443/320
f 553/446/323 569/82/63 550/81/62
f 559/389/280 543/447/324 578/391/282
f 578/391/282 543/447/324 547/150/123
f 228/122/99 170/423/135 214/448/133
f 188/173/140 232/172/141 201/449/303
f 212/176/144 201/449/303 232/172/141
f 253/42/31 220/41/30 185/408/294
f 185/408/294 200/44/33 253/42/31
f 265/46/35 253/42/31 200/44/33
f 225/45/34 210/416/302 273/48/37
f 210/416/302 235/450/325 273/48/37
f 296/354/260 272/451/326 358/232/176
f 283/230/174 358/232/176 272/451/326
f 399/452/327 381/453/328 398/454/329
f 438/455/262 431/456/330 450/457/331
f 450/458/331 441/459/332 438/460/262
f 445/461/333 441/462/332 455/463/334
f 455/464/334 460/465/335 445/466/333
f 460/467/335 461/468/336 445/469/333
f 440/470/337 425/471/338 463/277/208
f 488/472/339 426/473/340 440/470/337
f 489/474/341 458/54/43 488/475/339
f 458/54/43 426/476/340 488/475/339
f 471/477/342 458/478/43 485/479/343
f 449/55/44 458/54/43 471/480/342
f 36/481/344 34/482/345 35/483/346
f 37/484/347 32/485/348 57/486/349
f 60/487/350 37/484/347 57/486/349
f 62/488/230 28/489/78 63/490/351
f 28/489/78 38/491/352 63/490/351
f 38/491/352 37/484/347 60/487/350
f 105/492/353 73/493/354 85/410/296
f 85/410/296 73/493/354 59/494/355
f 59/494/355 78/495/356 85/410/296
f 78/495/356 81/496/357 93/412/298
f 100/413/299 93/412/298 81/496/357
f 81/496/357 54/10/10 100/413/299
f 146/497/358 71/13/13 147/298/226
f 185/408/294 150/411/297 200/44/33
f 150/411/297 93/412/298 208/414/300
f 210/416/302 208/414/300 100/413/299
f 222/112/89 187/156/129 236/433/87
f 194/111/90 249/498/96 224/499/95
f 211/117/94 275/500/359 198/162/132
f 214/163/133 198/162/132 275/500/359
f 228/501/99 214/163/133 275/500/359
f 281/502/307 234/503/360 280/504/361
f 219/177/145 280/504/361 234/503/360
f 281/429/307 264/431/309 234/505/360
f 261/43/32 255/179/147 220/41/30
f 258/506/40 305/507/362 303/508/363
f 258/506/40 303/508/363 310/509/364
f 325/510/365 310/511/364 303/512/363
f 325/510/365 331/513/366 310/511/364
f 331/513/366 277/514/367 310/511/364
f 280/515/361 294/516/306 350/517/368
f 281/429/307 280/518/361 324/519/369
f 350/517/368 324/520/369 280/515/361
f 324/520/369 350/517/368 371/521/370
f 350/517/368 372/522/371 371/521/370
f 336/523/372 372/522/371 294/516/306
f 372/522/371 350/517/368 294/516/306
f 335/524/373 372/522/371 336/523/372
f 294/516/306 333/525/249 336/523/372
f 300/526/308 324/520/369 371/521/370
f 371/521/370 372/522/371 335/524/373
f 300/526/308 371/521/370 369/527/374
f 371/521/370 342/528/375 369/527/374
f 422/529/376 373/530/251 479/531/197
f 479/531/197 465/280/211 422/529/376
f 466/270/199 421/532/198 459/364/265
f 465/280/211 451/278/209 422/529/376
f 451/278/209 401/533/377 422/529/376
f 459/534/265 439/535/378 473/536/207
f 470/273/206 473/276/207 439/537/378
f 470/273/206 439/537/378 484/266/200
f 481/538/379 469/539/380 502/540/381
f 492/541/382 502/540/381 469/539/380
f 552/83/64 512/279/210 550/81/62
f 526/542/383 512/279/210 552/83/64
f 555/85/66 546/436/313 520/435/312
f 530/543/384 549/544/385 556/545/386
f 555/85/66 530/543/384 556/545/386
f 546/436/313 551/546/387 521/437/314
f 534/69/53 521/437/314 551/546/387
f 559/389/280 545/443/320 533/547/388
f 606/548/389 604/549/390 601/550/391
f 601/550/391 581/551/121 609/552/392
f 606/548/389 601/550/391 609/552/392
f 581/551/121 585/553/120 610/554/393
f 585/553/120 566/555/125 610/554/393
f 566/555/125 574/556/394 610/554/393
f 610/554/393 574/556/394 577/557/127
f 610/554/393 609/552/392 581/551/121
f 609/552/392 610/554/393 611/558/395
f 609/552/392 611/558/395 597/559/396
f 577/557/127 611/558/395 610/554/393
f 611/558/395 577/557/127 584/560/126
f 611/558/395 584/560/126 597/559/396
f 101/561/397 205/562/398 152/563/399
f 192/178/146 102/564/400 196/565/401
f 164/566/402 177/567/403 162/568/404
f 162/568/404 177/567/403 175/569/405
f 205/570/398 153/571/406 152/572/399
f 205/570/398 187/156/129 153/571/406
f 159/573/407 160/574/408 156/575/409
f 213/325/243 231/576/410 190/326/242
f 127/577/411 190/578/242 231/579/410
f 231/580/410 193/581/412 127/582/411
f 149/583/413 151/584/414 217/585/415
f 218/586/416 106/587/417 193/581/412
f 151/584/414 106/588/417 218/589/416
f 240/590/418 147/298/226 227/591/419
f 227/591/419 147/298/226 197/592/420
f 221/593/421 163/299/227 223/594/422
f 239/595/39 215/319/240 244/596/423
f 213/597/243 215/319/240 239/595/39
f 376/598/424 369/527/374 375/599/425
f 369/527/374 370/600/426 375/599/425
f 341/601/427 346/602/428 381/603/328
f 383/604/429 343/605/430 381/606/328
f 343/607/430 341/608/427 381/453/328
f 384/609/431 343/607/430 383/610/429
f 376/611/424 278/612/432 312/613/433
f 376/611/424 375/614/425 278/612/432
f 346/602/428 398/615/329 381/603/328
f 361/239/183 378/235/179 321/616/246
f 427/617/434 420/618/435 386/619/436
f 427/617/434 393/620/437 443/621/438
f 393/620/437 402/622/439 443/621/438
f 413/259/194 406/258/193 436/262/196
f 436/623/196 408/252/189 444/624/440
f 55/11/11 21/12/12 71/13/13
f 71/13/13 21/12/12 17/625/70
f 82/626/441 75/627/442 88/628/443
f 88/628/443 103/629/444 82/626/441
f 103/629/444 77/630/445 82/626/441
f 118/320/241 77/630/445 103/629/444
f 84/631/446 77/630/445 118/320/241
f 94/632/447 62/633/230 63/634/351
f 90/635/448 94/636/447 63/490/351
f 261/43/32 253/42/31 282/637/449
f 296/354/260 235/450/325 237/638/450
f 237/638/450 272/451/326 296/354/260
f 261/43/32 282/637/449 315/344/250
f 282/637/449 253/42/31 301/639/451
f 317/640/452 367/641/453 363/642/454
f 342/528/375 334/643/455 370/600/426
f 370/600/426 334/643/455 338/644/456
f 370/600/426 369/527/374 342/528/375
f 376/645/424 256/113/88 369/646/374
f 375/614/425 370/647/426 287/648/457
f 340/649/458 370/600/426 338/644/456
f 340/649/458 338/644/456 341/650/427
f 370/647/426 340/651/458 287/648/457
f 376/645/424 312/652/433 256/113/88
f 278/612/432 375/614/425 287/648/457
f 346/653/428 327/654/459 398/454/329
f 321/616/246 328/238/182 361/239/183
f 423/655/460 403/656/461 439/537/378
f 439/537/378 421/264/198 423/655/460
f 429/657/462 439/537/378 403/656/461
f 439/537/378 416/658/463 457/267/201
f 457/267/201 433/659/464 474/660/465
f 433/659/464 420/618/435 474/660/465
f 474/660/465 420/618/435 477/661/466
f 420/618/435 456/662/467 477/661/466
f 513/663/468 522/442/319 498/664/469
f 511/376/272 529/375/271 501/665/470
f 527/73/55 525/67/51 554/283/214
f 540/77/58 503/76/57 548/666/471
f 70/407/293 79/101/82 52/98/79
f 79/667/82 139/668/472 61/669/83
f 83/670/473 61/669/83 139/668/472
f 115/671/474 61/669/83 83/670/473
f 58/672/85 61/669/83 115/671/474
f 158/673/475 110/674/476 79/675/82
f 112/164/134 87/676/477 154/161/131
f 112/164/134 170/165/135 115/677/474
f 115/677/474 170/165/135 88/628/443
f 88/678/443 170/679/135 173/680/137
f 210/416/302 146/497/358 189/681/478
f 99/415/301 146/497/358 210/416/302
f 147/298/226 189/681/478 146/497/358
f 147/298/226 91/15/15 197/592/420
f 221/593/421 197/592/420 91/15/15
f 91/15/15 163/299/227 221/593/421
f 294/428/306 280/504/361 219/177/145
f 300/430/308 281/429/307 324/519/369
f 294/428/306 261/43/32 333/343/249
f 322/682/253 335/524/373 336/523/372
f 335/524/373 347/683/479 371/521/370
f 342/528/375 371/521/370 347/683/479
f 334/643/455 342/528/375 347/683/479
f 347/683/479 335/524/373 334/643/455
f 334/643/455 322/682/253 348/684/480
f 335/524/373 322/682/253 334/643/455
f 327/685/459 348/684/480 322/682/253
f 463/277/208 425/471/338 451/278/209
f 439/537/378 457/267/201 484/266/200
f 440/470/337 463/277/208 494/686/481
f 496/687/482 485/688/343 508/689/483
f 488/472/339 440/470/337 494/686/481
f 495/690/484 485/691/343 496/692/482
f 597/559/396 602/693/485 609/552/392
f 584/560/126 605/694/486 597/559/396
f 591/695/487 602/693/485 607/696/488
f 602/693/485 597/559/396 607/696/488
f 589/697/489 591/695/487 607/696/488
f 597/559/396 605/694/486 607/696/488
f 607/696/488 605/694/486 575/698/490
f 607/699/488 575/700/490 589/701/489
f 75/702/442 58/672/85 115/671/474
f 75/702/442 65/703/491 58/672/85
f 66/704/492 65/703/491 75/702/442
f 82/705/441 66/704/492 75/702/442
f 82/705/441 23/706/493 66/704/492
f 179/707/494 141/708/495 137/709/496
f 96/710/497 179/707/494 137/709/496
f 151/711/414 98/712/498 137/709/496
f 98/712/498 96/710/497 137/709/496
f 141/708/495 106/713/417 137/709/496
f 151/584/414 137/714/496 106/588/417
f 95/715/499 102/564/400 219/177/145
f 102/564/400 192/178/146 219/177/145
f 199/716/500 101/717/397 234/505/360
f 192/178/146 144/409/295 220/41/30
f 242/212/163 241/718/501 191/719/502
f 191/719/502 204/720/503 245/213/164
f 245/213/164 242/212/163 191/719/502
f 245/218/164 204/721/503 250/216/166
f 204/721/503 195/722/504 250/216/166
f 195/722/504 203/723/505 251/227/168
f 251/724/168 203/725/505 229/726/173
f 453/727/46 471/728/342 495/690/484
f 495/729/484 480/730/506 453/731/46
f 455/463/334 441/462/332 478/732/507
f 456/662/467 467/144/117 511/376/272
f 511/376/272 467/144/117 507/146/119
f 486/733/508 507/146/119 468/145/118
f 354/734/509 486/735/508 462/736/510
f 510/737/56 452/738/511 491/739/512
f 109/740/513 136/39/29 135/311/28
f 136/39/29 109/740/513 97/40/27
f 98/712/498 97/40/27 109/740/513
f 119/741/514 121/742/515 72/743/516
f 119/741/514 72/743/516 122/744/517
f 130/745/518 79/746/82 70/747/293
f 121/748/515 132/749/519 72/750/516
f 143/751/520 122/744/517 72/743/516
f 143/751/520 72/743/516 132/752/519
f 87/753/477 143/751/520 132/752/519
f 143/751/520 138/754/521 110/755/476
f 87/753/477 138/754/521 143/751/520
f 105/492/353 85/410/296 144/409/295
f 85/410/296 78/495/356 150/411/297
f 78/495/356 93/412/298 150/411/297
f 144/409/295 185/408/294 220/41/30
f 200/44/33 150/411/297 225/45/34
f 225/45/34 150/411/297 208/414/300
f 210/416/302 225/45/34 208/414/300
f 267/756/161 223/594/422 268/219/162
f 221/593/421 223/594/422 267/756/161
f 223/594/422 241/718/501 268/219/162
f 241/718/501 242/212/163 268/219/162
f 355/757/105 318/758/156 351/759/102
f 329/760/107 318/205/156 355/128/105
f 356/249/108 329/760/107 355/128/105
f 288/761/522 329/760/107 339/762/116
f 359/139/112 302/763/158 379/140/113
f 379/140/113 302/763/158 305/764/362
f 364/765/523 379/140/113 305/764/362
f 305/766/362 345/767/524 364/768/523
f 440/470/337 412/769/525 399/452/327
f 425/471/338 440/470/337 399/452/327
f 446/770/42 405/771/181 426/772/340
f 420/618/435 427/617/434 456/662/467
f 443/621/438 402/622/439 462/773/510
f 402/622/439 354/774/509 462/773/510
f 413/259/194 436/262/196 452/738/511
f 495/690/484 496/692/482 509/775/526
f 526/542/383 552/83/64 571/776/220
f 549/777/385 526/542/383 571/776/220
f 555/85/66 556/545/386 580/86/67
f 580/86/67 556/545/386 549/544/385
f 555/85/66 573/84/65 546/436/313
f 570/149/122 547/150/123 561/381/276
f 566/152/125 538/382/277 574/778/394
f 538/383/277 557/385/274 574/779/394
f 577/780/127 574/781/394 558/386/278
f 576/155/128 577/154/127 558/387/278
f 576/155/128 568/782/527 584/153/126
f 584/153/126 568/782/527 605/783/486
f 572/784/528 564/785/529 591/786/487
f 589/787/489 572/784/528 591/786/487
f 605/783/486 568/782/527 575/788/490
f 575/700/490 537/373/269 589/701/489
f 589/701/489 537/373/269 572/789/528
f 567/790/322 583/791/530 588/792/531
f 588/792/531 583/791/530 594/287/216
f 582/793/279 583/791/530 562/794/532
f 595/795/533 594/287/216 583/791/530
f 583/791/530 582/793/279 595/795/533
f 594/287/216 586/289/218 588/792/531
f 77/630/445 23/796/493 82/626/441
f 32/485/348 23/796/493 77/630/445
f 63/490/351 38/491/352 60/487/350
f 57/486/349 32/485/348 77/630/445
f 77/797/445 84/798/446 57/799/349
f 84/798/446 60/800/350 57/799/349
f 173/801/137 188/419/140 148/418/304
f 212/421/144 103/802/444 157/420/305
f 167/803/238 103/802/444 212/421/144
f 237/638/450 240/590/418 272/451/326
f 272/451/326 240/590/418 227/591/419
f 283/230/174 272/451/326 227/591/419
f 256/113/88 236/433/87 295/434/311
f 249/498/96 256/113/88 312/652/433
f 278/612/432 249/119/96 312/613/433
f 287/648/457 257/114/91 278/612/432
f 311/804/180 293/805/534 289/806/535
f 314/807/536 293/808/534 311/236/180
f 284/809/245 293/808/534 314/807/536
f 368/810/537 303/508/363 297/225/171
f 297/225/171 367/641/453 368/810/537
f 316/811/538 367/641/453 297/225/171
f 367/641/453 317/640/452 306/812/172
f 306/226/172 368/813/537 367/814/453
f 368/813/537 306/226/172 271/815/539
f 325/816/365 303/508/363 368/810/537
f 353/817/540 325/816/365 368/810/537
f 353/817/540 331/818/366 325/816/365
f 353/819/540 368/813/537 271/815/539
f 353/819/540 271/815/539 279/820/541
f 353/821/540 279/822/541 331/823/366
f 399/824/327 383/604/429 381/606/328
f 412/769/525 383/610/429 399/452/327
f 384/609/431 383/610/429 412/769/525
f 415/825/542 404/233/177 378/235/179
f 399/452/327 398/454/329 425/471/338
f 405/237/181 378/235/179 361/239/183
f 430/826/41 378/827/179 405/828/181
f 430/52/41 437/56/45 378/235/179
f 437/56/45 415/825/542 378/235/179
f 421/829/198 439/535/378 459/534/265
f 453/830/46 449/55/44 471/480/342
f 454/831/49 453/731/46 480/730/506
f 480/730/506 487/832/543 454/831/49
f 448/833/50 454/831/49 487/832/543
f 487/832/543 431/834/330 448/833/50
f 450/835/331 431/834/330 487/832/543
f 441/459/332 450/458/331 478/836/507
f 499/837/544 487/838/543 524/839/315
f 518/71/54 478/732/507 499/840/544
f 518/71/54 492/841/382 478/732/507
f 515/842/545 494/686/481 526/542/383
f 515/843/545 530/543/384 516/844/546
f 509/845/526 516/844/546 530/543/384
f 520/435/312 509/845/526 530/543/384
f 520/435/312 521/437/314 497/846/547
f 513/663/468 533/547/388 522/442/319
f 543/447/324 513/663/468 501/665/470
f 547/150/123 501/665/470 529/375/271
f 562/847/532 560/848/321 535/439/316
f 562/847/532 535/439/316 542/440/317
f 550/81/62 528/281/212 553/446/323
f 7/100/81 4/849/548 52/98/79
f 59/850/355 3/851/549 10/852/550
f 10/853/550 12/854/551 59/855/355
f 4/856/548 3/857/549 51/858/292
f 16/2/2 13/859/552 47/400/287
f 16/2/2 47/400/287 14/4/4
f 81/496/357 78/495/356 12/860/551
f 254/861/553 226/862/554 239/863/39
f 303/508/363 305/507/362 285/224/170
f 297/225/171 303/508/363 285/224/170
f 292/864/38 258/865/40 310/866/364
f 310/511/364 277/514/367 292/867/38
f 271/815/539 230/868/555 279/820/541
f 277/514/367 331/513/366 218/586/416
f 279/822/541 218/589/416 331/823/366
f 440/470/337 426/473/340 412/769/525
f 446/53/42 426/476/340 458/54/43
f 514/68/52 499/869/544 524/438/315
f 514/72/52 518/71/54 499/840/544
f 519/366/61 492/841/382 518/71/54
f 510/75/56 491/870/512 503/76/57
f 502/540/381 492/541/382 519/80/61
f 481/538/379 502/540/381 519/80/61
f 519/80/61 531/79/60 481/538/379
f 482/871/556 481/538/379 531/79/60
f 531/285/60 506/369/267 482/872/556
f 503/76/57 476/873/557 523/874/268
f 435/360/264 475/371/266 523/370/268
f 476/875/557 435/360/264 523/370/268
f 479/263/197 535/439/316 560/848/321
f 465/280/211 479/531/197 560/444/321
f 465/280/211 553/446/323 528/281/212
f 528/281/212 550/81/62 512/279/210
f 600/293/222 587/876/558 580/294/67
f 587/876/558 600/293/222 596/297/225
f 604/549/390 606/548/389 602/693/485
f 602/693/485 596/297/225 604/549/390
f 606/548/389 609/552/392 602/693/485
f 591/695/487 587/876/558 596/297/225
f 591/695/487 596/297/225 602/693/485
f 145/313/234 149/877/413 203/723/505
f 193/878/412 106/879/417 127/880/411
f 241/718/501 223/594/422 163/299/227
f 210/416/302 189/681/478 237/638/450
f 237/638/450 235/450/325 210/416/302
f 189/681/478 147/298/226 240/590/418
f 275/500/359 211/117/94 257/114/91
f 249/498/96 194/111/90 256/113/88
f 206/116/93 249/119/96 278/612/432
f 293/808/534 228/501/99 275/500/359
f 260/881/97 228/501/99 293/808/534
f 227/591/419 252/882/559 283/230/174
f 349/231/175 283/230/174 252/882/559
f 252/882/559 267/756/161 319/883/560
f 320/884/561 298/206/157 299/208/159
f 299/885/159 302/763/158 359/139/112
f 319/886/560 267/887/161 323/888/562
f 330/209/160 323/889/562 267/210/161
f 326/890/563 268/219/162 308/214/165
f 298/891/157 320/892/561 323/893/562
f 298/206/157 330/209/160 316/811/538
f 323/889/562 330/209/160 298/206/157
f 298/206/157 316/811/538 297/225/171
f 391/355/261 296/354/260 386/619/436
f 296/354/260 358/232/176 386/619/436
f 349/231/175 352/894/564 393/620/437
f 393/620/437 386/619/436 358/232/176
f 398/454/329 401/533/377 451/278/209
f 451/278/209 425/471/338 398/454/329
f 429/657/462 416/658/463 439/537/378
f 416/658/463 433/659/464 457/267/201
f 10/895/550 3/857/549 40/896/565
f 10/897/550 44/898/566 12/899/551
f 44/898/566 10/897/550 40/900/565
f 45/901/567 44/898/566 40/900/565
f 3/857/549 4/856/548 40/896/565
f 40/900/565 4/902/548 1/394/284
f 1/394/284 41/399/286 40/900/565
f 13/859/552 40/900/565 41/399/286
f 2/393/283 41/399/286 1/394/284
f 13/859/552 41/399/286 47/400/287
f 13/859/552 16/2/2 40/900/565
f 45/901/567 40/900/565 16/2/2
f 44/898/566 53/903/8 12/899/551
f 53/903/8 44/898/566 45/901/567
f 42/904/568 53/903/8 45/901/567
f 18/905/9 53/903/8 42/904/568
f 27/1/1 45/901/567 16/2/2
f 29/7/7 68/906/569 15/6/6
f 29/7/7 69/907/570 68/906/569
f 6/91/72 15/6/6 68/906/569
f 8/908/571 68/906/569 69/907/570
f 68/906/569 8/908/571 6/91/72
f 56/14/14 17/625/70 19/909/71
f 19/909/71 64/910/20 56/14/14
f 64/23/20 19/911/71 26/912/75
f 22/92/73 6/91/72 8/908/571
f 36/481/344 8/908/571 34/482/345
f 8/908/571 67/96/77 22/92/73
f 67/96/77 8/908/571 36/481/344
f 25/93/74 22/92/73 67/96/77
f 26/912/75 28/913/78 62/305/230
f 226/914/554 213/597/243 239/595/39
f 226/862/554 254/861/553 231/580/410
f 254/861/553 193/581/412 231/580/410
f 218/586/416 193/581/412 277/514/367
f 250/223/166 195/915/504 251/221/168
f 234/505/360 264/431/309 199/716/500
f 247/432/310 199/716/500 264/431/309
f 247/432/310 236/433/87 187/156/129
f 419/255/192 394/257/114 385/358/263
f 311/804/180 384/609/431 412/769/525
f 412/769/525 426/473/340 311/804/180
f 405/237/181 311/236/180 426/476/340
f 409/916/184 404/917/177 415/918/542
f 417/919/572 409/916/184 415/918/542
f 417/920/572 392/921/185 409/922/184
f 432/923/573 411/243/100 410/245/186
f 410/924/186 392/921/185 417/920/572
f 114/925/574 86/926/575 89/927/576
f 101/928/397 76/929/577 95/715/499
f 102/564/400 95/715/499 76/929/577
f 76/930/577 107/931/578 102/932/400
f 102/932/400 107/931/578 105/933/353
f 107/931/578 76/930/577 108/934/579
f 111/935/580 76/936/577 101/717/397
f 111/937/580 108/934/579 76/930/577
f 107/931/578 73/938/354 105/933/353
f 120/939/581 73/938/354 107/931/578
f 111/937/580 86/940/575 124/941/582
f 124/941/582 86/940/575 117/942/583
f 117/942/583 86/940/575 114/943/574
f 123/944/584 70/407/293 51/406/292
f 123/945/584 126/946/585 70/747/293
f 130/745/518 126/946/585 128/947/586
f 130/745/518 70/747/293 126/946/585
f 88/948/443 173/949/137 148/950/304
f 157/951/305 88/952/443 148/953/304
f 103/629/444 88/628/443 157/954/305
f 118/320/241 103/629/444 167/317/238
f 288/761/522 238/955/153 276/186/152
f 262/956/587 238/957/153 288/958/522
f 352/894/564 349/231/175 252/882/559
f 352/959/564 252/960/559 354/961/509
f 354/774/509 252/882/559 319/883/560
f 299/885/159 359/139/112 388/962/588
f 319/963/560 323/964/562 320/965/561
f 268/211/162 326/966/563 362/967/589
f 362/967/589 330/209/160 268/211/162
f 326/968/563 308/215/165 360/969/590
f 308/215/165 309/217/167 360/969/590
f 363/642/454 360/970/590 313/971/169
f 360/972/590 309/220/167 313/222/169
f 330/209/160 362/967/589 367/641/453
f 367/641/453 316/811/538 330/209/160
f 362/967/589 363/642/454 367/641/453
f 363/642/454 313/971/169 317/640/452
f 320/973/561 299/974/159 382/260/195
f 406/258/193 299/974/159 388/975/588
f 387/138/111 388/962/588 359/139/112
f 354/976/509 319/977/560 382/978/195
f 319/979/560 320/973/561 382/260/195
f 363/642/454 362/967/589 326/966/563
f 360/970/590 363/642/454 326/966/563
f 349/231/175 393/620/437 358/232/176
f 402/622/439 393/620/437 352/894/564
f 354/774/509 402/622/439 352/894/564
f 382/260/195 299/974/159 406/258/193
f 408/261/189 406/258/193 388/975/588
f 387/138/111 408/252/189 388/962/588
f 282/637/449 396/980/591 423/655/460
f 403/656/461 365/349/255 416/658/463
f 398/454/329 366/346/252 401/533/377
f 365/349/255 389/351/257 416/658/463
f 389/351/257 390/352/258 433/659/464
f 433/659/464 416/658/463 389/351/257
f 390/352/258 391/355/261 433/659/464
f 427/617/434 468/145/118 467/144/117
f 468/145/118 462/773/510 486/733/508
f 443/621/438 462/773/510 468/145/118
f 354/976/509 413/981/194 490/982/592
f 452/738/511 490/983/592 413/259/194
f 498/664/469 501/665/470 513/663/468
f 501/665/470 456/662/467 511/376/272
f 4/849/548 7/100/81 1/984/284
f 151/584/414 149/583/413 98/985/498
f 106/713/417 141/708/495 127/986/411
f 240/590/418 237/638/450 189/681/478
f 227/591/419 197/592/420 252/882/559
f 197/592/420 221/593/421 252/882/559
f 244/596/423 258/987/40 239/595/39
f 266/988/593 215/319/240 262/989/587
f 258/987/40 215/319/240 266/988/593
f 313/229/169 306/226/172 317/990/452
f 369/646/374 295/434/311 300/430/308
f 256/113/88 295/434/311 369/646/374
f 346/991/428 338/644/456 334/643/455
f 346/991/428 334/643/455 348/684/480
f 338/644/456 346/991/428 341/650/427
f 341/650/427 287/992/457 340/649/458
f 289/993/535 287/648/457 341/994/427
f 343/607/430 289/806/535 341/608/427
f 311/804/180 289/806/535 343/607/430
f 346/991/428 348/684/480 327/685/459
f 311/995/180 328/996/182 314/997/536
f 314/807/536 321/616/246 284/809/245
f 321/616/246 314/807/536 328/238/182
f 391/355/261 386/619/436 420/618/435
f 386/619/436 393/620/437 427/617/434
f 481/538/379 482/871/556 472/998/594
f 491/870/512 444/624/440 464/999/595
f 492/541/382 469/539/380 455/1000/334
f 469/539/380 481/538/379 472/998/594
f 475/368/266 472/1001/594 482/872/556
f 476/873/557 464/999/595 418/253/190
f 512/279/210 451/278/209 528/281/212
f 505/272/205 493/268/202 522/442/319
f 498/664/469 522/442/319 493/268/202
f 526/542/383 494/686/481 512/279/210
f 515/842/545 526/542/383 549/777/385
f 530/543/384 515/843/545 549/544/385
f 555/85/66 520/435/312 530/543/384
f 566/152/125 565/151/124 538/382/277
f 565/151/124 541/374/270 538/382/277
f 576/155/128 540/77/58 568/782/527
f 563/282/213 554/283/214 564/1002/529
f 564/785/529 572/784/528 563/286/213
f 568/782/527 548/666/471 575/788/490
f 540/77/58 548/666/471 568/782/527
f 537/373/269 575/700/490 548/1003/471
f 562/847/532 542/440/317 545/443/320
f 583/1004/530 560/848/321 562/847/532
f 560/1005/321 583/791/530 567/790/322
f 567/445/322 588/1006/531 569/82/63
f 562/847/532 545/443/320 582/388/279
f 545/443/320 559/389/280 582/388/279
f 586/1007/218 569/82/63 588/1006/531
f 139/1008/472 110/1009/476 138/1010/521
f 110/674/476 139/1011/472 79/675/82
f 112/1012/134 139/1013/472 138/754/521
f 83/1014/473 139/1015/472 112/1016/134
f 112/1012/134 138/754/521 87/753/477
f 115/677/474 83/1017/473 112/164/134
f 75/627/442 115/677/474 88/628/443
f 165/309/228 113/1018/19 171/1019/229
f 174/306/231 133/310/25 191/719/502
f 134/34/26 145/313/234 195/722/504
f 176/308/232 165/309/228 171/1019/229
f 171/1019/229 178/314/235 176/308/232
f 289/993/535 257/114/91 287/648/457
f 275/500/359 257/114/91 289/993/535
f 257/114/91 206/116/93 278/612/432
f 289/993/535 293/808/534 275/500/359
f 260/881/97 293/808/534 284/809/245
f 394/1020/114 379/1021/113 364/1022/523
f 385/1023/263 394/1020/114 364/1022/523
f 424/1024/106 441/1025/332 414/1026/187
f 431/456/330 438/455/262 395/126/103
f 441/1025/332 424/1024/106 438/1027/262
f 428/1028/188 414/1026/187 441/1025/332
f 408/252/189 407/137/110 444/624/440
f 407/137/110 418/253/190 444/624/440
f 434/1029/191 428/1028/188 441/1025/332
f 445/1030/333 434/1029/191 441/1025/332
f 445/1031/333 461/1032/336 434/1033/191
f 344/142/115 434/254/191 461/1034/336
f 435/360/264 344/359/115 461/1035/336
f 493/268/202 457/267/201 498/664/469
f 457/267/201 474/660/465 498/664/469
f 474/660/465 477/661/466 501/665/470
f 501/665/470 498/664/469 474/660/465
f 477/661/466 456/662/467 501/665/470
f 545/443/320 522/442/319 533/547/388
f 533/547/388 513/663/468 559/389/280
f 543/447/324 559/389/280 513/663/468
f 547/150/123 543/447/324 501/665/470
f 525/67/51 534/69/53 551/546/387
f 551/546/387 564/1002/529 525/67/51
f 554/283/214 525/67/51 564/1002/529
f 576/155/128 539/78/59 540/77/58
f 29/7/7 43/404/290 69/907/570
f 31/405/291 30/1036/596 43/404/290
f 30/1036/596 31/405/291 23/1037/493
f 69/907/570 43/404/290 30/1036/596
f 32/1038/348 30/1036/596 23/1037/493
f 35/483/346 34/482/345 30/1036/596
f 35/483/346 30/1036/596 32/1038/348
f 32/1038/348 37/1039/347 35/483/346
f 67/96/77 36/481/344 50/95/76
f 36/481/344 35/483/346 50/95/76
f 35/483/346 38/1040/352 50/95/76
f 38/1040/352 28/97/78 50/95/76
f 37/1039/347 38/1040/352 35/483/346
f 51/406/292 52/98/79 4/849/548
f 380/234/178 321/616/246 378/235/179
f 357/1041/247 321/1042/246 380/1043/178
f 311/804/180 343/607/430 384/609/431
f 380/241/178 409/240/184 357/1044/247
f 337/1045/248 409/1046/184 392/1047/185
f 357/338/247 409/1048/184 337/339/248
f 337/1045/248 392/1047/185 351/1049/102
f 413/981/194 354/976/509 382/978/195
f 373/345/251 423/655/460 421/264/198
f 315/344/250 423/655/460 373/345/251
f 373/530/251 422/529/376 374/348/254
f 401/533/377 374/348/254 422/529/376
f 423/655/460 396/980/591 403/656/461
f 403/656/461 416/658/463 429/657/462
f 433/659/464 391/355/261 420/618/435
f 486/1050/508 354/1051/509 517/1052/275
f 354/1053/509 490/983/592 517/380/275
f 510/737/56 490/983/592 452/738/511
f 563/286/213 572/784/528 532/284/215
f 572/789/528 537/373/269 532/372/215
f 587/1054/558 573/84/65 580/86/67
f 551/546/387 573/84/65 587/1054/558
f 579/1055/597 551/546/387 587/1054/558
f 587/1054/558 591/1056/487 579/1055/597
f 591/1056/487 564/1002/529 579/1055/597
f 58/105/85 65/1057/491 20/107/86
f 65/1057/491 24/1058/289 20/107/86
f 5/5/5 14/4/4 29/7/7
f 31/1059/291 24/1060/289 65/1061/491
f 65/1062/491 66/1063/492 31/1064/291
f 23/1065/493 31/1064/291 66/1063/492
f 34/482/345 8/908/571 69/907/570
f 69/907/570 30/1036/596 34/482/345
f 120/939/581 3/851/549 73/938/354
f 59/850/355 73/938/354 3/851/549
f 59/1066/355 12/1067/551 78/1068/356
f 51/406/292 3/1069/549 120/1070/581
f 54/10/10 81/496/357 12/860/551
f 54/10/10 12/860/551 53/8/8
f 90/635/448 63/490/351 60/487/350
f 90/1071/448 60/800/350 92/1072/598
f 118/320/241 104/1073/599 84/631/446
f 92/1072/598 60/800/350 84/798/446
f 84/798/446 140/1074/600 92/1072/598
f 140/1074/600 84/798/446 104/1075/599
f 109/740/513 96/710/497 98/712/498
f 140/1074/600 104/1075/599 141/708/495
f 179/707/494 140/1074/600 141/708/495
f 141/708/495 104/1075/599 127/986/411
f 94/1076/447 171/304/229 62/305/230
f 178/314/235 171/1019/229 94/1077/447
f 94/1077/447 181/1078/601 178/314/235
f 181/1078/601 184/1079/602 178/314/235
f 182/312/233 184/1079/602 135/311/28
f 182/312/233 178/314/235 184/1079/602
f 135/1080/28 184/1081/602 109/1082/513
f 97/35/27 98/1083/498 145/313/234
f 114/925/574 89/927/576 153/571/406
f 155/157/130 114/925/574 153/571/406
f 155/157/130 119/1084/514 114/925/574
f 119/1085/514 117/942/583 114/943/574
f 156/1086/409 117/1087/583 119/1088/514
f 159/1089/407 156/1086/409 119/1088/514
f 128/947/586 160/574/408 161/1090/603
f 121/748/515 119/1084/514 155/157/130
f 159/1089/407 119/1088/514 122/1091/517
f 168/1092/604 159/1089/407 122/1091/517
f 161/1090/603 159/573/407 168/1093/604
f 161/1090/603 172/1094/605 128/947/586
f 172/1094/605 130/745/518 128/947/586
f 172/1094/605 79/746/82 130/745/518
f 168/1093/604 158/1095/475 172/1094/605
f 158/1095/475 79/746/82 172/1094/605
f 168/1092/604 122/1091/517 143/1096/520
f 87/676/477 132/1097/519 154/161/131
f 168/1098/604 143/1099/520 110/1100/476
f 110/1100/476 158/1101/475 168/1098/604
f 163/299/227 174/306/231 241/718/501
f 174/306/231 191/719/502 241/718/501
f 204/720/503 191/719/502 133/310/25
f 133/32/25 134/34/26 204/721/503
f 204/721/503 134/34/26 195/722/504
f 195/722/504 145/313/234 203/723/505
f 101/928/397 95/715/499 234/503/360
f 95/715/499 219/177/145 234/503/360
f 255/179/147 192/178/146 220/41/30
f 187/156/129 199/716/500 247/432/310
f 205/570/398 199/716/500 187/156/129
f 252/882/559 221/593/421 267/756/161
f 301/639/451 253/42/31 265/46/35
f 301/639/451 265/46/35 304/353/259
f 307/350/256 304/353/259 270/47/36
f 265/46/35 270/47/36 304/353/259
f 273/48/37 307/350/256 270/47/36
f 273/48/37 235/450/325 296/354/260
f 321/1042/246 357/1041/247 332/1102/244
f 318/1103/156 337/1104/248 351/1105/102
f 456/662/467 427/617/434 467/144/117
f 468/145/118 427/617/434 443/621/438
f 452/738/511 436/262/196 491/739/512
f 489/474/341 508/689/483 458/54/43
f 508/689/483 485/688/343 458/54/43
f 485/691/343 495/690/484 471/728/342
f 561/381/276 547/150/123 529/375/271
f 561/381/276 541/374/270 570/149/122
f 565/151/124 570/149/122 541/374/270
f 557/379/274 558/386/278 574/781/394
f 604/549/390 596/297/225 592/296/224
f 27/1/1 5/5/5 45/901/567
f 42/904/568 45/901/567 5/5/5
f 5/5/5 15/6/6 42/904/568
f 39/87/68 18/905/9 42/904/568
f 21/1106/12 18/905/9 39/87/68
f 17/89/70 21/1106/12 39/87/68
f 39/87/68 42/904/568 15/6/6
f 15/6/6 6/91/72 39/87/68
f 56/14/14 71/13/13 17/625/70
f 74/1107/16 56/1108/14 64/1109/20
f 80/27/21 64/23/20 26/912/75
f 26/912/75 62/305/230 80/27/21
f 102/564/400 105/492/353 196/565/401
f 152/572/399 153/571/406 86/926/575
f 153/571/406 89/927/576 86/926/575
f 162/1110/404 107/1111/578 108/1112/579
f 111/935/580 101/717/397 152/572/399
f 164/566/402 162/568/404 108/1113/579
f 175/1114/405 107/1111/578 162/1110/404
f 144/409/295 196/565/401 105/492/353
f 120/1070/581 107/1115/578 175/1116/405
f 175/1116/405 177/1117/403 120/1070/581
f 177/1117/403 51/406/292 120/1070/581
f 123/945/584 177/567/403 183/1118/606
f 51/406/292 177/1117/403 123/944/584
f 86/926/575 111/935/580 152/572/399
f 108/934/579 111/937/580 124/941/582
f 108/1119/579 124/1120/582 160/1121/408
f 108/1113/579 160/574/408 164/566/402
f 164/566/402 160/574/408 128/947/586
f 160/1121/408 124/1120/582 117/1122/583
f 160/1123/408 117/1124/583 156/1125/409
f 183/1118/606 177/567/403 164/566/402
f 183/1118/606 164/566/402 128/947/586
f 183/1118/606 126/946/585 123/945/584
f 128/947/586 126/946/585 183/1118/606
f 199/716/500 205/570/398 101/717/397
f 144/409/295 192/178/146 196/565/401
f 229/228/173 149/877/413 230/868/555
f 203/723/505 149/877/413 229/228/173
f 231/576/410 213/325/243 226/1126/554
f 230/1127/555 149/583/413 217/585/415
f 218/589/416 217/585/415 151/584/414
f 288/1128/522 266/1129/593 262/1130/587
f 302/207/158 298/206/157 285/224/170
f 305/507/362 302/207/158 285/224/170
f 315/344/250 333/343/249 261/43/32
f 365/349/255 301/639/451 304/353/259
f 327/654/459 322/347/253 366/346/252
f 366/346/252 398/454/329 327/654/459
f 307/350/256 273/48/37 390/352/258
f 296/354/260 390/352/258 273/48/37
f 374/348/254 333/1131/249 373/530/251
f 336/1132/372 333/1131/249 374/348/254
f 322/347/253 336/1132/372 374/348/254
f 282/637/449 423/655/460 315/344/250
f 401/533/377 366/346/252 374/348/254
f 282/637/449 301/639/451 396/980/591
f 403/656/461 396/980/591 301/639/451
f 365/349/255 403/656/461 301/639/451
f 432/1133/573 410/924/186 417/920/572
f 395/126/103 411/123/100 431/456/330
f 436/623/196 444/624/440 491/870/512
f 444/624/440 418/253/190 464/999/595
f 469/1134/380 460/1135/335 455/1136/334
f 469/1134/380 472/1137/594 460/1135/335
f 475/1138/266 460/1135/335 472/1137/594
f 475/1139/266 461/468/336 460/467/335
f 418/256/190 435/360/264 476/875/557
f 435/360/264 461/1035/336 475/371/266
f 495/1140/484 497/1141/547 480/1142/506
f 480/1142/506 497/1141/547 500/1143/607
f 480/1144/506 500/1145/607 524/438/315
f 524/839/315 487/838/543 480/1146/506
f 450/1147/331 487/838/543 499/837/544
f 450/1147/331 499/837/544 478/1148/507
f 455/463/334 478/732/507 492/841/382
f 511/376/272 507/146/119 536/377/273
f 536/377/273 486/733/508 538/382/277
f 507/146/119 486/733/508 536/377/273
f 486/1149/508 517/384/275 538/383/277
f 517/380/275 490/983/592 539/378/59
f 490/983/592 510/737/56 539/378/59
f 573/84/65 551/546/387 546/436/313
f 579/1150/597 564/1151/529 551/1152/387
f 100/413/299 54/10/10 99/415/301
f 99/415/301 54/10/10 55/11/11
f 146/497/358 99/415/301 55/11/11
f 71/13/13 146/497/358 55/11/11
f 167/317/238 186/316/237 118/320/241
f 104/1073/599 118/320/241 190/1153/242
f 181/1078/601 94/1077/447 180/1154/608
f 90/1071/448 180/1154/608 94/1077/447
f 181/1078/601 166/1155/609 184/1079/602
f 166/1155/609 181/1078/601 180/1154/608
f 90/1071/448 92/1072/598 180/1154/608
f 179/707/494 166/1155/609 180/1154/608
f 166/1155/609 169/1156/610 184/1079/602
f 109/1082/513 184/1081/602 169/1157/610
f 149/877/413 145/313/234 98/1083/498
f 169/1156/610 166/1155/609 179/707/494
f 179/707/494 96/710/497 169/1156/610
f 169/1157/610 96/1158/497 109/1082/513
f 140/1074/600 180/1154/608 92/1072/598
f 179/707/494 180/1154/608 140/1074/600
f 190/1159/242 127/1160/411 104/1161/599
f 155/157/130 153/571/406 187/156/129
f 160/574/408 159/573/407 161/1090/603
f 121/748/515 155/157/130 194/111/90
f 172/1094/605 161/1090/603 168/1093/604
f 224/499/95 121/748/515 194/111/90
f 132/749/519 121/748/515 224/499/95
f 154/1162/131 132/749/519 224/499/95
f 224/118/95 206/116/93 154/161/131
f 206/1163/93 207/158/92 154/160/131
f 198/162/132 112/164/134 154/161/131
f 262/956/587 202/1164/236 238/957/153
f 262/989/587 233/318/239 202/315/236
f 215/319/240 233/318/239 262/989/587
f 215/319/240 258/987/40 244/596/423
f 254/861/553 239/863/39 292/867/38
f 229/228/173 230/868/555 306/226/172
f 271/815/539 306/226/172 230/868/555
f 292/867/38 277/514/367 254/861/553
f 277/514/367 193/581/412 254/861/553
f 230/868/555 217/1165/415 279/820/541
f 218/589/416 279/822/541 217/585/415
f 329/760/107 276/186/152 318/205/156
f 288/761/522 276/186/152 329/760/107
f 266/1129/593 288/1128/522 339/143/116
f 344/142/115 266/1129/593 339/143/116
f 345/1166/524 305/1167/362 258/1168/40
f 345/767/524 266/988/593 344/359/115
f 258/987/40 266/988/593 345/767/524
f 355/130/105 351/1169/102 377/131/101
f 400/1170/109 339/762/116 329/760/107
f 385/358/263 364/768/523 345/767/524
f 344/359/115 385/358/263 345/767/524
f 430/1171/41 405/771/181 446/770/42
f 417/1172/572 415/1173/542 437/58/45
f 437/58/45 447/65/48 417/1172/572
f 432/1174/573 417/1172/572 447/65/48
f 448/66/50 432/1174/573 447/65/48
f 448/1175/50 411/243/100 432/923/573
f 442/60/47 447/65/48 437/58/45
f 448/1176/50 431/1105/330 411/1177/100
f 491/870/512 464/999/595 503/76/57
f 475/368/266 482/872/556 506/369/267
f 464/999/595 476/873/557 503/76/57
f 494/686/481 463/277/208 512/279/210
f 488/472/339 494/686/481 515/842/545
f 515/843/545 489/474/341 488/475/339
f 516/844/546 508/689/483 489/474/341
f 496/687/482 508/689/483 516/844/546
f 516/844/546 489/474/341 515/843/545
f 516/1178/546 509/1179/526 496/1180/482
f 495/1181/484 509/845/526 520/435/312
f 497/846/547 495/1181/484 520/435/312
f 521/437/314 500/1145/607 497/846/547
f 521/437/314 524/438/315 500/1145/607
f 479/263/197 466/265/199 535/439/316
f 466/265/199 504/274/203 542/440/317
f 542/440/317 505/272/205 544/441/318
f 504/274/203 505/272/205 542/440/317
f 522/442/319 544/441/318 505/272/205
f 503/76/57 523/874/268 548/666/471
f 523/370/268 537/373/269 548/1003/471
f 569/82/63 586/1007/218 552/83/64
f 586/1007/218 571/776/220 552/83/64
f 571/776/220 599/1182/217 549/777/385
f 580/86/67 549/544/385 599/1183/217
f 594/287/216 595/795/533 598/292/221
f 582/793/279 590/1184/281 595/795/533
f 608/1185/611 595/795/533 590/1184/281
f 601/550/391 608/1185/611 578/1186/282
f 608/1185/611 590/1184/281 578/1186/282
f 608/1185/611 598/292/221 595/795/533
f 598/292/221 608/1185/611 592/296/224
f 592/296/224 593/295/223 598/292/221
f 608/1185/611 601/550/391 592/296/224
f 592/296/224 601/550/391 604/549/390
f 578/1186/282 581/551/121 601/550/391
