# Blender 4.3.2
# www.blender.org
mtllib fused_model.mtl
o nut-m12_mesh.001
v -0.005908 -0.004234 -0.003837
v -0.005858 -0.004297 -0.004405
v -0.006615 -0.004082 -0.004970
v -0.005537 -0.003816 -0.003379
v -0.005473 -0.002032 -0.001925
v -0.004962 -0.002372 -0.002687
v -0.005086 -0.001628 -0.002549
v -0.004694 -0.001518 -0.003053
v -0.005130 -0.003002 -0.003267
v -0.005060 -0.003796 -0.004322
v -0.005170 -0.003975 -0.004913
v -0.004479 -0.003219 -0.004860
v -0.003874 -0.003262 -0.005449
v -0.004415 -0.004065 -0.005601
v -0.004350 -0.004172 -0.006645
v -0.004837 -0.004206 -0.005977
v -0.004211 -0.003912 -0.007602
v -0.005146 -0.003843 -0.006576
v -0.004107 -0.003467 -0.008018
v -0.004615 -0.002855 -0.008027
v -0.003355 -0.003934 -0.008146
v -0.003595 -0.003422 -0.008604
v -0.002339 -0.003427 -0.008735
v -0.002207 -0.002997 -0.009639
v -0.001092 -0.003603 -0.009364
v -0.002111 -0.002178 -0.009965
v -0.001788 -0.001926 -0.010352
v -0.000946 -0.002309 -0.010382
v -0.000611 -0.003220 -0.010241
v -0.000460 -0.003500 -0.009621
v -0.001509 -0.002881 -0.010019
v -0.000227 -0.004130 -0.008167
v -0.001396 -0.004153 -0.008675
v -0.001381 -0.004127 -0.007718
v -0.000918 -0.003488 -0.006889
v -0.000139 -0.003896 -0.007621
v 0.000414 -0.003255 -0.007244
v -0.002112 -0.004030 -0.008165
v -0.001735 -0.004033 -0.007519
v -0.003758 -0.004220 -0.006923
v -0.003727 -0.004280 -0.007378
v -0.003609 -0.003700 -0.006313
v -0.002782 -0.003355 -0.006613
v -0.003153 -0.002430 -0.005925
v -0.001788 -0.002795 -0.006283
v -0.001620 -0.002166 -0.005880
v -0.003274 -0.001582 -0.005546
v -0.003603 -0.002410 -0.005242
v -0.003952 -0.002326 -0.004679
v -0.004069 -0.001578 -0.004202
v -0.003926 -0.001554 -0.003936
v -0.003552 -0.001726 -0.003976
v -0.003558 -0.001025 -0.003859
v -0.003949 -0.000894 -0.003000
v -0.003920 0.000002 -0.003550
v -0.003271 -0.000248 -0.004435
v -0.003761 0.000647 -0.004591
v -0.003184 -0.000839 -0.004615
v -0.002741 -0.000591 -0.005092
v -0.001986 -0.000618 -0.005464
v -0.001172 -0.001201 -0.005713
v -0.000113 -0.000853 -0.006252
v 0.000401 -0.001555 -0.006388
v 0.000779 -0.000537 -0.006415
v 0.001174 -0.001645 -0.006282
v 0.000888 -0.002519 -0.006574
v 0.001962 -0.002525 -0.006225
v 0.002004 -0.001509 -0.005906
v 0.003423 -0.003306 -0.006513
v 0.002834 -0.002450 -0.005888
v 0.002551 -0.003179 -0.006638
v 0.003378 -0.003797 -0.007373
v 0.004494 -0.004194 -0.007522
v 0.004291 -0.004108 -0.007100
v 0.005148 -0.004185 -0.006333
v 0.005737 -0.003936 -0.006840
v 0.005235 -0.003975 -0.007892
v 0.004286 -0.003907 -0.008336
v 0.003426 -0.003886 -0.008113
v 0.002482 -0.003761 -0.009157
v 0.004976 -0.003271 -0.008622
v 0.005845 -0.002548 -0.008903
v 0.006190 -0.003400 -0.007068
v 0.006621 -0.004263 -0.006106
v 0.006223 -0.004197 -0.005576
v 0.007027 -0.004221 -0.004947
v 0.008746 -0.003743 -0.004747
v 0.009452 -0.002834 -0.004099
v 0.010120 -0.002129 -0.003160
v 0.010706 -0.001543 -0.002519
v 0.010907 -0.000050 -0.001793
v 0.010717 -0.000022 0.000266
v 0.010027 0.001093 -0.000856
v 0.010443 0.001007 -0.001860
v 0.009764 0.002171 -0.001405
v 0.009679 0.002190 -0.002682
v 0.010050 0.001625 -0.002921
v 0.009855 0.002004 -0.003750
v 0.007862 0.003299 -0.004529
v 0.007931 0.003364 -0.003785
v 0.007487 0.003240 -0.003299
v 0.007034 0.003052 -0.003250
v 0.006223 0.002992 -0.004187
v 0.005814 0.001688 -0.003532
v 0.005119 0.001768 -0.004173
v 0.005766 0.002164 -0.003918
v 0.004986 0.002479 -0.005103
v 0.006097 0.003762 -0.004995
v 0.005514 0.003406 -0.005706
v 0.005889 0.003725 -0.005733
v 0.006354 0.003945 -0.005349
v 0.005918 0.003517 -0.006314
v 0.006178 0.003096 -0.006589
v 0.006395 0.003786 -0.005780
v 0.006004 0.002278 -0.007274
v 0.006861 0.002385 -0.006322
v 0.007298 0.003453 -0.005404
v 0.007608 0.002877 -0.005320
v 0.008020 0.001830 -0.005697
v 0.008734 0.001076 -0.006323
v 0.008990 0.001497 -0.004803
v 0.009621 0.001435 -0.004421
v 0.009865 0.000638 -0.005196
v 0.009449 0.000575 -0.005807
v 0.010072 -0.000150 -0.005197
v 0.009384 -0.000088 -0.006201
v 0.008438 -0.000031 -0.007167
v 0.009190 -0.000891 -0.006159
v 0.008292 -0.001111 -0.006850
v 0.008471 -0.000763 -0.006965
v 0.007751 -0.002253 -0.006940
v 0.007993 -0.001673 -0.006146
v 0.008718 -0.001766 -0.005728
v 0.009456 -0.002026 -0.005145
v 0.010114 0.001318 -0.003709
v 0.010418 0.000812 -0.003031
v 0.010817 -0.000446 -0.002936
v 0.010469 -0.000776 -0.003557
v 0.009906 -0.001819 -0.003897
v 0.009910 -0.001060 -0.004284
v 0.009685 -0.001299 -0.005224
v 0.010362 0.000160 -0.004583
v 0.010620 -0.000014 -0.003721
v 0.009586 -0.002533 -0.004645
v 0.008338 -0.002738 -0.005918
v 0.008891 -0.003342 -0.005100
v 0.008225 -0.004037 -0.004908
v 0.007994 -0.003597 -0.005813
v 0.007278 -0.003900 -0.006226
v 0.006753 -0.002477 -0.008062
v 0.005021 -0.002421 -0.009551
v 0.005546 0.000070 -0.009791
v 0.006401 0.000730 -0.008746
v 0.006287 0.001245 -0.008099
v 0.007060 0.000971 -0.007981
v 0.006842 0.001774 -0.006809
v 0.007576 0.001731 -0.006254
v 0.007748 0.000774 -0.007331
v 0.006707 -0.001109 -0.008970
v 0.006700 -0.000001 -0.008947
v 0.005079 0.001488 -0.008187
v 0.005345 0.000886 -0.009292
v 0.004544 0.001419 -0.009225
v 0.004773 0.002622 -0.008191
v 0.004278 0.001980 -0.009159
v 0.004834 0.003338 -0.007518
v 0.005270 0.002586 -0.007734
v 0.005841 0.001919 -0.007515
v 0.005127 0.003657 -0.006707
v 0.004649 0.003572 -0.006839
v 0.004096 0.003550 -0.007244
v 0.003819 0.003337 -0.008499
v 0.003383 0.002321 -0.009788
v 0.003656 0.001437 -0.009961
v 0.002940 0.001410 -0.010396
v 0.003931 0.000552 -0.010447
v 0.004548 -0.000033 -0.010477
v 0.003038 -0.002496 -0.010073
v 0.004000 -0.002928 -0.009554
v 0.002883 -0.003441 -0.009644
v 0.001085 -0.003240 -0.007173
v 0.001864 -0.003117 -0.006646
v 0.001920 -0.003923 -0.007618
v 0.000455 -0.004191 -0.008836
v -0.000363 -0.004078 -0.008879
v 0.002095 -0.002438 -0.009993
v 0.001755 -0.003425 -0.009696
v 0.001209 -0.001974 -0.010295
v 0.001128 -0.002722 -0.010010
v 0.001853 -0.001772 -0.010245
v 0.002762 -0.001989 -0.010403
v 0.003535 -0.001514 -0.010800
v 0.003772 -0.000864 -0.011163
v 0.002637 0.001204 -0.010845
v 0.002702 0.000676 -0.011179
v 0.002148 -0.000026 -0.011861
v 0.000975 0.000359 -0.012276
v 0.002747 -0.000845 -0.011743
v 0.002069 -0.000809 -0.012271
v 0.002548 -0.001598 -0.011264
v 0.001725 -0.001234 -0.011603
v 0.000579 -0.001205 -0.012276
v 0.001819 -0.000048 -0.012276
v -0.000539 -0.001218 -0.012276
v -0.000486 -0.001595 -0.011502
v 0.000628 -0.001487 -0.011250
v 0.000342 -0.001957 -0.011016
v 0.000154 -0.002820 -0.010585
v 0.000433 -0.003246 -0.009857
v 0.000821 -0.003924 -0.009293
v -0.000238 -0.002452 -0.010789
v -0.001465 -0.001487 -0.011270
v -0.002306 -0.000796 -0.011436
v -0.001514 -0.000873 -0.012285
v -0.001383 -0.000036 -0.012277
v -0.000812 0.000683 -0.011401
v -0.000071 0.000412 -0.012247
v 0.000892 0.000869 -0.011485
v 0.002875 0.001844 -0.010117
v 0.001692 0.001217 -0.010951
v -0.000026 0.001468 -0.010757
v -0.001062 0.001360 -0.010291
v 0.000535 0.001930 -0.010139
v 0.000815 0.002289 -0.009723
v 0.000617 0.003329 -0.009021
v 0.000119 0.003467 -0.008151
v -0.000124 0.002901 -0.007490
v 0.001393 0.003221 -0.007529
v 0.001917 0.002471 -0.006774
v 0.003048 0.002032 -0.005963
v 0.004436 0.002573 -0.005636
v 0.004478 0.001386 -0.004845
v 0.003894 0.000549 -0.004994
v 0.004373 0.000027 -0.004657
v 0.004701 -0.000279 -0.004362
v 0.004856 0.000906 -0.004103
v 0.005010 0.000341 -0.003489
v 0.005467 0.000690 -0.002954
v 0.005288 -0.000472 -0.002830
v 0.006050 -0.002006 -0.003240
v 0.006293 -0.002278 -0.002878
v 0.006928 -0.003566 -0.003034
v 0.006509 -0.003328 -0.003581
v 0.007409 -0.003962 -0.003420
v 0.007630 -0.003944 -0.002395
v 0.008738 -0.003967 -0.002415
v 0.008318 -0.004078 -0.003689
v 0.010218 -0.002719 -0.001994
v 0.011078 -0.001589 -0.001512
v 0.009616 -0.003438 0.000160
v 0.009919 -0.003183 0.001797
v 0.010806 -0.002297 0.001082
v 0.011222 -0.001557 0.000478
v 0.011250 -0.000809 -0.000172
v 0.010797 -0.000896 0.002181
v 0.010523 -0.000288 0.001531
v 0.009974 0.000486 0.002778
v 0.010071 -0.000252 0.003681
v 0.010605 -0.001580 0.003088
v 0.010239 -0.002337 0.003399
v 0.009754 -0.003114 0.003169
v 0.009386 -0.003044 0.004189
v 0.008335 -0.002987 0.004727
v 0.008430 -0.002584 0.005194
v 0.007337 -0.003870 0.003698
v 0.008083 -0.004093 0.003143
v 0.008176 -0.004137 0.001705
v 0.008818 -0.004159 0.000660
v 0.008194 -0.004170 0.001022
v 0.008557 -0.004023 -0.000097
v 0.009329 -0.003666 -0.000012
v 0.009115 -0.004019 -0.001655
v 0.008276 -0.004092 -0.001681
v 0.007702 -0.003776 -0.001249
v 0.007528 -0.003708 -0.000555
v 0.008093 -0.004008 -0.000046
v 0.007213 -0.003431 -0.001346
v 0.009803 -0.003330 -0.002032
v 0.010282 -0.002954 0.000025
v 0.010735 -0.002386 -0.001178
v 0.006739 -0.003021 -0.002078
v 0.006703 -0.002418 -0.001052
v 0.006380 -0.002076 -0.001805
v 0.005832 -0.000145 -0.000698
v 0.005809 -0.000852 -0.001914
v 0.005820 0.000300 -0.002020
v 0.005576 -0.000080 -0.002215
v 0.006591 0.002190 -0.002426
v 0.006309 0.001209 -0.002103
v 0.006974 0.002924 -0.001074
v 0.006568 0.002059 -0.000791
v 0.006476 0.001634 -0.000150
v 0.006123 0.001361 -0.000985
v 0.005813 0.000621 -0.001019
v 0.005788 -0.000816 -0.000045
v 0.005923 -0.001063 -0.000743
v 0.005807 0.000052 0.000266
v 0.006016 0.000860 -0.000479
v 0.005453 0.001285 0.000348
v 0.005963 0.000950 0.000171
v 0.006514 0.001993 0.000601
v 0.005915 0.001462 0.000829
v 0.005566 0.001255 0.001450
v 0.005427 0.001223 0.000837
v 0.005564 0.000636 0.001491
v 0.005486 0.001537 0.002377
v 0.005161 0.001483 0.002812
v 0.004792 0.001024 0.003096
v 0.004488 0.000304 0.003406
v 0.004908 0.000438 0.002529
v 0.004421 -0.001142 0.003079
v 0.005158 -0.002100 0.003111
v 0.005083 -0.001549 0.002537
v 0.005142 -0.000664 0.002360
v 0.005525 -0.001524 0.001469
v 0.005813 -0.001768 0.000369
v 0.005549 -0.002113 0.002547
v 0.006126 -0.001732 -0.000431
v 0.005512 -0.000425 0.001077
v 0.005503 0.000507 0.001048
v 0.005472 0.000730 0.000462
v 0.007084 -0.003101 -0.000077
v 0.007543 -0.003662 0.000768
v 0.006611 -0.002885 0.000737
v 0.006138 -0.002693 0.001765
v 0.006950 -0.003275 0.001650
v 0.006713 -0.003801 0.003168
v 0.006248 -0.003441 0.002755
v 0.005896 -0.002927 0.002593
v 0.005478 -0.002569 0.003387
v 0.007262 -0.004007 0.002556
v 0.006539 -0.003799 0.003604
v 0.006064 -0.003799 0.004363
v 0.006501 -0.003972 0.005069
v 0.005763 -0.004008 0.005239
v 0.006706 -0.003684 0.006052
v 0.007825 -0.003094 0.006070
v 0.008674 -0.001716 0.005525
v 0.008186 -0.002425 0.006147
v 0.008119 -0.001909 0.006404
v 0.006830 -0.001235 0.007084
v 0.006261 -0.001571 0.007604
v 0.007236 -0.002594 0.006835
v 0.006618 -0.003300 0.006862
v 0.006140 -0.003886 0.006377
v 0.005011 -0.004280 0.006017
v 0.004614 -0.004215 0.006817
v 0.004517 -0.003739 0.007559
v 0.003561 -0.004015 0.006509
v 0.002489 -0.004227 0.006818
v 0.002862 -0.003759 0.005953
v 0.002233 -0.004124 0.007572
v 0.001928 -0.003587 0.008499
v 0.003639 -0.004102 0.007306
v 0.003094 -0.003193 0.008490
v 0.002894 -0.002278 0.008834
v 0.001886 -0.002916 0.008910
v 0.002041 -0.001559 0.009094
v 0.002429 -0.000936 0.008876
v 0.003827 -0.001631 0.008738
v 0.003840 -0.000624 0.008521
v 0.003748 0.000287 0.008125
v 0.002939 0.001179 0.008192
v 0.001947 0.001804 0.008561
v -0.000014 0.001660 0.009013
v -0.000724 -0.000362 0.009319
v 0.000058 -0.000995 0.009425
v 0.000272 -0.001808 0.009742
v -0.000583 -0.001426 0.009992
v -0.001304 -0.001397 0.009675
v -0.000371 -0.001858 0.009817
v -0.001507 -0.002959 0.008974
v -0.001776 -0.002406 0.009590
v -0.002606 -0.002307 0.009376
v -0.002013 -0.001992 0.009730
v -0.001892 -0.001478 0.009244
v -0.001870 -0.000962 0.009186
v -0.002643 -0.001537 0.008797
v -0.001543 -0.000236 0.009429
v 0.000297 0.000918 0.009028
v -0.000707 0.002101 0.008786
v -0.001600 0.002439 0.008380
v 0.000060 0.002313 0.008674
v 0.001198 0.002693 0.008200
v 0.001474 0.002191 0.008524
v 0.003707 0.001827 0.007746
v 0.003385 0.002493 0.007589
v 0.006433 0.002017 0.006784
v 0.006839 0.000291 0.006426
v 0.007052 -0.000669 0.006212
v 0.007254 -0.001152 0.006554
v 0.007468 0.000456 0.005907
v 0.007686 -0.000411 0.005895
v 0.007972 -0.000965 0.006104
v 0.008558 -0.000270 0.005443
v 0.008616 0.000594 0.005172
v 0.009643 -0.000640 0.004481
v 0.009531 -0.001943 0.004649
v 0.009113 -0.002540 0.004784
v 0.009100 0.000421 0.004677
v 0.009464 0.000543 0.004015
v 0.009901 0.000639 0.002016
v 0.010079 0.000540 0.001025
v 0.009702 0.001660 0.000580
v 0.009089 0.002856 0.000014
v 0.008887 0.002895 -0.001388
v 0.009696 0.002402 -0.002116
v 0.008868 0.002918 -0.002586
v 0.008622 0.003183 -0.003286
v 0.008690 0.002552 -0.004335
v 0.007992 0.003265 -0.002094
v 0.007267 0.003146 -0.002461
v 0.007043 0.002969 -0.001801
v 0.007392 0.003300 -0.001354
v 0.008150 0.003339 -0.000520
v 0.007941 0.003191 0.000247
v 0.008585 0.003016 0.000513
v 0.009035 0.002563 0.000967
v 0.008926 0.002456 0.002484
v 0.008490 0.002891 0.002169
v 0.007475 0.003542 0.002520
v 0.007477 0.003348 0.001359
v 0.006618 0.002776 0.001555
v 0.007124 0.002991 0.000851
v 0.006597 0.002884 0.002226
v 0.007163 0.002985 -0.000369
v 0.006278 0.002539 0.002952
v 0.006983 0.003437 0.002393
v 0.007776 0.002956 0.004270
v 0.007163 0.003319 0.003407
v 0.008185 0.002245 0.005440
v 0.008650 0.002266 0.004450
v 0.008924 0.001603 0.003795
v 0.009059 0.001573 0.003151
v 0.009327 0.001831 0.002496
v 0.009717 0.001565 0.001445
v 0.008715 0.001557 0.004749
v 0.008048 0.000720 0.005680
v 0.008362 0.001143 0.005231
v 0.007830 0.001671 0.006170
v 0.007100 0.001039 0.006388
v 0.007393 0.002248 0.006100
v 0.007231 0.002849 0.004991
v 0.006388 0.003194 0.005364
v 0.006439 0.002686 0.006417
v 0.005120 0.003235 0.006322
v 0.005002 0.002469 0.007227
v 0.004040 0.003582 0.006025
v 0.005200 0.003482 0.005656
v 0.005533 0.003353 0.005117
v 0.006462 0.003399 0.004606
v 0.006614 0.003268 0.003844
v 0.006144 0.002992 0.003684
v 0.005740 0.003377 0.004339
v 0.004850 0.002443 0.004388
v 0.003668 0.002460 0.004789
v 0.004914 0.003099 0.004877
v 0.002980 0.002122 0.005047
v 0.003196 0.001251 0.004428
v 0.004301 0.001339 0.003901
v 0.005072 0.001966 0.003830
v 0.003852 0.000251 0.003981
v 0.002913 -0.000683 0.004389
v 0.004071 -0.001096 0.003677
v 0.003604 -0.001950 0.004352
v 0.004241 -0.002464 0.004229
v 0.004314 -0.001722 0.003710
v 0.002956 -0.001520 0.004763
v 0.003389 -0.001448 0.004348
v 0.002592 -0.001162 0.004363
v 0.002392 -0.000907 0.004356
v 0.002881 0.000171 0.004336
v 0.001749 -0.000802 0.004742
v 0.001510 -0.001173 0.005127
v 0.001940 -0.000180 0.004634
v 0.001479 0.000399 0.004841
v 0.001986 0.001581 0.004867
v 0.001400 0.001729 0.004930
v 0.001312 0.002014 0.005200
v 0.000698 0.002091 0.005361
v -0.000215 0.002011 0.005149
v 0.001976 0.003362 0.006235
v 0.003143 0.002894 0.005685
v 0.003665 0.003386 0.006734
v 0.002955 0.003409 0.006354
v 0.003967 0.003487 0.005644
v 0.002795 0.002104 0.008154
v 0.002268 0.003324 0.007013
v 0.001946 0.003482 0.006642
v 0.000766 0.003420 0.007219
v -0.000509 0.003299 0.006826
v 0.000752 0.003414 0.006552
v 0.000447 0.003138 0.006123
v -0.000616 0.003040 0.006169
v -0.001477 0.002498 0.005659
v -0.001834 0.003096 0.005881
v -0.001722 0.003387 0.006309
v -0.002637 0.003375 0.005965
v -0.002466 0.003290 0.006612
v -0.001546 0.003444 0.006704
v -0.000311 0.003094 0.007492
v -0.002058 0.003058 0.007519
v -0.002466 0.002317 0.008272
v -0.003327 0.002417 0.007527
v -0.003811 0.002738 0.006972
v -0.004588 0.002844 0.006266
v -0.005925 0.002556 0.004886
v -0.006788 0.002755 0.004315
v -0.005865 0.003676 0.003749
v -0.006377 0.003555 0.003320
v -0.007822 0.002533 0.003286
v -0.006992 0.003663 0.002740
v -0.009173 0.001736 0.001088
v -0.008569 0.002298 0.001445
v -0.007968 0.002944 0.002176
v -0.007874 0.003402 0.000794
v -0.007804 0.003018 -0.000791
v -0.007527 0.003039 -0.002478
v -0.007305 0.002995 -0.003702
v -0.007057 0.002691 -0.005200
v -0.008205 0.001346 -0.005238
v -0.008111 0.000806 -0.006572
v -0.009261 -0.000135 -0.005456
v -0.009369 -0.000224 -0.005151
v -0.007434 0.002026 -0.005188
v -0.007690 0.002020 -0.003722
v -0.008504 0.001273 -0.004348
v -0.009363 0.000702 -0.003850
v -0.008976 0.001307 -0.003345
v -0.008856 0.001466 -0.001896
v -0.009547 0.000994 -0.001966
v -0.010300 -0.000176 -0.000827
v -0.010206 -0.000065 -0.001909
v -0.009772 -0.000850 -0.003865
v -0.009523 -0.001317 -0.002343
v -0.009494 -0.001806 -0.003806
v -0.009563 -0.002507 -0.003537
v -0.009409 -0.002706 -0.004113
v -0.008744 -0.003479 -0.003827
v -0.008824 -0.003035 -0.004879
v -0.007237 -0.003156 -0.005375
v -0.007161 -0.002608 -0.006494
v -0.006794 -0.002405 -0.007638
v -0.006175 -0.002419 -0.008459
v -0.005741 -0.002735 -0.007885
v -0.003586 -0.003161 -0.009336
v -0.003537 -0.001572 -0.010550
v -0.002933 -0.002566 -0.009975
v -0.002680 -0.001895 -0.010424
v -0.002144 -0.000058 -0.011459
v -0.002483 0.000832 -0.010617
v -0.002564 0.001469 -0.009919
v -0.004108 0.000787 -0.010049
v -0.005280 0.000373 -0.009732
v -0.004025 0.001448 -0.009460
v -0.002165 0.002084 -0.009175
v -0.003611 0.002099 -0.008506
v -0.002599 0.002899 -0.008354
v -0.004444 0.002996 -0.007724
v -0.004713 0.001609 -0.008901
v -0.005597 0.001777 -0.007932
v -0.005045 0.002201 -0.007918
v -0.006300 0.002101 -0.007158
v -0.005546 0.003293 -0.006448
v -0.004786 0.003404 -0.006314
v -0.004642 0.002898 -0.005471
v -0.005249 0.003339 -0.005765
v -0.005222 0.002846 -0.004809
v -0.004535 0.002055 -0.004561
v -0.003582 0.001371 -0.004937
v -0.002780 0.000294 -0.005140
v -0.003107 0.001489 -0.005461
v -0.002499 0.001767 -0.005959
v -0.001035 0.000917 -0.005935
v -0.000321 0.001711 -0.006278
v 0.001242 0.001445 -0.006151
v 0.000478 0.000372 -0.006199
v 0.001214 0.000460 -0.005918
v 0.003107 -0.001313 -0.005335
v 0.004110 -0.002215 -0.005276
v 0.003984 -0.002799 -0.005789
v 0.004072 -0.003593 -0.006308
v 0.005155 -0.003273 -0.005117
v 0.005162 -0.003807 -0.005533
v 0.006042 -0.003716 -0.004443
v 0.005723 -0.003080 -0.004173
v 0.005298 -0.002646 -0.004435
v 0.004850 -0.001390 -0.004513
v 0.004365 -0.001455 -0.004802
v 0.005640 -0.001624 -0.003749
v 0.005074 -0.000692 -0.003617
v 0.003901 -0.000422 -0.005045
v 0.003036 -0.000089 -0.005104
v 0.002438 0.000879 -0.005815
v 0.002678 0.000429 -0.005308
v 0.003324 0.001357 -0.005422
v 0.002002 0.001652 -0.006041
v -0.000997 0.002339 -0.006727
v -0.001239 0.003354 -0.008133
v -0.000517 0.003327 -0.008926
v -0.000709 0.001825 -0.009599
v -0.001366 0.002038 -0.009278
v -0.001804 0.003012 -0.008683
v -0.001322 0.003371 -0.008513
v -0.001928 0.003338 -0.007479
v -0.002662 0.003510 -0.007317
v -0.002642 0.003527 -0.007834
v -0.002173 0.003357 -0.008078
v -0.003730 0.003491 -0.006997
v -0.003278 0.003243 -0.006918
v -0.002528 0.002612 -0.006665
v -0.001093 0.001680 -0.006252
v -0.003617 0.002327 -0.005377
v -0.001177 0.003144 -0.007581
v -0.004363 0.003368 -0.007204
v 0.001020 0.002337 -0.006689
v 0.002151 -0.000554 -0.005791
v 0.001707 -0.000181 -0.005986
v -0.000229 0.000157 -0.005970
v -0.000692 -0.000452 -0.005978
v -0.001343 0.000212 -0.005869
v -0.004122 0.001171 -0.004588
v -0.004952 0.001886 -0.003852
v -0.004666 0.000890 -0.003401
v -0.004363 -0.000724 -0.002761
v -0.004286 -0.001720 -0.003156
v -0.003965 -0.001458 -0.003037
v -0.004697 -0.001947 -0.003508
v -0.004661 -0.002240 -0.004129
v -0.004579 -0.002846 -0.004324
v -0.003922 -0.001979 -0.003136
v -0.003930 -0.001864 -0.003546
v -0.003487 -0.001919 -0.003547
v -0.004733 -0.000329 -0.002221
v -0.004618 0.000072 -0.002679
v -0.004969 0.000024 -0.001208
v -0.005496 0.000837 -0.001156
v -0.005420 0.001124 0.000012
v -0.005318 0.000946 0.000602
v -0.005740 0.002160 0.000681
v -0.005570 0.002333 0.001551
v -0.004638 -0.000040 0.000515
v -0.004858 -0.000107 -0.000570
v -0.004769 -0.000809 0.000032
v -0.005177 -0.000984 -0.000448
v -0.005111 -0.001354 -0.001206
v -0.004702 -0.000707 -0.001088
v -0.004669 -0.001321 -0.001128
v -0.004704 -0.001053 -0.001617
v -0.004837 -0.000861 -0.002203
v -0.005887 -0.002818 -0.001300
v -0.005532 -0.001680 -0.000749
v -0.005354 -0.001727 -0.000133
v -0.005038 -0.001255 0.000505
v -0.004326 -0.001234 0.001584
v -0.004540 -0.000361 0.000848
v -0.004039 -0.000142 0.002055
v -0.004338 -0.001900 0.002287
v -0.004964 -0.003035 0.002166
v -0.005321 -0.003650 0.002644
v -0.005507 -0.002369 0.000492
v -0.006866 -0.004302 0.000901
v -0.007479 -0.004334 0.000371
v -0.007581 -0.004291 0.001101
v -0.006991 -0.004142 0.001585
v -0.006444 -0.004100 0.003657
v -0.006958 -0.003796 0.004004
v -0.007015 -0.004046 0.003179
v -0.007400 -0.003354 0.003617
v -0.007108 -0.002996 0.004452
v -0.006343 -0.003814 0.004649
v -0.005831 -0.004205 0.004440
v -0.005377 -0.004278 0.004581
v -0.004768 -0.003842 0.004113
v -0.004832 -0.003331 0.003427
v -0.004177 -0.003210 0.004229
v -0.005367 -0.004240 0.005203
v -0.004605 -0.004206 0.005233
v -0.003921 -0.003723 0.005161
v -0.003540 -0.003439 0.004940
v -0.002993 -0.002543 0.004729
v -0.003337 -0.002302 0.004382
v -0.000934 -0.001503 0.004702
v -0.001893 -0.001887 0.004737
v -0.000959 -0.002523 0.005351
v -0.002071 -0.002762 0.005065
v -0.001413 -0.003223 0.005889
v -0.000580 -0.003173 0.005983
v 0.001468 -0.003700 0.006563
v 0.000973 -0.003076 0.005890
v 0.001510 -0.002536 0.005540
v 0.002180 -0.001531 0.005288
v 0.002913 -0.002419 0.005085
v 0.003987 -0.002660 0.004450
v 0.005108 -0.003471 0.004589
v 0.004956 -0.003962 0.005288
v 0.004413 -0.003897 0.005626
v 0.003494 -0.003794 0.005910
v 0.004210 -0.004251 0.006612
v 0.002097 -0.002895 0.005719
v 0.001250 -0.004014 0.007113
v 0.000230 -0.003987 0.006702
v -0.000522 -0.003871 0.007311
v -0.001145 -0.003777 0.006700
v -0.001856 -0.004125 0.007163
v -0.002829 -0.003868 0.005844
v -0.002488 -0.004195 0.006719
v -0.004812 -0.003704 0.006720
v -0.004506 -0.004233 0.006010
v -0.005244 -0.003492 0.007165
v -0.004809 -0.003145 0.007863
v -0.004186 -0.003165 0.007950
v -0.004741 -0.002279 0.008022
v -0.003928 -0.002684 0.008388
v -0.003505 -0.000843 0.008931
v -0.003193 -0.000306 0.009082
v -0.003327 0.000440 0.008672
v -0.004435 0.000290 0.007692
v -0.005661 -0.000794 0.007693
v -0.005665 0.000047 0.007373
v -0.005374 -0.001716 0.007449
v -0.006315 -0.001365 0.007154
v -0.004925 -0.000787 0.008107
v -0.004246 -0.000593 0.008573
v -0.005958 -0.002465 0.007051
v -0.006245 -0.002918 0.006746
v -0.007138 -0.002743 0.005878
v -0.006170 -0.003406 0.006378
v -0.005954 -0.003525 0.005611
v -0.005307 -0.003851 0.006046
v -0.006601 -0.003259 0.005350
v -0.007864 -0.002798 0.005140
v -0.008362 -0.002084 0.005376
v -0.009082 -0.002117 0.004464
v -0.008617 -0.002864 0.004568
v -0.007890 -0.002724 0.004240
v -0.007786 -0.002664 0.003527
v -0.007966 -0.003819 0.002465
v -0.008415 -0.003079 0.001631
v -0.008099 -0.003847 0.001267
v -0.009330 -0.003060 0.000535
v -0.009393 -0.002867 0.001392
v -0.008453 -0.002851 0.002101
v -0.008403 -0.002696 0.002764
v -0.008291 -0.002399 0.003238
v -0.008805 -0.002149 0.002744
v -0.009726 -0.002082 0.002349
v -0.010157 -0.000899 0.001483
v -0.010139 -0.000238 0.001716
v -0.009673 0.001166 0.001401
v -0.009021 0.001238 0.002373
v -0.007937 0.000759 0.004295
v -0.008717 0.001372 0.002726
v -0.007926 0.001886 0.003597
v -0.007616 0.001490 0.004108
v -0.005823 0.002158 0.005507
v -0.005674 0.001531 0.006014
v -0.006443 0.001368 0.005329
v -0.008536 0.000351 0.003716
v -0.008940 -0.000181 0.003215
v -0.009025 -0.001037 0.003260
v -0.009542 -0.000786 0.002714
v -0.009520 -0.001561 0.003569
v -0.009533 -0.001906 0.003403
v -0.008931 -0.002302 0.003883
v -0.010017 -0.001512 0.002167
v -0.009648 -0.001205 0.002765
v -0.009783 0.000305 0.002285
v -0.008833 -0.001434 0.004694
v -0.008402 -0.001435 0.005507
v -0.007112 -0.001102 0.006585
v -0.005934 0.000901 0.006629
v -0.004592 0.001913 0.006738
v -0.003131 0.001211 0.008565
v -0.004114 0.001119 0.007547
v -0.004892 0.001201 0.006979
v -0.002247 0.001367 0.008967
v -0.001635 0.001377 0.009182
v -0.000768 0.000412 0.009371
v -0.002125 0.000259 0.009220
v -0.006837 -0.000044 0.006482
v -0.008283 -0.000142 0.004861
v -0.008912 0.001726 0.000271
v -0.008737 0.001888 -0.000633
v -0.008126 0.002340 -0.001195
v -0.009420 0.001492 -0.000909
v -0.009955 0.000936 -0.000684
v -0.009881 -0.000843 -0.000233
v -0.009870 -0.001526 0.000080
v -0.009800 -0.002469 -0.000619
v -0.009570 -0.001965 -0.001094
v -0.009670 -0.002870 -0.000077
v -0.009135 -0.003574 -0.000500
v -0.009325 -0.003561 -0.001783
v -0.009432 -0.003014 -0.002280
v -0.008082 -0.003787 -0.002491
v -0.008616 -0.003729 -0.002328
v -0.006418 -0.003753 -0.001627
v -0.005777 -0.003142 -0.001985
v -0.006237 -0.004017 -0.002729
v -0.007715 -0.004060 -0.003389
v -0.008055 -0.003792 -0.003437
v -0.007850 -0.003232 -0.004854
v -0.007100 -0.003838 -0.004825
v -0.006474 -0.003520 -0.005952
v -0.005981 -0.003823 -0.006148
v -0.005274 -0.003086 -0.007274
v -0.006061 -0.003217 -0.007023
v -0.005514 -0.004268 -0.005529
v -0.006973 -0.004227 -0.003588
v -0.007430 -0.004115 -0.002309
v -0.006872 -0.004060 -0.000527
v -0.006241 -0.003450 -0.000639
v -0.007761 -0.004223 -0.000589
v -0.008434 -0.003824 -0.000195
v -0.009936 -0.002101 0.002030
v -0.010011 -0.002126 0.001211
v -0.010306 -0.000139 0.000502
v -0.010132 0.000573 0.001061
v -0.008354 -0.003530 0.000558
v -0.009372 -0.003238 -0.002983
v -0.009208 -0.002099 -0.002514
v -0.010090 -0.000878 -0.001521
v -0.009593 -0.002724 -0.001635
v -0.009618 -0.003195 -0.001621
v -0.008218 0.001850 -0.002530
v -0.007741 0.002300 -0.002725
v -0.008328 0.002861 0.000047
v -0.003378 -0.001561 0.008677
v -0.002635 -0.002017 0.009165
v -0.002701 -0.003185 0.008896
v -0.002869 -0.002653 0.009296
v -0.003582 -0.003164 0.008361
v -0.002499 -0.003454 0.008118
v -0.002654 -0.004086 0.007336
v -0.003592 -0.003820 0.007119
v -0.003895 -0.004134 0.006533
v -0.001917 -0.003736 0.008040
v -0.001339 -0.003967 0.007822
v -0.001229 -0.003563 0.008638
v 0.000762 -0.003580 0.008745
v 0.000873 -0.002796 0.009444
v 0.000465 -0.002405 0.009644
v 0.000857 -0.004065 0.007951
v 0.000169 -0.004097 0.007815
v -0.000607 -0.003756 0.008461
v 0.000783 -0.001530 0.009363
v 0.001119 0.000144 0.008903
v 0.001852 0.000067 0.008817
v 0.002584 -0.000037 0.008550
v 0.000325 -0.000268 0.009230
v 0.003328 -0.003467 0.005408
v 0.005695 -0.003234 0.003896
v 0.000388 -0.001147 0.005056
v 0.000008 -0.003400 0.006122
v 0.000386 -0.002119 0.005571
v -0.000350 -0.001934 0.004992
v 0.000694 0.000408 0.004701
v -0.000331 0.000194 0.004761
v -0.000442 0.000781 0.004725
v -0.000828 0.000465 0.004381
v -0.001170 0.000061 0.004317
v 0.000118 -0.000409 0.004695
v -0.000917 -0.000643 0.004518
v -0.002017 -0.001351 0.004431
v -0.001852 -0.000454 0.003927
v -0.002303 -0.000414 0.003684
v -0.003000 -0.000727 0.003529
v -0.002314 0.000560 0.003901
v -0.002404 0.000142 0.003649
v -0.003428 0.000422 0.003032
v -0.003847 0.000602 0.002737
v -0.004278 0.000521 0.002043
v -0.004900 0.001252 0.001951
v -0.005161 0.002396 0.002080
v -0.004160 0.001550 0.003124
v -0.003330 0.001924 0.004019
v -0.003517 0.002408 0.004397
v -0.001633 0.001279 0.004388
v -0.001094 0.001766 0.005108
v 0.000849 0.001312 0.004885
v -0.001134 0.002202 0.005528
v -0.002215 0.001506 0.004433
v -0.002805 0.003178 0.005583
v -0.003487 0.003655 0.005781
v -0.003946 0.003363 0.005028
v -0.002380 0.002438 0.005290
v -0.004272 0.003531 0.005299
v -0.004431 0.003334 0.005712
v -0.005069 0.003336 0.005265
v -0.005186 0.003527 0.004297
v -0.004567 0.003399 0.004402
v -0.004865 0.003194 0.003847
v -0.004870 0.002717 0.002880
v -0.006444 0.003173 0.001462
v -0.006883 0.003822 0.001393
v -0.006756 0.003290 0.000079
v -0.006942 0.003454 -0.000481
v -0.006687 0.003301 -0.000545
v -0.006468 0.002675 -0.001694
v -0.005312 0.001311 -0.002523
v -0.005626 0.001723 -0.002027
v -0.006183 0.001940 -0.001270
v -0.006075 0.001797 -0.000513
v -0.006194 0.002423 0.000187
v -0.005903 0.003482 -0.005411
v -0.006519 0.003511 -0.004153
v -0.006323 0.003321 -0.005377
v -0.006064 0.002841 -0.006560
v -0.007029 0.001763 -0.006870
v -0.006027 0.001020 -0.008773
v -0.006533 -0.000060 -0.009004
v -0.006226 -0.000810 -0.009307
v -0.007653 0.000044 -0.007805
v -0.006952 0.000847 -0.008004
v -0.007521 0.001088 -0.007365
v -0.008075 -0.000194 -0.007216
v -0.007905 -0.001265 -0.007826
v -0.007030 -0.001731 -0.008283
v -0.007699 -0.002116 -0.007321
v -0.008098 -0.002471 -0.006355
v -0.008382 -0.001945 -0.006773
v -0.007834 -0.000837 -0.007929
v -0.008735 0.000125 -0.006240
v -0.008705 -0.000550 -0.006353
v -0.008814 -0.001244 -0.005298
v -0.008945 -0.001973 -0.006033
v -0.009080 -0.002366 -0.005948
v -0.008895 -0.002754 -0.005816
v -0.009282 -0.001467 -0.004843
v -0.008608 -0.001645 -0.006515
v -0.005204 -0.002428 -0.008945
v -0.006337 -0.001657 -0.008984
v -0.007066 0.003455 -0.003676
v -0.006556 0.003380 -0.003343
v -0.006892 0.003351 -0.002628
v -0.006896 0.003183 -0.002146
v -0.007391 0.003402 -0.000306
v -0.007385 0.003781 0.001214
v -0.006573 0.003718 0.002427
v -0.006086 0.003536 0.002688
v -0.005863 0.002349 -0.002688
v -0.005843 0.003329 -0.004310
v -0.005521 0.002631 -0.003641
v -0.005452 0.002028 -0.003281
v -0.004319 0.002341 0.003621
v -0.005516 0.003356 0.004484
v -0.003509 0.003351 0.006556
v -0.002900 0.003076 0.007048
v -0.004342 -0.001128 0.002495
v -0.003769 -0.000392 0.002711
v -0.003585 -0.000871 0.003190
v -0.004022 -0.001547 0.002904
v -0.004440 -0.002595 0.003155
v -0.003541 -0.001263 0.003840
v -0.003270 -0.001252 0.004299
v -0.005342 -0.003816 0.003701
v -0.006416 -0.003945 0.002506
v -0.006291 -0.003713 0.001629
v -0.006062 -0.003716 0.000478
v -0.005762 -0.003250 0.001453
v -0.004963 -0.001967 0.001337
v 0.000166 0.002811 0.008093
v 0.001925 0.002400 0.005277
v 0.008323 0.002746 0.003648
v 0.009415 0.002300 -0.000516
v 0.006490 -0.000382 0.006899
v 0.005552 -0.000173 0.007231
v 0.005038 0.001607 0.007496
v 0.004082 0.000407 0.007871
v 0.005953 -0.003193 0.007421
v 0.005581 -0.003371 0.007266
v 0.004972 -0.003134 0.007958
v 0.003992 -0.003134 0.008361
v 0.004490 -0.002322 0.008506
v 0.005185 -0.001261 0.008090
v 0.009305 -0.003924 0.000766
v 0.008551 -0.004040 0.002465
v 0.007838 -0.003794 0.003875
v 0.007386 -0.003878 0.004833
v 0.008108 -0.003290 0.004797
v 0.008590 -0.003594 0.003651
v 0.009310 -0.003491 0.003091
v 0.009366 -0.003544 -0.003018
v 0.008860 -0.003609 -0.004000
v 0.005520 0.002949 -0.005262
v 0.005068 0.003639 -0.006192
v 0.003674 0.002796 -0.006328
v 0.002900 0.002885 -0.006743
v 0.002376 0.003161 -0.007385
v 0.002674 0.003373 -0.008692
v 0.003748 0.003646 -0.007846
v 0.001485 0.002916 -0.009259
v 0.001701 0.003369 -0.008618
v 0.002025 0.003330 -0.008107
v 0.000132 0.003651 -0.008534
v 0.001548 0.001835 -0.009993
v 0.000842 0.001481 -0.010869
v 0.000937 -0.001776 -0.010955
v 0.001338 -0.001719 -0.011172
v 0.002328 -0.001646 -0.010831
v 0.003180 -0.000095 -0.011404
v 0.002094 -0.004035 -0.008185
v -0.000035 -0.002527 -0.006585
v -0.000642 -0.002119 -0.006232
v -0.002461 -0.003859 -0.007032
v -0.002209 -0.001659 -0.005805
v -0.003099 -0.001148 -0.005502
v -0.003560 -0.001364 -0.004512
v 0.004637 -0.001608 -0.010315
v 0.006100 -0.003139 -0.008050
v 0.006773 -0.002969 -0.007536
v 0.007446 -0.002992 -0.007025
v 0.010797 0.000092 -0.001012
v 0.010471 0.000686 -0.004194
v 0.008184 0.002301 -0.004980
v 0.007491 0.003768 -0.004421
v 0.007173 0.003764 -0.003961
v 0.006842 0.003809 -0.004476
v 0.006930 0.003786 -0.005402
v 0.003684 -0.003638 -0.009052
vn 0.6790 -0.6315 0.3745
vn 0.3836 -0.8975 0.2175
vn 0.1326 -0.9897 0.0537
vn 0.7230 -0.6528 0.2262
vn 0.5533 -0.7857 0.2764
vn -0.1301 -0.9908 0.0379
vn -0.4359 -0.8322 -0.3427
vn 0.3155 -0.9025 0.2933
vn 0.7861 -0.4749 0.3958
vn 0.8616 -0.4071 0.3033
vn 0.8973 -0.3922 0.2027
vn 0.9018 -0.3064 0.3046
vn 0.9116 -0.2369 0.3359
vn 0.7184 -0.4340 0.5436
vn 0.4247 -0.8170 0.3899
vn 0.7272 -0.4108 0.5499
vn -0.0359 -0.9961 -0.0807
vn -0.0609 -0.9950 -0.0796
vn -0.3756 -0.8121 -0.4465
vn -0.0182 -0.9994 -0.0302
vn -0.5100 -0.6384 -0.5765
vn -0.5937 -0.5001 -0.6304
vn -0.4734 -0.7958 -0.3776
vn -0.3126 -0.8215 -0.4769
vn -0.1597 -0.7923 -0.5889
vn -0.1791 -0.7737 -0.6077
vn -0.1946 -0.7173 -0.6691
vn -0.2229 -0.7926 -0.5676
vn -0.1052 -0.5883 -0.8018
vn -0.2340 -0.4704 -0.8509
vn -0.1088 -0.3572 -0.9277
vn -0.2320 -0.8033 -0.5485
vn -0.3705 -0.5503 -0.7483
vn -0.1881 -0.7551 -0.6281
vn -0.0621 -0.8510 -0.5214
vn -0.0350 -0.9231 -0.3829
vn -0.2428 -0.8990 -0.3645
vn 0.0431 -0.9859 0.1618
vn -0.0357 -0.9547 0.2956
vn 0.2214 -0.6501 0.7268
vn -0.0368 -0.9438 0.3285
vn 0.1267 -0.8416 0.5251
vn 0.0982 -0.6297 0.7706
vn 0.2621 -0.4879 0.8326
vn 0.1923 -0.7101 0.6773
vn -0.2449 -0.9334 -0.2621
vn -0.2154 -0.9549 -0.2042
vn 0.1947 -0.9222 0.3341
vn 0.4880 -0.6895 0.5352
vn 0.5162 -0.3701 0.7724
vn 0.0930 -0.4206 0.9025
vn 0.0604 -0.3361 0.9399
vn 0.1402 -0.5388 0.8307
vn 0.7961 -0.3384 0.5017
vn 0.7960 -0.3032 0.5239
vn 0.6541 -0.4405 0.6148
vn 0.7600 -0.3788 0.5281
vn 0.5753 -0.8021 0.1602
vn 0.8479 -0.4950 0.1902
vn 0.7427 -0.6517 -0.1536
vn 0.1640 -0.8920 -0.4211
vn -0.2858 -0.9489 -0.1337
vn 0.7714 -0.5648 0.2933
vn 0.9569 0.0757 0.2803
vn 0.7054 0.2232 0.6727
vn 0.4592 -0.1755 0.8708
vn 0.7748 0.3820 0.5038
vn 0.6888 0.1227 0.7145
vn 0.7583 0.1926 0.6228
vn 0.6270 -0.2662 0.7322
vn 0.5354 0.2941 0.7918
vn 0.3626 -0.1062 0.9259
vn 0.3320 -0.1316 0.9341
vn 0.3112 0.0010 0.9504
vn 0.3274 -0.1513 0.9327
vn -0.0386 -0.1200 0.9920
vn -0.2883 -0.1624 0.9437
vn -0.1110 -0.0840 0.9903
vn -0.1738 -0.4842 0.8575
vn -0.2376 -0.4621 0.8544
vn -0.1542 -0.7016 0.6957
vn -0.3878 -0.1595 0.9078
vn -0.3210 -0.5115 0.7970
vn -0.3748 -0.2324 0.8975
vn -0.4199 -0.4639 0.7800
vn -0.4108 -0.5615 0.7183
vn -0.3278 -0.7342 0.5945
vn -0.2026 -0.6929 0.6919
vn -0.0899 -0.8919 0.4432
vn -0.2125 -0.9292 0.3024
vn -0.3069 -0.9239 0.2284
vn -0.0590 -0.9921 -0.1107
vn -0.0763 -0.9888 -0.1279
vn -0.4610 -0.6708 0.5810
vn -0.1457 -0.9789 0.1433
vn 0.3021 -0.8645 -0.4016
vn 0.2314 -0.8954 -0.3803
vn 0.3678 -0.8130 -0.4515
vn 0.2898 -0.6698 -0.6837
vn 0.0899 -0.8745 -0.4765
vn 0.2126 -0.8224 -0.5277
vn 0.0606 -0.9164 -0.3956
vn 0.0571 -0.5014 -0.8633
vn 0.4605 -0.4263 -0.7786
vn 0.3346 -0.6235 -0.7066
vn 0.4410 -0.5617 -0.7000
vn 0.5086 -0.4981 -0.7023
vn 0.5586 -0.6683 -0.4913
vn 0.4707 -0.7161 -0.5154
vn 0.4509 -0.7264 -0.5187
vn 0.4639 -0.7748 -0.4295
vn 0.0603 -0.9979 0.0234
vn -0.1993 -0.9588 0.2023
vn 0.2854 -0.9584 0.0029
vn -0.3122 -0.9274 0.2062
vn 0.6608 -0.7290 -0.1788
vn 0.3641 -0.8791 -0.3075
vn 0.6182 -0.7534 -0.2240
vn 0.7113 -0.4641 -0.5279
vn 0.8952 -0.3655 -0.2549
vn 0.8744 -0.4679 -0.1282
vn 0.8040 -0.4360 -0.4043
vn 0.8180 -0.5129 -0.2602
vn 0.7004 -0.6832 -0.2068
vn 0.7268 -0.6787 -0.1058
vn 0.8580 -0.3335 -0.3906
vn 0.9478 -0.2514 -0.1960
vn 0.9611 0.0111 -0.2759
vn 0.9630 0.2515 0.0963
vn 0.9403 0.3203 -0.1148
vn 0.9797 -0.1841 0.0795
vn 0.7794 0.6045 0.1645
vn 0.8599 0.5050 0.0746
vn 0.8367 0.5197 0.1727
vn 0.8682 0.4853 0.1037
vn 0.9043 0.4254 0.0353
vn 0.8486 0.4861 0.2087
vn 0.7707 0.5951 0.2278
vn 0.7151 0.6955 -0.0701
vn 0.9007 0.4289 -0.0691
vn 0.7845 0.6081 -0.1217
vn 0.5311 0.8467 0.0322
vn 0.7569 0.5711 -0.3179
vn 0.8614 0.4634 -0.2080
vn 0.5783 0.6302 -0.5181
vn 0.5296 0.6240 -0.5746
vn 0.6465 0.5091 -0.5681
vn 0.7216 0.5817 -0.3754
vn 0.3995 0.9161 0.0339
vn 0.4390 0.8965 -0.0600
vn -0.0329 0.9410 0.3368
vn 0.1415 0.9899 -0.0119
vn -0.5745 0.7498 0.3282
vn -0.4792 0.8775 -0.0154
vn -0.6790 0.5654 0.4682
vn -0.8369 0.4455 0.3181
vn -0.6813 0.5191 0.5161
vn -0.7680 0.3800 0.5156
vn -0.8112 0.3594 0.4613
vn -0.8819 0.4420 0.1638
vn -0.8798 0.1640 0.4462
vn -0.6506 0.4326 0.6242
vn -0.8056 0.2602 0.5322
vn -0.5779 0.6137 0.5380
vn -0.6627 0.3452 0.6646
vn -0.6042 0.6365 0.4794
vn -0.4970 0.7945 0.3488
vn -0.5468 0.7308 0.4086
vn -0.3895 0.9210 -0.0106
vn -0.0623 0.9977 -0.0275
vn 0.3237 0.8373 -0.4407
vn 0.2011 0.8856 -0.4187
vn 0.6021 0.4825 -0.6362
vn -0.2431 0.9144 0.3238
vn 0.6195 0.4640 -0.6332
vn 0.6282 0.2927 -0.7209
vn 0.6788 0.5037 -0.5343
vn 0.6987 0.4257 -0.5750
vn 0.6025 0.6238 -0.4979
vn 0.6109 0.5662 -0.5534
vn 0.7675 0.4350 -0.4708
vn 0.7481 0.3786 -0.5450
vn 0.9027 -0.0598 -0.4262
vn 0.7096 0.0126 -0.7045
vn 0.5521 -0.4494 -0.7023
vn 0.6878 0.0314 -0.7252
vn 0.7617 -0.2968 -0.5759
vn 0.7934 -0.5865 -0.1627
vn 0.7775 -0.3828 -0.4989
vn 0.8365 -0.2622 -0.4812
vn 0.7404 -0.1845 -0.6463
vn 0.5204 -0.3283 -0.7883
vn 0.7429 -0.3058 -0.5955
vn 0.8767 -0.2609 -0.4041
vn 0.9109 -0.0056 -0.4126
vn 0.9805 0.0165 -0.1957
vn 0.8515 0.3980 -0.3414
vn 0.5652 0.5717 -0.5947
vn 0.9359 0.3495 -0.0432
vn 0.8463 -0.3292 -0.4189
vn 0.8771 -0.3288 -0.3502
vn 0.8943 -0.2829 -0.3468
vn 0.5472 -0.6686 -0.5035
vn 0.6214 -0.4772 -0.6214
vn 0.6271 -0.4687 -0.6221
vn 0.6449 -0.2014 -0.7372
vn 0.4568 -0.1451 -0.8776
vn 0.5166 0.2625 -0.8150
vn 0.5949 0.2573 -0.7615
vn 0.3178 0.7705 -0.5526
vn 0.6130 0.5776 -0.5391
vn 0.5080 0.5394 -0.6716
vn 0.6018 0.5619 -0.5676
vn 0.5080 0.6145 -0.6035
vn 0.5357 0.6273 -0.5652
vn 0.5031 0.4323 -0.7483
vn 0.4872 0.6048 -0.6300
vn 0.4621 0.6469 -0.6066
vn 0.4296 0.3159 -0.8459
vn 0.5685 0.5635 -0.5993
vn 0.6544 0.3701 -0.6594
vn 0.6276 0.3769 -0.6812
vn 0.6777 0.3931 -0.6215
vn 0.2958 0.5601 -0.7738
vn 0.5071 0.4447 -0.7383
vn 0.4466 0.7343 -0.5113
vn 0.0554 0.9824 -0.1784
vn -0.2563 0.9661 0.0313
vn -0.3960 0.6930 0.6025
vn -0.2754 0.9035 0.3285
vn 0.0324 0.9938 -0.1067
vn 0.3739 0.7442 -0.5535
vn 0.1258 0.5352 -0.8353
vn 0.3548 0.5656 -0.7445
vn 0.4943 0.5229 -0.6945
vn 0.2543 -0.6325 -0.7316
vn -0.1681 -0.7074 -0.6866
vn 0.0581 -0.6226 -0.7804
vn -0.0739 -0.3581 -0.9308
vn 0.1343 -0.6963 -0.7051
vn 0.0733 -0.9973 -0.0055
vn -0.1472 -0.6524 0.7434
vn 0.0196 -0.9707 -0.2394
vn 0.0588 -0.7935 -0.6057
vn 0.1190 -0.7356 -0.6669
vn 0.2236 -0.4539 -0.8625
vn 0.0562 -0.7518 -0.6570
vn 0.4368 0.3272 -0.8380
vn 0.0691 0.7857 -0.6147
vn 0.5287 0.5547 -0.6425
vn 0.2594 0.8296 -0.4944
vn 0.3279 0.5881 -0.7393
vn 0.5402 -0.3601 -0.7606
vn 0.3999 -0.7424 -0.5375
vn 0.0861 -0.8410 -0.5341
vn 0.0867 -0.8238 -0.5602
vn -0.0230 -0.8595 -0.5106
vn 0.1239 -0.8628 -0.4901
vn 0.1016 -0.8192 -0.5645
vn 0.1343 -0.9307 -0.3402
vn 0.5375 0.6132 -0.5788
vn -0.1291 -0.8624 -0.4894
vn -0.1539 -0.8785 -0.4522
vn 0.3235 -0.5942 -0.7364
vn 0.2875 -0.6272 -0.7238
vn -0.1128 -0.6106 -0.7839
vn 0.3610 -0.6231 -0.6939
vn -0.2658 -0.8329 -0.4854
vn -0.5093 -0.2196 -0.8321
vn -0.3997 -0.4595 -0.7932
vn 0.0406 -0.6539 -0.7555
vn -0.5387 -0.5360 -0.6500
vn -0.5203 0.5003 -0.6921
vn -0.5895 0.3973 -0.7033
vn -0.2627 0.8174 -0.5127
vn -0.2666 0.6426 -0.7183
vn -0.1422 0.8644 -0.4822
vn 0.0455 0.8017 -0.5959
vn 0.1486 0.7521 -0.6421
vn 0.3181 0.6651 -0.6757
vn -0.0151 0.7090 -0.7050
vn -0.0874 0.8493 -0.5206
vn -0.0274 0.6550 -0.7551
vn -0.1762 0.8011 -0.5721
vn -0.1987 0.8054 -0.5585
vn -0.1857 0.7570 -0.6264
vn -0.1479 0.6403 -0.7538
vn -0.2073 0.6979 -0.6856
vn -0.0233 0.7458 -0.6658
vn -0.0226 0.9968 -0.0764
vn -0.2613 0.9162 -0.3037
vn -0.1602 0.9619 0.2216
vn -0.0505 0.8465 0.5299
vn 0.0017 0.8689 0.4950
vn 0.0081 0.7772 0.6292
vn -0.0723 0.6075 0.7910
vn -0.1326 0.6749 0.7259
vn -0.1598 0.2851 0.9451
vn -0.1721 0.3362 0.9259
vn -0.3282 0.4900 0.8076
vn -0.2765 0.7355 0.6186
vn -0.4151 0.5701 0.7090
vn -0.4415 0.4327 0.7861
vn -0.4182 0.1400 0.8975
vn -0.7194 0.0027 0.6946
vn -0.4146 -0.0660 0.9076
vn -0.8130 -0.2273 0.5361
vn -0.8858 -0.2959 0.3575
vn -0.9104 -0.1991 0.3626
vn -0.8327 0.0985 0.5449
vn -0.8167 -0.4326 0.3818
vn -0.7927 -0.3320 0.5113
vn -0.8740 -0.4363 0.2141
vn -0.8837 -0.4563 0.1039
vn -0.8445 -0.5081 0.1691
vn -0.6910 -0.7095 0.1382
vn -0.7001 -0.5381 0.4694
vn -0.3328 -0.9392 0.0844
vn 0.2201 -0.9654 -0.1399
vn -0.1124 -0.9936 0.0113
vn 0.4484 -0.8935 0.0253
vn 0.8322 -0.5313 -0.1585
vn 0.6497 -0.7591 -0.0418
vn 0.4543 -0.7509 0.4793
vn 0.6583 -0.7478 -0.0866
vn 0.6610 -0.7287 0.1792
vn 0.8618 -0.3848 0.3304
vn 0.7195 -0.6545 0.2323
vn 0.9216 -0.0570 0.3839
vn 0.9458 0.2694 0.1812
vn 0.8435 0.4940 0.2110
vn 0.8471 0.3566 0.3939
vn 0.7542 0.1400 0.6416
vn 0.7323 -0.1720 0.6589
vn 0.5294 -0.6594 0.5338
vn 0.5062 -0.8308 0.2314
vn 0.5314 -0.4579 0.7127
vn 0.5843 -0.6354 0.5048
vn 0.6678 -0.5392 0.5131
vn 0.6698 -0.6478 0.3629
vn 0.3119 -0.9372 0.1559
vn 0.6531 -0.5655 0.5037
vn 0.4104 -0.8417 0.3508
vn 0.0636 -0.9937 0.0922
vn -0.0117 -0.9989 0.0449
vn -0.3703 -0.9206 -0.1243
vn 0.2269 -0.9599 0.1644
vn -0.4542 -0.8852 -0.1001
vn 0.1760 -0.9590 0.2221
vn -0.3859 -0.9043 -0.1827
vn -0.1548 -0.9879 -0.0111
vn 0.3441 -0.9248 0.1621
vn 0.2510 -0.9582 -0.1373
vn -0.3058 -0.9521 -0.0009
vn 0.1504 -0.9854 -0.0798
vn 0.5914 -0.7978 -0.1175
vn -0.3116 -0.9501 -0.0140
vn -0.6643 -0.7458 0.0504
vn -0.5038 -0.8604 0.0767
vn -0.7382 -0.6727 -0.0505
vn -0.7618 -0.6434 0.0752
vn -0.8319 -0.5533 0.0425
vn -0.9466 -0.2494 0.2046
vn -0.9604 -0.2743 -0.0487
vn -0.9992 0.0385 0.0050
vn -0.9114 0.3101 0.2705
vn -0.9102 0.4111 0.0496
vn -0.7596 0.6443 0.0881
vn -0.8712 0.4409 0.2157
vn -0.8735 0.4863 0.0225
vn -0.6407 0.7607 0.1040
vn -0.9797 0.1849 0.0775
vn -0.9460 0.3241 0.0025
vn -0.9779 0.0118 -0.2086
vn -0.9778 -0.1016 -0.1835
vn -0.7856 0.3870 -0.4828
vn -0.5391 0.6235 -0.5663
vn -0.7763 -0.2674 -0.5708
vn -0.4734 0.8386 -0.2697
vn -0.8092 0.5417 -0.2276
vn -0.9119 0.4072 0.0519
vn -0.9251 0.3793 -0.0166
vn -0.7959 0.5156 -0.3174
vn -0.9808 0.0429 -0.1900
vn -0.9499 0.0472 -0.3091
vn -0.8514 -0.0637 -0.5207
vn -0.8642 0.1465 -0.4814
vn -0.8167 0.3084 -0.4878
vn -0.5929 0.6013 -0.5356
vn -0.7145 0.5118 -0.4771
vn -0.5496 0.3691 -0.7495
vn -0.8247 0.1402 -0.5480
vn -0.5437 0.0216 -0.8390
vn -0.7747 -0.1100 -0.6227
vn -0.7574 -0.2090 -0.6187
vn -0.6390 -0.4199 -0.6445
vn -0.6083 -0.5765 -0.5456
vn -0.5162 -0.4481 -0.7299
vn -0.7238 -0.4403 -0.5313
vn -0.9338 -0.2307 -0.2733
vn -0.8630 -0.4030 -0.3048
vn -0.8089 -0.5073 -0.2971
vn -0.7003 -0.6546 -0.2846
vn -0.6880 -0.7001 -0.1914
vn -0.8946 -0.4081 -0.1819
vn -0.8630 -0.4933 0.1088
vn -0.6198 -0.7847 0.0140
vn -0.5844 -0.7767 -0.2350
vn -0.6159 -0.7661 -0.1839
vn -0.7781 -0.5712 -0.2612
vn -0.6036 -0.6183 -0.5034
vn -0.5530 -0.7081 -0.4391
vn -0.2603 -0.9061 -0.3336
vn 0.0289 -0.9815 -0.1895
vn 0.3738 -0.8584 0.3515
vn 0.5093 -0.2874 0.8112
vn 0.5363 -0.6363 0.5545
vn 0.8018 -0.3755 0.4648
vn 0.7763 -0.0561 0.6278
vn 0.7249 0.0409 0.6876
vn 0.4908 0.4061 0.7709
vn 0.4937 0.5650 0.6611
vn 0.5127 0.1300 0.8487
vn 0.6350 0.3382 0.6945
vn 0.5432 0.3950 0.7409
vn 0.4401 0.2796 0.8533
vn 0.3950 -0.4996 0.7710
vn 0.0053 -0.9843 -0.1763
vn 0.1965 -0.8993 0.3907
vn -0.0076 -0.9287 0.3707
vn 0.3275 -0.7104 0.6229
vn -0.1375 -0.9657 -0.2202
vn -0.0946 -0.9526 -0.2890
vn 0.0678 -0.9415 0.3302
vn -0.1957 -0.7481 -0.6341
vn -0.1531 -0.7827 -0.6033
vn -0.0841 -0.9648 -0.2492
vn 0.0105 -0.9534 0.3016
vn 0.1649 -0.6837 0.7109
vn 0.2041 -0.5275 0.8246
vn 0.2886 -0.3456 0.8929
vn 0.0186 -0.7403 0.6720
vn 0.1282 -0.4440 0.8868
vn 0.2965 0.0686 0.9526
vn 0.0252 -0.3159 0.9485
vn 0.3251 0.2257 0.9184
vn 0.2044 -0.1606 0.9656
vn 0.2250 0.2038 0.9528
vn 0.2661 0.0526 0.9625
vn 0.3199 0.3200 0.8917
vn 0.3866 0.3838 0.8386
vn 0.2753 0.2540 0.9272
vn 0.4091 0.1547 0.8993
vn 0.2580 0.1677 0.9515
vn 0.3020 0.2559 0.9183
vn 0.1572 0.1560 0.9752
vn -0.1073 0.1347 0.9851
vn 0.1888 0.1840 0.9646
vn 0.1963 0.2033 0.9592
vn 0.1150 0.1576 0.9808
vn -0.0191 0.1134 0.9934
vn 0.2750 0.3262 0.9044
vn -0.1121 0.0725 0.9910
vn -0.3807 0.3744 0.8455
vn 0.3728 0.0026 0.9279
vn -0.0867 -0.3959 0.9142
vn -0.4402 0.3320 0.8343
vn 0.0223 -0.6023 0.7980
vn -0.0432 -0.7059 0.7070
vn -0.4811 -0.2068 0.8519
vn -0.1362 -0.7918 0.5954
vn -0.5219 0.1386 0.8417
vn -0.4816 0.4496 0.7523
vn -0.5446 0.4240 0.7236
vn -0.3064 0.2427 0.9204
vn -0.3915 0.0007 0.9202
vn -0.4002 -0.0329 0.9159
vn -0.1005 -0.0587 0.9932
vn -0.2521 0.1173 0.9606
vn -0.0077 0.6065 0.7950
vn -0.1572 0.3776 0.9125
vn -0.1392 0.7352 0.6635
vn 0.0310 0.6168 0.7865
vn 0.1619 0.7131 0.6821
vn -0.1045 0.8188 0.5644
vn 0.2344 0.4613 0.8557
vn 0.3943 0.4075 0.8237
vn 0.3249 0.2517 0.9117
vn 0.2691 0.5533 0.7883
vn 0.3541 0.1121 0.9285
vn 0.3016 0.4962 0.8141
vn 0.4595 0.1943 0.8666
vn 0.6101 -0.0223 0.7920
vn 0.4374 0.2930 0.8502
vn 0.5774 0.3467 0.7392
vn 0.4658 0.2494 0.8490
vn 0.5937 -0.0569 0.8027
vn 0.7262 0.1216 0.6767
vn 0.7010 0.2322 0.6743
vn 0.8030 0.2439 0.5438
vn 0.8291 0.4196 0.3696
vn 0.9114 0.4068 0.0613
vn 0.8869 0.4584 0.0564
vn 0.8893 0.4318 0.1505
vn 0.7141 0.6881 0.1287
vn 0.7032 0.7098 0.0416
vn 0.3986 0.9066 0.1383
vn 0.1361 0.9891 0.0568
vn 0.5199 0.8542 -0.0099
vn -0.3894 0.9205 -0.0330
vn -0.8151 0.5732 -0.0832
vn 0.0145 0.9980 0.0616
vn 0.8519 0.5189 0.0708
vn -0.0277 0.9934 -0.1116
vn 0.5464 0.8313 0.1017
vn 0.7592 0.6197 0.1991
vn 0.6640 0.7251 0.1825
vn 0.8230 0.4655 0.3256
vn 0.1377 0.9875 0.0772
vn -0.4767 0.8644 -0.1598
vn 0.0536 0.9803 0.1903
vn -0.6948 0.6672 -0.2685
vn -0.8228 0.5343 -0.1940
vn -0.7013 0.6927 -0.1684
vn -0.2593 0.9551 -0.1434
vn 0.4453 0.8392 0.3123
vn 0.1382 0.9845 0.1084
vn 0.3814 0.8436 0.3780
vn 0.3313 0.8935 0.3030
vn 0.4394 0.6454 0.6248
vn 0.6508 0.5370 0.5367
vn 0.8731 0.1968 0.4460
vn 0.8543 0.4990 0.1454
vn 0.6184 0.0479 0.7844
vn 0.7647 0.0279 0.6437
vn 0.8876 0.4431 0.1262
vn 0.8131 0.5120 0.2768
vn 0.6140 0.0030 0.7893
vn 0.4670 -0.1507 0.8713
vn 0.4242 0.6993 0.5754
vn 0.1905 0.9798 0.0609
vn 0.2658 0.8486 0.4573
vn 0.0284 0.9987 0.0424
vn 0.0983 0.8366 0.5389
vn -0.2086 0.8496 -0.4844
vn 0.0137 0.9960 -0.0888
vn -0.2910 0.8596 -0.4200
vn -0.7938 0.5249 -0.3072
vn -0.5665 0.6994 -0.4357
vn -0.4562 0.5486 -0.7006
vn -0.3448 0.7466 -0.5690
vn -0.4365 0.5360 -0.7226
vn -0.3195 0.6680 -0.6721
vn -0.2705 0.5135 -0.8144
vn -0.3487 0.3210 -0.8806
vn -0.1180 0.2959 -0.9479
vn -0.3339 0.0223 -0.9423
vn -0.1968 -0.0993 -0.9754
vn -0.4791 -0.2684 -0.8357
vn -0.4840 -0.4717 -0.7370
vn -0.4214 -0.5222 -0.7414
vn -0.5568 -0.5362 -0.6344
vn -0.5988 -0.4270 -0.6776
vn -0.3345 -0.1449 -0.9312
vn -0.2526 0.0249 -0.9673
vn -0.3638 -0.2660 -0.8927
vn -0.1030 -0.5866 -0.8033
vn -0.2241 -0.4596 -0.8594
vn -0.0114 0.1667 -0.9859
vn -0.0034 0.2653 -0.9642
vn -0.3961 0.2576 -0.8813
vn -0.2134 0.4403 -0.8721
vn -0.1828 0.6303 -0.7546
vn -0.2271 0.5673 -0.7916
vn -0.0527 0.5010 -0.8638
vn -0.0615 0.7778 -0.6255
vn 0.0307 0.4379 -0.8985
vn -0.0302 0.8655 -0.5001
vn -0.1130 0.9673 -0.2271
vn -0.1462 0.9637 -0.2234
vn 0.0469 0.9989 -0.0045
vn 0.1215 0.8532 0.5073
vn -0.0135 0.9621 0.2724
vn -0.0497 0.9973 -0.0533
vn 0.0015 0.8073 -0.5901
vn 0.0248 0.9487 -0.3152
vn 0.1576 0.5728 -0.8044
vn 0.2198 0.6699 -0.7092
vn -0.0811 0.9748 0.2079
vn 0.0189 0.9916 0.1278
vn 0.2011 0.9502 -0.2379
vn -0.1724 0.8445 0.5071
vn -0.1016 0.8688 0.4847
vn -0.2168 0.8378 0.5012
vn -0.3400 0.5896 0.7326
vn -0.5281 0.5732 0.6265
vn -0.5798 0.3314 0.7443
vn -0.1661 0.8453 0.5079
vn -0.5304 0.5133 0.6747
vn -0.6076 0.5481 0.5748
vn -0.4381 0.8107 0.3883
vn -0.5959 0.5398 0.5946
vn -0.5348 0.5500 0.6415
vn -0.6172 0.4887 0.6166
vn -0.4024 0.7688 0.4970
vn -0.0345 0.9930 0.1128
vn -0.7362 0.5116 0.4430
vn -0.3111 0.9279 0.2055
vn -0.4008 0.8609 0.3134
vn -0.7597 0.6129 0.2173
vn -0.7960 0.3940 0.4596
vn -0.7518 0.2929 0.5907
vn -0.7039 0.7091 -0.0417
vn -0.6986 0.4927 0.5189
vn -0.7944 0.5822 0.1728
vn -0.6337 0.7726 -0.0374
vn -0.7429 0.6563 -0.1322
vn -0.6668 0.7229 -0.1813
vn -0.7696 0.5749 -0.2779
vn -0.3175 0.9439 -0.0912
vn -0.7047 0.6996 -0.1180
vn 0.2591 0.9621 0.0845
vn -0.8815 0.4272 -0.2012
vn -0.8424 0.4838 -0.2373
vn -0.7467 0.6386 -0.1860
vn -0.7687 0.5902 -0.2465
vn -0.7290 0.6168 -0.2967
vn -0.8255 0.4964 -0.2684
vn -0.5801 0.7957 -0.1744
vn -0.6584 0.7140 -0.2383
vn -0.7239 0.5412 -0.4279
vn -0.7835 0.3366 -0.5223
vn -0.8847 -0.0311 -0.4651
vn -0.9162 0.1951 -0.3501
vn -0.9211 -0.0225 -0.3887
vn -0.6178 0.7694 -0.1624
vn -0.9822 0.1525 -0.1097
vn -0.6204 0.7660 -0.1687
vn -0.5878 0.7947 -0.1514
vn -0.6447 0.7549 -0.1201
vn -0.6137 0.7753 -0.1494
vn -0.6535 0.7521 -0.0847
vn -0.8380 0.5455 0.0118
vn -0.9951 -0.0984 -0.0118
vn -0.8928 -0.4352 -0.1165
vn -0.9553 -0.1303 -0.2652
vn -0.9920 -0.1066 -0.0681
vn -0.9978 -0.0633 0.0207
vn -0.8613 -0.5003 -0.0888
vn -0.9971 -0.0766 -0.0001
vn -0.8532 -0.4479 -0.2671
vn -0.7609 -0.6489 -0.0050
vn -0.4655 -0.8418 -0.2731
vn -0.3955 -0.8828 -0.2535
vn -0.3217 -0.8376 -0.4415
vn -0.5034 -0.6850 -0.5266
vn -0.3588 -0.7858 -0.5037
vn -0.3693 -0.8269 -0.4241
vn -0.4035 -0.7601 -0.5093
vn -0.5101 -0.6988 -0.5014
vn -0.4386 -0.7769 -0.4518
vn -0.6247 -0.4577 -0.6327
vn -0.3801 -0.7573 -0.5310
vn -0.1990 -0.8867 -0.4174
vn -0.1809 -0.7934 -0.5811
vn -0.3641 -0.7927 -0.4889
vn -0.3857 -0.7298 -0.5644
vn -0.2661 -0.7812 -0.5647
vn -0.4806 0.3870 -0.7870
vn -0.3854 0.5598 -0.7335
vn -0.1462 0.7853 -0.6016
vn -0.2681 0.7587 -0.5937
vn -0.6710 0.1896 -0.7168
vn -0.5142 0.6266 -0.5857
vn -0.3715 0.7305 -0.5730
vn -0.1632 0.7112 -0.6837
vn -0.2668 0.6766 -0.6863
vn -0.2616 0.5875 -0.7658
vn -0.3780 0.6188 -0.6886
vn -0.4599 0.5752 -0.6765
vn -0.4661 0.6759 -0.5710
vn -0.5625 0.6855 -0.4623
vn -0.3505 0.8831 -0.3119
vn -0.4550 0.6377 -0.6216
vn -0.6305 0.6671 -0.3968
vn -0.0689 0.9965 -0.0477
vn 0.3214 0.9084 0.2675
vn -0.5673 0.7607 -0.3154
vn 0.0285 0.9726 0.2306
vn 0.3983 0.7613 0.5116
vn 0.1155 0.9697 0.2153
vn 0.6234 0.6587 0.4212
vn 0.7368 0.4517 0.5031
vn 0.6148 0.5162 0.5963
vn 0.5969 0.3457 0.7240
vn 0.6391 0.2191 0.7372
vn 0.4866 0.6119 0.6235
vn 0.6069 0.2590 0.7514
vn 0.6497 0.4121 0.6388
vn 0.4155 0.4347 0.7990
vn 0.3387 0.0923 0.9364
vn 0.1356 0.1780 0.9747
vn 0.1347 0.4667 0.8741
vn 0.0768 0.4051 0.9111
vn 0.2405 -0.0302 0.9702
vn 0.0032 -0.0766 0.9971
vn -0.0224 0.0629 0.9978
vn -0.3034 -0.0820 0.9493
vn -0.4399 -0.0249 0.8977
vn -0.4073 0.2610 0.8752
vn -0.5332 0.2112 0.8192
vn -0.3301 -0.0755 0.9409
vn -0.6169 -0.5022 0.6060
vn -0.4570 -0.7165 0.5270
vn -0.4912 -0.7217 0.4876
vn -0.7111 -0.4236 0.5611
vn -0.7161 -0.2904 0.6348
vn -0.6557 -0.2250 0.7207
vn -0.4332 -0.2239 0.8731
vn 0.1397 0.8401 0.5242
vn 0.0842 0.6554 0.7506
vn -0.3330 0.5787 -0.7444
vn -0.1383 0.9105 -0.3898
vn 0.1601 0.8886 0.4298
vn -0.0539 0.9368 -0.3457
vn 0.0914 0.9052 0.4151
vn 0.2874 0.6370 0.7153
vn -0.2404 0.9251 -0.2940
vn 0.3358 0.7042 0.6256
vn 0.7601 0.4929 0.4234
vn 0.8458 0.3367 0.4139
vn 0.9570 0.0853 0.2773
vn 0.8727 -0.4098 0.2656
vn -0.2063 -0.7334 0.6477
vn 0.2812 -0.8488 0.4477
vn 0.8464 -0.2724 0.4575
vn 0.7103 -0.6717 0.2102
vn 0.9399 -0.1496 0.3071
vn -0.1322 -0.9492 0.2855
vn 0.8168 -0.5161 -0.2578
vn 0.9114 0.4094 0.0417
vn 0.9721 0.0280 0.2328
vn 0.9699 0.2381 -0.0499
vn 0.8635 0.4888 -0.1244
vn 0.8438 0.5355 0.0357
vn 0.8889 0.4375 0.1361
vn 0.8390 0.5115 -0.1855
vn 0.8711 0.4542 -0.1867
vn 0.8040 0.5213 -0.2860
vn 0.7270 0.5447 -0.4181
vn 0.7896 0.4322 -0.4355
vn 0.6833 0.4891 -0.5421
vn 0.7905 0.4311 -0.4351
vn 0.9372 0.2431 -0.2501
vn 0.9279 -0.0047 -0.3729
vn 0.9406 -0.1666 -0.2959
vn 0.8571 -0.4371 -0.2726
vn 0.8614 -0.4497 -0.2362
vn 0.8644 -0.4920 -0.1042
vn 0.6345 -0.7228 0.2737
vn 0.4126 -0.7764 0.4765
vn 0.8898 -0.4512 0.0692
vn 0.8108 -0.5813 -0.0678
vn 0.8865 -0.3845 -0.2574
vn 0.8675 -0.4428 -0.2266
vn 0.9065 -0.2125 -0.3648
vn 0.7804 -0.4683 -0.4145
vn 0.9361 -0.0943 -0.3389
vn 0.8789 -0.3511 -0.3230
vn 0.7390 -0.5570 -0.3791
vn 0.8132 -0.4429 -0.3775
vn 0.5814 -0.7767 -0.2423
vn 0.7107 -0.6005 -0.3665
vn 0.2454 -0.9639 -0.1035
vn 0.5250 -0.8482 -0.0704
vn 0.7424 -0.5996 -0.2989
vn 0.7408 -0.6642 -0.1002
vn 0.3352 -0.9350 0.1162
vn 0.4264 -0.8991 -0.0994
vn -0.3177 -0.9395 0.1283
vn -0.3313 -0.9347 0.1284
vn 0.2815 -0.9585 0.0451
vn -0.2590 -0.9401 0.2218
vn -0.0814 -0.9960 0.0362
vn -0.2695 -0.9630 -0.0060
vn 0.4200 -0.8536 -0.3080
vn -0.5918 -0.6787 0.4349
vn -0.5300 -0.7549 0.3864
vn -0.7893 -0.4565 0.4107
vn -0.5464 -0.8205 0.1680
vn -0.1225 -0.9873 -0.1010
vn -0.7759 -0.5882 0.2279
vn -0.4005 -0.8349 0.3776
vn -0.5006 -0.8326 0.2368
vn -0.5133 -0.8209 0.2504
vn -0.2128 -0.9548 0.2078
vn -0.0006 -0.9761 -0.2175
vn 0.5394 -0.7262 -0.4262
vn 0.5369 -0.6591 -0.5267
vn 0.4460 -0.6226 -0.6430
vn 0.3895 -0.8322 -0.3946
vn 0.3572 -0.9249 -0.1305
vn -0.4334 -0.8108 0.3933
vn -0.0418 -0.9733 0.2258
vn 0.2722 -0.8319 -0.4836
vn 0.3005 -0.4286 -0.8521
vn 0.7000 -0.2909 -0.6522
vn 0.5232 -0.4239 -0.7393
vn 0.1731 -0.4210 -0.8904
vn 0.2306 -0.4362 -0.8698
vn 0.2231 -0.3279 -0.9180
vn 0.2540 -0.5733 -0.7790
vn 0.2573 -0.6226 -0.7390
vn 0.2451 -0.7519 -0.6120
vn 0.0988 -0.6257 -0.7737
vn 0.2036 -0.8601 -0.4677
vn 0.0017 -0.6241 -0.7813
vn -0.1053 -0.9938 -0.0352
vn 0.0164 -0.8892 -0.4572
vn -0.1912 -0.6087 -0.7700
vn -0.0626 -0.5721 -0.8178
vn -0.1516 -0.3709 -0.9162
vn -0.4205 -0.3654 -0.8305
vn -0.3438 -0.6916 -0.6352
vn -0.3632 -0.7292 -0.5800
vn -0.2910 -0.8394 -0.4590
vn -0.2599 -0.8376 -0.4805
vn -0.2146 -0.8848 -0.4136
vn -0.1023 -0.9902 -0.0948
vn -0.1113 -0.9806 0.1612
vn -0.1009 -0.8761 0.4715
vn -0.0637 -0.9718 0.2270
vn 0.1660 -0.9848 0.0517
vn 0.1002 -0.9729 -0.2083
vn -0.0826 -0.9535 0.2898
vn -0.2875 -0.8617 0.4181
vn -0.3393 -0.7979 0.4982
vn -0.2523 -0.7060 0.6617
vn -0.3171 -0.5670 0.7603
vn -0.4691 -0.2696 0.8410
vn -0.5308 -0.0655 0.8450
vn -0.3576 -0.7299 0.5825
vn -0.5429 0.1865 0.8188
vn -0.2681 -0.2774 0.9226
vn -0.2335 0.0268 0.9720
vn -0.4916 0.3583 0.7937
vn -0.4809 0.4707 0.7397
vn -0.5620 0.0865 0.8226
vn -0.4556 0.4275 0.7809
vn -0.5752 0.1625 0.8017
vn -0.6500 0.0148 0.7598
vn -0.5669 -0.2089 0.7969
vn -0.5490 -0.2034 0.8107
vn -0.5937 -0.1850 0.7831
vn -0.6556 -0.3726 0.6568
vn -0.6051 -0.5638 0.5621
vn -0.5399 -0.7826 0.3099
vn -0.6561 -0.2785 0.7014
vn -0.5364 -0.8206 0.1974
vn -0.8921 -0.1754 0.4165
vn -0.7238 -0.6338 0.2727
vn -0.7907 -0.6121 0.0123
vn -0.6737 -0.6759 0.2988
vn -0.6023 -0.7710 0.2071
vn -0.5676 -0.7647 0.3052
vn -0.5734 -0.7869 0.2280
vn -0.8172 -0.4616 0.3451
vn -0.5904 -0.6898 0.4191
vn -0.6669 -0.6738 0.3183
vn -0.5046 -0.8112 0.2954
vn -0.7571 -0.5181 0.3980
vn -0.4877 -0.8649 0.1191
vn -0.6386 -0.7574 -0.1359
vn -0.9452 0.0022 0.3265
vn -0.8211 0.3335 0.4633
vn -0.9904 -0.0713 0.1181
vn -0.7607 0.1298 0.6360
vn -0.9363 0.0638 0.3454
vn -0.7147 0.6605 0.2301
vn -0.9045 0.4119 0.1103
vn -0.7736 0.2636 0.5763
vn -0.8342 0.2264 0.5028
vn -0.8144 0.3738 0.4438
vn -0.6661 0.4022 0.6282
vn -0.7151 0.4846 0.5039
vn -0.6171 0.5439 0.5686
vn -0.6643 0.4442 0.6011
vn -0.5247 0.5566 0.6441
vn -0.7629 0.4180 0.4932
vn -0.8671 0.1948 0.4585
vn -0.8118 0.4020 0.4235
vn -0.9006 0.3268 0.2865
vn -0.8461 -0.5149 0.1381
vn -0.7608 0.0376 0.6479
vn -0.6100 0.4350 0.6623
vn -0.4547 0.5088 0.7310
vn -0.5610 0.3932 0.7285
vn -0.5771 0.3738 0.7261
vn -0.3412 0.3578 0.8692
vn -0.7276 0.6816 -0.0772
vn -0.9937 -0.1069 0.0329
vn -0.9386 -0.3403 -0.0569
vn -0.9819 -0.0396 -0.1854
vn -0.9758 -0.1084 -0.1901
vn -0.9349 -0.3527 0.0402
vn -0.9800 -0.0408 -0.1949
vn -0.5378 -0.8353 0.1140
vn -0.8133 -0.5715 0.1094
vn -0.9273 -0.3029 -0.2201
vn -0.3642 -0.9105 -0.1958
vn -0.5893 -0.7817 -0.2043
vn -0.9695 -0.2047 -0.1347
vn -0.4380 -0.8783 -0.1920
vn -0.2638 -0.9478 -0.1789
vn -0.0357 -0.9993 -0.0068
vn -0.2737 -0.9611 -0.0376
vn 0.6301 -0.7710 0.0918
vn -0.4252 -0.8984 -0.1098
vn -0.5412 -0.6930 -0.4764
vn -0.6117 -0.6662 -0.4268
vn -0.4313 -0.7997 -0.4178
vn -0.4843 -0.8521 0.1985
vn -0.9014 0.1203 -0.4159
vn -0.1604 -0.8510 0.5000
vn -0.1688 -0.8922 0.4188
vn -0.1679 -0.8264 0.5375
vn -0.2531 -0.7825 0.5688
vn -0.1965 -0.7301 0.6545
vn 0.0964 -0.4821 -0.8708
vn 0.1803 -0.4650 -0.8668
vn 0.0982 -0.0722 -0.9926
vn 0.2978 -0.5409 -0.7866
vn 0.2206 -0.0216 -0.9751
vn 0.2265 0.3033 -0.9256
vn 0.4171 0.0049 -0.9088
vn 0.4150 -0.0147 -0.9097
vn 0.3138 -0.1915 -0.9300
vn 0.4318 -0.2696 -0.8607
vn 0.2655 -0.2372 -0.9345
vn 0.5422 -0.6650 -0.5136
vn 0.5172 0.1643 -0.8399
vn 0.4659 0.3640 -0.8065
vn 0.5826 0.2902 -0.7592
vn 0.6752 0.4630 -0.5742
vn 0.7099 0.4247 -0.5619
vn 0.7114 0.5862 -0.3876
vn 0.6704 0.5509 -0.4971
vn 0.4785 0.6322 -0.6094
vn 0.4670 0.5809 -0.6667
vn 0.3135 0.5878 -0.7458
vn 0.2655 0.4774 -0.8376
vn 0.1141 0.6269 -0.7707
vn -0.1419 0.3763 -0.9156
vn 0.3688 0.6105 -0.7009
vn 0.3231 0.6999 -0.6370
vn 0.0368 0.9984 -0.0437
vn 0.3300 0.7770 -0.5361
vn -0.0758 0.9970 0.0174
vn -0.3334 0.8055 0.4899
vn 0.0463 0.9985 -0.0300
vn 0.4760 0.7654 -0.4330
vn 0.5295 0.7302 -0.4317
vn 0.4468 0.8611 -0.2426
vn 0.7351 0.6249 -0.2628
vn 0.2303 0.9655 -0.1215
vn 0.8214 0.5159 -0.2432
vn 0.3401 0.9313 -0.1306
vn 0.5952 0.7923 -0.1342
vn 0.7399 0.6667 -0.0893
vn 0.1716 0.9779 -0.1195
vn 0.8378 0.5386 0.0896
vn 0.8263 0.4863 0.2840
vn 0.7753 0.5697 0.2727
vn 0.8524 0.4762 0.2160
vn 0.8158 0.4145 0.4032
vn 0.7059 0.5837 0.4013
vn 0.5389 0.8114 0.2262
vn -0.1357 0.9900 -0.0384
vn -0.6868 0.4998 -0.5277
vn -0.5570 0.5644 -0.6093
vn -0.5658 -0.0658 -0.8219
vn -0.5231 -0.3788 -0.7634
vn -0.7524 0.2715 -0.6002
vn -0.7678 0.0223 -0.6403
vn -0.7017 -0.2363 -0.6721
vn -0.8268 0.2312 -0.5128
vn -0.7838 -0.4615 -0.4156
vn -0.7879 -0.2088 -0.5793
vn -0.8966 -0.0070 -0.4428
vn -0.9066 0.0325 -0.4208
vn -0.9267 -0.0462 -0.3730
vn -0.7582 0.1840 -0.6255
vn -0.5163 0.8554 -0.0416
vn 0.3680 0.8658 0.3391
vn 0.0306 0.9553 0.2940
vn -0.3393 0.9405 -0.0195
vn 0.7532 -0.2877 -0.5915
vn 0.8585 -0.3492 -0.3755
vn 0.8014 -0.4769 -0.3610
vn 0.6974 -0.4433 -0.5632
vn 0.4101 0.2639 0.8730
vn 0.3583 -0.1417 0.9228
vn 0.3713 -0.4987 0.7832
vn 0.0367 -0.5918 0.8052
vn 0.2189 -0.5066 0.8339
vn 0.5987 -0.8009 -0.0118
vn 0.3728 -0.8386 0.3972
vn -0.1673 0.8727 0.4587
vn -0.0858 0.9885 0.1247
vn 0.0107 0.8984 -0.4390
vn 0.0724 0.9602 -0.2697
vn 0.0460 0.6590 -0.7507
vn -0.0993 -0.9499 -0.2963
vn 0.1877 -0.4046 0.8950
vn 0.3362 -0.3113 0.8889
vn 0.5181 -0.4921 0.6996
vn 0.8612 -0.3119 0.4012
vn 0.5525 0.8300 -0.0764
vn 0.4559 0.7890 -0.4118
vn -0.0781 0.9399 0.3324
vn -0.2968 0.9012 0.3160
vt 0.280660 0.377222
vt 0.283284 0.391310
vt 0.274767 0.399750
vt 0.259767 0.384669
vt 0.254322 0.396258
vt 0.301623 0.404466
vt 0.274508 0.420685
vt 0.302124 0.378409
vt 0.177115 0.788942
vt 0.152336 0.790565
vt 0.157035 0.771216
vt 0.189077 0.788192
vt 0.186939 0.764892
vt 0.167417 0.760880
vt 0.136484 0.779062
vt 0.237704 0.382953
vt 0.769251 0.613554
vt 0.752341 0.627479
vt 0.749691 0.604985
vt 0.767769 0.595111
vt 0.236231 0.408404
vt 0.234556 0.395299
vt 0.252918 0.412236
vt 0.227752 0.422399
vt 0.219176 0.411250
vt 0.200239 0.423934
vt 0.864204 0.242633
vt 0.854094 0.236516
vt 0.854094 0.206124
vt 0.876938 0.231736
vt 0.866085 0.259418
vt 0.855273 0.259673
vt 0.132611 0.422787
vt 0.127655 0.401412
vt 0.152419 0.411121
vt 0.133084 0.439169
vt 0.116085 0.417442
vt 0.857582 0.413191
vt 0.851478 0.441754
vt 0.841966 0.425634
vt 0.836549 0.414780
vt 0.844637 0.397853
vt 0.864941 0.392926
vt 0.103920 0.407101
vt 0.114028 0.395174
vt 0.129831 0.382665
vt 0.147903 0.396192
vt 0.139136 0.369106
vt 0.161731 0.380491
vt 0.161059 0.358580
vt 0.168611 0.382841
vt 0.143653 0.358478
vt 0.765084 0.489222
vt 0.760597 0.520124
vt 0.750633 0.496893
vt 0.764736 0.560783
vt 0.752932 0.550200
vt 0.164101 0.399324
vt 0.180520 0.418921
vt 0.200747 0.413161
vt 0.184090 0.386432
vt 0.171642 0.429269
vt 0.612106 0.878323
vt 0.612633 0.858111
vt 0.625502 0.858687
vt 0.207353 0.406231
vt 0.179254 0.894781
vt 0.167549 0.885974
vt 0.179254 0.876891
vt 0.757401 0.580934
vt 0.786256 0.574964
vt 0.603996 0.873410
vt 0.611542 0.858111
vt 0.611542 0.887842
vt 0.777083 0.543730
vt 0.803381 0.556590
vt 0.805807 0.580878
vt 0.787144 0.591243
vt 0.789426 0.604197
vt 0.791913 0.624303
vt 0.806700 0.611122
vt 0.264052 0.891357
vt 0.270152 0.878358
vt 0.275985 0.891357
vt 0.228069 0.833575
vt 0.228069 0.845829
vt 0.223792 0.839002
vt 0.889601 0.859373
vt 0.895985 0.860316
vt 0.886974 0.869785
vt 0.895850 0.871024
vt 0.700775 0.876042
vt 0.717360 0.880532
vt 0.710260 0.886676
vt 0.819148 0.603998
vt 0.822584 0.620867
vt 0.798763 0.606370
vt 0.809703 0.621141
vt 0.842893 0.613954
vt 0.826755 0.631671
vt 0.836596 0.591649
vt 0.828270 0.574206
vt 0.848520 0.573948
vt 0.827150 0.554986
vt 0.813304 0.536217
vt 0.830082 0.523221
vt 0.820517 0.508854
vt 0.804153 0.497426
vt 0.801713 0.482881
vt 0.827203 0.488835
vt 0.192991 0.484192
vt 0.200402 0.503471
vt 0.176288 0.491675
vt 0.214194 0.495107
vt 0.178474 0.508402
vt 0.204477 0.520015
vt 0.180600 0.532014
vt 0.207101 0.546343
vt 0.221113 0.535862
vt 0.231171 0.516073
vt 0.221614 0.503318
vt 0.891002 0.101459
vt 0.899336 0.112396
vt 0.891002 0.123574
vt 0.237531 0.478105
vt 0.246584 0.499512
vt 0.259084 0.515972
vt 0.254058 0.485705
vt 0.265636 0.510191
vt 0.241284 0.528105
vt 0.262934 0.541082
vt 0.074726 0.251140
vt 0.076918 0.225607
vt 0.093028 0.252912
vt 0.066324 0.276227
vt 0.084357 0.282611
vt 0.051635 0.290948
vt 0.072056 0.298574
vt 0.087033 0.308825
vt 0.066837 0.319355
vt 0.083125 0.340667
vt 0.048564 0.344239
vt 0.013638 0.320791
vt 0.047582 0.321102
vt 0.028247 0.303700
vt 0.027902 0.280188
vt 0.043314 0.263363
vt 0.059479 0.246567
vt 0.039956 0.243935
vt 0.062286 0.216310
vt 0.088223 0.200341
vt 0.089644 0.223389
vt 0.087724 0.158998
vt 0.103083 0.169142
vt 0.070709 0.154457
vt 0.070359 0.180051
vt 0.062520 0.168548
vt 0.051063 0.171193
vt 0.039831 0.151240
vt 0.052975 0.145144
vt 0.050464 0.118029
vt 0.072677 0.098705
vt 0.077750 0.130353
vt 0.084216 0.107071
vt 0.045835 0.097242
vt 0.056254 0.075125
vt 0.686103 0.311642
vt 0.672057 0.343464
vt 0.669582 0.319364
vt 0.694675 0.371037
vt 0.700910 0.334695
vt 0.685566 0.384008
vt 0.718406 0.372626
vt 0.710428 0.348528
vt 0.724616 0.395245
vt 0.741305 0.379407
vt 0.725320 0.327022
vt 0.738664 0.341623
vt 0.757832 0.326904
vt 0.757750 0.312021
vt 0.733464 0.301134
vt 0.749824 0.300944
vt 0.772906 0.292612
vt 0.736688 0.282324
vt 0.721270 0.286759
vt 0.755190 0.256637
vt 0.728673 0.251923
vt 0.751152 0.238251
vt 0.776701 0.242425
vt 0.782599 0.257710
vt 0.775454 0.275802
vt 0.411175 0.623165
vt 0.393242 0.634643
vt 0.392351 0.604798
vt 0.406143 0.640275
vt 0.382783 0.638108
vt 0.381641 0.619538
vt 0.375967 0.665419
vt 0.357159 0.625508
vt 0.355016 0.664412
vt 0.346283 0.656000
vt 0.322370 0.647536
vt 0.336608 0.621674
vt 0.314322 0.663099
vt 0.340950 0.676071
vt 0.324332 0.677261
vt 0.355799 0.696550
vt 0.330460 0.696267
vt 0.372287 0.694534
vt 0.381915 0.703737
vt 0.390769 0.683316
vt 0.392673 0.700574
vt 0.400324 0.688069
vt 0.402279 0.696561
vt 0.394962 0.712279
vt 0.792442 0.200192
vt 0.775840 0.182403
vt 0.788553 0.184337
vt 0.381552 0.718152
vt 0.757085 0.196280
vt 0.757260 0.167629
vt 0.779265 0.218529
vt 0.765698 0.224323
vt 0.738795 0.222690
vt 0.712435 0.219557
vt 0.700303 0.255328
vt 0.699091 0.238535
vt 0.683200 0.258428
vt 0.684405 0.230602
vt 0.671618 0.229790
vt 0.688533 0.200475
vt 0.675824 0.205415
vt 0.002035 0.203519
vt 0.005511 0.179158
vt 0.009867 0.205163
vt 0.030369 0.199633
vt 0.027903 0.217328
vt 0.862960 0.261912
vt 0.881555 0.275129
vt 0.862960 0.290368
vt 0.880106 0.293090
vt 0.877615 0.315016
vt 0.028861 0.160527
vt 0.016930 0.156848
vt 0.027601 0.181369
vt -0.000000 0.148159
vt 0.001951 0.133084
vt 0.690636 0.293629
vt 0.690430 0.273581
vt 0.702033 0.282058
vt 0.723556 0.266930
vt 0.713400 0.304017
vt 0.679058 0.295660
vt 0.025583 0.116449
vt 0.039159 0.132815
vt 0.871501 0.182832
vt 0.875310 0.206124
vt 0.857452 0.183710
vt 0.854094 0.206124
vt 0.025386 0.137671
vt 0.013093 0.115330
vt 0.026635 0.100270
vt 0.040134 0.192238
vt 0.055416 0.197579
vt 0.038539 0.224877
vt 0.027211 0.251881
vt -0.000000 0.264862
vt 0.005128 0.347105
vt 0.702191 0.114857
vt 0.694676 0.145079
vt 0.673507 0.145627
vt 0.693452 0.067801
vt 0.728759 0.155719
vt 0.716216 0.167414
vt 0.713121 0.144869
vt 0.709895 0.188422
vt 0.742202 0.187067
vt 0.737602 0.206643
vt 0.750481 0.161279
vt 0.745564 0.139462
vt 0.723356 0.121540
vt 0.705872 0.089705
vt 0.742416 0.112913
vt 0.770204 0.134826
vt 0.767545 0.149682
vt 0.756320 0.110581
vt 0.767717 0.087418
vt 0.746878 0.087996
vt 0.787965 0.148117
vt 0.796751 0.167160
vt 0.378834 0.735635
vt 0.386870 0.728193
vt 0.384149 0.747811
vt 0.348085 0.734750
vt 0.372583 0.749442
vt 0.372913 0.765291
vt 0.802957 0.128573
vt 0.799285 0.158982
vt 0.791632 0.116932
vt 0.761726 0.075349
vt 0.750814 0.071037
vt 0.723693 0.082504
vt 0.020604 0.346212
vt 0.042155 0.353125
vt 0.154483 0.861397
vt 0.129595 0.834329
vt 0.152931 0.841912
vt 0.066985 0.341469
vt 0.132675 0.855760
vt 0.081590 0.360488
vt 0.105876 0.331760
vt 0.097828 0.297559
vt 0.115579 0.325239
vt 0.213289 0.475981
vt 0.748884 0.455131
vt 0.120373 0.368972
vt 0.105696 0.369950
vt 0.095544 0.384125
vt 0.143562 0.823965
vt 0.167249 0.838463
vt 0.165074 0.858565
vt 0.712528 0.055434
vt 0.754506 0.025913
vt 0.721509 0.034210
vt 0.738239 0.011879
vt 0.733806 0.053526
vt 0.700502 0.044291
vt 0.704576 0.025906
vt 0.010382 0.372962
vt 0.030633 0.387874
vt 0.011449 0.392343
vt 0.028142 0.369754
vt 0.047465 0.388031
vt 0.056833 0.391108
vt 0.053660 0.400352
vt 0.036060 0.417150
vt 0.721567 0.022223
vt 0.066393 0.422565
vt 0.051610 0.435231
vt 0.066025 0.402010
vt 0.855713 0.373836
vt 0.847956 0.379203
vt 0.836549 0.365102
vt 0.065018 0.376447
vt 0.084049 0.399600
vt 0.078214 0.374451
vt 0.129595 0.809964
vt 0.082586 0.408575
vt 0.110630 0.853359
vt 0.128046 0.859893
vt 0.110630 0.892946
vt 0.168502 0.809964
vt 0.173515 0.824176
vt 0.168502 0.838141
vt 0.082226 0.434451
vt 0.104992 0.425659
vt 0.644133 0.712656
vt 0.630016 0.727957
vt 0.625184 0.678939
vt 0.115886 0.441151
vt 0.122444 0.456467
vt 0.659120 0.872472
vt 0.675265 0.868808
vt 0.675265 0.891051
vt 0.061308 0.450516
vt 0.642933 0.738183
vt 0.662223 0.739802
vt 0.661206 0.715381
vt 0.875509 0.118223
vt 0.858833 0.131854
vt 0.859215 0.097089
vt 0.680429 0.740139
vt 0.681672 0.698028
vt 0.874877 0.087451
vt 0.858833 0.062196
vt 0.750578 -0.000000
vt 0.771049 0.036855
vt 0.756423 0.045563
vt 0.746902 0.058845
vt 0.776591 0.062043
vt 0.788095 0.047091
vt 0.794926 0.058245
vt 0.863432 0.024946
vt 0.882010 0.034962
vt 0.863432 0.050898
vt 0.310909 0.863769
vt 0.291912 0.875562
vt 0.288707 0.856860
vt 0.310909 0.842609
vt 0.721428 0.751026
vt 0.708328 0.720089
vt 0.712362 0.703223
vt 0.310556 0.829670
vt 0.743519 0.714529
vt 0.745440 0.737935
vt 0.821765 0.068757
vt 0.834483 0.057152
vt 0.836549 0.072243
vt 0.306441 0.829670
vt 0.290406 0.829096
vt 0.318485 0.815168
vt 0.288539 0.820444
vt 0.312733 0.807398
vt 0.325571 0.782007
vt 0.295761 0.796181
vt 0.300692 0.768397
vt 0.318069 0.761296
vt 0.288013 0.755137
vt 0.302525 0.745375
vt 0.324420 0.733427
vt 0.339751 0.750943
vt 0.352179 0.712956
vt 0.315537 0.719549
vt 0.130567 0.528054
vt 0.148648 0.544470
vt 0.136400 0.552655
vt 0.144005 0.572445
vt 0.160883 0.557565
vt 0.168207 0.545297
vt 0.167808 0.567688
vt 0.152157 0.587293
vt 0.174025 0.587364
vt 0.166018 0.604906
vt 0.145624 0.602470
vt 0.156516 0.619627
vt 0.206114 0.608387
vt 0.198488 0.592978
vt 0.211116 0.618799
vt 0.200257 0.640512
vt 0.224093 0.640990
vt 0.243393 0.625357
vt 0.238792 0.609335
vt 0.258342 0.624034
vt 0.252664 0.646695
vt 0.115167 0.149045
vt 0.099820 0.131530
vt 0.118476 0.127378
vt 0.106544 0.113294
vt 0.074295 0.076647
vt 0.083677 0.040708
vt 0.104448 0.065574
vt 0.106166 0.038990
vt 0.120706 0.075002
vt 0.138342 0.043322
vt 0.149047 0.010929
vt 0.160411 0.023794
vt 0.436946 0.485102
vt 0.422223 0.499146
vt 0.415764 0.463890
vt 0.429277 0.445931
vt 0.449509 0.468757
vt 0.714941 0.411672
vt 0.754122 0.412430
vt 0.470182 0.495547
vt 0.745715 0.431817
vt 0.465016 0.514089
vt 0.436694 0.524202
vt 0.179997 0.013211
vt 0.169288 0.032877
vt 0.411691 0.527545
vt 0.425378 0.536708
vt 0.418529 0.553690
vt 0.428151 0.554688
vt 0.203399 0.011665
vt 0.209289 0.024474
vt 0.201943 0.021416
vt 0.225915 0.036555
vt 0.230149 0.008214
vt 0.251490 0.027590
vt 0.242620 0.047206
vt 0.209530 0.055613
vt 0.218384 0.069884
vt 0.204467 0.044531
vt 0.209489 0.074090
vt 0.193278 0.052871
vt 0.194915 0.075421
vt 0.170943 0.074600
vt 0.176139 0.056151
vt 0.146706 0.081075
vt 0.160838 0.085351
vt 0.137563 0.097248
vt 0.124466 0.082803
vt 0.144586 0.103886
vt 0.256370 0.668449
vt 0.233950 0.681233
vt 0.241830 0.669742
vt 0.241377 0.698308
vt 0.214531 0.684429
vt 0.231263 0.661571
vt 0.204547 0.659649
vt 0.171714 0.629603
vt 0.168535 0.654302
vt 0.149301 0.652507
vt 0.149844 0.625591
vt 0.315504 0.624806
vt 0.307849 0.631241
vt 0.326710 0.600448
vt 0.362731 0.593832
vt 0.342013 0.592030
vt 0.329606 0.579742
vt 0.361072 0.577420
vt 0.311776 0.604233
vt 0.314084 0.591079
vt 0.136318 0.644603
vt 0.129595 0.657139
vt 0.411175 0.882092
vt 0.397692 0.897352
vt 0.397692 0.873053
vt 0.157459 0.666021
vt 0.138303 0.670803
vt 0.349419 0.877618
vt 0.349419 0.893821
vt 0.337148 0.884030
vt 0.381233 0.873053
vt 0.394577 0.877945
vt 0.382799 0.885442
vt 0.323853 0.877618
vt 0.337148 0.891299
vt 0.323853 0.892464
vt 0.309254 0.578196
vt 0.329131 0.563872
vt 0.897502 0.723888
vt 0.897502 0.749453
vt 0.886273 0.739179
vt 0.310170 0.565098
vt 0.303931 0.579575
vt 0.298772 0.569759
vt 0.296630 0.555733
vt 0.842064 0.062196
vt 0.845906 0.083004
vt 0.836549 0.090598
vt 0.482806 0.814037
vt 0.507720 0.810896
vt 0.511069 0.833119
vt 0.485735 0.839059
vt 0.471454 0.847551
vt 0.460756 0.825296
vt 0.267564 0.529455
vt 0.279133 0.511527
vt 0.282171 0.531640
vt 0.448591 0.849983
vt 0.463038 0.866360
vt 0.487419 0.857539
vt 0.487864 0.876746
vt 0.519007 0.869670
vt 0.520967 0.855879
vt 0.533129 0.865589
vt 0.542469 0.842251
vt 0.549153 0.873426
vt 0.530942 0.836801
vt 0.532083 0.815751
vt 0.173479 0.676138
vt 0.162320 0.716504
vt 0.158201 0.694001
vt 0.147020 0.709923
vt 0.184700 0.708977
vt 0.200145 0.694571
vt 0.181337 0.663971
vt 0.292884 0.875562
vt 0.304121 0.896645
vt 0.288707 0.896645
vt 0.139211 0.684179
vt 0.498162 0.795460
vt 0.518495 0.792733
vt 0.836549 0.120828
vt 0.839944 0.100551
vt 0.849387 0.108389
vt 0.853508 0.094896
vt 0.858832 0.103050
vt 0.223731 0.707321
vt 0.237856 0.720742
vt 0.204393 0.717125
vt 0.178041 0.093780
vt 0.232165 0.733887
vt 0.362307 0.865146
vt 0.362307 0.893294
vt 0.349419 0.871695
vt 0.261256 0.862652
vt 0.259224 0.884071
vt 0.243181 0.862652
vt 0.893676 0.331178
vt 0.893676 0.368282
vt 0.884080 0.358128
vt 0.260327 0.821461
vt 0.252506 0.843837
vt 0.248605 0.829705
vt 0.229454 0.826569
vt 0.238459 0.812558
vt 0.228229 0.812389
vt 0.229197 0.844443
vt 0.552545 0.839372
vt 0.566748 0.841312
vt 0.241787 0.861877
vt 0.228229 0.862652
vt 0.249640 0.859996
vt 0.236283 0.065332
vt 0.255709 0.056447
vt 0.266247 0.031842
vt 0.436448 0.595318
vt 0.412617 0.602955
vt 0.421164 0.578099
vt 0.260795 0.015301
vt 0.244509 0.004546
vt 0.219356 0.000000
vt 0.434780 0.568581
vt 0.447251 0.549156
vt 0.447155 0.570119
vt 0.468232 0.565509
vt 0.468032 0.585280
vt 0.465082 0.617772
vt 0.469082 0.599540
vt 0.489209 0.600371
vt 0.477571 0.642685
vt 0.429695 0.629655
vt 0.423308 0.611196
vt 0.411175 0.618477
vt 0.280548 0.056533
vt 0.297314 0.049964
vt 0.316876 0.057633
vt 0.304763 0.038766
vt 0.326744 0.084263
vt 0.305137 0.071569
vt 0.340464 0.076101
vt 0.303789 0.091362
vt 0.331493 0.103946
vt 0.346029 0.099158
vt 0.364496 0.092097
vt 0.352927 0.065171
vt 0.443981 0.697449
vt 0.424812 0.709510
vt 0.418821 0.678732
vt 0.332618 0.045805
vt 0.440091 0.722561
vt 0.456147 0.724450
vt 0.445675 0.748216
vt 0.464228 0.749496
vt 0.486260 0.716859
vt 0.475137 0.757813
vt 0.492767 0.744496
vt 0.466031 0.700627
vt 0.498087 0.703984
vt 0.476383 0.678059
vt 0.498390 0.670830
vt 0.518314 0.664294
vt 0.516853 0.693321
vt 0.541808 0.676857
vt 0.522830 0.710119
vt 0.560726 0.697423
vt 0.548846 0.739173
vt 0.566706 0.741709
vt 0.522626 0.746282
vt 0.527818 0.725198
vt 0.542731 0.766232
vt 0.525115 0.768485
vt 0.507902 0.757012
vt 0.502166 0.777603
vt 0.052974 0.875919
vt 0.045222 0.861486
vt 0.066927 0.853359
vt 0.489512 0.759852
vt 0.491231 0.773626
vt 0.717761 0.802256
vt 0.706510 0.832839
vt 0.700775 0.813253
vt 0.700775 0.860631
vt 0.700775 0.882596
vt 0.692932 0.873904
vt 0.725306 0.810758
vt 0.734464 0.825517
vt 0.072557 0.820934
vt 0.087393 0.815875
vt 0.075655 0.838866
vt 0.745440 0.804202
vt 0.129012 0.881317
vt 0.129012 0.861397
vt 0.135335 0.874780
vt 0.893559 0.315096
vt 0.893559 0.331178
vt 0.884080 0.324930
vt 0.276605 0.829670
vt 0.282685 0.844965
vt 0.267564 0.848746
vt 0.276810 0.865152
vt 0.288707 0.863249
vt 0.368679 0.853583
vt 0.381233 0.865146
vt 0.363985 0.862089
vt 0.288334 0.878358
vt 0.365875 0.838918
vt 0.381233 0.829670
vt 0.349419 0.858019
vt 0.066927 0.883007
vt 0.531599 0.785290
vt 0.516215 0.792733
vt 0.544684 0.792374
vt 0.262942 0.803634
vt 0.267400 0.785338
vt 0.267400 0.821186
vt 0.567555 0.776979
vt 0.579000 0.751056
vt 0.513741 0.079014
vt 0.488773 0.069286
vt 0.515788 0.060573
vt 0.580284 0.733674
vt 0.556555 0.041993
vt 0.545838 0.057909
vt 0.530207 0.051010
vt 0.571303 0.704620
vt 0.582980 0.704391
vt 0.563011 0.674971
vt 0.552103 0.653958
vt 0.568021 0.655621
vt 0.541080 0.625991
vt 0.559917 0.619871
vt 0.542853 0.589006
vt 0.501782 0.585400
vt 0.498535 0.621426
vt 0.478952 0.583506
vt 0.481385 0.566442
vt 0.501702 0.566789
vt 0.479906 0.543804
vt 0.498402 0.535795
vt 0.491436 0.521915
vt 0.491231 0.507297
vt 0.769615 0.430483
vt 0.752266 0.396552
vt 0.763245 0.365341
vt 0.767560 0.382475
vt 0.790195 0.364248
vt 0.788253 0.346035
vt 0.800264 0.349667
vt 0.803479 0.324082
vt 0.780959 0.316242
vt 0.792350 0.291541
vt 0.376984 0.595482
vt 0.383440 0.570786
vt 0.370263 0.608142
vt 0.371871 0.557052
vt 0.770427 0.340012
vt 0.378053 0.545209
vt 0.824448 0.352774
vt 0.808468 0.336687
vt 0.810919 0.380982
vt 0.173515 0.829945
vt 0.189077 0.809964
vt 0.189077 0.843506
vt 0.820683 0.407991
vt 0.800345 0.392646
vt 0.836549 0.375244
vt 0.342231 0.522257
vt 0.335562 0.499567
vt 0.350808 0.514781
vt 0.357458 0.538690
vt 0.333878 0.543151
vt 0.329668 0.529512
vt 0.350805 0.552673
vt 0.291751 0.537416
vt 0.322274 0.495980
vt 0.333917 0.475727
vt 0.834999 0.413475
vt 0.837200 0.297912
vt 0.854983 0.282911
vt 0.862960 0.291669
vt 0.852871 0.315016
vt 0.315471 0.481768
vt 0.836549 0.283624
vt 0.894468 0.286705
vt 0.894468 0.315016
vt 0.881555 0.300771
vt 0.537718 0.539326
vt 0.518630 0.524940
vt 0.534121 0.519809
vt 0.527948 0.556588
vt 0.825702 0.441754
vt 0.813970 0.427909
vt 0.511878 0.538856
vt 0.802062 0.435109
vt 0.793785 0.418918
vt 0.787096 0.407963
vt 0.175684 0.846186
vt 0.186031 0.876891
vt 0.784363 0.398154
vt 0.504710 0.551709
vt 0.517326 0.576298
vt 0.542533 0.561821
vt 0.556997 0.581972
vt 0.862960 0.259673
vt 0.841731 0.262528
vt 0.669582 0.017414
vt 0.653731 0.027851
vt 0.640584 0.018136
vt 0.649646 -0.000000
vt 0.574609 0.604616
vt 0.634739 0.037229
vt 0.617788 0.030688
vt 0.584995 0.637050
vt 0.637597 0.045329
vt 0.663602 0.033176
vt 0.189077 0.876891
vt 0.189077 0.898849
vt 0.179254 0.883431
vt 0.295356 0.480397
vt 0.305413 0.466867
vt 0.305316 0.494398
vt 0.436612 0.815727
vt 0.425056 0.826573
vt 0.313914 0.517715
vt 0.415293 0.841870
vt 0.436834 0.860531
vt 0.283557 0.491474
vt 0.886273 0.795763
vt 0.897371 0.775378
vt 0.897371 0.799863
vt 0.420990 0.864539
vt 0.436197 0.888454
vt 0.411175 0.891833
vt 0.424937 0.908898
vt 0.443693 0.905197
vt 0.464563 0.894295
vt 0.456719 0.923039
vt 0.489451 0.900052
vt 0.508801 0.900499
vt 0.526137 0.891035
vt 0.537468 0.887136
vt 0.553334 0.881088
vt 0.527215 0.904413
vt 0.012759 0.878598
vt 0.024924 0.886790
vt 0.012759 0.891211
vt 0.226841 0.819119
vt 0.223792 0.833575
vt 0.223792 0.812389
vt 0.514157 0.910514
vt 0.519882 0.906795
vt 0.497283 0.922240
vt 0.511345 0.927597
vt 0.519204 0.936958
vt 0.240699 0.885034
vt 0.228229 0.889217
vt 0.228229 0.862652
vt 0.484246 0.947285
vt 0.260327 0.733887
vt 0.267165 0.746335
vt 0.260327 0.762383
vt 0.463261 0.945832
vt 0.483894 0.933388
vt 0.453459 0.935260
vt 0.437375 0.928510
vt 0.446528 0.939928
vt 0.444724 0.953867
vt 0.419634 0.967019
vt 0.030610 0.853359
vt 0.045222 0.879631
vt 0.030610 0.886937
vt 0.413762 0.938006
vt 0.738436 0.883864
vt 0.728268 0.899115
vt 0.728268 0.876042
vt 0.864942 0.369237
vt 0.881307 0.369237
vt 0.881238 0.388825
vt 0.597456 0.056069
vt 0.594747 0.045592
vt 0.613707 0.047281
vt 0.601705 0.063285
vt 0.590075 0.667972
vt 0.412099 0.920052
vt 0.573337 0.062670
vt 0.581937 0.074653
vt 0.560082 0.087925
vt 0.580001 0.087552
vt 0.564024 0.102013
vt 0.790977 0.691043
vt 0.803936 0.667551
vt 0.811180 0.682161
vt 0.447283 0.969492
vt 0.422185 0.988577
vt 0.435771 1.000000
vt 0.814181 0.702227
vt 0.797503 0.701136
vt 0.552003 0.113746
vt 0.536864 0.119204
vt 0.549854 0.104098
vt 0.782411 0.707914
vt 0.544296 0.132705
vt 0.527174 0.098322
vt 0.789778 0.681158
vt 0.551174 0.074170
vt 0.522516 0.118383
vt 0.502105 0.093506
vt 0.501883 0.118376
vt 0.474959 0.101798
vt 0.524553 0.134588
vt 0.507035 0.133768
vt 0.507482 0.156742
vt 0.520833 0.179330
vt 0.479314 0.181318
vt 0.503084 0.222385
vt 0.504334 0.200939
vt 0.525550 0.199314
vt 0.534848 0.215999
vt 0.500151 0.255894
vt 0.532192 0.231201
vt 0.533140 0.249676
vt 0.518334 0.276009
vt 0.480569 0.282664
vt 0.486210 0.254270
vt 0.501042 0.316625
vt 0.479483 0.293664
vt 0.511652 0.299751
vt 0.543908 0.297376
vt 0.540753 0.318961
vt 0.560891 0.325817
vt 0.553139 0.340026
vt 0.564940 0.310041
vt 0.587253 0.351665
vt 0.593087 0.336417
vt 0.605892 0.370328
vt 0.578055 0.361775
vt 0.588327 0.379710
vt 0.611274 0.402001
vt 0.625112 0.394429
vt 0.550641 0.410373
vt 0.576103 0.404975
vt 0.592843 0.416235
vt 0.604781 0.440493
vt 0.658951 0.524965
vt 0.643527 0.527542
vt 0.652881 0.505782
vt 0.562431 0.440417
vt 0.555791 0.436881
vt 0.556975 0.393762
vt 0.503675 0.390774
vt 0.526983 0.378571
vt 0.541382 0.365899
vt 0.563263 0.366706
vt 0.531672 0.340350
vt 0.521116 0.356277
vt 0.503782 0.361880
vt 0.486617 0.373397
vt 0.032887 0.511678
vt 0.047252 0.522013
vt 0.026596 0.532085
vt 0.066088 0.479465
vt 0.650959 0.500212
vt 0.637231 0.477971
vt 0.656218 0.445931
vt 0.087078 0.485404
vt 0.086409 0.514616
vt 0.066887 0.513070
vt 0.098384 0.491090
vt 0.226710 0.771663
vt 0.237711 0.764410
vt 0.235987 0.788081
vt 0.256133 0.760073
vt 0.253851 0.782434
vt 0.213783 0.803116
vt 0.199940 0.830087
vt 0.194597 0.804648
vt 0.189077 0.782924
vt 0.204225 0.766288
vt 0.222000 0.760977
vt 0.223792 0.789266
vt 0.208866 0.741595
vt 0.223792 0.733887
vt 0.617690 0.584081
vt 0.603323 0.603633
vt 0.603351 0.581916
vt 0.198920 0.466867
vt 0.204815 0.451157
vt 0.219581 0.463627
vt 0.188417 0.435467
vt 0.211175 0.434391
vt 0.227148 0.443287
vt 0.178355 0.459015
vt 0.891771 0.247884
vt 0.876939 0.228206
vt 0.891771 0.206124
vt 0.157851 0.440464
vt 0.590075 0.665475
vt 0.604336 0.628389
vt 0.604134 0.685147
vt 0.619430 0.694652
vt 0.117853 0.425080
vt 0.667234 0.633217
vt 0.678390 0.659538
vt 0.696706 0.687681
vt 0.694156 0.653645
vt 0.655911 0.600550
vt 0.681600 0.606744
vt 0.697172 0.633462
vt 0.712121 0.686280
vt 0.891002 0.078562
vt 0.891002 0.122982
vt 0.875509 0.103221
vt 0.730714 0.667388
vt 0.710596 0.650051
vt 0.730341 0.623691
vt 0.711011 0.614922
vt 0.700382 0.604654
vt 0.879572 0.131854
vt 0.882014 0.388825
vt 0.882014 0.421315
vt 0.864942 0.404300
vt 0.725130 0.578472
vt 0.736410 0.586903
vt 0.707281 0.581526
vt 0.698613 0.564188
vt 0.601764 0.839164
vt 0.613854 0.841128
vt 0.612453 0.858111
vt 0.669582 0.393051
vt 0.645405 0.384921
vt 0.653543 0.379030
vt 0.654406 0.852270
vt 0.668280 0.861433
vt 0.652080 0.866671
vt 0.620061 0.848068
vt 0.629309 0.831211
vt 0.650316 0.828214
vt 0.640099 0.868809
vt 0.621044 0.822932
vt 0.908282 0.625429
vt 0.886433 0.630575
vt 0.889883 0.614565
vt 0.869436 0.606448
vt 0.873617 0.591694
vt 0.895368 0.587197
vt 0.875912 0.576494
vt 0.857280 0.599404
vt 0.881811 0.558756
vt 0.845643 0.537173
vt 0.861577 0.529790
vt 0.878954 0.527184
vt 0.879227 0.511223
vt 0.843751 0.513538
vt 0.848207 0.496657
vt 0.872323 0.480974
vt 0.132562 0.495539
vt 0.129595 0.481675
vt 0.151806 0.482523
vt 0.150182 0.501045
vt 0.834935 0.474279
vt 0.826220 0.467526
vt 0.858798 0.460561
vt 0.142170 0.524476
vt 0.160191 0.510652
vt 0.154178 0.533537
vt 0.683526 0.843657
vt 0.698390 0.832489
vt 0.700775 0.860631
vt 0.236344 0.563424
vt 0.249895 0.556286
vt 0.248340 0.587705
vt 0.267564 0.568394
vt 0.230974 0.588188
vt 0.220421 0.577359
vt 0.192129 0.568420
vt 0.191068 0.557257
vt 0.679303 0.821863
vt 0.134740 0.510940
vt 0.682146 0.802256
vt 0.700775 0.819806
vt 0.291323 0.723618
vt 0.297490 0.736429
vt 0.876639 0.466588
vt 0.884774 0.445931
vt 0.849885 0.484602
vt 0.892672 0.479309
vt 0.282309 0.808460
vt 0.267564 0.789091
vt 0.734343 0.686715
vt 0.742159 0.672096
vt 0.743525 0.693869
vt 0.272643 0.828517
vt 0.271674 0.813767
vt 0.288707 0.878358
vt 0.288683 0.893020
vt 0.278673 0.893020
vt 0.916976 0.530249
vt 0.921362 0.546744
vt 0.900946 0.551417
vt 0.275985 0.882840
vt 0.745440 0.659864
vt 0.648570 0.802256
vt 0.675265 0.833406
vt 0.663600 0.834898
vt 0.893825 0.519859
vt 0.915716 0.563592
vt 0.921605 0.571796
vt 0.908965 0.606687
vt 0.912097 0.514051
vt 0.640099 0.809981
vt 0.696476 0.721658
vt 0.087419 0.853359
vt 0.087419 0.885300
vt 0.066927 0.856942
vt -0.000000 0.854784
vt 0.012509 0.853359
vt 0.001637 0.877417
vt 0.024924 0.878598
vt 0.024924 0.858574
vt 0.863638 0.630103
vt 0.845114 0.637226
vt 0.836130 0.644594
vt 0.824031 0.647233
vt 0.803842 0.626575
vt 0.808712 0.635810
vt 0.898536 0.076473
vt 0.888417 0.076473
vt 0.897466 0.051892
vt 0.180317 0.749126
vt 0.161392 0.744928
vt 0.170823 0.739539
vt 0.012759 0.878598
vt 0.012759 0.892877
vt 0.005422 0.883745
vt 0.139980 0.880781
vt 0.152124 0.861397
vt 0.152124 0.885385
vt 0.151629 0.746337
vt 0.135335 0.869754
vt 0.140709 0.755638
vt 0.893039 0.374158
vt 0.893039 0.406736
vt 0.882014 0.399623
vt 0.129595 0.758319
vt 0.679303 0.815777
vt 0.675914 0.830360
vt 0.675914 0.802256
vt 0.797735 0.619556
vt 0.895499 0.181940
vt 0.898758 0.196755
vt 0.890154 0.200653
vt 0.898758 0.205118
vt 0.886273 0.879492
vt 0.883492 0.886599
vt 0.881525 0.899661
vt 0.872792 0.898407
vt 0.844598 0.659792
vt 0.857820 0.880328
vt 0.874077 0.875650
vt 0.858091 0.866398
vt 0.825104 0.859746
vt 0.836022 0.884286
vt 0.807812 0.893090
vt 0.807628 0.876827
vt 0.826404 0.846936
vt 0.798146 0.848861
vt 0.792096 0.829375
vt 0.818116 0.815027
vt 0.792765 0.814268
vt 0.838677 0.807046
vt 0.853451 0.842157
vt 0.853900 0.804797
vt 0.858817 0.834674
vt 0.869081 0.853956
vt 0.305129 0.302241
vt 0.289943 0.319356
vt 0.289687 0.304741
vt 0.274578 0.314642
vt 0.281573 0.331133
vt 0.270932 0.321506
vt 0.267400 0.843296
vt 0.267400 0.859696
vt 0.260367 0.855498
vt 0.266666 0.330644
vt 0.276303 0.322686
vt 0.886273 0.876636
vt 0.257750 0.341904
vt 0.282879 0.349711
vt 0.297612 0.331127
vt 0.189077 0.733887
vt 0.306148 0.347686
vt 0.327510 0.343875
vt 0.304854 0.318428
vt 0.323004 0.311943
vt 0.311207 0.273351
vt 0.323955 0.288884
vt 0.294058 0.287134
vt 0.873764 0.818335
vt 0.875509 0.058971
vt 0.888417 0.069241
vt 0.875509 0.078562
vt 0.328835 0.263388
vt 0.347521 0.277391
vt 0.350467 0.252257
vt 0.365990 0.276516
vt 0.367644 0.255477
vt 0.382114 0.296930
vt 0.364839 0.308631
vt 0.350097 0.302115
vt 0.344511 0.323457
vt 0.368044 0.330642
vt 0.344241 0.353300
vt 0.368909 0.349116
vt 0.380783 0.338948
vt 0.378325 0.321379
vt 0.401475 0.295948
vt 0.401316 0.279115
vt 0.405674 0.256806
vt 0.383810 0.260148
vt 0.104939 0.655165
vt 0.107873 0.671244
vt 0.094730 0.671649
vt 0.096203 0.691456
vt 0.084676 0.658208
vt 0.863432 0.038286
vt 0.854202 0.024872
vt 0.863432 0.011802
vt 0.074437 0.677416
vt 0.068149 0.650851
vt 0.845405 0.043130
vt 0.077954 0.701357
vt 0.087311 0.714372
vt 0.109661 0.714276
vt 0.110076 0.693878
vt 0.402277 0.247336
vt 0.411036 0.237110
vt 0.382340 0.244300
vt 0.369323 0.231780
vt 0.373556 0.210461
vt 0.385095 0.213541
vt 0.400639 0.224257
vt 0.096619 0.730925
vt 0.111759 0.740056
vt 0.411175 0.210210
vt 0.381745 0.185175
vt 0.353501 0.203474
vt 0.326056 0.877618
vt 0.331041 0.866246
vt 0.349419 0.863408
vt 0.087419 0.853359
vt 0.110630 0.853359
vt 0.089119 0.881856
vt 0.331608 0.184457
vt 0.323155 0.190461
vt 0.313861 0.168869
vt 0.348108 0.183562
vt 0.334561 0.160606
vt 0.356183 0.160482
vt 0.345568 0.145437
vt 0.370393 0.144058
vt 0.341900 0.134095
vt 0.371922 0.124331
vt 0.353644 0.122181
vt 0.557198 0.933146
vt 0.561453 0.957389
vt 0.549562 0.942467
vt 0.886273 0.699023
vt 0.886273 0.667552
vt 0.895641 0.691783
vt 0.547140 0.909471
vt 0.526844 0.925785
vt 0.570321 0.905579
vt 0.571160 0.861019
vt 0.579326 0.886926
vt 0.267101 0.068611
vt 0.278959 0.071837
vt 0.581191 0.872351
vt 0.294788 0.081905
vt 0.286168 0.092096
vt 0.300191 0.059840
vt 0.372269 0.105459
vt 0.875310 0.193283
vt 0.890154 0.181940
vt 0.890154 0.206124
vt 0.391831 0.129461
vt 0.390735 0.148696
vt 0.393544 0.166164
vt 0.409518 0.191759
vt 0.093527 0.749633
vt 0.111749 0.757205
vt 0.896556 0.179717
vt 0.886253 0.178168
vt 0.896556 0.148817
vt 0.080009 0.780150
vt 0.074508 0.771256
vt 0.082265 0.753096
vt 0.069815 0.790944
vt 0.056935 0.773721
vt 0.082639 0.795190
vt 0.050701 0.801093
vt 0.024373 0.787455
vt 0.033575 0.803434
vt 0.024807 0.809087
vt 0.202761 0.879757
vt 0.223792 0.866824
vt 0.216197 0.882308
vt 0.436540 0.124021
vt 0.447477 0.099205
vt 0.460882 0.105528
vt 0.457265 0.138932
vt 0.431195 0.142511
vt 0.442024 0.162722
vt 0.426843 0.160169
vt 0.022054 0.716220
vt 0.030555 0.737020
vt 0.021511 0.754191
vt 0.025234 0.770788
vt 0.044047 0.754227
vt 0.056244 0.740926
vt 0.064692 0.732379
vt 0.059151 0.704733
vt 0.077597 0.726798
vt 0.861332 0.062196
vt 0.058748 0.681946
vt 0.038430 0.679673
vt 0.057149 0.662142
vt 0.038880 0.653494
vt 0.836549 0.023404
vt 0.096747 0.629802
vt 0.119163 0.608156
vt 0.104497 0.604745
vt 0.083881 0.606982
vt 0.100873 0.587311
vt 0.072395 0.590699
vt 0.082812 0.574863
vt 0.047820 0.595732
vt 0.047145 0.604405
vt 0.075725 0.615424
vt 0.054140 0.622876
vt 0.068487 0.628808
vt 0.060313 0.638927
vt 0.886273 0.749453
vt 0.896882 0.761534
vt 0.886273 0.775378
vt 0.034504 0.596524
vt 0.854094 0.196311
vt 0.846906 0.211607
vt 0.844357 0.179717
vt 0.020717 0.611545
vt 0.011441 0.584111
vt 0.025943 0.580422
vt 0.482824 0.320254
vt 0.473522 0.334894
vt 0.458388 0.309381
vt 0.454142 0.326464
vt 0.450863 0.282947
vt 0.456502 0.266447
vt 0.478356 0.242371
vt 0.462078 0.246312
vt 0.581191 0.818515
vt 0.588944 0.792733
vt 0.588944 0.832448
vt 0.476084 0.204804
vt 0.492250 0.190030
vt 0.459485 0.176469
vt 0.438206 0.244535
vt 0.416282 0.260021
vt 0.026563 0.628654
vt 0.026087 0.659748
vt 0.010785 0.627324
vt 0.846781 0.259673
vt 0.836549 0.226969
vt 0.854094 0.230317
vt 0.038027 0.627073
vt 0.030189 0.629928
vt 0.047996 0.644119
vt 0.839105 0.210795
vt 0.000000 0.598515
vt 0.381233 0.880677
vt 0.365679 0.888417
vt 0.365679 0.865146
vt 0.024353 0.680731
vt 0.437134 0.195235
vt 0.418298 0.201235
vt 0.472564 0.154539
vt 0.489029 0.151937
vt 0.474266 0.133910
vt 0.640818 0.869968
vt 0.659120 0.868809
vt 0.659120 0.887943
vt 0.892277 0.406736
vt 0.892277 0.441753
vt 0.882014 0.421474
vt 0.569429 0.786988
vt 0.483373 0.081708
vt 0.202761 0.838258
vt 0.220896 0.854012
vt 0.467188 0.079661
vt 0.411175 0.239602
vt 0.515239 0.327446
vt 0.469338 0.349871
vt 0.016473 0.558129
vt 0.039432 0.549713
vt 0.050798 0.557150
vt 0.074935 0.545746
vt 0.053394 0.578798
vt 0.861718 0.155315
vt 0.847907 0.149814
vt 0.865552 0.133018
vt 0.102013 0.557563
vt 0.080236 0.558588
vt 0.097981 0.529317
vt 0.881555 0.270333
vt 0.881555 0.249651
vt 0.893672 0.250937
vt 0.243453 0.812389
vt 0.223792 0.798708
vt 0.260327 0.800140
vt 0.328712 0.403963
vt 0.337907 0.409860
vt 0.314253 0.418755
vt 0.325872 0.391084
vt 0.354070 0.412257
vt 0.357275 0.368921
vt 0.318334 0.363145
vt 0.297767 0.357493
vt 0.183007 0.809964
vt 0.313080 0.412977
vt 0.845767 0.338197
vt 0.836549 0.315016
vt 0.852082 0.319309
vt 0.855396 0.338624
vt 0.214689 0.838258
vt 0.847007 0.362536
vt 0.868227 0.361817
vt 0.884080 0.331320
vt 0.868227 0.345672
vt 0.869133 0.333231
vt 0.884080 0.354642
vt 0.245455 0.428958
vt 0.390515 0.829670
vt 0.406622 0.853326
vt 0.381233 0.847472
vt 0.411175 0.873053
vt 0.399581 0.869537
vt 0.882128 0.368281
vt 0.381233 0.869667
vt 0.876109 0.315016
vt 0.111244 0.572054
vt 0.126088 0.595031
vt 0.128046 0.572703
vt 0.109022 0.530099
vt 0.000104 0.569953
vt 0.843651 0.179717
vt 0.846827 0.167151
vt 0.865552 0.179056
vt 0.640099 0.858111
vt 0.640099 0.889031
vt 0.625502 0.878171
vt 0.070468 0.538201
vt 0.836549 0.170332
vt 0.100752 0.518189
vt 0.089025 0.528558
vt 0.859832 0.000000
vt 0.063361 0.663802
vt 0.267564 0.875062
vt 0.269939 0.865936
vt 0.100030 0.803342
vt 0.116552 0.787209
vt 0.111471 0.808949
vt 0.400644 0.134891
vt 0.403924 0.158711
vt 0.104234 0.771709
vt 0.110174 0.828334
vt 0.122871 0.811691
vt 0.093357 0.830760
vt 0.120931 0.832325
vt 0.745440 0.837923
vt 0.735743 0.876042
vt 0.128046 0.853359
vt 0.200804 0.838259
vt 0.200804 0.890400
vt 0.191767 0.857109
vt 0.189077 0.869785
vt 0.372600 0.080019
vt 0.589928 0.891447
vt 0.581191 0.883880
vt 0.589928 0.864680
vt 0.692848 0.860631
vt 0.692848 0.892251
vt 0.679303 0.882168
vt 0.389084 0.107002
vt 0.125869 0.793020
vt 0.167160 0.861397
vt 0.167248 0.888758
vt 0.152124 0.888758
vt 0.576189 0.921226
vt 0.574302 0.955716
vt 0.254328 0.095479
vt 0.249420 0.076568
vt 0.228494 0.077812
vt 0.243181 0.866087
vt 0.540416 0.964776
vt 0.519164 0.958265
vt 0.568793 0.979284
vt 0.564093 0.989168
vt 0.503084 0.959035
vt 0.537497 0.972519
vt 0.528404 0.980462
vt 0.297214 0.141231
vt 0.314645 0.155517
vt 0.287851 0.150115
vt 0.315091 0.134639
vt 0.581191 0.864680
vt 0.581191 0.832448
vt 0.589626 0.842372
vt 0.489393 0.968310
vt 0.863780 0.711259
vt 0.875957 0.709849
vt 0.867146 0.722650
vt 0.167981 0.850752
vt 0.173515 0.838141
vt 0.173515 0.860002
vt 0.886273 0.721823
vt 0.871122 0.728007
vt 0.509132 0.977544
vt 0.301914 0.170079
vt 0.303988 0.194362
vt 0.525825 0.998633
vt 0.306156 0.205484
vt 0.267400 0.772850
vt 0.260327 0.785338
vt 0.260327 0.762383
vt 0.850642 0.748356
vt 0.858866 0.754749
vt 0.845035 0.778043
vt 0.814688 0.783152
vt 0.838371 0.788353
vt 0.785705 0.794741
vt 0.795164 0.774193
vt 0.799003 0.749831
vt 0.812403 0.755816
vt 0.831032 0.735738
vt 0.842334 0.730536
vt 0.717360 0.898847
vt 0.717360 0.876042
vt 0.728268 0.882899
vt 0.886273 0.824165
vt 0.895191 0.846422
vt 0.886273 0.853383
vt 0.835484 0.709789
vt 0.476122 0.969755
vt 0.453263 0.986495
vt 0.442606 0.991883
vt 0.824482 0.701384
vt 0.806810 0.719516
vt 0.786252 0.717592
vt 0.768216 0.720609
vt 0.782457 0.693138
vt 0.772512 0.740971
vt 0.764061 0.738928
vt 0.523335 0.162495
vt 0.533503 0.166822
vt 0.534642 0.197344
vt 0.758966 0.768986
vt 0.768021 0.760260
vt 0.771458 0.774840
vt 0.751245 0.787250
vt 0.544204 0.238350
vt 0.757116 0.811087
vt 0.766520 0.839944
vt 0.749429 0.821465
vt 0.790586 0.863504
vt 0.749537 0.845525
vt 0.768257 0.871012
vt 0.772260 0.882787
vt 0.766050 0.884149
vt 0.792941 0.904052
vt 0.319480 0.829670
vt 0.325866 0.845273
vt 0.310909 0.858391
vt 0.822568 0.902430
vt 0.811599 0.917728
vt 0.836715 0.909331
vt 0.825712 0.925483
vt 0.890103 0.646634
vt 0.857024 0.920332
vt 0.873860 0.652179
vt 0.869058 0.906020
vt 0.325866 0.873535
vt 0.618275 0.802256
vt 0.640099 0.804260
vt 0.602717 0.816404
vt 0.590075 0.818560
vt 0.629042 0.365334
vt 0.882010 0.030870
vt 0.891406 0.004749
vt 0.891406 0.050898
vt 0.658315 0.403982
vt 0.635576 0.427001
vt 0.653472 0.420615
vt 0.626826 0.445168
vt 0.681910 0.560947
vt 0.868061 0.441754
vt 0.676796 0.579789
vt 0.639070 0.610860
vt 0.619886 0.605774
vt 0.657487 0.564498
vt 0.637000 0.563260
vt 0.627222 0.561099
vt 0.651891 0.549602
vt 0.608689 0.560154
vt 0.611926 0.540179
vt 0.600822 0.541440
vt 0.601910 0.517283
vt 0.593521 0.519783
vt 0.618609 0.532434
vt 0.675237 0.540402
vt 0.886253 0.136553
vt 0.886253 0.158825
vt 0.865552 0.153625
vt 0.623088 0.499594
vt 0.628553 0.513854
vt 0.611000 0.520544
vt 0.253101 0.733887
vt 0.260327 0.740788
vt 0.615991 0.483705
vt 0.600161 0.479936
vt 0.089635 0.466867
vt 0.886273 0.824165
vt 0.886273 0.799863
vt 0.897376 0.810487
vt 0.875239 0.179717
vt 0.614714 0.364798
vt 0.616079 0.352047
vt 0.601725 0.344236
vt 0.573897 0.306642
vt 0.780830 0.917345
vt 0.549758 0.281693
vt 0.760843 0.885555
vt 0.745440 0.854608
vt 0.566758 0.294753
vt 0.554567 0.271342
vt 0.543580 0.249115
vt 0.749910 0.801534
vt 0.780358 0.926827
vt 0.787649 0.937527
vt 0.921605 0.667552
vt 0.897842 0.660990
vt 0.903846 0.643891
vt 0.919795 0.642979
vt 0.590075 0.802630
vt 0.539124 0.146839
vt 0.875033 0.743697
vt 0.870353 0.753444
vt 0.302898 0.259252
vt 0.311582 0.244770
vt 0.323945 0.258767
vt 0.330019 0.247752
vt 0.334414 0.224422
vt 0.321217 0.234903
vt 0.888410 0.051892
vt 0.350563 0.214188
vt 0.326056 0.829670
vt 0.348007 0.851293
vt 0.337440 0.212632
vt 0.316705 0.219767
vt 0.858179 0.788905
vt 0.301238 0.206712
vt 0.537462 1.000000
vt 0.301813 0.105998
vt 0.321749 0.121692
vt 0.304121 0.893111
vt 0.304121 0.875562
vt 0.320008 0.878637
vt 0.583207 0.445931
vt 0.418295 0.818988
vt 0.429883 0.800881
vt 0.312000 0.503919
vt 0.885265 0.270333
vt 0.519037 0.654494
vt 0.457638 0.665754
vt 0.436282 0.654389
vt 0.260557 0.828430
vt 0.267400 0.821186
vt 0.267400 0.843296
vt 0.260998 0.785338
vt 0.262942 0.792195
vt 0.260998 0.813631
vt 0.281877 0.025661
vt 0.423820 0.662177
vt 0.426956 0.636293
vt 0.441254 0.677994
vt 0.411175 0.654889
vt 0.897867 0.699023
vt 0.897867 0.723889
vt 0.886273 0.714399
vt 0.543604 0.828022
vt 0.461338 0.836753
vt 0.394577 0.898839
vt 0.139132 0.071116
vt 0.188668 0.035666
vt 0.899227 0.101459
vt 0.891002 0.081563
vt 0.899227 0.078562
vt 0.308804 0.693462
vt 0.339916 0.769352
vt 0.342114 0.787681
vt 0.358135 0.793344
vt 0.341350 0.801422
vt 0.802995 0.074736
vt 0.813910 0.089445
vt 0.803105 0.099537
vt 0.737293 0.758174
vt 0.714464 0.796564
vt 0.712094 0.769028
vt 0.726523 0.802256
vt 0.879990 0.000000
vt 0.864444 0.006546
vt 0.780848 0.028760
vt 0.038152 0.366438
vt 0.054771 0.364886
vt 0.160699 0.826988
vt 0.207965 0.466867
vt 0.782151 0.504812
vt 0.791903 0.520580
vt 0.745440 0.577880
vt 0.791464 0.544154
vt 0.815637 0.577513
vt 0.811236 0.597393
vt 0.601401 0.873704
vt 0.594078 0.884835
vt 0.590075 0.860393
vt 0.603996 0.858111
vt 0.603996 0.892848
vt 0.822995 0.588342
vt 0.781818 0.486174
vt 0.765061 0.476334
vt 0.184805 0.473334
vt 0.790293 0.239739
vt 0.789466 0.213921
vt 0.796944 0.244959
vt 0.399624 0.665260
vt 0.400399 0.651371
vt 0.409386 0.657724
vt 0.798996 0.207996
vt 0.797578 0.230936
vt 0.408146 0.683486
vt 0.092571 0.278964
vt 0.700775 0.892777
vt 0.886273 0.853383
vt 0.208988 0.393122
vt 0.746933 0.592795
vt 0.625502 0.890778
vt 0.870588 0.210450
s 1
usemtl FusedMaterial
f 4/1/1 1/2/2 2/3/3
f 2/3/3 10/4/4 4/1/1
f 11/5/5 10/4/4 2/3/3
f 1/2/2 810/6/6 2/3/3
f 2/3/3 810/6/6 3/7/7
f 4/1/1 800/8/8 1/2/2
f 810/6/6 1/2/2 800/8/8
f 799/9/9 4/10/1 9/11/10
f 651/12/11 799/9/9 5/13/12
f 6/14/13 5/13/12 799/9/9
f 6/14/13 799/9/9 9/11/10
f 9/11/10 4/10/1 10/15/4
f 10/4/4 11/5/5 12/16/14
f 12/17/14 11/18/5 14/19/15
f 12/17/14 14/19/15 13/20/16
f 16/21/17 14/22/15 809/23/18
f 11/5/5 809/23/18 14/22/15
f 16/21/17 18/24/19 15/25/20
f 16/21/17 15/25/20 14/22/15
f 18/24/19 17/26/21 15/25/20
f 19/27/22 17/28/21 18/29/19
f 19/27/22 18/29/19 20/30/23
f 20/30/23 22/31/24 19/27/22
f 21/32/25 17/28/21 19/27/22
f 19/27/22 22/31/24 21/32/25
f 24/33/26 25/34/27 23/35/28
f 548/36/29 31/37/30 24/33/26
f 31/38/30 548/39/29 26/40/31
f 27/41/32 28/42/33 26/40/31
f 28/42/33 31/38/30 26/40/31
f 29/43/34 31/38/30 28/42/33
f 31/37/30 29/44/34 30/45/35
f 31/37/30 30/45/35 25/34/27
f 25/34/27 24/33/26 31/37/30
f 185/46/36 33/47/37 25/34/27
f 32/48/38 33/47/37 185/46/36
f 33/47/37 32/48/38 34/49/39
f 35/50/40 39/51/41 34/49/39
f 35/50/40 34/49/39 36/52/42
f 37/53/43 35/54/40 36/55/42
f 35/54/40 43/56/44 1006/57/45
f 38/58/46 34/49/39 39/51/41
f 38/58/46 39/51/41 21/59/25
f 41/60/47 39/51/41 1006/61/45
f 39/51/41 41/60/47 21/59/25
f 22/62/24 23/35/28 21/59/25
f 38/58/46 21/59/25 23/35/28
f 33/63/37 38/64/46 23/65/28
f 17/26/21 21/59/25 41/60/47
f 41/60/47 40/66/48 15/25/20
f 17/67/21 41/68/47 15/69/20
f 42/70/49 43/56/44 44/71/50
f 46/72/51 1007/73/52 45/74/53
f 44/71/50 45/75/53 1007/76/52
f 43/56/44 45/75/53 44/71/50
f 47/77/54 48/78/55 44/71/50
f 48/78/55 12/17/14 13/20/16
f 49/79/56 12/17/14 48/78/55
f 629/80/57 49/79/56 50/81/58
f 50/82/58 1009/83/59 52/84/60
f 50/85/58 52/86/60 51/87/61
f 51/88/61 52/89/60 632/90/62
f 52/89/60 633/91/63 632/90/62
f 53/92/64 633/93/63 52/94/60
f 53/95/64 54/96/65 633/97/63
f 54/96/65 627/98/66 633/97/63
f 55/99/67 54/96/65 53/95/64
f 625/100/68 54/96/65 55/99/67
f 56/101/69 59/102/70 571/103/71
f 571/103/71 59/102/70 60/104/72
f 59/102/70 1007/76/52 60/104/72
f 1007/76/52 61/105/73 60/104/72
f 620/106/74 61/105/73 62/107/75
f 63/108/76 65/109/77 64/110/78
f 66/111/79 67/112/80 65/113/77
f 67/112/80 66/111/79 182/114/81
f 68/115/82 67/112/80 70/116/83
f 68/115/82 70/116/83 579/117/84
f 580/118/85 70/116/83 581/119/86
f 70/116/83 69/120/87 581/119/86
f 70/116/83 71/121/88 69/120/87
f 71/121/88 70/116/83 67/112/80
f 67/122/80 182/123/81 71/124/88
f 71/121/88 183/125/89 69/120/87
f 183/125/89 72/126/90 69/120/87
f 74/127/91 72/126/90 79/128/92
f 73/129/93 74/127/91 79/128/92
f 72/126/90 74/127/91 582/130/94
f 582/130/94 74/127/91 75/131/95
f 76/132/96 84/133/97 75/134/95
f 76/132/96 75/134/95 77/135/98
f 75/134/95 73/136/93 77/135/98
f 81/137/99 77/135/98 78/138/100
f 73/136/93 79/139/92 78/138/100
f 78/138/100 79/139/92 1021/140/101
f 1021/140/101 79/139/92 80/141/102
f 178/142/103 1010/143/104 179/144/105
f 151/145/106 179/144/105 1010/143/104
f 179/144/105 151/145/106 81/137/99
f 81/137/99 1021/140/101 179/144/105
f 81/137/99 82/146/107 77/135/98
f 82/146/107 1011/147/108 77/135/98
f 1011/147/108 76/132/96 77/135/98
f 1011/147/108 83/148/109 76/132/96
f 1011/147/108 1012/149/110 83/148/109
f 83/148/109 149/150/111 76/132/96
f 76/132/96 149/150/111 84/133/97
f 84/133/97 86/151/112 85/152/113
f 86/151/112 247/153/114 244/154/115
f 985/155/116 247/153/114 147/156/117
f 147/156/117 87/157/118 985/155/116
f 146/158/119 87/157/118 147/156/117
f 146/158/119 144/159/120 87/157/118
f 88/160/121 87/157/118 144/159/120
f 985/155/116 87/157/118 88/160/121
f 89/161/122 248/162/123 984/163/124
f 984/163/124 248/162/123 278/164/125
f 90/165/126 249/166/127 248/162/123
f 137/167/128 249/168/127 90/169/126
f 254/170/129 137/167/128 91/171/130
f 137/167/128 254/170/129 249/168/127
f 253/172/131 249/168/127 254/170/129
f 92/173/132 254/170/129 1014/174/133
f 1014/174/133 254/170/129 91/171/130
f 254/170/129 92/173/132 256/175/134
f 256/175/134 92/173/132 403/176/135
f 94/177/136 93/178/137 1014/174/133
f 93/178/137 94/177/136 95/179/138
f 94/177/136 407/180/139 95/179/138
f 407/180/139 97/181/140 96/182/141
f 407/180/139 96/182/141 408/183/142
f 96/182/141 97/181/140 98/184/143
f 97/181/140 135/185/144 98/184/143
f 410/186/145 121/187/146 1016/188/147
f 410/186/145 1016/188/147 99/189/148
f 100/190/149 410/186/145 99/189/148
f 100/190/149 409/191/150 410/186/145
f 409/192/150 101/193/151 411/194/152
f 101/193/151 409/192/150 100/195/149
f 101/193/151 102/196/153 412/197/154
f 103/198/155 288/199/156 102/196/153
f 106/200/157 288/199/156 103/198/155
f 288/199/156 106/200/157 104/201/158
f 104/201/158 238/202/159 289/203/160
f 238/202/159 104/201/158 237/204/161
f 104/201/158 105/205/162 236/206/163
f 107/207/164 105/205/162 106/200/157
f 107/207/164 232/208/165 105/205/162
f 986/209/166 107/207/164 103/198/155
f 107/207/164 106/200/157 103/198/155
f 105/205/162 104/201/158 106/200/157
f 109/210/167 108/211/168 110/212/169
f 110/212/169 111/213/170 114/214/171
f 110/212/169 108/211/168 111/213/170
f 110/212/169 114/214/171 112/215/172
f 114/216/171 113/217/173 112/218/172
f 112/215/172 987/219/174 109/210/167
f 109/210/167 110/212/169 112/215/172
f 114/216/171 116/220/175 113/217/173
f 116/220/175 115/221/176 113/217/173
f 114/216/171 117/222/177 116/220/175
f 118/223/178 116/220/175 117/222/177
f 116/220/175 118/223/178 119/224/179
f 1016/188/147 119/224/179 118/223/178
f 121/187/146 120/225/180 119/224/179
f 120/225/180 121/187/146 123/226/181
f 120/225/180 123/226/181 124/227/182
f 123/226/181 125/228/183 124/227/182
f 126/229/184 125/228/183 128/230/185
f 124/227/182 126/229/184 127/231/186
f 120/225/180 124/227/182 127/231/186
f 127/231/186 126/229/184 128/230/185
f 127/231/186 128/230/185 130/232/187
f 130/233/187 128/234/185 129/235/188
f 129/235/188 128/234/185 132/236/189
f 129/235/188 131/237/190 130/233/187
f 129/235/188 132/236/189 131/237/190
f 131/238/190 132/239/189 145/240/191
f 132/239/189 133/241/192 145/240/191
f 133/241/192 134/242/193 145/240/191
f 144/159/120 134/243/193 141/244/194
f 128/234/185 134/243/193 133/245/192
f 141/244/194 134/243/193 128/234/185
f 125/246/183 141/244/194 128/234/185
f 125/246/183 142/247/195 141/244/194
f 143/248/196 142/249/195 1015/250/197
f 123/226/181 1015/250/197 142/249/195
f 135/185/144 1015/250/197 123/226/181
f 135/185/144 123/226/181 122/251/198
f 122/251/198 121/187/146 410/186/145
f 123/226/181 121/187/146 122/251/198
f 135/185/144 122/251/198 98/184/143
f 98/184/143 122/251/198 410/186/145
f 136/252/199 135/185/144 97/181/140
f 136/252/199 1015/250/197 135/185/144
f 137/167/128 143/248/196 136/252/199
f 91/171/130 137/167/128 94/177/136
f 136/252/199 94/177/136 137/167/128
f 138/253/200 137/167/128 90/169/126
f 138/254/200 90/165/126 89/161/122
f 138/254/200 89/161/122 139/255/201
f 984/163/124 139/255/201 89/161/122
f 139/255/201 984/163/124 88/160/121
f 144/159/120 139/255/201 88/160/121
f 139/256/201 144/257/120 140/258/202
f 141/259/194 140/258/202 144/257/120
f 140/260/202 138/254/200 139/255/201
f 142/247/195 138/254/200 140/260/202
f 143/261/196 137/262/128 138/254/200
f 143/261/196 138/254/200 142/247/195
f 142/247/195 140/260/202 141/244/194
f 134/243/193 144/159/120 146/158/119
f 134/243/193 146/158/119 145/263/191
f 145/263/191 146/158/119 148/264/203
f 146/158/119 147/156/117 148/264/203
f 148/264/203 147/156/117 86/151/112
f 86/151/112 147/156/117 247/153/114
f 148/264/203 86/151/112 149/150/111
f 83/148/109 1013/265/204 149/150/111
f 150/266/205 1013/265/204 1012/149/110
f 131/237/190 1013/265/204 150/266/205
f 150/266/205 1012/149/110 1011/147/108
f 150/266/205 1011/147/108 82/146/107
f 159/267/206 150/266/205 82/146/107
f 159/267/206 82/146/107 151/145/106
f 82/146/107 81/137/99 151/145/106
f 159/267/206 151/145/106 1010/143/104
f 193/268/207 159/267/206 1010/143/104
f 152/269/208 160/270/209 159/271/206
f 159/271/206 193/272/207 152/269/208
f 154/273/210 155/274/211 153/275/212
f 155/274/211 158/276/213 160/270/209
f 156/277/214 158/276/213 155/274/211
f 157/278/215 158/276/213 156/277/214
f 116/220/175 157/278/215 156/277/214
f 116/220/175 119/224/179 157/278/215
f 158/276/213 157/278/215 120/225/180
f 120/225/180 127/231/186 158/276/213
f 158/276/213 127/231/186 160/270/209
f 160/270/209 127/231/186 130/232/187
f 130/232/187 159/271/206 160/270/209
f 130/233/187 150/266/205 159/267/206
f 130/233/187 131/237/190 150/266/205
f 155/274/211 160/270/209 153/275/212
f 119/224/179 120/225/180 157/278/215
f 156/277/214 168/279/216 115/221/176
f 116/220/175 156/277/214 115/221/176
f 168/279/216 154/273/210 161/280/217
f 161/280/217 154/273/210 162/281/218
f 162/281/218 154/273/210 153/275/212
f 153/275/212 160/270/209 162/281/218
f 162/281/218 160/270/209 152/269/208
f 162/281/218 152/269/208 177/282/219
f 163/283/220 161/280/217 162/281/218
f 164/284/221 167/285/222 161/280/217
f 161/280/217 163/283/220 165/286/223
f 173/287/224 163/283/220 174/288/225
f 173/287/224 165/286/223 163/283/220
f 164/284/221 161/280/217 165/286/223
f 164/284/221 165/286/223 173/287/224
f 115/221/176 168/279/216 167/285/222
f 167/285/222 113/217/173 115/221/176
f 166/289/226 113/217/173 167/285/222
f 166/289/226 169/290/227 112/218/172
f 170/291/228 169/292/227 166/293/226
f 169/292/227 170/291/228 987/219/174
f 170/291/228 988/294/229 987/219/174
f 171/295/230 988/294/229 170/291/228
f 171/295/230 170/291/228 992/296/231
f 992/297/231 170/298/228 166/289/226
f 172/299/232 992/297/231 166/289/226
f 174/288/225 219/300/233 173/287/224
f 219/300/233 174/288/225 175/301/234
f 174/288/225 176/302/235 175/301/234
f 174/288/225 163/283/220 176/302/235
f 163/283/220 162/281/218 176/302/235
f 162/281/218 177/282/219 176/302/235
f 177/282/219 152/269/208 193/272/207
f 1010/143/104 178/142/103 192/303/236
f 191/304/237 192/303/236 178/142/103
f 178/305/103 187/306/238 186/307/239
f 179/144/105 180/308/240 178/142/103
f 180/309/240 187/306/238 178/305/103
f 187/310/238 180/308/240 80/141/102
f 180/308/240 1021/140/101 80/141/102
f 179/144/105 1021/140/101 180/308/240
f 79/139/92 1003/311/241 80/141/102
f 1003/311/241 79/139/92 72/312/90
f 72/312/90 183/313/89 1003/311/241
f 182/114/81 183/125/89 71/121/88
f 181/314/242 183/125/89 182/114/81
f 66/111/79 181/314/242 182/114/81
f 37/53/43 36/55/42 183/315/89
f 184/316/243 185/46/36 25/34/27
f 25/34/27 210/317/244 184/316/243
f 184/316/243 32/48/38 185/46/36
f 209/318/245 187/310/238 210/317/244
f 210/317/244 1003/311/241 184/316/243
f 80/141/102 210/317/244 187/310/238
f 187/306/238 189/319/246 186/307/239
f 186/307/239 189/319/246 190/320/247
f 191/321/237 186/307/239 190/320/247
f 191/321/237 178/305/103 186/307/239
f 193/268/207 1010/143/104 192/303/236
f 1002/322/248 177/282/219 193/272/207
f 176/302/235 177/282/219 1002/322/248
f 218/323/249 196/324/250 197/325/251
f 218/323/249 195/326/252 196/324/250
f 196/324/250 198/327/253 199/328/254
f 198/329/253 201/330/255 199/331/254
f 193/268/207 200/332/256 198/329/253
f 198/329/253 200/332/256 201/330/255
f 200/332/256 1000/333/257 201/330/255
f 1000/333/257 999/334/258 206/335/259
f 206/335/259 201/330/255 1000/333/257
f 202/336/260 201/330/255 206/335/259
f 202/336/260 199/331/254 201/330/255
f 196/324/250 199/328/254 203/337/261
f 196/324/250 203/337/261 197/325/251
f 202/336/260 206/335/259 205/338/262
f 204/339/263 202/336/260 205/338/262
f 205/338/262 206/335/259 207/340/264
f 999/334/258 207/340/264 206/335/259
f 208/341/265 211/342/266 207/343/264
f 999/334/258 188/344/267 207/340/264
f 188/344/267 208/345/265 207/340/264
f 188/344/267 189/346/246 208/345/265
f 189/346/246 209/318/245 208/345/265
f 187/306/238 209/347/245 189/319/246
f 30/45/35 209/318/245 210/317/244
f 210/317/244 25/34/27 30/45/35
f 209/318/245 29/44/34 208/345/265
f 209/318/245 30/45/35 29/44/34
f 208/341/265 29/43/34 211/342/266
f 205/338/262 207/340/264 211/348/266
f 205/349/262 211/350/266 27/351/32
f 211/352/266 28/353/33 27/354/32
f 211/342/266 29/43/34 28/42/33
f 212/355/268 205/338/262 27/356/32
f 213/357/269 212/358/268 547/359/270
f 212/355/268 549/360/271 547/361/270
f 213/362/269 214/363/272 212/364/268
f 214/365/272 204/339/263 212/355/268
f 204/339/263 205/338/262 212/355/268
f 214/366/272 213/357/269 215/367/273
f 215/367/273 213/357/269 550/368/274
f 215/369/273 550/370/274 216/371/275
f 216/372/275 550/368/274 551/373/276
f 215/369/273 216/371/275 217/374/277
f 216/371/275 218/375/249 217/374/277
f 197/325/251 217/376/277 218/323/249
f 998/377/278 220/378/279 218/323/249
f 218/323/249 220/378/279 195/326/252
f 220/378/279 194/379/280 195/326/252
f 194/379/280 220/378/279 175/301/234
f 175/301/234 195/326/252 194/379/280
f 175/301/234 220/378/279 219/300/233
f 997/380/281 219/300/233 220/378/279
f 998/377/278 223/381/282 220/378/279
f 223/381/282 997/380/281 220/378/279
f 997/380/281 223/381/282 224/382/283
f 221/383/284 216/384/275 222/385/285
f 221/386/284 222/387/285 601/388/286
f 601/388/286 223/389/282 221/386/284
f 224/390/283 601/391/286 602/392/287
f 223/389/282 601/388/286 224/393/283
f 224/390/283 602/392/287 600/394/288
f 600/394/288 225/395/289 224/390/283
f 225/396/289 600/397/288 996/398/290
f 600/399/288 604/400/291 996/401/290
f 996/401/290 604/400/291 599/402/292
f 996/401/290 599/402/292 226/403/293
f 228/404/294 227/405/295 616/406/296
f 226/403/293 227/405/295 228/404/294
f 616/406/296 229/407/297 228/404/294
f 576/408/298 597/409/299 616/406/296
f 229/407/297 616/406/296 597/409/299
f 597/409/299 230/410/300 229/407/297
f 988/294/229 989/411/301 230/410/300
f 231/412/302 988/294/229 230/410/300
f 231/412/302 230/410/300 596/413/303
f 231/412/302 596/413/303 232/208/165
f 107/207/164 231/412/302 232/208/165
f 596/414/303 233/415/304 232/416/165
f 236/417/163 232/416/165 234/418/305
f 232/416/165 233/415/304 234/418/305
f 233/415/304 592/419/306 234/418/305
f 234/418/305 235/420/307 237/421/161
f 235/420/307 591/422/308 237/421/161
f 236/206/163 237/204/161 104/201/158
f 591/422/308 239/423/309 237/421/161
f 237/421/161 239/423/309 238/424/159
f 238/424/159 239/423/309 287/425/310
f 240/426/311 239/423/309 590/427/312
f 239/423/309 240/426/311 241/428/313
f 283/429/314 241/428/313 281/430/315
f 281/430/315 241/428/313 242/431/316
f 243/432/317 244/433/115 242/431/316
f 242/431/316 244/433/115 245/434/318
f 247/153/114 245/435/318 244/154/115
f 246/436/319 273/437/320 245/435/318
f 246/436/319 245/435/318 247/153/114
f 247/153/114 984/163/124 246/436/319
f 272/438/321 984/163/124 278/164/125
f 272/438/321 246/436/319 984/163/124
f 89/161/122 90/165/126 248/162/123
f 280/439/322 278/164/125 248/162/123
f 249/166/127 280/439/322 248/162/123
f 249/166/127 253/440/131 280/439/322
f 279/441/323 280/439/322 252/442/324
f 250/443/325 279/441/323 251/444/326
f 260/445/327 261/446/328 251/444/326
f 252/442/324 260/445/327 251/444/326
f 259/447/329 260/448/327 252/449/324
f 259/447/329 252/449/324 253/450/131
f 255/451/330 259/447/329 253/450/131
f 254/170/129 255/452/330 253/172/131
f 254/170/129 256/175/134 255/452/330
f 257/453/331 255/452/330 256/175/134
f 255/451/330 258/454/332 259/447/329
f 257/453/331 258/455/332 255/452/330
f 397/456/333 259/447/329 258/454/332
f 259/447/329 397/456/333 398/457/334
f 398/457/334 260/448/327 259/447/329
f 262/458/335 261/446/328 260/445/327
f 262/458/335 983/459/336 261/446/328
f 262/460/335 399/461/337 263/462/338
f 263/462/338 399/461/337 264/463/339
f 264/464/339 981/465/340 263/466/338
f 980/467/341 337/468/342 336/469/343
f 980/467/341 334/470/344 265/471/345
f 265/471/345 334/470/344 332/472/346
f 265/471/345 979/473/347 980/467/341
f 265/471/345 327/474/348 266/475/349
f 266/475/349 327/474/348 331/476/350
f 267/477/351 266/475/349 331/476/350
f 978/478/352 267/477/351 268/479/353
f 268/479/353 267/477/351 269/480/354
f 268/479/353 269/480/354 270/481/355
f 271/482/356 268/479/353 270/481/355
f 278/164/125 250/443/325 271/482/356
f 271/482/356 270/481/355 272/438/321
f 273/437/320 272/438/321 270/481/355
f 270/481/355 276/483/357 273/437/320
f 273/484/320 275/485/358 274/486/359
f 276/487/357 275/485/358 273/484/320
f 322/488/360 275/485/358 276/487/357
f 322/488/360 277/489/361 275/485/358
f 277/489/361 274/486/359 275/485/358
f 245/434/318 273/484/320 274/486/359
f 242/431/316 245/434/318 274/486/359
f 242/431/316 274/486/359 277/489/361
f 242/431/316 277/489/361 281/430/315
f 272/438/321 273/437/320 246/436/319
f 280/439/322 279/441/323 250/443/325
f 280/439/322 250/443/325 278/164/125
f 271/482/356 272/438/321 278/164/125
f 281/430/315 277/489/361 282/490/362
f 282/490/362 283/429/314 281/430/315
f 241/428/313 283/429/314 285/491/363
f 285/491/363 239/423/309 241/428/313
f 285/491/363 296/492/364 284/493/365
f 284/493/365 286/494/366 285/491/363
f 287/425/310 285/491/363 286/494/366
f 289/203/160 238/202/159 286/495/366
f 286/495/366 238/202/159 287/496/310
f 293/497/367 290/498/368 289/203/160
f 290/498/368 293/497/367 291/499/369
f 293/497/367 292/500/370 291/499/369
f 426/501/371 290/498/368 291/499/369
f 291/499/369 292/500/370 426/501/371
f 292/500/370 293/497/367 294/502/372
f 294/502/372 298/503/373 292/500/370
f 289/203/160 294/502/372 293/497/367
f 294/504/372 284/493/365 298/505/373
f 284/506/365 297/507/374 298/508/373
f 284/493/365 295/509/375 297/510/374
f 296/492/364 295/509/375 284/493/365
f 298/511/373 297/512/374 300/513/376
f 299/514/377 300/515/376 321/516/378
f 302/517/379 300/518/376 299/519/377
f 292/500/370 300/520/376 301/521/380
f 301/522/380 300/523/376 302/524/379
f 302/525/379 299/526/377 304/527/381
f 302/525/379 303/528/382 301/521/380
f 303/528/382 302/525/379 304/527/381
f 306/529/383 303/530/382 305/531/384
f 305/532/384 319/533/385 314/534/386
f 305/532/384 314/534/386 310/535/387
f 308/536/388 306/537/383 310/535/387
f 305/532/384 310/535/387 306/537/383
f 308/538/388 461/539/389 307/540/390
f 461/541/389 308/536/388 460/542/391
f 460/542/391 308/536/388 309/543/392
f 460/542/391 309/543/392 462/544/393
f 309/543/392 464/545/394 462/544/393
f 309/543/392 311/546/395 464/545/394
f 309/543/392 310/535/387 311/546/395
f 314/534/386 311/546/395 310/535/387
f 464/545/394 311/546/395 467/547/396
f 467/547/396 312/548/397 466/549/398
f 313/550/399 312/548/397 467/547/396
f 311/546/395 313/550/399 467/547/396
f 311/546/395 314/534/386 313/550/399
f 315/551/400 313/550/399 314/534/386
f 316/552/401 317/553/402 315/554/400
f 315/554/400 317/553/402 313/555/399
f 317/553/402 316/552/401 325/556/403
f 325/556/403 316/552/401 324/557/404
f 318/558/405 324/557/404 316/552/401
f 282/490/362 324/557/404 318/558/405
f 322/488/360 324/557/404 282/490/362
f 318/558/405 283/429/314 282/490/362
f 283/429/314 318/558/405 296/492/364
f 296/492/364 285/491/363 283/429/314
f 295/509/375 296/492/364 318/558/405
f 295/559/375 318/560/405 316/561/401
f 316/552/401 315/554/400 295/509/375
f 295/509/375 315/554/400 319/562/385
f 297/563/374 295/564/375 319/533/385
f 305/532/384 297/563/374 319/533/385
f 297/565/374 305/531/384 320/566/406
f 321/567/378 297/565/374 320/566/406
f 321/567/378 320/566/406 304/568/381
f 299/569/377 321/567/378 304/568/381
f 304/568/381 320/566/406 305/531/384
f 303/530/382 304/568/381 305/531/384
f 319/533/385 315/551/400 314/534/386
f 277/489/361 322/488/360 282/490/362
f 323/570/407 322/488/360 276/487/357
f 276/487/357 269/571/354 323/570/407
f 270/481/355 269/480/354 276/483/357
f 324/557/404 323/570/407 269/571/354
f 324/557/404 269/571/354 326/572/408
f 322/488/360 323/570/407 324/557/404
f 324/557/404 326/572/408 325/556/403
f 267/477/351 331/476/350 326/573/408
f 267/574/351 326/572/408 269/571/354
f 327/575/348 326/576/408 331/577/350
f 325/578/403 326/579/408 328/580/409
f 326/581/408 327/582/348 328/583/409
f 325/584/403 328/585/409 329/586/410
f 329/586/410 330/587/411 317/588/402
f 312/589/397 317/588/402 330/587/411
f 330/587/411 329/586/410 853/590/412
f 312/548/397 330/591/411 853/592/412
f 332/593/346 853/590/412 329/586/410
f 853/590/412 332/593/346 333/594/413
f 327/595/348 332/593/346 328/585/409
f 327/474/348 265/471/345 332/472/346
f 333/596/413 332/472/346 334/470/344
f 334/470/344 335/597/414 333/596/413
f 335/597/414 334/470/344 336/469/343
f 335/597/414 336/469/343 345/598/415
f 336/469/343 334/470/344 980/467/341
f 343/599/416 336/600/343 337/601/342
f 344/602/417 336/469/343 343/603/416
f 339/604/418 337/468/342 981/465/340
f 339/604/418 981/465/340 264/464/339
f 339/605/418 264/463/339 338/606/419
f 338/606/419 340/607/420 339/605/418
f 340/607/420 338/606/419 394/608/421
f 394/608/421 391/609/422 340/607/420
f 340/607/420 343/599/416 339/605/418
f 343/599/416 337/601/342 339/605/418
f 342/610/423 343/599/416 341/611/424
f 967/612/425 342/610/423 341/611/424
f 967/612/425 976/613/426 342/610/423
f 343/599/416 971/614/427 344/615/417
f 971/614/427 345/616/415 344/615/417
f 344/602/417 345/598/415 336/469/343
f 345/598/415 346/617/428 335/597/414
f 346/617/428 345/598/415 347/618/429
f 354/619/430 347/618/429 348/620/431
f 354/619/430 350/621/432 349/622/433
f 354/619/430 352/623/434 350/621/432
f 349/622/433 350/621/432 351/624/435
f 689/625/436 351/624/435 350/621/432
f 689/625/436 350/621/432 701/626/437
f 701/626/437 350/621/432 352/623/434
f 352/623/434 844/627/438 701/626/437
f 353/628/439 844/627/438 352/623/434
f 355/629/440 352/630/434 354/631/430
f 353/628/439 352/623/434 355/632/440
f 353/633/439 355/629/440 357/634/441
f 357/634/441 841/635/442 353/633/439
f 842/636/443 357/634/441 358/637/444
f 358/637/444 843/638/445 842/636/443
f 358/637/444 847/639/446 843/638/445
f 358/637/444 356/640/447 359/641/448
f 360/642/449 359/641/448 356/640/447
f 976/613/426 361/643/450 360/642/449
f 362/644/451 850/645/452 361/643/450
f 850/645/452 362/644/451 363/646/453
f 849/647/454 850/645/452 364/648/455
f 380/649/456 849/647/454 364/648/455
f 380/649/456 364/648/455 365/650/457
f 851/651/458 848/652/459 380/649/456
f 779/653/460 366/654/461 851/651/458
f 851/651/458 366/654/461 367/655/462
f 366/654/461 369/656/463 367/655/462
f 370/657/464 369/658/463 366/659/461
f 367/655/462 369/656/463 368/660/465
f 368/660/465 369/656/463 371/661/466
f 375/662/467 371/663/466 370/664/464
f 370/665/464 371/666/466 369/667/463
f 371/663/466 375/662/467 373/668/468
f 373/668/468 372/669/469 371/663/466
f 832/670/470 831/671/471 373/672/468
f 373/668/468 831/673/471 372/669/469
f 832/674/470 373/675/468 374/676/472
f 374/677/472 373/678/468 375/679/467
f 370/680/464 376/681/473 375/682/467
f 830/683/474 375/682/467 376/681/473
f 376/681/473 378/684/475 830/683/474
f 377/685/476 378/686/475 376/687/473
f 830/683/474 378/684/475 829/688/477
f 379/689/478 780/690/479 377/685/476
f 376/687/473 370/691/464 377/685/476
f 377/692/476 370/657/464 366/659/461
f 366/654/461 379/693/478 377/694/476
f 779/653/460 780/695/479 379/693/478
f 379/693/478 366/654/461 779/653/460
f 380/649/456 779/653/460 851/651/458
f 365/696/457 381/697/480 380/698/456
f 778/699/481 380/649/456 381/700/480
f 382/701/482 778/702/481 381/703/480
f 383/704/483 381/700/480 365/650/457
f 384/705/484 963/706/485 383/707/483
f 383/704/483 385/708/486 384/709/484
f 487/710/487 385/708/486 364/648/455
f 364/648/455 363/646/453 487/710/487
f 386/711/488 487/710/487 363/646/453
f 387/712/489 487/710/487 386/711/488
f 386/711/488 969/713/490 387/712/489
f 387/712/489 969/713/490 447/714/491
f 447/714/491 969/713/490 388/715/492
f 969/713/490 389/716/493 388/715/492
f 389/716/493 969/713/490 968/717/494
f 341/611/424 390/718/495 967/612/425
f 390/718/495 341/611/424 391/609/422
f 390/718/495 393/719/496 389/716/493
f 389/716/493 393/719/496 392/720/497
f 395/721/498 392/720/497 393/719/496
f 395/721/498 393/719/496 394/608/421
f 395/721/498 394/608/421 338/606/419
f 395/721/498 338/606/419 396/722/499
f 396/722/499 338/606/419 397/456/333
f 338/606/419 398/457/334 397/456/333
f 338/606/419 264/463/339 399/461/337
f 398/457/334 338/606/419 399/461/337
f 399/461/337 262/460/335 398/457/334
f 398/457/334 262/460/335 260/448/327
f 396/722/499 397/456/333 400/723/500
f 400/723/500 397/456/333 401/724/501
f 401/724/501 397/456/333 258/454/332
f 257/453/331 401/725/501 258/455/332
f 257/453/331 256/175/134 402/726/502
f 402/726/502 256/175/134 403/176/135
f 404/727/503 436/728/504 403/176/135
f 436/728/504 402/726/502 403/176/135
f 418/729/505 436/728/504 404/727/503
f 418/729/505 405/730/506 417/731/507
f 415/732/508 417/731/507 405/730/506
f 407/180/139 406/733/509 95/179/138
f 407/180/139 408/183/142 406/733/509
f 409/191/150 98/184/143 410/186/145
f 408/183/142 96/182/141 409/191/150
f 409/191/150 96/182/141 98/184/143
f 409/191/150 411/734/152 408/183/142
f 414/735/510 415/736/508 411/194/152
f 414/735/510 411/194/152 412/197/154
f 412/197/154 413/737/511 414/735/510
f 288/199/156 412/197/154 102/196/153
f 413/737/511 412/197/154 288/199/156
f 288/199/156 289/203/160 413/737/511
f 289/203/160 290/498/368 413/737/511
f 290/498/368 414/735/510 413/737/511
f 426/501/371 414/735/510 290/498/368
f 414/735/510 416/738/512 415/736/508
f 426/501/371 416/738/512 414/735/510
f 406/733/509 411/734/152 415/732/508
f 415/732/508 405/730/506 406/733/509
f 966/739/513 406/733/509 405/730/506
f 416/738/512 417/740/507 415/736/508
f 422/741/514 417/731/507 416/742/512
f 417/731/507 420/743/515 418/729/505
f 419/744/516 965/745/517 434/746/518
f 965/747/517 419/748/516 420/743/515
f 422/741/514 420/743/515 417/731/507
f 420/743/515 422/741/514 421/749/519
f 421/749/519 965/747/517 420/743/515
f 428/750/520 430/751/521 421/752/519
f 422/753/514 428/750/520 421/752/519
f 428/750/520 423/754/522 425/755/523
f 423/754/522 428/750/520 424/756/524
f 424/756/524 301/521/380 423/754/522
f 301/521/380 424/756/524 426/501/371
f 426/501/371 292/500/370 301/521/380
f 416/738/512 426/501/371 422/753/514
f 424/756/524 422/753/514 426/501/371
f 428/750/520 422/753/514 424/756/524
f 303/528/382 423/754/522 301/521/380
f 423/754/522 303/528/382 425/755/523
f 306/757/383 425/755/523 303/528/382
f 430/751/521 428/750/520 452/758/525
f 430/751/521 429/759/526 421/752/519
f 429/760/526 965/747/517 421/749/519
f 451/761/527 443/762/528 429/763/526
f 429/763/526 430/764/521 451/761/527
f 452/758/525 451/765/527 430/751/521
f 451/761/527 444/766/529 443/762/528
f 443/767/528 442/768/530 431/769/531
f 431/770/531 437/771/532 432/772/533
f 431/770/531 440/773/534 437/771/532
f 429/760/526 431/774/531 432/775/533
f 440/773/534 439/776/535 437/771/532
f 437/777/532 433/778/536 432/775/533
f 432/775/533 433/778/536 965/747/517
f 433/778/536 437/777/532 401/725/501
f 401/724/501 437/771/532 400/723/500
f 434/779/518 401/725/501 257/453/331
f 435/780/537 434/746/518 257/781/331
f 435/782/537 257/453/331 402/726/502
f 402/726/502 436/728/504 435/782/537
f 418/729/505 435/782/537 436/728/504
f 418/729/505 419/748/516 435/782/537
f 419/744/516 434/746/518 435/780/537
f 434/779/518 433/778/536 401/725/501
f 433/778/536 434/779/518 965/747/517
f 439/776/535 400/723/500 437/771/532
f 439/776/535 396/722/499 400/723/500
f 395/721/498 396/722/499 438/783/538
f 439/776/535 438/783/538 396/722/499
f 392/720/497 395/721/498 438/783/538
f 439/776/535 440/773/534 438/783/538
f 440/773/534 392/720/497 438/783/538
f 440/773/534 441/784/539 392/720/497
f 441/784/539 389/716/493 392/720/497
f 440/773/534 388/715/492 441/784/539
f 442/785/530 388/715/492 440/773/534
f 442/785/530 440/773/534 431/770/531
f 445/786/540 388/715/492 442/785/530
f 442/787/530 443/762/528 445/788/540
f 444/766/529 445/788/540 443/762/528
f 444/789/529 449/790/541 446/791/542
f 446/791/542 445/792/540 444/789/529
f 445/786/540 447/714/491 388/715/492
f 446/793/542 447/714/491 445/786/540
f 448/794/543 446/791/542 449/790/541
f 484/795/544 446/791/542 448/794/543
f 446/793/542 484/796/544 447/714/491
f 484/796/544 387/712/489 447/714/491
f 448/794/543 449/790/541 486/797/545
f 450/798/546 486/797/545 449/790/541
f 449/799/541 444/800/529 450/801/546
f 450/802/546 444/803/529 451/765/527
f 451/765/527 454/804/547 450/802/546
f 452/758/525 454/804/547 451/765/527
f 427/805/548 461/541/389 453/806/549
f 427/807/548 307/540/390 461/539/389
f 307/540/390 427/807/548 306/757/383
f 427/807/548 425/755/523 306/757/383
f 453/806/549 461/541/389 454/808/547
f 454/808/547 461/541/389 455/809/550
f 454/804/547 457/810/551 450/802/546
f 457/811/551 486/812/545 450/813/546
f 457/814/551 454/808/547 455/809/550
f 456/815/552 455/809/550 460/542/391
f 457/814/551 456/815/552 486/816/545
f 486/816/545 456/815/552 483/817/553
f 456/815/552 458/818/554 483/817/553
f 459/819/555 477/820/556 458/818/554
f 462/544/393 472/821/557 460/542/391
f 460/542/391 472/821/557 459/819/555
f 455/809/550 461/541/389 460/542/391
f 456/815/552 460/542/391 459/819/555
f 472/821/557 462/544/393 463/822/558
f 469/823/559 463/822/558 462/544/393
f 464/545/394 469/823/559 462/544/393
f 464/545/394 465/824/560 469/823/559
f 464/545/394 467/547/396 465/824/560
f 465/824/560 467/547/396 466/549/398
f 466/549/398 694/825/561 465/824/560
f 465/824/560 694/825/561 468/826/562
f 470/827/563 469/828/559 468/829/562
f 465/824/560 468/826/562 469/823/559
f 470/830/563 468/831/562 471/832/564
f 471/833/564 463/822/558 470/834/563
f 475/835/565 463/822/558 471/833/564
f 475/835/565 471/833/564 473/836/566
f 473/836/566 471/833/564 474/837/567
f 692/838/568 474/839/567 471/840/564
f 858/841/569 475/835/565 473/836/566
f 858/842/569 476/843/570 475/844/565
f 881/845/571 477/820/556 476/846/570
f 472/821/557 476/846/570 477/820/556
f 459/819/555 472/821/557 477/820/556
f 478/847/572 964/848/573 477/820/556
f 478/847/572 479/849/574 964/848/573
f 477/820/556 881/845/571 478/847/572
f 478/847/572 881/845/571 479/849/574
f 881/845/571 480/850/575 479/849/574
f 479/849/574 480/850/575 493/851/576
f 493/852/576 480/853/575 481/854/577
f 479/849/574 493/851/576 482/855/578
f 492/856/579 482/857/578 493/858/576
f 483/817/553 964/848/573 482/855/578
f 482/859/578 485/860/580 483/861/553
f 489/862/581 488/863/582 485/864/580
f 482/865/578 489/862/581 485/864/580
f 488/863/582 484/795/544 485/864/580
f 488/866/582 387/712/489 484/796/544
f 485/864/580 484/795/544 448/794/543
f 486/797/545 485/864/580 448/794/543
f 486/816/545 483/817/553 485/867/580
f 387/712/489 488/866/582 487/710/487
f 385/708/486 487/710/487 384/709/484
f 384/709/484 487/710/487 488/866/582
f 490/868/583 384/705/484 488/863/582
f 490/868/583 488/863/582 489/862/581
f 489/862/581 492/869/579 490/868/583
f 492/869/579 491/870/584 490/868/583
f 492/869/579 493/871/576 494/872/585
f 492/869/579 494/872/585 491/870/584
f 497/873/586 491/874/584 494/875/585
f 481/876/577 494/877/585 493/851/576
f 495/878/587 494/877/585 481/876/577
f 494/875/585 495/879/587 496/880/588
f 497/881/586 499/882/589 500/883/590
f 498/884/591 497/873/586 496/880/588
f 497/881/586 498/885/591 499/882/589
f 499/882/589 502/886/592 500/883/590
f 500/887/590 491/874/584 497/873/586
f 496/880/588 497/873/586 494/875/585
f 491/870/584 500/883/590 501/888/593
f 501/888/593 490/868/583 491/870/584
f 502/886/592 381/703/480 501/888/593
f 382/701/482 381/703/480 502/886/592
f 381/703/480 963/706/485 501/888/593
f 381/703/480 383/707/483 963/706/485
f 502/886/592 949/889/594 503/890/595
f 503/890/595 504/891/596 774/892/597
f 948/893/598 505/894/599 949/889/594
f 506/895/600 505/894/599 948/893/598
f 890/896/601 757/897/602 506/895/600
f 508/898/603 507/899/604 947/900/605
f 947/900/605 509/901/606 508/898/603
f 511/902/607 508/898/603 510/903/608
f 509/901/606 510/903/608 508/898/603
f 512/904/609 511/902/607 510/903/608
f 512/904/609 515/905/610 511/902/607
f 515/905/610 753/906/611 511/902/607
f 511/902/607 753/906/611 754/907/612
f 513/908/613 751/909/614 514/910/615
f 753/906/611 514/910/615 751/909/614
f 514/910/615 753/906/611 515/905/610
f 516/911/616 514/910/615 515/905/610
f 828/912/617 517/913/618 785/914/619
f 517/913/618 938/915/620 518/916/621
f 938/915/620 937/917/622 518/916/621
f 518/916/621 519/918/623 827/919/624
f 827/919/624 519/918/623 526/920/625
f 526/920/625 519/918/623 525/921/626
f 519/918/623 520/922/627 525/921/626
f 528/923/628 527/924/629 521/925/630
f 528/923/628 521/925/630 522/926/631
f 924/927/632 925/928/633 523/929/634
f 528/923/628 523/930/634 524/931/635
f 529/932/636 527/924/629 528/923/628
f 525/921/626 521/925/630 527/924/629
f 526/920/625 525/921/626 527/924/629
f 527/924/629 529/932/636 526/920/625
f 533/933/637 528/923/628 524/931/635
f 531/934/638 529/932/636 528/923/628
f 531/934/638 530/935/639 529/932/636
f 530/935/639 826/936/640 529/932/636
f 826/936/640 530/935/639 784/937/641
f 530/935/639 531/934/638 786/938/642
f 528/923/628 787/939/643 531/934/638
f 528/923/628 533/933/637 787/939/643
f 787/939/643 533/933/637 532/940/644
f 533/941/637 823/942/645 532/943/644
f 533/941/637 534/944/646 823/942/645
f 524/945/635 534/946/646 533/947/637
f 536/948/647 822/949/648 535/950/649
f 822/949/648 536/948/647 537/951/650
f 537/952/650 538/953/651 821/954/652
f 821/954/652 540/955/653 539/956/654
f 803/957/655 539/958/654 540/959/653
f 929/960/656 803/957/655 540/959/653
f 921/961/657 542/962/658 541/963/659
f 920/964/660 543/965/661 542/962/658
f 919/966/662 544/967/663 543/968/661
f 544/969/663 545/970/664 543/971/661
f 545/970/664 20/972/23 807/973/665
f 807/973/665 808/974/666 545/970/664
f 932/975/667 20/972/23 545/970/664
f 22/976/24 20/977/23 932/978/667
f 546/979/668 22/62/24 932/975/667
f 547/359/270 546/980/668 932/981/667
f 548/982/29 546/980/668 547/359/270
f 547/359/270 549/983/271 548/982/29
f 549/360/271 26/984/31 548/36/29
f 549/360/271 27/356/32 26/984/31
f 27/356/32 549/360/271 212/355/268
f 554/985/669 550/368/274 213/357/269
f 551/373/276 550/368/274 553/986/670
f 551/373/276 553/986/670 552/987/671
f 553/986/670 555/988/672 552/987/671
f 554/985/669 912/989/673 911/990/674
f 553/986/670 554/985/669 560/991/675
f 555/988/672 553/986/670 560/991/675
f 552/987/671 555/988/672 556/992/676
f 556/993/676 555/994/672 557/995/677
f 558/996/678 557/997/677 559/998/679
f 557/997/677 562/999/680 559/998/679
f 557/997/677 560/991/675 562/999/680
f 560/991/675 561/1000/681 562/999/680
f 560/1001/675 557/995/677 555/994/672
f 560/1002/675 911/1003/674 561/1004/681
f 909/1005/682 562/999/680 561/1000/681
f 562/999/680 909/1005/682 559/998/679
f 559/998/679 909/1005/682 564/1006/683
f 909/1005/682 563/1007/684 910/1008/685
f 906/1009/686 567/1010/687 564/1011/683
f 564/1012/683 908/1013/688 906/1014/686
f 565/1015/689 564/1016/683 567/1017/687
f 565/1018/689 567/1010/687 566/1019/690
f 609/1020/691 565/1015/689 566/1021/690
f 567/1010/687 568/1022/692 566/1019/690
f 568/1023/692 623/1024/693 569/1025/694
f 569/1025/694 622/1026/695 570/1027/696
f 613/1028/697 570/1027/696 572/1029/698
f 613/1028/697 569/1025/694 570/1027/696
f 572/1029/698 570/1027/696 57/1030/699
f 622/1026/695 57/1030/699 570/1027/696
f 57/1030/699 56/101/69 571/103/71
f 57/1030/699 571/103/71 572/1029/698
f 573/1031/700 571/103/71 621/1032/701
f 574/1033/702 573/1031/700 621/1032/701
f 573/1031/700 574/1033/702 612/1034/703
f 575/1035/704 612/1034/703 574/1033/702
f 574/1033/702 619/1036/705 575/1035/704
f 619/1036/705 577/1037/706 575/1035/704
f 576/1038/298 575/1035/704 577/1037/706
f 578/1039/707 577/1040/706 64/1041/78
f 62/107/75 64/110/78 577/1037/706
f 578/1039/707 64/1041/78 618/1042/708
f 618/1043/708 617/1044/709 594/1045/710
f 595/1046/711 617/1047/709 593/1048/712
f 617/1047/709 579/117/84 593/1048/712
f 592/1049/306 593/1050/712 579/1051/84
f 580/118/85 579/117/84 70/116/83
f 581/119/86 582/130/94 583/1052/713
f 582/130/94 75/131/95 584/1053/714
f 582/130/94 584/1053/714 583/1052/713
f 583/1052/713 584/1053/714 585/1054/715
f 585/1054/715 584/1053/714 85/1055/113
f 85/1055/113 584/1053/714 75/131/95
f 586/1056/716 585/1054/715 243/432/317
f 587/1057/717 583/1052/713 586/1056/716
f 587/1057/717 580/118/85 583/1052/713
f 580/118/85 581/119/86 583/1052/713
f 588/1058/718 580/118/85 587/1057/717
f 589/1059/719 580/118/85 588/1058/718
f 589/1059/719 588/1058/718 235/420/307
f 591/422/308 235/420/307 588/1058/718
f 590/427/312 587/1057/717 240/426/311
f 587/1057/717 586/1056/716 240/426/311
f 239/423/309 591/422/308 590/427/312
f 588/1058/718 590/427/312 591/422/308
f 241/428/313 240/426/311 243/432/317
f 586/1056/716 243/432/317 240/426/311
f 243/432/317 242/431/316 241/428/313
f 588/1058/718 587/1057/717 590/427/312
f 589/1059/719 235/420/307 234/418/305
f 592/419/306 589/1059/719 234/418/305
f 592/419/306 579/117/84 589/1059/719
f 233/1060/304 593/1050/712 592/1049/306
f 594/1061/710 617/1047/709 595/1046/711
f 596/1062/303 595/1063/711 233/1060/304
f 595/1064/711 596/413/303 594/1065/710
f 576/1038/298 594/1045/710 597/1066/299
f 597/1066/299 594/1045/710 230/1067/300
f 578/1068/707 576/1038/298 577/1037/706
f 578/1068/707 618/1043/708 576/1038/298
f 618/1043/708 594/1045/710 576/1038/298
f 575/1035/704 576/1038/298 616/1069/296
f 614/1070/720 598/1071/721 227/405/295
f 226/403/293 599/402/292 614/1070/720
f 226/403/293 614/1070/720 227/405/295
f 603/1072/722 600/394/288 602/392/287
f 556/992/676 557/997/677 558/996/678
f 603/1072/722 556/992/676 558/996/678
f 603/1072/722 558/996/678 608/1073/723
f 608/1073/723 604/1074/291 603/1072/722
f 604/400/291 608/1075/723 599/402/292
f 599/402/292 608/1075/723 605/1076/724
f 605/1077/724 608/1078/723 607/1079/725
f 605/1080/724 606/1081/726 611/1082/727
f 607/1079/725 606/1083/726 605/1077/724
f 608/1073/723 558/996/678 607/1084/725
f 558/996/678 559/998/679 607/1084/725
f 607/1085/725 559/1086/679 615/1087/728
f 607/1085/725 615/1087/728 609/1020/691
f 573/1031/700 598/1088/721 611/1082/727
f 573/1031/700 612/1034/703 598/1088/721
f 613/1028/697 573/1031/700 611/1082/727
f 613/1028/697 572/1029/698 573/1031/700
f 610/1089/729 613/1028/697 611/1082/727
f 610/1089/729 609/1090/691 613/1028/697
f 566/1091/690 613/1028/697 609/1090/691
f 613/1028/697 566/1091/690 569/1025/694
f 568/1023/692 569/1025/694 566/1091/690
f 605/1080/724 611/1082/727 598/1088/721
f 614/1092/720 605/1080/724 598/1088/721
f 606/1081/726 610/1089/729 611/1082/727
f 615/1087/728 565/1015/689 609/1020/691
f 615/1087/728 564/1016/683 565/1015/689
f 559/1086/679 564/1016/683 615/1087/728
f 607/1085/725 609/1020/691 606/1093/726
f 606/1081/726 609/1090/691 610/1089/729
f 605/1076/724 614/1070/720 599/402/292
f 552/987/671 222/1094/285 551/373/276
f 216/1095/275 551/1096/276 222/1097/285
f 556/1098/676 602/1099/287 552/1100/671
f 552/1100/671 602/1099/287 222/1101/285
f 602/1099/287 601/1102/286 222/1101/285
f 602/392/287 556/992/676 603/1072/722
f 600/394/288 603/1072/722 604/1074/291
f 227/405/295 598/1071/721 616/406/296
f 616/1069/296 598/1088/721 612/1034/703
f 612/1034/703 575/1035/704 616/1069/296
f 230/410/300 594/1065/710 596/413/303
f 233/1060/304 595/1063/711 593/1050/712
f 583/1052/713 585/1054/715 586/1056/716
f 585/1054/715 85/1055/113 244/433/115
f 86/151/112 244/154/115 85/152/113
f 243/432/317 585/1054/715 244/433/115
f 85/152/113 75/134/95 84/133/97
f 72/126/90 582/130/94 69/120/87
f 69/120/87 582/130/94 581/119/86
f 579/117/84 580/118/85 589/1059/719
f 68/115/82 579/117/84 617/1047/709
f 618/1042/708 68/115/82 617/1047/709
f 65/113/77 68/115/82 618/1042/708
f 64/1041/78 65/113/77 618/1042/708
f 619/1036/705 62/107/75 577/1037/706
f 620/106/74 62/107/75 619/1036/705
f 61/105/73 620/106/74 621/1032/701
f 60/104/72 61/105/73 621/1032/701
f 621/1032/701 620/106/74 574/1033/702
f 620/106/74 619/1036/705 574/1033/702
f 60/104/72 621/1032/701 571/103/71
f 62/107/75 63/108/76 64/110/78
f 573/1031/700 572/1029/698 571/103/71
f 55/99/67 57/1030/699 624/1103/730
f 622/1026/695 624/1103/730 57/1030/699
f 623/1024/693 624/1103/730 622/1026/695
f 635/1104/731 625/100/68 55/99/67
f 634/1105/732 625/100/68 635/1104/731
f 634/1105/732 650/1106/733 625/100/68
f 627/98/66 54/96/65 625/100/68
f 626/1107/734 627/98/66 8/1108/735
f 8/1109/735 627/1110/66 650/1111/733
f 7/1112/736 628/1113/737 8/1114/735
f 628/1113/737 7/1112/736 6/14/13
f 8/1115/735 628/1116/737 626/1117/734
f 628/1118/737 50/1119/58 626/1120/734
f 628/1113/737 6/14/13 629/1121/57
f 628/1118/737 629/1122/57 50/1119/58
f 630/1123/738 9/11/10 10/15/4
f 629/1124/57 6/1125/13 9/1126/10
f 9/11/10 630/1123/738 629/1121/57
f 630/1123/738 10/15/4 12/1127/14
f 630/1128/738 12/1129/14 629/1130/57
f 627/98/66 626/1107/734 631/1131/739
f 50/1132/58 632/1133/62 626/1134/734
f 632/1133/62 631/1135/739 626/1134/734
f 627/98/66 631/1131/739 633/97/63
f 631/1136/739 632/90/62 633/91/63
f 625/100/68 650/1106/733 627/98/66
f 649/1137/740 650/1138/733 634/1139/732
f 636/1140/741 634/1105/732 635/1104/731
f 634/1139/732 636/1141/741 649/1137/740
f 647/1142/742 649/1137/740 636/1141/741
f 643/1143/743 647/1142/742 636/1141/741
f 638/1144/744 636/1141/741 637/1145/745
f 903/1146/746 904/1147/747 637/1145/745
f 638/1144/744 637/1145/745 904/1147/747
f 639/1148/748 643/1143/743 638/1144/744
f 639/1148/748 638/1144/744 640/1149/749
f 641/1150/750 874/1151/751 639/1148/748
f 640/1149/749 641/1150/750 639/1148/748
f 875/1152/752 874/1151/751 641/1150/750
f 873/1153/753 642/1154/754 639/1148/748
f 657/1155/755 656/1156/756 642/1154/754
f 656/1156/756 644/1157/757 642/1154/754
f 643/1143/743 642/1154/754 644/1157/757
f 643/1143/743 639/1148/748 642/1154/754
f 654/1158/758 645/1159/759 644/1160/757
f 644/1160/757 645/1159/759 643/1161/743
f 645/1159/759 646/1162/760 647/1163/742
f 647/1164/742 646/1165/760 648/1166/761
f 649/1167/740 648/1168/761 646/1162/760
f 648/1169/761 649/1137/740 647/1142/742
f 650/1170/733 646/1162/760 5/1171/12
f 652/1172/762 5/1171/12 646/1162/760
f 646/1162/760 650/1170/733 649/1167/740
f 650/1173/733 7/1112/736 8/1114/735
f 652/1172/762 651/1174/11 5/1171/12
f 651/1174/11 652/1172/762 813/1175/763
f 653/1176/764 661/1177/765 652/1172/762
f 653/1176/764 652/1172/762 645/1159/759
f 654/1158/758 653/1176/764 645/1159/759
f 661/1177/765 653/1176/764 654/1158/758
f 654/1158/758 655/1178/766 962/1179/767
f 644/1160/757 656/1180/756 654/1158/758
f 656/1180/756 655/1178/766 654/1158/758
f 657/1155/755 655/1181/766 656/1156/756
f 950/1182/768 658/1183/769 655/1184/766
f 658/1185/769 659/1186/770 962/1179/767
f 658/1185/769 962/1179/767 655/1178/766
f 659/1186/770 954/1187/771 660/1188/772
f 675/1189/773 660/1188/772 954/1187/771
f 660/1188/772 958/1190/774 959/1191/775
f 961/1192/776 660/1188/772 959/1191/775
f 659/1186/770 961/1192/776 962/1179/767
f 961/1192/776 659/1186/770 660/1188/772
f 962/1179/767 961/1192/776 661/1177/765
f 661/1177/765 961/1192/776 960/1193/777
f 662/1194/778 812/1195/779 960/1193/777
f 812/1195/779 662/1194/778 663/1196/780
f 662/1194/778 664/1197/781 663/1196/780
f 665/1198/782 668/1199/783 664/1197/781
f 958/1190/774 665/1198/782 959/1191/775
f 958/1190/774 668/1199/783 665/1198/782
f 666/1200/784 668/1199/783 958/1190/774
f 958/1190/774 660/1188/772 666/1200/784
f 672/1201/785 666/1200/784 660/1188/772
f 957/1202/786 672/1201/785 660/1188/772
f 668/1203/783 666/1204/784 667/1205/787
f 671/1206/788 667/1205/787 666/1204/784
f 667/1205/787 669/1207/789 668/1203/783
f 670/1208/790 736/1209/791 737/1210/792
f 669/1207/789 670/1211/790 737/1212/792
f 670/1208/790 732/1213/793 736/1209/791
f 671/1206/788 731/1214/794 670/1211/790
f 731/1214/794 671/1206/788 729/1215/795
f 677/1216/796 671/1206/788 672/1217/785
f 672/1201/785 673/1218/797 677/1219/796
f 674/1220/798 673/1218/797 957/1202/786
f 675/1189/773 676/1221/799 674/1220/798
f 954/1187/771 676/1221/799 675/1189/773
f 680/1222/800 679/1223/801 676/1221/799
f 676/1221/799 679/1223/801 674/1220/798
f 678/1224/802 674/1220/798 679/1223/801
f 678/1224/802 673/1218/797 674/1220/798
f 678/1224/802 677/1219/796 673/1218/797
f 671/1206/788 677/1216/796 730/1225/803
f 729/1215/795 671/1206/788 730/1225/803
f 709/1226/804 730/1225/803 677/1216/796
f 678/1224/802 709/1227/804 677/1219/796
f 679/1223/801 709/1227/804 678/1224/802
f 706/1228/805 679/1223/801 680/1222/800
f 681/1229/806 706/1228/805 680/1222/800
f 681/1230/806 682/1231/807 956/1232/808
f 956/1233/808 865/1234/809 681/1235/806
f 684/1236/810 681/1229/806 865/1237/809
f 865/1237/809 683/1238/811 684/1236/810
f 681/1229/806 684/1236/810 686/1239/812
f 685/1240/813 686/1239/812 684/1236/810
f 685/1240/813 687/1241/814 686/1239/812
f 687/1241/814 688/1242/815 704/1243/816
f 688/1242/815 855/1244/817 704/1243/816
f 703/1245/818 704/1243/816 702/1246/819
f 855/1244/817 702/1246/819 704/1243/816
f 689/625/436 702/1246/819 855/1244/817
f 700/1247/820 690/1248/821 691/1249/822
f 691/1250/822 693/1251/823 700/1252/820
f 693/1253/823 691/1249/822 692/1254/568
f 693/1253/823 694/825/561 852/1255/824
f 694/825/561 693/1253/823 468/826/562
f 695/1256/825 697/1257/826 694/825/561
f 694/825/561 853/592/412 695/1256/825
f 694/825/561 466/549/398 853/592/412
f 696/1258/827 335/597/414 346/617/428
f 696/1258/827 346/617/428 697/1259/826
f 695/1256/825 696/1260/827 697/1257/826
f 697/1259/826 698/1261/828 852/1262/824
f 698/1261/828 697/1259/826 349/622/433
f 699/1263/829 349/622/433 697/1259/826
f 349/622/433 699/1263/829 354/619/430
f 347/618/429 354/619/430 699/1263/829
f 346/617/428 347/618/429 699/1263/829
f 697/1259/826 346/617/428 699/1263/829
f 351/624/435 698/1261/828 349/622/433
f 844/627/438 702/1246/819 701/626/437
f 689/625/436 701/626/437 702/1246/819
f 702/1246/819 845/1264/830 703/1245/818
f 845/1265/830 846/1266/831 703/1267/818
f 703/1245/818 839/1268/832 704/1243/816
f 839/1268/832 705/1269/833 704/1243/816
f 704/1243/816 705/1269/833 707/1270/834
f 687/1241/814 704/1243/816 707/1270/834
f 687/1241/814 707/1270/834 706/1228/805
f 706/1228/805 686/1239/812 687/1241/814
f 681/1229/806 686/1239/812 706/1228/805
f 706/1228/805 709/1227/804 679/1223/801
f 706/1228/805 837/1271/835 709/1227/804
f 837/1271/835 706/1228/805 707/1270/834
f 708/1272/836 709/1226/804 837/1273/835
f 730/1225/803 709/1226/804 708/1272/836
f 710/1274/837 708/1275/836 712/1276/838
f 712/1277/838 711/1278/839 710/1279/837
f 711/1278/839 712/1277/838 714/1280/840
f 713/1281/841 711/1278/839 714/1280/840
f 714/1280/840 712/1277/838 833/1282/842
f 713/1281/841 714/1280/840 829/1283/477
f 724/1284/843 829/1283/477 715/1285/844
f 724/1284/843 715/1285/844 716/1286/845
f 378/1287/475 715/1288/844 829/1289/477
f 724/1290/843 716/1291/845 717/1292/846
f 724/1290/843 718/1293/847 723/1294/848
f 720/1295/849 719/1296/850 723/1294/848
f 771/1297/851 722/1298/852 719/1299/850
f 723/1300/848 722/1298/852 721/1301/853
f 722/1298/852 725/1302/854 721/1301/853
f 713/1281/841 721/1301/853 725/1302/854
f 723/1300/848 721/1301/853 713/1281/841
f 723/1300/848 713/1281/841 724/1284/843
f 829/1283/477 724/1284/843 713/1281/841
f 725/1302/854 726/1303/855 711/1278/839
f 726/1303/855 710/1279/837 711/1278/839
f 713/1281/841 725/1302/854 711/1278/839
f 726/1303/855 725/1302/854 722/1298/852
f 727/1304/856 728/1305/857 726/1303/855
f 729/1215/795 728/1305/857 731/1214/794
f 729/1215/795 730/1225/803 728/1305/857
f 708/1272/836 728/1305/857 730/1225/803
f 728/1305/857 708/1272/836 710/1279/837
f 726/1303/855 728/1305/857 710/1279/837
f 728/1305/857 727/1304/856 731/1214/794
f 732/1213/793 670/1208/790 731/1306/794
f 731/1214/794 727/1304/856 732/1307/793
f 733/1308/858 732/1307/793 727/1304/856
f 733/1308/858 735/1309/859 732/1307/793
f 734/1310/860 735/1309/859 733/1308/858
f 732/1213/793 735/1311/859 736/1209/791
f 669/1207/789 738/1312/861 668/1203/783
f 668/1203/783 738/1312/861 664/1313/781
f 738/1312/861 740/1314/862 664/1313/781
f 740/1314/862 738/1312/861 739/1315/863
f 739/1315/863 820/1316/864 740/1314/862
f 739/1315/863 742/1317/865 820/1316/864
f 742/1317/865 741/1318/866 820/1316/864
f 816/1319/867 742/1317/865 747/1320/868
f 747/1320/868 742/1317/865 743/1321/869
f 746/1322/870 743/1321/869 744/1323/871
f 746/1322/870 744/1323/871 745/1324/872
f 745/1324/872 744/1323/871 737/1212/792
f 744/1323/871 669/1207/789 737/1212/792
f 746/1325/870 745/1326/872 765/1327/873
f 747/1320/868 743/1321/869 746/1322/870
f 766/1328/874 816/1319/867 747/1320/868
f 766/1329/874 767/1330/875 748/1331/876
f 762/1332/877 749/1333/878 748/1334/876
f 750/1335/879 819/1336/880 768/1337/881
f 819/1336/880 749/1338/878 768/1337/881
f 751/909/614 750/1335/879 768/1337/881
f 753/906/611 760/1339/882 759/1340/883
f 755/1341/884 759/1340/883 752/1342/885
f 755/1341/884 753/906/611 759/1340/883
f 754/1343/612 753/1344/611 755/1345/884
f 752/1342/885 758/1346/886 755/1341/884
f 754/907/612 755/1341/884 508/898/603
f 507/899/604 508/898/603 755/1341/884
f 755/1341/884 758/1346/886 507/899/604
f 507/899/604 758/1346/886 756/1347/887
f 511/902/607 754/907/612 508/898/603
f 756/1347/887 757/897/602 890/896/601
f 507/899/604 756/1347/887 890/896/601
f 758/1346/886 757/897/602 756/1347/887
f 752/1342/885 772/1348/888 758/1346/886
f 752/1342/885 759/1340/883 782/1349/889
f 769/1350/890 782/1349/889 759/1340/883
f 759/1340/883 760/1339/882 769/1350/890
f 761/1351/891 769/1352/890 760/1353/882
f 769/1354/890 761/1355/891 763/1356/892
f 764/1357/893 734/1310/860 763/1358/892
f 764/1357/893 765/1359/873 734/1310/860
f 765/1359/873 764/1357/893 746/1322/870
f 763/1358/892 766/1328/874 764/1357/893
f 766/1329/874 763/1356/892 767/1330/875
f 761/1355/891 767/1330/875 763/1356/892
f 767/1330/875 761/1355/891 762/1360/877
f 768/1361/881 762/1332/877 760/1353/882
f 762/1332/877 761/1351/891 760/1353/882
f 768/1337/881 760/1339/882 751/909/614
f 751/909/614 760/1339/882 753/906/611
f 749/1333/878 762/1332/877 768/1361/881
f 748/1331/876 767/1330/875 762/1360/877
f 747/1320/868 764/1357/893 766/1328/874
f 746/1362/870 764/1363/893 747/1364/868
f 765/1359/873 735/1309/859 734/1310/860
f 769/1352/890 734/1310/860 733/1308/858
f 769/1352/890 733/1308/858 770/1365/894
f 771/1297/851 770/1365/894 733/1308/858
f 733/1308/858 727/1304/856 771/1297/851
f 727/1304/856 726/1303/855 771/1297/851
f 722/1298/852 771/1297/851 726/1303/855
f 781/1366/895 771/1367/851 719/1296/850
f 720/1295/849 781/1366/895 719/1296/850
f 772/1348/888 781/1366/895 720/1295/849
f 757/897/602 776/1368/896 773/1369/897
f 776/1368/896 757/897/602 772/1348/888
f 506/895/600 773/1369/897 505/894/599
f 757/897/602 773/1369/897 506/895/600
f 773/1369/897 775/1370/898 505/894/599
f 775/1370/898 774/892/597 504/891/596
f 505/894/599 775/1370/898 504/891/596
f 775/1370/898 717/1292/846 774/892/597
f 718/1293/847 717/1292/846 775/1370/898
f 773/1369/897 776/1368/896 775/1370/898
f 776/1368/896 720/1295/849 718/1293/847
f 776/1368/896 718/1293/847 775/1370/898
f 772/1348/888 720/1295/849 776/1368/896
f 718/1293/847 720/1295/849 723/1294/848
f 718/1293/847 724/1290/843 717/1292/846
f 774/1371/597 717/1372/846 780/1373/479
f 774/1374/597 780/1375/479 777/1376/899
f 777/1377/899 780/695/479 778/699/481
f 777/1378/899 778/702/481 382/701/482
f 382/701/482 503/890/595 777/1378/899
f 774/892/597 777/1378/899 503/890/595
f 780/695/479 779/653/460 778/699/481
f 780/1379/479 716/1380/845 378/1287/475
f 715/1288/844 378/1287/475 716/1380/845
f 378/686/475 377/685/476 780/690/479
f 717/1292/846 716/1291/845 780/1381/479
f 772/1348/888 782/1349/889 781/1366/895
f 782/1349/889 770/1382/894 781/1366/895
f 772/1348/888 752/1342/885 782/1349/889
f 770/1382/894 771/1367/851 781/1366/895
f 758/1346/886 772/1348/888 757/897/602
f 769/1350/890 770/1382/894 782/1349/889
f 763/1358/892 734/1310/860 769/1352/890
f 750/1335/879 751/909/614 513/908/613
f 783/1383/900 750/1335/879 513/908/613
f 513/908/613 514/910/615 783/1383/900
f 783/1383/900 514/910/615 828/912/617
f 784/937/641 783/1383/900 828/912/617
f 785/914/619 784/937/641 828/912/617
f 784/937/641 786/938/642 783/1383/900
f 786/938/642 787/939/643 783/1383/900
f 787/939/643 532/940/644 818/1384/901
f 787/939/643 818/1384/901 819/1336/880
f 818/1385/901 532/943/644 788/1386/902
f 789/1387/903 748/1334/876 788/1386/902
f 790/1388/904 817/1389/905 789/1387/903
f 791/1390/906 790/1391/904 789/1392/903
f 793/1393/907 792/1394/908 825/1395/909
f 797/1396/910 794/1397/911 795/1398/912
f 797/1399/910 795/1400/912 821/954/652
f 821/954/652 802/1401/913 797/1399/910
f 796/1402/914 797/1403/910 802/1404/913
f 796/1402/914 811/1405/915 797/1403/910
f 811/1405/915 794/1406/911 797/1403/910
f 794/1406/911 811/1405/915 814/1407/916
f 811/1405/915 798/1408/917 812/1195/779
f 798/1408/917 800/8/8 799/1409/9
f 799/9/9 651/12/11 798/1410/917
f 799/1409/9 800/8/8 4/1/1
f 810/6/6 800/8/8 798/1408/917
f 798/1408/917 811/1405/915 810/6/6
f 810/6/6 811/1405/915 801/1411/918
f 801/1412/918 811/1413/915 796/1414/914
f 796/1414/914 802/1415/913 801/1412/918
f 539/958/654 803/957/655 802/1416/913
f 804/1417/919 3/343/7 802/1415/913
f 803/1418/655 804/1417/919 802/1415/913
f 541/1419/659 3/1420/7 804/1421/919
f 805/1422/920 3/1420/7 541/1419/659
f 18/24/19 806/1423/921 808/974/666
f 807/973/665 18/24/19 808/974/666
f 543/1424/661 808/1425/666 542/1426/658
f 542/1426/658 808/1425/666 806/1427/921
f 542/1426/658 806/1427/921 805/1428/920
f 545/970/664 808/974/666 543/971/661
f 806/1423/921 809/23/18 3/7/7
f 805/1422/920 806/1429/921 3/1420/7
f 809/23/18 806/1423/921 18/24/19
f 809/23/18 2/3/3 3/7/7
f 11/5/5 2/3/3 809/23/18
f 18/24/19 16/21/17 809/23/18
f 542/1426/658 805/1428/920 541/1430/659
f 803/1431/655 541/1419/659 804/1421/919
f 802/1415/913 3/343/7 801/1412/918
f 3/7/7 810/6/6 801/1411/918
f 802/1401/913 821/954/652 539/956/654
f 798/1408/917 813/1175/763 812/1195/779
f 812/1195/779 663/1196/780 811/1405/915
f 813/1175/763 960/1193/777 812/1195/779
f 813/1175/763 661/1177/765 960/1193/777
f 820/1316/864 815/1432/922 663/1433/780
f 815/1432/922 814/1434/916 663/1433/780
f 811/1405/915 663/1196/780 814/1407/916
f 815/1432/922 793/1393/907 794/1435/911
f 820/1316/864 793/1393/907 815/1432/922
f 793/1393/907 820/1316/864 741/1318/866
f 817/1389/905 792/1394/908 742/1317/865
f 816/1319/867 817/1389/905 742/1317/865
f 789/1387/903 817/1389/905 748/1334/876
f 818/1385/901 788/1386/902 748/1334/876
f 818/1385/901 748/1334/876 749/1333/878
f 818/1385/901 749/1333/878 819/1436/880
f 750/1335/879 787/939/643 819/1336/880
f 817/1389/905 766/1328/874 748/1334/876
f 817/1389/905 816/1319/867 766/1328/874
f 792/1394/908 741/1318/866 742/1317/865
f 741/1318/866 792/1394/908 793/1393/907
f 820/1316/864 664/1313/781 740/1314/862
f 820/1316/864 663/1433/780 664/1313/781
f 814/1434/916 815/1432/922 794/1435/911
f 813/1175/763 798/1408/917 651/1174/11
f 821/954/652 795/1400/912 537/952/650
f 795/1437/912 824/1438/923 791/1390/906
f 791/1390/906 822/1439/648 795/1437/912
f 537/1440/650 795/1441/912 822/1442/648
f 535/950/649 822/949/648 791/1443/906
f 823/942/645 535/950/649 791/1443/906
f 824/1438/923 795/1437/912 825/1444/909
f 825/1395/909 795/1445/912 794/1435/911
f 825/1395/909 794/1435/911 793/1393/907
f 825/1395/909 792/1394/908 824/1446/923
f 791/1390/906 824/1438/923 790/1391/904
f 824/1446/923 792/1394/908 790/1388/904
f 788/1386/902 823/942/645 791/1443/906
f 823/942/645 788/1386/902 532/943/644
f 789/1387/903 788/1386/902 791/1443/906
f 817/1389/905 790/1388/904 792/1394/908
f 787/939/643 786/938/642 531/934/638
f 786/938/642 784/937/641 530/935/639
f 784/937/641 785/914/619 826/936/640
f 529/932/636 826/936/640 526/920/625
f 826/936/640 827/919/624 526/920/625
f 785/914/619 827/919/624 826/936/640
f 785/914/619 518/916/621 827/919/624
f 783/1383/900 787/939/643 750/1335/879
f 828/912/617 514/910/615 516/911/616
f 745/1324/872 735/1309/859 765/1359/873
f 736/1209/791 735/1311/859 745/1447/872
f 737/1212/792 736/1448/791 745/1324/872
f 743/1321/869 738/1312/861 744/1323/871
f 739/1315/863 738/1312/861 743/1321/869
f 742/1317/865 739/1315/863 743/1321/869
f 738/1312/861 669/1207/789 744/1323/871
f 719/1299/850 722/1298/852 723/1300/848
f 830/683/474 829/688/477 832/1449/470
f 830/683/474 832/1449/470 374/1450/472
f 833/1282/842 831/671/471 832/670/470
f 714/1280/840 833/1282/842 832/670/470
f 714/1280/840 832/670/470 829/1283/477
f 834/1451/924 831/671/471 833/1282/842
f 834/1451/924 835/1452/925 838/1453/926
f 838/1454/926 835/1455/925 705/1269/833
f 705/1269/833 835/1455/925 707/1270/834
f 835/1452/925 836/1456/927 837/1273/835
f 837/1271/835 707/1270/834 835/1455/925
f 833/1282/842 712/1277/838 836/1456/927
f 834/1451/924 833/1282/842 836/1456/927
f 836/1456/927 835/1452/925 834/1451/924
f 712/1277/838 708/1272/836 836/1456/927
f 708/1272/836 837/1273/835 836/1456/927
f 834/1451/924 838/1453/926 840/1457/928
f 838/1453/926 839/1458/832 840/1457/928
f 372/1459/469 834/1451/924 840/1457/928
f 839/1458/832 846/1460/831 840/1457/928
f 372/669/469 840/1461/928 841/1462/442
f 841/1463/442 840/1457/928 846/1460/831
f 372/669/469 841/1462/442 371/663/466
f 371/1464/466 841/1465/442 843/1466/445
f 843/1466/445 841/1465/442 842/1467/443
f 357/634/441 842/636/443 841/635/442
f 353/628/439 841/1468/442 844/627/438
f 845/1469/830 844/1470/438 841/1471/442
f 844/627/438 845/1264/830 702/1246/819
f 841/1472/442 846/1473/831 845/1474/830
f 368/660/465 843/638/445 847/639/446
f 851/651/458 847/639/446 358/637/444
f 367/655/462 847/639/446 851/651/458
f 849/647/454 848/652/459 851/651/458
f 851/651/458 358/637/444 849/647/454
f 849/647/454 358/637/444 359/641/448
f 359/641/448 850/645/452 849/647/454
f 359/641/448 361/643/450 850/645/452
f 359/641/448 360/642/449 361/643/450
f 849/647/454 380/649/456 848/652/459
f 368/660/465 847/639/446 367/655/462
f 371/661/466 843/638/445 368/660/465
f 846/1475/831 839/1268/832 703/1245/818
f 839/1458/832 838/1453/926 705/1476/833
f 372/1477/469 831/1478/471 834/1479/924
f 351/1480/435 689/1481/436 700/1247/820
f 700/1247/820 693/1253/823 351/1480/435
f 351/624/435 852/1262/824 698/1261/828
f 852/1255/824 351/1480/435 693/1253/823
f 697/1259/826 852/1262/824 694/1482/561
f 335/597/414 696/1258/827 695/1483/825
f 695/1483/825 853/1484/412 333/596/413
f 312/548/397 853/592/412 466/549/398
f 468/826/562 693/1253/823 692/1254/568
f 468/1485/562 692/838/568 471/840/564
f 692/1254/568 691/1249/822 474/837/567
f 474/837/567 691/1249/822 856/1486/929
f 474/837/567 856/1486/929 854/1487/930
f 855/1488/817 856/1486/929 690/1248/821
f 685/1240/813 688/1242/815 687/1241/814
f 855/1488/817 688/1489/815 856/1486/929
f 863/1490/931 857/1491/932 683/1492/811
f 854/1493/930 857/1494/932 863/1495/931
f 854/1493/930 856/1496/929 857/1494/932
f 473/836/566 854/1487/930 863/1490/931
f 854/1497/930 473/1498/566 474/1499/567
f 859/1500/933 858/841/569 863/1490/931
f 860/1501/934 859/1502/933 861/1503/935
f 861/1504/935 859/1505/933 862/1506/936
f 859/1502/933 864/1507/937 862/1508/936
f 864/1509/937 863/1490/931 683/1492/811
f 864/1510/937 865/1237/809 866/1511/938
f 864/1509/937 683/1492/811 865/1512/809
f 866/1511/938 865/1237/809 867/1513/939
f 867/1514/939 868/1515/940 870/1516/941
f 869/1517/942 870/1518/941 871/1519/943
f 876/1520/944 872/1521/945 873/1153/753
f 874/1151/751 876/1520/944 873/1153/753
f 875/1152/752 876/1520/944 874/1151/751
f 894/1522/946 876/1520/944 875/1152/752
f 894/1522/946 946/1523/947 876/1520/944
f 878/1524/948 876/1520/944 946/1523/947
f 878/1524/948 877/1525/949 876/1520/944
f 883/1526/950 869/1517/942 877/1525/949
f 871/1519/943 877/1525/949 869/1517/942
f 869/1517/942 879/1527/951 862/1508/936
f 869/1528/942 883/1529/950 879/1530/951
f 879/1531/951 861/1532/935 862/1533/936
f 880/1534/952 860/1501/934 879/1527/951
f 879/1527/951 860/1501/934 861/1503/935
f 481/876/577 860/1535/934 880/1536/952
f 481/876/577 480/850/575 860/1535/934
f 858/841/569 860/1535/934 480/850/575
f 881/845/571 858/841/569 480/850/575
f 860/1535/934 858/841/569 859/1500/933
f 476/846/570 858/841/569 881/845/571
f 481/876/577 880/1536/952 882/1537/953
f 495/879/587 882/1538/953 879/1527/951
f 882/1538/953 880/1534/952 879/1527/951
f 887/1539/954 883/1526/950 877/1525/949
f 887/1539/954 495/879/587 879/1527/951
f 887/1539/954 884/1540/955 495/879/587
f 495/879/587 884/1540/955 496/880/588
f 884/1540/955 885/1541/956 498/884/591
f 885/1541/956 499/1542/589 498/884/591
f 886/1543/957 885/1541/956 884/1540/955
f 886/1543/957 884/1540/955 878/1524/948
f 884/1540/955 887/1539/954 878/1524/948
f 887/1539/954 877/1525/949 878/1524/948
f 886/1543/957 888/1544/958 885/1541/956
f 890/896/601 889/1545/959 888/1546/958
f 888/1546/958 891/1547/960 890/896/601
f 891/1548/960 888/1544/958 892/1549/961
f 892/1549/961 946/1523/947 893/1550/962
f 891/1547/960 509/901/606 947/900/605
f 893/1550/962 509/1551/606 891/1548/960
f 510/903/608 509/901/606 941/1552/963
f 941/1553/963 509/1551/606 893/1550/962
f 893/1550/962 894/1522/946 941/1553/963
f 941/1553/963 894/1522/946 875/1152/752
f 941/1553/963 875/1152/752 641/1150/750
f 641/1150/750 895/1554/964 941/1553/963
f 940/1555/965 941/1553/963 895/1554/964
f 895/1554/964 905/1556/966 896/1557/967
f 905/1556/966 897/1558/968 896/1557/967
f 899/1559/969 898/1560/970 897/1558/968
f 897/1558/968 905/1556/966 899/1559/969
f 900/1561/971 899/1559/969 904/1147/747
f 899/1559/969 905/1556/966 904/1147/747
f 904/1147/747 903/1146/746 900/1561/971
f 900/1562/971 903/1563/746 902/1564/972
f 900/1561/971 902/1565/972 942/1566/973
f 942/1566/973 902/1565/972 901/1567/974
f 942/1566/973 901/1567/974 945/1568/975
f 623/1024/693 945/1569/975 624/1103/730
f 945/1568/975 901/1567/974 624/1570/730
f 635/1104/731 624/1103/730 901/1571/974
f 901/1567/974 902/1565/972 635/1572/731
f 637/1145/745 635/1572/731 902/1565/972
f 902/1564/972 903/1563/746 637/1573/745
f 905/1556/966 638/1144/744 904/1147/747
f 895/1554/964 641/1150/750 905/1556/966
f 641/1150/750 640/1149/749 905/1556/966
f 640/1149/749 638/1144/744 905/1556/966
f 636/1141/741 635/1572/731 637/1145/745
f 569/1025/694 623/1024/693 622/1026/695
f 568/1022/692 944/1574/976 623/1575/693
f 944/1574/976 568/1022/692 943/1576/977
f 906/1009/686 907/1577/978 943/1576/977
f 906/1009/686 943/1576/977 567/1010/687
f 567/1010/687 943/1576/977 568/1022/692
f 906/1014/686 908/1013/688 907/1578/978
f 908/1579/688 564/1580/683 520/1581/627
f 564/1012/683 909/1582/682 520/922/627
f 520/922/627 909/1582/682 910/1583/685
f 910/1583/685 563/1584/684 916/1585/979
f 561/1000/681 916/1586/979 563/1007/684
f 561/1000/681 563/1007/684 909/1005/682
f 915/1587/980 561/1004/681 911/1003/674
f 912/989/673 915/1588/980 911/990/674
f 913/1589/981 933/1590/982 919/966/662
f 912/989/673 913/1589/981 914/1591/983
f 913/1589/981 923/1592/984 914/1591/983
f 923/1592/984 913/1589/981 919/966/662
f 919/966/662 918/1593/985 923/1592/984
f 561/1000/681 915/1588/980 916/1586/979
f 522/926/631 910/1583/685 916/1585/979
f 916/1586/979 915/1588/980 914/1591/983
f 914/1591/983 917/1594/986 916/1586/979
f 914/1591/983 923/1592/984 917/1594/986
f 920/1595/660 919/966/662 543/968/661
f 919/966/662 920/1595/660 918/1593/985
f 922/1596/987 920/1595/660 921/1597/657
f 920/964/660 542/962/658 921/961/657
f 928/1598/988 921/1597/657 929/1599/656
f 923/1592/984 931/1600/989 925/928/633
f 918/1593/985 931/1600/989 923/1592/984
f 918/1593/985 922/1596/987 931/1600/989
f 920/1595/660 922/1596/987 918/1593/985
f 917/1594/986 923/1592/984 925/928/633
f 917/1594/986 925/928/633 924/927/632
f 917/1594/986 924/927/632 522/1601/631
f 521/925/630 910/1583/685 522/926/631
f 521/925/630 525/921/626 910/1583/685
f 523/1602/634 925/1603/633 926/1604/990
f 930/1605/991 926/1606/990 927/1607/992
f 927/1607/992 928/1598/988 930/1605/991
f 537/952/650 928/1608/988 538/953/651
f 929/1609/656 538/953/651 928/1608/988
f 538/953/651 929/1609/656 540/955/653
f 540/955/653 821/954/652 538/953/651
f 536/1610/647 930/1605/991 537/1611/650
f 524/945/635 926/1606/990 930/1605/991
f 524/945/635 930/1605/991 534/946/646
f 930/1612/991 536/948/647 534/944/646
f 536/948/647 535/950/649 534/944/646
f 928/1598/988 537/1611/650 930/1605/991
f 926/1613/990 931/1614/989 927/1615/992
f 922/1596/987 927/1607/992 931/1600/989
f 931/1616/989 926/1604/990 925/1603/633
f 927/1607/992 922/1596/987 921/1597/657
f 927/1607/992 921/1597/657 928/1598/988
f 523/929/634 926/1606/990 524/945/635
f 929/960/656 921/961/657 803/957/655
f 933/1590/982 544/967/663 919/966/662
f 933/1590/982 932/981/667 544/967/663
f 933/1590/982 547/359/270 932/981/667
f 547/359/270 933/1590/982 913/1589/981
f 213/357/269 547/359/270 913/1589/981
f 213/357/269 913/1589/981 554/985/669
f 912/989/673 554/985/669 913/1589/981
f 522/1601/631 916/1586/979 917/1594/986
f 915/1588/980 912/989/673 914/1591/983
f 560/991/675 554/985/669 911/990/674
f 525/921/626 520/922/627 910/1583/685
f 908/1013/688 520/922/627 907/1578/978
f 934/1617/993 907/1578/978 520/922/627
f 934/1617/993 935/1618/994 907/1578/978
f 519/918/623 934/1617/993 520/922/627
f 519/918/623 518/916/621 934/1617/993
f 934/1617/993 936/1619/995 935/1618/994
f 934/1617/993 518/916/621 936/1619/995
f 518/916/621 937/917/622 936/1619/995
f 937/917/622 938/915/620 898/1620/970
f 898/1560/970 899/1559/969 937/1621/622
f 937/1621/622 899/1559/969 900/1561/971
f 517/913/618 828/912/617 938/915/620
f 516/911/616 938/915/620 828/912/617
f 938/915/620 516/911/616 939/1622/996
f 897/1558/968 938/1623/620 939/1624/996
f 938/915/620 897/1625/968 898/1620/970
f 939/1624/996 896/1557/967 897/1558/968
f 939/1622/996 516/911/616 515/905/610
f 939/1622/996 512/904/609 896/1626/967
f 515/905/610 512/904/609 939/1622/996
f 940/1627/965 512/904/609 510/903/608
f 941/1553/963 940/1555/965 510/1628/608
f 512/904/609 940/1627/965 896/1626/967
f 940/1555/965 895/1554/964 896/1557/967
f 942/1566/973 937/1621/622 900/1561/971
f 936/1629/995 937/1621/622 942/1566/973
f 936/1629/995 942/1566/973 935/1630/994
f 935/1631/994 942/1632/973 944/1633/976
f 944/1633/976 945/1569/975 623/1024/693
f 944/1633/976 942/1632/973 945/1569/975
f 943/1634/977 935/1631/994 944/1633/976
f 907/1577/978 935/1635/994 943/1576/977
f 893/1550/962 946/1523/947 894/1522/946
f 893/1550/962 891/1548/960 892/1549/961
f 886/1543/957 878/1524/948 946/1523/947
f 892/1549/961 886/1543/957 946/1523/947
f 892/1549/961 888/1544/958 886/1543/957
f 947/900/605 890/896/601 891/1547/960
f 890/896/601 947/900/605 507/899/604
f 889/1545/959 890/896/601 506/895/600
f 948/893/598 889/1545/959 506/895/600
f 885/1636/956 889/1545/959 948/893/598
f 885/1636/956 888/1546/958 889/1545/959
f 948/893/598 499/882/589 885/1636/956
f 499/882/589 948/893/598 949/889/594
f 499/882/589 949/889/594 502/886/592
f 884/1540/955 498/884/591 496/880/588
f 883/1526/950 887/1539/954 879/1527/951
f 481/876/577 882/1537/953 495/878/587
f 869/1517/942 862/1508/936 870/1518/941
f 862/1508/936 866/1637/938 870/1518/941
f 866/1637/938 867/1638/939 870/1518/941
f 866/1637/938 862/1508/936 864/1507/937
f 877/1525/949 871/1519/943 876/1520/944
f 871/1519/943 872/1521/945 876/1520/944
f 639/1148/748 874/1151/751 873/1153/753
f 657/1639/755 951/1640/997 950/1641/768
f 657/1639/755 950/1641/768 655/1178/766
f 951/1640/997 953/1642/998 950/1641/768
f 955/1643/999 953/1642/998 952/1644/1000
f 951/1640/997 952/1644/1000 953/1642/998
f 954/1187/771 658/1185/769 953/1642/998
f 950/1182/768 953/1645/998 658/1183/769
f 658/1185/769 954/1187/771 659/1186/770
f 680/1222/800 954/1187/771 682/1646/807
f 681/1229/806 680/1222/800 682/1646/807
f 954/1187/771 680/1222/800 676/1221/799
f 682/1231/807 954/1647/771 955/1648/999
f 956/1232/808 682/1231/807 955/1648/999
f 867/1513/939 956/1649/808 868/1650/940
f 867/1513/939 865/1237/809 956/1649/808
f 868/1650/940 956/1649/808 955/1643/999
f 868/1650/940 955/1643/999 952/1644/1000
f 951/1640/997 868/1650/940 952/1644/1000
f 955/1643/999 954/1187/771 953/1642/998
f 657/1155/755 871/1519/943 951/1651/997
f 872/1521/945 871/1519/943 657/1155/755
f 872/1521/945 657/1155/755 873/1153/753
f 871/1519/943 870/1518/941 951/1651/997
f 870/1652/941 868/1650/940 951/1640/997
f 857/1491/932 684/1653/810 683/1492/811
f 857/1494/932 685/1240/813 684/1236/810
f 685/1240/813 857/1494/932 856/1496/929
f 688/1242/815 685/1240/813 856/1496/929
f 863/1490/931 864/1509/937 859/1500/933
f 863/1490/931 858/841/569 473/836/566
f 856/1486/929 691/1249/822 690/1248/821
f 700/1654/820 689/625/436 690/1655/821
f 690/1655/821 689/625/436 855/1244/817
f 675/1189/773 674/1220/798 957/1202/786
f 660/1188/772 675/1189/773 957/1202/786
f 673/1218/797 672/1201/785 957/1202/786
f 671/1206/788 666/1204/784 672/1217/785
f 670/1211/790 667/1205/787 671/1206/788
f 670/1211/790 669/1207/789 667/1205/787
f 959/1191/775 662/1194/778 960/1193/777
f 959/1191/775 960/1193/777 961/1192/776
f 959/1191/775 665/1198/782 662/1194/778
f 665/1198/782 664/1197/781 662/1194/778
f 654/1158/758 962/1179/767 661/1177/765
f 652/1172/762 661/1177/765 813/1175/763
f 7/1112/736 650/1173/733 5/13/12
f 5/13/12 6/14/13 7/1112/736
f 645/1159/759 652/1172/762 646/1162/760
f 645/1656/759 647/1657/742 643/1658/743
f 873/1153/753 657/1155/755 642/1154/754
f 643/1143/743 636/1141/741 638/1144/744
f 624/1103/730 635/1104/731 55/99/67
f 57/1030/699 55/99/67 56/101/69
f 553/986/670 550/368/274 554/985/669
f 24/33/26 546/979/668 548/36/29
f 23/35/28 22/62/24 546/979/668
f 24/33/26 23/35/28 546/979/668
f 544/969/663 932/975/667 545/970/664
f 541/963/659 803/957/655 921/961/657
f 535/950/649 823/942/645 534/944/646
f 523/930/634 528/923/628 924/1659/632
f 522/926/631 924/1659/632 528/923/628
f 785/914/619 517/913/618 518/916/621
f 949/889/594 505/894/599 504/891/596
f 504/891/596 503/890/595 949/889/594
f 502/886/592 503/890/595 382/701/482
f 490/868/583 501/888/593 963/706/485
f 963/706/485 384/705/484 490/868/583
f 502/886/592 501/888/593 500/883/590
f 492/869/579 489/862/581 482/865/578
f 964/848/573 483/817/553 458/818/554
f 964/848/573 479/849/574 482/855/578
f 477/820/556 964/848/573 458/818/554
f 463/822/558 475/835/565 472/821/557
f 476/846/570 472/821/557 475/835/565
f 469/823/559 470/834/563 463/822/558
f 456/815/552 459/819/555 458/818/554
f 457/814/551 455/809/550 456/815/552
f 452/1660/525 453/806/549 454/808/547
f 453/806/549 425/1661/523 427/805/548
f 428/750/520 425/755/523 453/1662/549
f 453/1662/549 452/758/525 428/750/520
f 388/715/492 389/716/493 441/784/539
f 968/717/494 967/612/425 389/716/493
f 965/747/517 429/760/526 432/775/533
f 429/1663/526 443/767/528 431/769/531
f 420/743/515 419/748/516 418/729/505
f 288/199/156 104/201/158 289/203/160
f 406/733/509 408/183/142 411/734/152
f 406/733/509 966/739/513 95/179/138
f 95/179/138 966/739/513 93/178/137
f 966/739/513 404/727/503 93/178/137
f 403/176/135 93/178/137 404/727/503
f 404/727/503 966/739/513 405/730/506
f 418/729/505 404/727/503 405/730/506
f 393/719/496 390/718/495 394/608/421
f 394/608/421 390/718/495 391/609/422
f 389/716/493 967/612/425 390/718/495
f 391/609/422 341/611/424 340/607/420
f 976/613/426 967/612/425 968/717/494
f 969/713/490 970/1664/1001 968/717/494
f 969/713/490 386/711/488 970/1664/1001
f 363/646/453 970/1664/1001 386/711/488
f 970/1664/1001 362/644/451 361/643/450
f 970/1664/1001 361/643/450 976/613/426
f 970/1664/1001 976/613/426 968/717/494
f 342/610/423 976/613/426 975/1665/1002
f 975/1665/1002 973/1666/1003 971/614/427
f 972/1667/1004 971/1668/427 973/1669/1003
f 971/1670/427 972/1671/1004 347/1672/429
f 347/618/429 972/1673/1004 348/620/431
f 973/1666/1003 348/1674/431 972/1675/1004
f 973/1666/1003 974/1676/1005 348/1674/431
f 354/631/430 348/1674/431 974/1676/1005
f 974/1676/1005 355/629/440 354/631/430
f 356/640/447 975/1665/1002 360/642/449
f 356/640/447 974/1676/1005 975/1665/1002
f 976/613/426 360/642/449 975/1665/1002
f 974/1676/1005 356/640/447 355/629/440
f 974/1676/1005 973/1666/1003 975/1665/1002
f 345/616/415 971/614/427 347/1677/429
f 975/1665/1002 971/614/427 342/610/423
f 971/614/427 343/599/416 342/610/423
f 363/646/453 362/644/451 970/1664/1001
f 383/704/483 365/650/457 385/708/486
f 385/708/486 365/650/457 364/648/455
f 778/699/481 779/653/460 380/649/456
f 830/683/474 374/1450/472 375/682/467
f 363/646/453 364/648/455 850/645/452
f 356/640/447 358/637/444 357/634/441
f 356/640/447 357/634/441 355/629/440
f 343/599/416 340/607/420 341/611/424
f 333/596/413 335/597/414 695/1483/825
f 329/586/410 328/585/409 332/593/346
f 317/1678/402 325/1679/403 329/1680/410
f 313/550/399 317/1681/402 312/548/397
f 308/536/388 310/535/387 309/543/392
f 306/537/383 308/536/388 307/1682/390
f 321/516/378 300/515/376 297/1683/374
f 292/500/370 298/503/373 300/520/376
f 286/494/366 284/493/365 294/504/372
f 286/495/366 294/502/372 289/203/160
f 285/491/363 287/425/310 239/423/309
f 250/443/325 977/1684/1006 271/482/356
f 271/482/356 977/1684/1006 268/479/353
f 250/443/325 251/444/326 977/1684/1006
f 978/478/352 268/479/353 977/1684/1006
f 251/444/326 983/459/336 978/478/352
f 978/478/352 977/1684/1006 251/444/326
f 983/459/336 251/444/326 261/446/328
f 982/1685/1007 978/478/352 983/459/336
f 978/478/352 266/475/349 267/477/351
f 266/475/349 978/478/352 982/1685/1007
f 982/1685/1007 979/473/347 266/475/349
f 980/467/341 979/473/347 982/1685/1007
f 981/465/340 980/467/341 982/1685/1007
f 982/1686/1007 263/1687/338 981/1688/340
f 263/466/338 982/1685/1007 262/458/335
f 983/459/336 262/458/335 982/1685/1007
f 980/467/341 981/465/340 337/468/342
f 979/473/347 265/471/345 266/475/349
f 253/440/131 252/442/324 280/439/322
f 252/442/324 251/444/326 279/441/323
f 985/155/116 984/163/124 247/153/114
f 88/160/121 984/163/124 985/155/116
f 234/1689/305 237/204/161 236/206/163
f 232/208/165 236/206/163 105/205/162
f 231/412/302 107/207/164 986/209/166
f 987/219/174 988/294/229 109/210/167
f 988/294/229 231/412/302 109/210/167
f 229/407/297 230/410/300 989/411/301
f 989/411/301 990/1690/1008 229/407/297
f 990/1690/1008 228/404/294 229/407/297
f 995/1691/1009 990/1690/1008 992/296/231
f 991/1692/1010 994/1693/1011 995/1691/1009
f 993/1694/1012 994/1695/1011 991/1696/1010
f 173/287/224 993/1694/1012 991/1696/1010
f 173/287/224 991/1696/1010 172/299/232
f 172/299/232 991/1696/1010 992/297/231
f 990/1690/1008 171/295/230 992/296/231
f 991/1692/1010 995/1691/1009 992/296/231
f 989/411/301 988/294/229 990/1690/1008
f 990/1690/1008 988/294/229 171/295/230
f 993/1697/1012 219/1698/233 997/1699/281
f 173/1700/224 219/1698/233 993/1697/1012
f 225/395/289 993/1697/1012 224/390/283
f 225/396/289 994/1695/1011 993/1694/1012
f 228/404/294 995/1691/1009 994/1693/1011
f 228/404/294 990/1690/1008 995/1691/1009
f 996/401/290 228/404/294 994/1693/1011
f 996/398/290 994/1695/1011 225/396/289
f 226/403/293 228/404/294 996/401/290
f 224/390/283 993/1697/1012 997/1699/281
f 231/412/302 986/209/166 109/210/167
f 108/211/168 109/210/167 986/209/166
f 218/1701/249 221/383/284 998/1702/278
f 221/1703/284 223/381/282 998/377/278
f 221/383/284 218/1701/249 216/384/275
f 1000/333/257 188/344/267 999/334/258
f 1001/1704/1013 190/1705/247 1000/333/257
f 190/1705/247 188/344/267 1000/333/257
f 1001/1704/1013 1000/333/257 200/332/256
f 191/304/237 190/1705/247 1001/1704/1013
f 190/320/247 189/319/246 188/1706/267
f 192/303/236 200/332/256 193/268/207
f 200/332/256 191/304/237 1001/1704/1013
f 192/303/236 191/304/237 200/332/256
f 193/272/207 198/327/253 1002/322/248
f 1002/322/248 198/327/253 196/324/250
f 1002/322/248 196/324/250 195/326/252
f 176/302/235 1002/322/248 195/326/252
f 175/301/234 176/302/235 195/326/252
f 210/317/244 80/141/102 1003/311/241
f 1003/311/241 32/48/38 184/316/243
f 183/313/89 36/52/42 32/48/38
f 32/48/38 1003/311/241 183/313/89
f 183/125/89 181/314/242 37/1707/43
f 1004/1708/1014 35/54/40 37/53/43
f 1004/1708/1014 1005/1709/1015 35/54/40
f 45/75/53 35/54/40 1005/1709/1015
f 35/54/40 45/75/53 43/56/44
f 43/56/44 42/70/49 1006/57/45
f 40/1710/48 1006/57/45 42/70/49
f 45/75/53 1005/1709/1015 46/1711/51
f 62/107/75 1005/1709/1015 1004/1708/1014
f 1004/1708/1014 63/108/76 62/107/75
f 1005/1709/1015 61/105/73 46/1711/51
f 1007/76/52 46/1711/51 61/105/73
f 44/71/50 1007/76/52 1008/1712/1016
f 1008/1712/1016 47/77/54 44/71/50
f 1008/1712/1016 1009/1713/59 47/77/54
f 47/77/54 1009/1713/59 48/78/55
f 58/1714/1017 1009/1715/59 1008/1716/1016
f 58/1714/1017 1008/1716/1016 59/1717/70
f 53/1718/64 1009/1715/59 58/1714/1017
f 53/95/64 58/1719/1017 56/101/69
f 55/99/67 53/95/64 56/101/69
f 49/79/56 48/78/55 1009/1713/59
f 50/81/58 49/79/56 1009/1713/59
f 1008/1712/1016 1007/76/52 59/102/70
f 1004/1708/1014 66/1720/79 63/108/76
f 65/109/77 63/108/76 66/1720/79
f 66/1720/79 1004/1708/1014 181/1721/242
f 181/314/242 1004/1722/1014 37/1707/43
f 172/299/232 164/284/221 173/287/224
f 172/299/232 166/289/226 164/284/221
f 169/292/227 987/219/174 112/215/172
f 166/289/226 112/218/172 113/217/173
f 168/279/216 161/280/217 167/285/222
f 166/289/226 167/285/222 164/284/221
f 154/273/210 168/279/216 156/277/214
f 156/277/214 155/274/211 154/273/210
f 145/263/191 1013/265/204 131/237/190
f 1013/265/204 145/263/191 148/264/203
f 1013/265/204 148/264/203 149/150/111
f 1013/265/204 83/148/109 1012/149/110
f 1014/174/133 91/171/130 94/177/136
f 407/180/139 94/177/136 97/181/140
f 94/177/136 136/252/199 97/181/140
f 93/178/137 92/173/132 1014/174/133
f 1015/250/197 136/252/199 143/248/196
f 142/249/195 125/228/183 123/226/181
f 133/245/192 132/236/189 128/234/185
f 125/228/183 126/229/184 124/227/182
f 1016/188/147 121/187/146 119/224/179
f 99/189/148 1016/188/147 118/223/178
f 1017/1723/1018 117/222/177 1020/1724/1019
f 1017/1723/1018 99/189/148 117/222/177
f 117/222/177 99/189/148 118/223/178
f 1017/1723/1018 100/190/149 99/189/148
f 1017/1723/1018 1018/1725/1020 100/190/149
f 1019/1726/1021 1018/1727/1020 1017/1728/1018
f 111/213/170 108/211/168 1019/1726/1021
f 111/1729/170 1019/1730/1021 1020/1724/1019
f 114/216/171 111/1729/170 1020/1724/1019
f 1020/1724/1019 117/222/177 114/216/171
f 1019/1726/1021 108/211/168 103/198/155
f 1018/1727/1020 1019/1726/1021 103/198/155
f 100/195/149 1018/1727/1020 101/193/151
f 1018/1727/1020 102/196/153 101/193/151
f 103/198/155 102/196/153 1018/1727/1020
f 1019/1726/1021 1017/1728/1018 1020/1731/1019
f 108/211/168 986/209/166 103/198/155
f 412/197/154 411/194/152 101/193/151
f 93/178/137 403/176/135 92/173/132
f 149/150/111 86/151/112 84/133/97
f 81/137/99 78/138/100 1021/140/101
f 77/135/98 73/136/93 78/138/100
f 75/134/95 74/1732/91 73/136/93
f 65/113/77 67/112/80 68/115/82
f 62/107/75 61/105/73 1005/1709/1015
f 59/102/70 56/101/69 58/1719/1017
f 53/92/64 52/94/60 1009/1733/59
f 51/88/61 632/90/62 50/1734/58
f 629/80/57 12/17/14 49/79/56
f 13/20/16 42/70/49 48/78/55
f 13/20/16 14/19/15 42/70/49
f 42/1735/49 14/22/15 15/25/20
f 15/1736/20 40/1710/48 42/70/49
f 48/78/55 42/70/49 44/71/50
f 1006/61/45 40/66/48 41/60/47
f 33/47/37 34/49/39 38/58/46
f 35/50/40 1006/61/45 39/51/41
f 36/52/42 34/49/39 32/48/38
f 23/65/28 25/1737/27 33/63/37
f 20/30/23 18/29/19 807/1738/665
